Timestamp,Emotion,Probabilities
2025-09-04 13:47:17.453974,Happy,"[0.1588917374610901, 0.017986329272389412, 0.13725993037223816, 0.21760527789592743, 0.18441954255104065, 0.09136304259300232, 0.1924741417169571]"
2025-09-04 13:47:17.701558,Happy,"[0.190421462059021, 0.021397432312369347, 0.141424298286438, 0.30030062794685364, 0.16836541891098022, 0.057357121258974075, 0.12073361873626709]"
2025-09-04 13:47:17.744166,Sad,"[0.1494612693786621, 0.015403695404529572, 0.2202257364988327, 0.06446073204278946, 0.2744111716747284, 0.053168885409832, 0.22286850214004517]"
2025-09-04 13:47:17.905723,Happy,"[0.16205111145973206, 0.018546676263213158, 0.13576067984104156, 0.23974394798278809, 0.18407109379768372, 0.08034849911928177, 0.1794780045747757]"
2025-09-04 13:47:18.833279,Happy,"[0.1795787215232849, 0.021495560184121132, 0.14261466264724731, 0.27580443024635315, 0.2110830396413803, 0.038149796426296234, 0.1312738060951233]"
2025-09-04 13:47:18.874152,Sad,"[0.18484492599964142, 0.019506927579641342, 0.20207305252552032, 0.0510551854968071, 0.4111485183238983, 0.006490685977041721, 0.12488067895174026]"
2025-09-04 13:47:19.021619,Happy,"[0.17602398991584778, 0.020185593515634537, 0.15011654794216156, 0.2631604075431824, 0.20280684530735016, 0.04659990593791008, 0.1411067098379135]"
2025-09-04 13:47:19.061141,Sad,"[0.15910182893276215, 0.016445033252239227, 0.21638835966587067, 0.057487282902002335, 0.30688565969467163, 0.03642905503511429, 0.20726278424263]"
2025-09-04 13:47:19.243966,Sad,"[0.19742265343666077, 0.020219407975673676, 0.1519387811422348, 0.1081954836845398, 0.3061300814151764, 0.020999575033783913, 0.195094034075737]"
2025-09-04 13:47:19.282883,Happy,"[0.14700858294963837, 0.017303666099905968, 0.12306278198957443, 0.3407415747642517, 0.1762116700410843, 0.044440802186727524, 0.1512308567762375]"
2025-09-04 13:47:19.321435,Sad,"[0.1621205061674118, 0.016334855929017067, 0.22113962471485138, 0.05329560115933418, 0.30661261081695557, 0.033532414585351944, 0.2069644182920456]"
2025-09-04 13:47:19.471389,Happy,"[0.1644788384437561, 0.018709536641836166, 0.14446991682052612, 0.20607732236385345, 0.1991860419511795, 0.07985147833824158, 0.18722693622112274]"
2025-09-04 13:47:19.511803,Sad,"[0.17293007671833038, 0.01891888864338398, 0.2230158895254135, 0.0744430273771286, 0.33994758129119873, 0.019009597599506378, 0.15173493325710297]"
2025-09-04 13:47:19.553323,Fear,"[0.15827517211437225, 0.01589115522801876, 0.26272714138031006, 0.05354349687695503, 0.26061001420021057, 0.054492391645908356, 0.1944606453180313]"
2025-09-04 13:47:19.591731,Sad,"[0.1484309732913971, 0.01549836341291666, 0.24535337090492249, 0.058791715651750565, 0.27723193168640137, 0.05176842585206032, 0.2029252052307129]"
2025-09-04 13:47:19.728958,Happy,"[0.17116452753543854, 0.01931828074157238, 0.15077060461044312, 0.20855820178985596, 0.20293600857257843, 0.07229139655828476, 0.17496095597743988]"
2025-09-04 13:47:19.769499,Sad,"[0.16825160384178162, 0.018548620864748955, 0.2238629311323166, 0.08116926997900009, 0.3025309443473816, 0.03503292426466942, 0.1706036776304245]"
2025-09-04 13:47:19.808944,Surprise,"[0.06662505120038986, 0.006996074691414833, 0.23386411368846893, 0.06609272956848145, 0.09765853732824326, 0.3239970803260803, 0.2047664225101471]"
2025-09-04 13:47:19.942524,Sad,"[0.17798656225204468, 0.02073570154607296, 0.1553940623998642, 0.20718485116958618, 0.22819815576076508, 0.05090897157788277, 0.1595916599035263]"
2025-09-04 13:47:19.983223,Sad,"[0.15495094656944275, 0.01570155657827854, 0.21624301373958588, 0.05060859024524689, 0.3175436556339264, 0.03154082968831062, 0.2134113609790802]"
2025-09-04 13:47:20.144580,Happy,"[0.18133582174777985, 0.02204325795173645, 0.1444190889596939, 0.28688040375709534, 0.22180309891700745, 0.027391213923692703, 0.11612705141305923]"
2025-09-04 13:47:20.310822,Happy,"[0.2013665735721588, 0.0257574450224638, 0.1528928130865097, 0.26747041940689087, 0.2654098868370056, 0.010707824490964413, 0.07639505714178085]"
2025-09-04 13:47:20.350765,Fear,"[0.121187724173069, 0.011901059187948704, 0.253345787525177, 0.03465806692838669, 0.24824467301368713, 0.07853629440069199, 0.2521263659000397]"
2025-09-04 13:47:20.495371,Happy,"[0.16098462045192719, 0.018313130363821983, 0.14575545489788055, 0.21210232377052307, 0.202516570687294, 0.07314412295818329, 0.1871836632490158]"
2025-09-04 13:47:20.535116,Neutral,"[0.13037964701652527, 0.012724713422358036, 0.22027993202209473, 0.03737402707338333, 0.2666342854499817, 0.06508870422840118, 0.2675187289714813]"
2025-09-04 13:47:20.663324,Sad,"[0.1887551099061966, 0.022489631548523903, 0.16278775036334991, 0.20462319254875183, 0.2530519366264343, 0.03337395191192627, 0.1349184513092041]"
2025-09-04 13:47:20.795128,Sad,"[0.19379796087741852, 0.02322341501712799, 0.1625179797410965, 0.2047038972377777, 0.2540436089038849, 0.032201845198869705, 0.12951131165027618]"
2025-09-04 13:47:20.932333,Sad,"[0.1949242800474167, 0.02340855821967125, 0.16293728351593018, 0.20436710119247437, 0.25589871406555176, 0.031089121475815773, 0.12737490236759186]"
2025-09-04 13:47:21.068444,Sad,"[0.18473631143569946, 0.02180168218910694, 0.15965299308300018, 0.20621763169765472, 0.2419741302728653, 0.040382977575063705, 0.14523424208164215]"
2025-09-04 13:47:21.206277,Sad,"[0.18308784067630768, 0.02150890789926052, 0.15763890743255615, 0.2069486528635025, 0.23564974963665009, 0.04480220377445221, 0.1503637135028839]"
2025-09-04 13:47:21.336277,Sad,"[0.16836164891719818, 0.019418759271502495, 0.15599368512630463, 0.20574718713760376, 0.2277235984802246, 0.052310556173324585, 0.1704445481300354]"
2025-09-04 13:47:21.472145,Sad,"[0.19177205860614777, 0.022922538220882416, 0.16249802708625793, 0.20477111637592316, 0.2532091736793518, 0.03290845453739166, 0.13191865384578705]"
2025-09-04 13:47:21.511550,Neutral,"[0.13337235152721405, 0.014552573673427105, 0.12466742098331451, 0.21772165596485138, 0.17185983061790466, 0.0869160071015358, 0.2509101927280426]"
2025-09-04 13:47:21.671506,Sad,"[0.18636317551136017, 0.02198219485580921, 0.15788355469703674, 0.20706818997859955, 0.23724137246608734, 0.043282508850097656, 0.14617902040481567]"
2025-09-04 13:47:21.711567,Fear,"[0.14425978064537048, 0.01461569033563137, 0.26834139227867126, 0.051011838018894196, 0.24951386451721191, 0.06820797175168991, 0.20404945313930511]"
2025-09-04 13:47:21.840343,Sad,"[0.18840453028678894, 0.02239382639527321, 0.16155807673931122, 0.2053576111793518, 0.2489786297082901, 0.03568577766418457, 0.13762156665325165]"
2025-09-04 13:47:21.971120,Sad,"[0.19397099316120148, 0.023396963253617287, 0.1658557802438736, 0.20212188363075256, 0.2657991647720337, 0.026476897299289703, 0.12237828224897385]"
2025-09-04 13:47:22.112056,Sad,"[0.17848075926303864, 0.020976973697543144, 0.16192243993282318, 0.20479030907154083, 0.24696052074432373, 0.03804684430360794, 0.1488221287727356]"
2025-09-04 13:47:22.284594,Sad,"[0.18492713570594788, 0.021874798461794853, 0.16111037135124207, 0.20551803708076477, 0.24644684791564941, 0.037601813673973083, 0.14252103865146637]"
2025-09-04 13:47:22.444957,Sad,"[0.18440237641334534, 0.0218169204890728, 0.16165529191493988, 0.205214723944664, 0.24796590209007263, 0.03676798939704895, 0.1421767622232437]"
2025-09-04 13:47:22.487402,Sad,"[0.1749200075864792, 0.0182358305901289, 0.2612602114677429, 0.05843004584312439, 0.2865586280822754, 0.037752434611320496, 0.16284295916557312]"
2025-09-04 13:47:22.633843,Sad,"[0.18009047210216522, 0.021078336983919144, 0.15574444830417633, 0.21047106385231018, 0.23043927550315857, 0.04766411706805229, 0.15451231598854065]"
2025-09-04 13:47:22.776156,Happy,"[0.15079504251480103, 0.017510520294308662, 0.15207721292972565, 0.2371571809053421, 0.17985643446445465, 0.08475502580404282, 0.17784857749938965]"
2025-09-04 13:47:22.942613,Happy,"[0.1264827847480774, 0.014522786252200603, 0.1446579396724701, 0.2576504051685333, 0.15187716484069824, 0.10983505100011826, 0.19497379660606384]"
2025-09-04 13:47:22.982462,Neutral,"[0.1460825502872467, 0.013131538406014442, 0.15971973538398743, 0.04264466464519501, 0.2596829831600189, 0.05179386958479881, 0.3269446790218353]"
2025-09-04 13:47:23.136626,Happy,"[0.1253349334001541, 0.014722268097102642, 0.13508141040802002, 0.3280201852321625, 0.13950297236442566, 0.09034233540296555, 0.16699586808681488]"
2025-09-04 13:47:23.268104,Happy,"[0.12655961513519287, 0.01481366902589798, 0.1387806385755539, 0.30919596552848816, 0.14295591413974762, 0.09514770656824112, 0.17254644632339478]"
2025-09-04 13:47:23.449656,Happy,"[0.13432073593139648, 0.015332575887441635, 0.14165619015693665, 0.24454079568386078, 0.15848156809806824, 0.10898192971944809, 0.19668619334697723]"
2025-09-04 13:47:23.603166,Happy,"[0.1426573097705841, 0.01644326187670231, 0.14747725427150726, 0.2468157261610031, 0.1724419742822647, 0.08886884897947311, 0.18529559671878815]"
2025-09-04 13:47:23.734030,Happy,"[0.11468753963708878, 0.012968681752681732, 0.13897576928138733, 0.25645044445991516, 0.13723936676979065, 0.13207320868968964, 0.2076050192117691]"
2025-09-04 13:47:23.907755,Happy,"[0.12385457009077072, 0.014349331147968769, 0.13831859827041626, 0.2941816747188568, 0.1429024040699005, 0.10315906256437302, 0.18323436379432678]"
2025-09-04 13:47:24.034153,Happy,"[0.14319248497486115, 0.016612205654382706, 0.14027461409568787, 0.2757633328437805, 0.1654668152332306, 0.08339650183916092, 0.17529402673244476]"
2025-09-04 13:47:24.075941,Sad,"[0.18244047462940216, 0.018106572329998016, 0.13411329686641693, 0.12449642270803452, 0.26940444111824036, 0.030563054606318474, 0.24087578058242798]"
2025-09-04 13:47:24.210321,Happy,"[0.12513314187526703, 0.01466271374374628, 0.1342405080795288, 0.3300018608570099, 0.14155513048171997, 0.08641604334115982, 0.16799063980579376]"
2025-09-04 13:47:24.339632,Happy,"[0.11549211293458939, 0.012479392811655998, 0.13953018188476562, 0.3099801242351532, 0.11567634344100952, 0.13198137283325195, 0.17486046254634857]"
2025-09-04 13:47:24.475723,Happy,"[0.14683234691619873, 0.017307326197624207, 0.1539362519979477, 0.27302664518356323, 0.18255649507045746, 0.06385540962219238, 0.16248555481433868]"
2025-09-04 13:47:24.650051,Happy,"[0.19404086470603943, 0.020824847742915154, 0.16101258993148804, 0.29385504126548767, 0.1669333428144455, 0.05292472243309021, 0.11040855199098587]"
2025-09-04 13:47:24.776771,Happy,"[0.17023994028568268, 0.020434461534023285, 0.13749605417251587, 0.3074153661727905, 0.20352540910243988, 0.03380930796265602, 0.12707945704460144]"
2025-09-04 13:47:24.946554,Happy,"[0.16315843164920807, 0.019710758700966835, 0.14092837274074554, 0.31947407126426697, 0.19653284549713135, 0.03452711179852486, 0.125668466091156]"
2025-09-04 13:47:24.988816,Sad,"[0.19059088826179504, 0.022575421258807182, 0.15741604566574097, 0.20746421813964844, 0.2370840609073639, 0.042809732258319855, 0.1420595645904541]"
2025-09-04 13:47:25.027267,Fear,"[0.10362554341554642, 0.00943742785602808, 0.3046227693557739, 0.024286845698952675, 0.1861325353384018, 0.1273110806941986, 0.2445838451385498]"
2025-09-04 13:47:25.169149,Happy,"[0.17953728139400482, 0.02202209085226059, 0.14143140614032745, 0.3063287138938904, 0.21982041001319885, 0.023240139707922935, 0.10761994868516922]"
2025-09-04 13:47:25.210726,Sad,"[0.1872728168964386, 0.02220495603978634, 0.16084304451942444, 0.20572863519191742, 0.246368408203125, 0.03735540434718132, 0.14022666215896606]"
2025-09-04 13:47:25.368044,Happy,"[0.17610058188438416, 0.021875590085983276, 0.14059457182884216, 0.3229867219924927, 0.225321426987648, 0.016941020265221596, 0.09618006646633148]"
2025-09-04 13:47:25.513081,Happy,"[0.16308057308197021, 0.019390614703297615, 0.15455080568790436, 0.2652878165245056, 0.2200615108013153, 0.03597366437315941, 0.1416550725698471]"
2025-09-04 13:47:25.668145,Happy,"[0.14454206824302673, 0.01735754683613777, 0.13706916570663452, 0.3513355255126953, 0.17563804984092712, 0.040329065173864365, 0.13372860848903656]"
2025-09-04 13:47:25.837626,Happy,"[0.14587585628032684, 0.017666751518845558, 0.13275901973247528, 0.36848184466362, 0.17655131220817566, 0.034079600125551224, 0.12458562850952148]"
2025-09-04 13:47:25.877801,Sad,"[0.17705073952674866, 0.020691420882940292, 0.15611127018928528, 0.21141403913497925, 0.2243931144475937, 0.05206763371825218, 0.15827186405658722]"
2025-09-04 13:47:26.055340,Happy,"[0.16630814969539642, 0.019379986450076103, 0.14714273810386658, 0.24688883125782013, 0.21302150189876556, 0.04832308366894722, 0.15893572568893433]"
2025-09-04 13:47:26.196879,Happy,"[0.1719486564397812, 0.020427456125617027, 0.14332205057144165, 0.2762039005756378, 0.21133475005626678, 0.03859884664416313, 0.13816434144973755]"
2025-09-04 13:47:26.238127,Sad,"[0.19873450696468353, 0.02446695789694786, 0.16426075994968414, 0.21698899567127228, 0.2723078727722168, 0.01900465600192547, 0.10423622280359268]"
2025-09-04 13:47:26.387825,Happy,"[0.15477295219898224, 0.018493661656975746, 0.12890884280204773, 0.34723255038261414, 0.17640253901481628, 0.04156583547592163, 0.13262353837490082]"
2025-09-04 13:47:26.428046,Sad,"[0.15610508620738983, 0.0156367477029562, 0.2380109578371048, 0.04348434507846832, 0.3177376687526703, 0.02986116148531437, 0.19916404783725739]"
2025-09-04 13:47:26.572317,Happy,"[0.12609146535396576, 0.014790304936468601, 0.12101224064826965, 0.38016828894615173, 0.14427106082439423, 0.060348790138959885, 0.15331780910491943]"
2025-09-04 13:47:26.611819,Happy,"[0.1618453562259674, 0.018442630767822266, 0.14260204136371613, 0.2114294320344925, 0.18839521706104279, 0.08955161273479462, 0.18773378431797028]"
2025-09-04 13:47:26.739667,Happy,"[0.13389015197753906, 0.014912105165421963, 0.1500619500875473, 0.269623339176178, 0.15869800746440887, 0.09008265286684036, 0.18273168802261353]"
2025-09-04 13:47:26.781036,Sad,"[0.13896600902080536, 0.015387789346277714, 0.24239693582057953, 0.07585181295871735, 0.26323044300079346, 0.06359869241714478, 0.2005682736635208]"
2025-09-04 13:47:26.940362,Happy,"[0.1509840190410614, 0.015947703272104263, 0.15055900812149048, 0.34705808758735657, 0.12973162531852722, 0.07871996611356735, 0.126999631524086]"
2025-09-04 13:47:27.103886,Happy,"[0.1315915435552597, 0.014845596626400948, 0.13579300045967102, 0.303286075592041, 0.14415259659290314, 0.09484908729791641, 0.17548209428787231]"
2025-09-04 13:47:27.282587,Happy,"[0.11502832174301147, 0.013283939100801945, 0.12926429510116577, 0.3406060039997101, 0.1349291056394577, 0.08917304128408432, 0.17771536111831665]"
2025-09-04 13:47:27.423708,Happy,"[0.11956631392240524, 0.01192515715956688, 0.14927613735198975, 0.3808787763118744, 0.08645359426736832, 0.13100741803646088, 0.12089268863201141]"
2025-09-04 13:47:27.588901,Happy,"[0.12476517260074615, 0.013286112807691097, 0.14461153745651245, 0.3602060079574585, 0.108915314078331, 0.10856012254953384, 0.1396557092666626]"
2025-09-04 13:47:27.740879,Happy,"[0.1613387018442154, 0.016560329124331474, 0.16428926587104797, 0.3394496738910675, 0.12225381284952164, 0.08414818346500397, 0.11195996403694153]"
2025-09-04 13:47:27.909552,Happy,"[0.15623076260089874, 0.013263248838484287, 0.16280092298984528, 0.4333727955818176, 0.0640026107430458, 0.1066737025976181, 0.06365597993135452]"
2025-09-04 13:47:28.072851,Happy,"[0.12211870402097702, 0.013852719217538834, 0.1334933042526245, 0.3772996962070465, 0.12928402423858643, 0.07518839091062546, 0.14876322448253632]"
2025-09-04 13:47:28.214887,Happy,"[0.11181290447711945, 0.010042808018624783, 0.15422816574573517, 0.3801206350326538, 0.06445974856615067, 0.1744023710489273, 0.10493330657482147]"
2025-09-04 13:47:28.378790,Happy,"[0.1352081596851349, 0.011744984425604343, 0.17888732254505157, 0.28477543592453003, 0.07769834995269775, 0.19819052517414093, 0.11349523067474365]"
2025-09-04 13:47:28.423967,Neutral,"[0.1655273139476776, 0.017796166241168976, 0.13574813306331635, 0.17736373841762543, 0.20186105370521545, 0.07892265170812607, 0.22278089821338654]"
2025-09-04 13:47:28.571539,Happy,"[0.1624022126197815, 0.01368001289665699, 0.1733342707157135, 0.3885737359523773, 0.06930758059024811, 0.12170003354549408, 0.07100218534469604]"
2025-09-04 13:47:28.742151,Happy,"[0.1459284871816635, 0.013847044669091702, 0.18201148509979248, 0.24463483691215515, 0.10727320611476898, 0.16741150617599487, 0.13889341056346893]"
2025-09-04 13:47:28.784200,Sad,"[0.16265493631362915, 0.017505988478660583, 0.1758653074502945, 0.1276784986257553, 0.2908437252044678, 0.02905142493546009, 0.19640010595321655]"
2025-09-04 13:47:28.935176,Fear,"[0.153481125831604, 0.014264383353292942, 0.20079325139522552, 0.1931116133928299, 0.11338133364915848, 0.18390432000160217, 0.14106392860412598]"
2025-09-04 13:47:28.977569,Sad,"[0.14072540402412415, 0.015683447942137718, 0.2151818424463272, 0.09790778160095215, 0.24030163884162903, 0.08370688557624817, 0.20649302005767822]"
2025-09-04 13:47:29.130592,Neutral,"[0.1241173967719078, 0.013959941454231739, 0.15129613876342773, 0.2040202021598816, 0.15632364153862, 0.13362295925617218, 0.21665970981121063]"
2025-09-04 13:47:29.171451,Sad,"[0.15291857719421387, 0.01760835573077202, 0.1912030577659607, 0.15988563001155853, 0.28294697403907776, 0.030238917097449303, 0.1651984304189682]"
2025-09-04 13:47:29.334093,Happy,"[0.12504415214061737, 0.014181320555508137, 0.13956564664840698, 0.24785040318965912, 0.15091291069984436, 0.11707206070423126, 0.20537349581718445]"
2025-09-04 13:47:29.375821,Neutral,"[0.15493494272232056, 0.01597036048769951, 0.1765996813774109, 0.09046468883752823, 0.24240997433662415, 0.07130984961986542, 0.24831043183803558]"
2025-09-04 13:47:29.415766,Sad,"[0.152337446808815, 0.01752467267215252, 0.1939818114042282, 0.1551603227853775, 0.2783403694629669, 0.033906541764736176, 0.16874875128269196]"
2025-09-04 13:47:29.456462,Happy,"[0.1594744175672531, 0.017923330888152122, 0.14303909242153168, 0.20266935229301453, 0.196188285946846, 0.08297871053218842, 0.1977267563343048]"
2025-09-04 13:47:29.614113,Happy,"[0.1359991580247879, 0.013714485801756382, 0.17842572927474976, 0.2186020463705063, 0.12935678660869598, 0.15306836366653442, 0.17083339393138885]"
2025-09-04 13:47:29.691837,Sad,"[0.15371540188789368, 0.01765950210392475, 0.2077201008796692, 0.1321721374988556, 0.2987777292728424, 0.028497228398919106, 0.16145789623260498]"
2025-09-04 13:47:29.838051,Fear,"[0.15997514128684998, 0.016376124694943428, 0.18774408102035522, 0.16560791432857513, 0.16409185528755188, 0.13110947608947754, 0.17509548366069794]"
2025-09-04 13:47:29.898309,Happy,"[0.10675830394029617, 0.012094099074602127, 0.13168272376060486, 0.25782936811447144, 0.1342393457889557, 0.1307257115840912, 0.2266705185174942]"
2025-09-04 13:47:29.943100,Sad,"[0.1418914496898651, 0.01386945229023695, 0.2179090976715088, 0.03950914740562439, 0.3122355043888092, 0.03451129049062729, 0.2400740683078766]"
2025-09-04 13:47:29.986036,Sad,"[0.14099235832691193, 0.014334519393742085, 0.2625337243080139, 0.034828878939151764, 0.30506038665771484, 0.04082666337490082, 0.2014235109090805]"
2025-09-04 13:47:30.131599,Neutral,"[0.13605372607707977, 0.015135395340621471, 0.17581288516521454, 0.13649673759937286, 0.1866968870162964, 0.13003137707710266, 0.21977297961711884]"
2025-09-04 13:47:30.271319,Neutral,"[0.12968766689300537, 0.01441519521176815, 0.17622263729572296, 0.1373550295829773, 0.1784123033285141, 0.14048394560813904, 0.22342319786548615]"
2025-09-04 13:47:30.446717,Neutral,"[0.11880806088447571, 0.013053408823907375, 0.17296580970287323, 0.16229070723056793, 0.1546165496110916, 0.15787024796009064, 0.22039522230625153]"
2025-09-04 13:47:30.488357,Sad,"[0.15771715342998505, 0.0158314760774374, 0.2087334543466568, 0.05141766741871834, 0.3204672932624817, 0.029231589287519455, 0.21660134196281433]"
2025-09-04 13:47:30.527853,Fear,"[0.17744092643260956, 0.017753316089510918, 0.2744254767894745, 0.05793863162398338, 0.25120967626571655, 0.05148259922862053, 0.1697493940591812]"
2025-09-04 13:47:30.668609,Neutral,"[0.11285463720560074, 0.012639768421649933, 0.15946628153324127, 0.18600843846797943, 0.14794807136058807, 0.15567368268966675, 0.2254091054201126]"
2025-09-04 13:47:30.711463,Sad,"[0.14371386170387268, 0.013878618367016315, 0.26728761196136475, 0.040650542825460434, 0.27269530296325684, 0.04580650478601456, 0.21596752107143402]"
2025-09-04 13:47:30.752689,Sad,"[0.178499236702919, 0.01936352252960205, 0.23278258740901947, 0.06269685924053192, 0.32083940505981445, 0.02815813198685646, 0.15766024589538574]"
2025-09-04 13:47:30.922172,Neutral,"[0.1322471797466278, 0.014907591044902802, 0.16207753121852875, 0.19109389185905457, 0.17732349038124084, 0.10991989821195602, 0.21243037283420563]"
2025-09-04 13:47:30.960830,Fear,"[0.11648555845022202, 0.011425952427089214, 0.30015698075294495, 0.037857018411159515, 0.21964535117149353, 0.08965625613927841, 0.2247728854417801]"
2025-09-04 13:47:31.090567,Neutral,"[0.11881087720394135, 0.013241805136203766, 0.17244313657283783, 0.15393494069576263, 0.16291497647762299, 0.15152209997177124, 0.2271321415901184]"
2025-09-04 13:47:31.132198,Sad,"[0.1554139107465744, 0.017833471298217773, 0.1602337658405304, 0.20946386456489563, 0.22760391235351562, 0.050571758300065994, 0.17887933552265167]"
2025-09-04 13:47:31.173502,Sad,"[0.19500207901000977, 0.021427959203720093, 0.1865295171737671, 0.1048634946346283, 0.29836705327033997, 0.02973410300910473, 0.1640757918357849]"
2025-09-04 13:47:31.332640,Neutral,"[0.12448827922344208, 0.01401486899703741, 0.16190855205059052, 0.19309008121490479, 0.16661502420902252, 0.12265478074550629, 0.21722839772701263]"
2025-09-04 13:47:31.373774,Fear,"[0.09348361939191818, 0.00962531566619873, 0.2652745246887207, 0.060878194868564606, 0.1440339833498001, 0.2093542069196701, 0.21735015511512756]"
2025-09-04 13:47:31.412714,Sad,"[0.19781328737735748, 0.02201850153505802, 0.21051006019115448, 0.09141961485147476, 0.318860799074173, 0.021769367158412933, 0.1376083642244339]"
2025-09-04 13:47:31.452840,Sad,"[0.18178540468215942, 0.019554385915398598, 0.2399820238351822, 0.0766647681593895, 0.2973054349422455, 0.03218717500567436, 0.15252085030078888]"
2025-09-04 13:47:31.592482,Neutral,"[0.13113610446453094, 0.0146870706230402, 0.16027316451072693, 0.1752500832080841, 0.16979362070560455, 0.13098295032978058, 0.21787704527378082]"
2025-09-04 13:47:31.631425,Neutral,"[0.11468932777643204, 0.012193995527923107, 0.2230776846408844, 0.07381822168827057, 0.19958807528018951, 0.13003438711166382, 0.24659831821918488]"
2025-09-04 13:47:31.672187,Sad,"[0.14806421101093292, 0.01607106253504753, 0.24068376421928406, 0.0668996125459671, 0.2691084146499634, 0.06291045248508453, 0.1962624192237854]"
2025-09-04 13:47:31.831867,Neutral,"[0.11301039159297943, 0.012539710849523544, 0.17784632742404938, 0.1383594572544098, 0.1582561731338501, 0.1683061122894287, 0.23168177902698517]"
2025-09-04 13:47:31.873509,Fear,"[0.17009060084819794, 0.017667481675744057, 0.2936250567436218, 0.05701716989278793, 0.26635512709617615, 0.043496713042259216, 0.15174782276153564]"
2025-09-04 13:47:31.914429,Fear,"[0.11424539983272552, 0.011728677898645401, 0.2641002833843231, 0.05547906085848808, 0.17961546778678894, 0.15810136497020721, 0.2167298048734665]"
2025-09-04 13:47:31.954402,Neutral,"[0.13324448466300964, 0.01118660531938076, 0.16084295511245728, 0.024299951270222664, 0.28083521127700806, 0.03598018363118172, 0.3536106050014496]"
2025-09-04 13:47:31.992483,Fear,"[0.09411067515611649, 0.009967107325792313, 0.2473987340927124, 0.07082562148571014, 0.1657716929912567, 0.17089514434337616, 0.24103109538555145]"
2025-09-04 13:47:32.136865,Neutral,"[0.14165198802947998, 0.015968093648552895, 0.15645520389080048, 0.19139918684959412, 0.18352475762367249, 0.10362755507230759, 0.2073732167482376]"
2025-09-04 13:47:32.175699,Sad,"[0.18697744607925415, 0.020346682518720627, 0.21501454710960388, 0.0904146209359169, 0.28259995579719543, 0.039338983595371246, 0.16530771553516388]"
2025-09-04 13:47:32.214798,Fear,"[0.1268806755542755, 0.013563720509409904, 0.22981475293636322, 0.07096192240715027, 0.22048057615756989, 0.10949579626321793, 0.22880259156227112]"
2025-09-04 13:47:32.253185,Fear,"[0.09020128101110458, 0.009810158982872963, 0.23477093875408173, 0.08696713298559189, 0.1507336050271988, 0.19613724946975708, 0.23137956857681274]"
2025-09-04 13:47:32.291516,Sad,"[0.1269226372241974, 0.012703985907137394, 0.24023275077342987, 0.03489027917385101, 0.2681816816329956, 0.0694769099354744, 0.24759183824062347]"
2025-09-04 13:47:32.447226,Happy,"[0.15038645267486572, 0.017043719068169594, 0.15188178420066833, 0.20433557033538818, 0.1945393979549408, 0.08450330793857574, 0.1973097175359726]"
2025-09-04 13:47:32.488409,Sad,"[0.17967374622821808, 0.018897749483585358, 0.2437455803155899, 0.07221957296133041, 0.28622373938560486, 0.03560463711619377, 0.16363494098186493]"
2025-09-04 13:47:32.637623,Happy,"[0.1448792815208435, 0.016358384862542152, 0.14548861980438232, 0.20922060310840607, 0.17736223340034485, 0.10333400219678879, 0.20335689187049866]"
2025-09-04 13:47:32.678140,Neutral,"[0.10374955087900162, 0.01114729791879654, 0.23498307168483734, 0.07639547437429428, 0.17657949030399323, 0.16135995090007782, 0.23578505218029022]"
2025-09-04 13:47:32.719068,Sad,"[0.19504429399967194, 0.021451614797115326, 0.20308008790016174, 0.08159661293029785, 0.3405812084674835, 0.017282923683524132, 0.14096321165561676]"
2025-09-04 13:47:32.759053,Fear,"[0.09312082082033157, 0.009720691479742527, 0.24640503525733948, 0.06477092206478119, 0.1501459777355194, 0.2040165513753891, 0.2318200170993805]"
2025-09-04 13:47:32.906279,Happy,"[0.1613783985376358, 0.018678592517971992, 0.1518169790506363, 0.22307835519313812, 0.19636572897434235, 0.0735449492931366, 0.17513695359230042]"
2025-09-04 13:47:33.031522,Happy,"[0.154192715883255, 0.017776573076844215, 0.1441800445318222, 0.25031158328056335, 0.19148193299770355, 0.06644957512617111, 0.17560753226280212]"
2025-09-04 13:47:33.072288,Sad,"[0.15472109615802765, 0.016435876488685608, 0.2429724782705307, 0.0564347580075264, 0.3129841387271881, 0.034779828041791916, 0.18167191743850708]"
2025-09-04 13:47:33.231860,Happy,"[0.1369667947292328, 0.01583878882229328, 0.1373284012079239, 0.29734721779823303, 0.1685224175453186, 0.06920712441205978, 0.17478927969932556]"
2025-09-04 13:47:33.271967,Fear,"[0.09804803878068924, 0.010382880456745625, 0.25595322251319885, 0.07137980312108994, 0.15558284521102905, 0.19087228178977966, 0.21778084337711334]"
2025-09-04 13:47:33.311697,Surprise,"[0.06941138952970505, 0.00731584383174777, 0.24265338480472565, 0.06705143302679062, 0.10551903396844864, 0.2992759644985199, 0.20877306163311005]"
2025-09-04 13:47:33.486396,Sad,"[0.1812109500169754, 0.021397801116108894, 0.15624621510505676, 0.2207099050283432, 0.22676827013492584, 0.0460478812456131, 0.14761905372142792]"
2025-09-04 13:47:33.625568,Happy,"[0.13433241844177246, 0.015422453172504902, 0.13357539474964142, 0.2896866202354431, 0.1587003618478775, 0.0848206877708435, 0.18346212804317474]"
2025-09-04 13:47:33.667678,Happy,"[0.1322840005159378, 0.014950461685657501, 0.14140018820762634, 0.22812293469905853, 0.1598225235939026, 0.116132453083992, 0.20728738605976105]"
2025-09-04 13:47:33.708553,Sad,"[0.1770312339067459, 0.018201448023319244, 0.2352679967880249, 0.06703073531389236, 0.2902848422527313, 0.03461111709475517, 0.17757271230220795]"
2025-09-04 13:47:33.858034,Happy,"[0.17714323103427887, 0.021203581243753433, 0.14004069566726685, 0.2860405743122101, 0.20604629814624786, 0.038515619933605194, 0.1310099959373474]"
2025-09-04 13:47:33.899976,Happy,"[0.1411949098110199, 0.016013821586966515, 0.14676523208618164, 0.22308313846588135, 0.17818549275398254, 0.09403300285339355, 0.2007242739200592]"
2025-09-04 13:47:33.940840,Sad,"[0.17881648242473602, 0.019144278019666672, 0.20830368995666504, 0.07967805862426758, 0.3082062005996704, 0.030103877186775208, 0.17574739456176758]"
2025-09-04 13:47:33.980186,Sad,"[0.13386967778205872, 0.013749958947300911, 0.23481959104537964, 0.059717945754528046, 0.24769999086856842, 0.0814179927110672, 0.22872485220432281]"
2025-09-04 13:47:34.142354,Happy,"[0.1804172843694687, 0.021395256742835045, 0.14216859638690948, 0.26146647334098816, 0.20596331357955933, 0.047411587089300156, 0.1411774754524231]"
2025-09-04 13:47:34.183954,Happy,"[0.12143554538488388, 0.01377168484032154, 0.1415579468011856, 0.24731700122356415, 0.1493186205625534, 0.11891169100999832, 0.20768752694129944]"
2025-09-04 13:47:34.224120,Sad,"[0.1676332801580429, 0.019424183294177055, 0.20921413600444794, 0.12433357536792755, 0.2667311429977417, 0.04985073581337929, 0.16281290352344513]"
2025-09-04 13:47:34.367993,Happy,"[0.16896256804466248, 0.01999000646173954, 0.1351044476032257, 0.2940644919872284, 0.1927698701620102, 0.04696301370859146, 0.1421455442905426]"
2025-09-04 13:47:34.408597,Sad,"[0.1594667285680771, 0.0182994045317173, 0.22006918489933014, 0.10808957368135452, 0.26709097623825073, 0.055333662778139114, 0.1716504693031311]"
2025-09-04 13:47:34.449427,Happy,"[0.1287434846162796, 0.014603720046579838, 0.14291851222515106, 0.240412175655365, 0.1588854044675827, 0.10951770842075348, 0.20491892099380493]"
2025-09-04 13:47:34.592741,Happy,"[0.17660468816757202, 0.02142438478767872, 0.13436220586299896, 0.318275511264801, 0.19956547021865845, 0.03224000707268715, 0.11752773821353912]"
2025-09-04 13:47:34.632244,Sad,"[0.17269638180732727, 0.020683780312538147, 0.17569319903850555, 0.1940695345401764, 0.2940351068973541, 0.018107900395989418, 0.12471412122249603]"
2025-09-04 13:47:34.670998,Happy,"[0.12043581902980804, 0.013649065047502518, 0.13955403864383698, 0.24872155487537384, 0.14587821066379547, 0.12371054291725159, 0.2080506980419159]"
2025-09-04 13:47:34.711955,Neutral,"[0.15224239230155945, 0.01669822819530964, 0.13853533565998077, 0.19717730581760406, 0.18453732132911682, 0.09315191209316254, 0.21765752136707306]"
2025-09-04 13:47:34.751862,Surprise,"[0.07721694558858871, 0.008158775977790356, 0.24360479414463043, 0.0692058801651001, 0.1160779520869255, 0.2753000855445862, 0.21043552458286285]"
2025-09-04 13:47:34.895663,Happy,"[0.16765566170215607, 0.020155996084213257, 0.1323861926794052, 0.31753700971603394, 0.19128650426864624, 0.03954523429274559, 0.131433367729187]"
2025-09-04 13:47:34.935468,Sad,"[0.1641523241996765, 0.019400782883167267, 0.1752902716398239, 0.19490011036396027, 0.2878865897655487, 0.020691514015197754, 0.13767844438552856]"
2025-09-04 13:47:34.973616,Happy,"[0.12122558802366257, 0.013751450926065445, 0.14411386847496033, 0.24444937705993652, 0.15201818943023682, 0.11595292389392853, 0.20848862826824188]"
2025-09-04 13:47:35.011117,Surprise,"[0.08101826161146164, 0.008739862591028214, 0.2258080542087555, 0.08725573122501373, 0.12709759175777435, 0.24238842725753784, 0.22769205272197723]"
2025-09-04 13:47:35.166533,Happy,"[0.1816004365682602, 0.021495508030056953, 0.14948521554470062, 0.23989129066467285, 0.22090886533260345, 0.04363568127155304, 0.14298304915428162]"
2025-09-04 13:47:35.206206,Fear,"[0.10296199470758438, 0.010820009745657444, 0.2637695372104645, 0.05763743817806244, 0.1649230718612671, 0.1871519684791565, 0.21273598074913025]"
2025-09-04 13:47:35.246715,Happy,"[0.1258009970188141, 0.014295601285994053, 0.14523492753505707, 0.24493595957756042, 0.15895837545394897, 0.1059996485710144, 0.20477448403835297]"
2025-09-04 13:47:35.285457,Fear,"[0.09641925245523453, 0.010395602323114872, 0.23428751528263092, 0.08594510704278946, 0.14881281554698944, 0.20254488289356232, 0.22159481048583984]"
2025-09-04 13:47:35.431476,Happy,"[0.09721594303846359, 0.013686598278582096, 0.06512228399515152, 0.6094585061073303, 0.11832427233457565, 0.009593249298632145, 0.08659905195236206]"
2025-09-04 13:47:35.473189,Sad,"[0.20771606266498566, 0.025389885529875755, 0.16280688345432281, 0.20346619188785553, 0.2627946436405182, 0.0258950125426054, 0.11193133145570755]"
2025-09-04 13:47:35.513469,Happy,"[0.1284300684928894, 0.014436320401728153, 0.1319662481546402, 0.23482772707939148, 0.15944522619247437, 0.10645096004009247, 0.22444337606430054]"
2025-09-04 13:47:35.553442,Neutral,"[0.15248972177505493, 0.016428183764219284, 0.1373239904642105, 0.18841059505939484, 0.18767794966697693, 0.08852332830429077, 0.22914622724056244]"
2025-09-04 13:47:35.716337,Sad,"[0.18685613572597504, 0.02187317982316017, 0.15075713396072388, 0.20919711887836456, 0.21799907088279724, 0.05814962461590767, 0.15516763925552368]"
2025-09-04 13:47:35.859054,Sad,"[0.1846209615468979, 0.018695959821343422, 0.12100312858819962, 0.1347806751728058, 0.2900497317314148, 0.01752370223402977, 0.23332586884498596]"
2025-09-04 13:47:35.899735,Happy,"[0.16515201330184937, 0.017610207200050354, 0.15202854573726654, 0.21624481678009033, 0.1671450436115265, 0.1058371290564537, 0.17598220705986023]"
2025-09-04 13:47:36.024297,Sad,"[0.19482412934303284, 0.02220812626183033, 0.16017401218414307, 0.21213394403457642, 0.21514706313610077, 0.054025378078222275, 0.14148730039596558]"
2025-09-04 13:47:36.157001,Sad,"[0.1717279851436615, 0.019995179027318954, 0.1608385592699051, 0.2046816200017929, 0.2418762743473053, 0.04190805181860924, 0.15897236764431]"
2025-09-04 13:47:36.293584,Sad,"[0.2107882797718048, 0.023804616183042526, 0.1515330821275711, 0.09254129230976105, 0.446957528591156, 0.0015778206288814545, 0.07279738038778305]"
2025-09-04 13:47:36.336129,Sad,"[0.16024234890937805, 0.016506662592291832, 0.20510593056678772, 0.0649992823600769, 0.29472556710243225, 0.04076683148741722, 0.21765342354774475]"
2025-09-04 13:47:36.376459,Sad,"[0.17053401470184326, 0.017364606261253357, 0.14624251425266266, 0.13017451763153076, 0.2956590950489044, 0.021472815424203873, 0.2185523808002472]"
2025-09-04 13:47:36.506927,Sad,"[0.17854060232639313, 0.01797300949692726, 0.19509749114513397, 0.02932060696184635, 0.4679892361164093, 0.0027634191792458296, 0.1083156019449234]"
2025-09-04 13:47:36.548215,Sad,"[0.16220562160015106, 0.016733789816498756, 0.22785577178001404, 0.045932646840810776, 0.33800631761550903, 0.024614695459604263, 0.18465115129947662]"
2025-09-04 13:47:36.589537,Fear,"[0.13074961304664612, 0.013552173972129822, 0.25278207659721375, 0.0757603645324707, 0.2031736969947815, 0.11178454756736755, 0.21219752728939056]"
2025-09-04 13:47:36.628944,Neutral,"[0.15530382096767426, 0.015827594324946404, 0.17193642258644104, 0.09004538506269455, 0.24450412392616272, 0.06717018038034439, 0.2552124857902527]"
2025-09-04 13:47:36.750954,Sad,"[0.16631938517093658, 0.019456470385193825, 0.15017110109329224, 0.21863369643688202, 0.23847776651382446, 0.03875179588794708, 0.1681898534297943]"
2025-09-04 13:47:36.803102,Fear,"[0.09722528606653214, 0.013594570569694042, 0.24101203680038452, 0.093691885471344, 0.15448081493377686, 0.19482852518558502, 0.20516686141490936]"
2025-09-04 13:47:36.841887,Fear,"[0.0998712033033371, 0.013167409226298332, 0.2839328348636627, 0.05980512872338295, 0.17543794214725494, 0.1717289835214615, 0.1960565149784088]"
2025-09-04 13:47:36.882950,Happy,"[0.12304091453552246, 0.013748660683631897, 0.14023955166339874, 0.22999617457389832, 0.15057294070720673, 0.12379229813814163, 0.2186095118522644]"
2025-09-04 13:47:37.014415,Sad,"[0.16167955100536346, 0.0171493012458086, 0.17639218270778656, 0.11257917433977127, 0.2582196295261383, 0.052412454038858414, 0.22156766057014465]"
2025-09-04 13:47:37.054437,Sad,"[0.15329833328723907, 0.016430245712399483, 0.1807582676410675, 0.11057505756616592, 0.2365398108959198, 0.07502980530261993, 0.22736845910549164]"
2025-09-04 13:47:37.203794,Neutral,"[0.1517561674118042, 0.01643129624426365, 0.1553771048784256, 0.14851292967796326, 0.19736050069332123, 0.10165368765592575, 0.22890831530094147]"
2025-09-04 13:47:37.242243,Fear,"[0.09427573531866074, 0.010169092565774918, 0.242714524269104, 0.08354773372411728, 0.15094256401062012, 0.19642819464206696, 0.2219220995903015]"
2025-09-04 13:47:37.404124,Neutral,"[0.10780312865972519, 0.011862748302519321, 0.224458247423172, 0.09659601002931595, 0.17968878149986267, 0.15013279020786285, 0.22945834696292877]"
2025-09-04 13:47:37.665053,Sad,"[0.1924128383398056, 0.02238825336098671, 0.16302409768104553, 0.10586825013160706, 0.4427622854709625, 0.0017296886071562767, 0.07181458920240402]"
2025-09-04 13:47:37.705992,Fear,"[0.09307582676410675, 0.010062211193144321, 0.23040370643138885, 0.08168162405490875, 0.14827947318553925, 0.2089611440896988, 0.22753597795963287]"
2025-09-04 13:47:37.744909,Neutral,"[0.1548435539007187, 0.01595146767795086, 0.15965741872787476, 0.1010022833943367, 0.21266236901283264, 0.09865211695432663, 0.2572307586669922]"
2025-09-04 13:47:37.893425,Sad,"[0.15540751814842224, 0.015973739326000214, 0.22816456854343414, 0.047433409839868546, 0.31560009717941284, 0.03434189409017563, 0.20307882130146027]"
2025-09-04 13:47:37.932665,Sad,"[0.1666112095117569, 0.016903897747397423, 0.22636531293392181, 0.03616948798298836, 0.37368592619895935, 0.014559106901288033, 0.16570499539375305]"
2025-09-04 13:47:37.972754,Fear,"[0.09052552282810211, 0.00971776619553566, 0.2446245402097702, 0.08175143599510193, 0.14235377311706543, 0.21171224117279053, 0.21931473910808563]"
2025-09-04 13:47:38.163375,Happy,"[0.07934128493070602, 0.010214176960289478, 0.06484245508909225, 0.5498183369636536, 0.1399277001619339, 0.00870560109615326, 0.14715038239955902]"
2025-09-04 13:47:38.319233,Fear,"[0.12842848896980286, 0.012566015124320984, 0.27073076367378235, 0.035988230258226395, 0.24108555912971497, 0.07920397818088531, 0.23199701309204102]"
2025-09-04 13:47:38.448470,Sad,"[0.17554154992103577, 0.018151480704545975, 0.12707270681858063, 0.1487535834312439, 0.27656278014183044, 0.022260252386331558, 0.23165765404701233]"
2025-09-04 13:47:38.489897,Sad,"[0.1611810028553009, 0.018336057662963867, 0.14947395026683807, 0.20534375309944153, 0.21021310985088348, 0.06838029623031616, 0.18707175552845]"
2025-09-04 13:47:38.529801,Sad,"[0.17762818932533264, 0.018032129853963852, 0.1577543318271637, 0.10407622158527374, 0.27502238750457764, 0.03702344372868538, 0.23046328127384186]"
2025-09-04 13:47:38.569232,Sad,"[0.16579416394233704, 0.017355596646666527, 0.16699492931365967, 0.1144137978553772, 0.2547607719898224, 0.052145738154649734, 0.22853504121303558]"
2025-09-04 13:47:38.689182,Happy,"[0.15961280465126038, 0.017527732998132706, 0.14515157043933868, 0.21220365166664124, 0.17442910373210907, 0.10309185832738876, 0.18798327445983887]"
2025-09-04 13:47:38.729967,Sad,"[0.1564025729894638, 0.015965932980179787, 0.2679210305213928, 0.03832229599356651, 0.3010138273239136, 0.03871455788612366, 0.1816597282886505]"
2025-09-04 13:47:38.770971,Neutral,"[0.15810123085975647, 0.01667000539600849, 0.16347956657409668, 0.1178823933005333, 0.22430115938186646, 0.080879345536232, 0.23868629336357117]"
2025-09-04 13:47:38.926286,Happy,"[0.16936321556568146, 0.017909398302435875, 0.16115079820156097, 0.2180522084236145, 0.1758810430765152, 0.08991514146327972, 0.1677282303571701]"
2025-09-04 13:47:38.967186,Sad,"[0.1658095270395279, 0.017244895920157433, 0.2166920006275177, 0.05714617297053337, 0.32420095801353455, 0.02813955955207348, 0.190766841173172]"
2025-09-04 13:47:39.006488,Sad,"[0.1602899730205536, 0.016982587054371834, 0.22951294481754303, 0.05678245797753334, 0.32850098609924316, 0.027411485090851784, 0.18051955103874207]"
2025-09-04 13:47:39.045479,Neutral,"[0.1031164675951004, 0.011290110647678375, 0.22352424263954163, 0.10365644097328186, 0.16409601271152496, 0.1666998565196991, 0.22761693596839905]"
2025-09-04 13:47:39.182931,Happy,"[0.15003450214862823, 0.016979923471808434, 0.14358526468276978, 0.2141677886247635, 0.18344387412071228, 0.09339432418346405, 0.1983942985534668]"
2025-09-04 13:47:39.223545,Sad,"[0.1834169626235962, 0.02047177590429783, 0.16458502411842346, 0.1567603498697281, 0.25816091895103455, 0.04087688401341438, 0.17572808265686035]"
2025-09-04 13:47:39.263265,Fear,"[0.09984538704156876, 0.010908742435276508, 0.22744452953338623, 0.10365867614746094, 0.1586126685142517, 0.1731383204460144, 0.2263917177915573]"
2025-09-04 13:47:39.395321,Happy,"[0.12787847220897675, 0.014535223133862019, 0.14872094988822937, 0.2371702641248703, 0.16694268584251404, 0.09872446209192276, 0.20602795481681824]"
2025-09-04 13:47:39.435681,Surprise,"[0.0865652933716774, 0.008999372832477093, 0.2541809678077698, 0.05477467179298401, 0.12223294377326965, 0.27685555815696716, 0.19639120995998383]"
2025-09-04 13:47:39.585972,Happy,"[0.15618754923343658, 0.017743559554219246, 0.13960091769695282, 0.21912911534309387, 0.19412238895893097, 0.07782041281461716, 0.1953960359096527]"
2025-09-04 13:47:39.626249,Neutral,"[0.1693679541349411, 0.01721416600048542, 0.13679412007331848, 0.13115014135837555, 0.22016453742980957, 0.06894872337579727, 0.25636041164398193]"
2025-09-04 13:47:39.756526,Happy,"[0.13862352073192596, 0.015712523832917213, 0.14589226245880127, 0.22501152753829956, 0.17368169128894806, 0.09862541407346725, 0.2024531215429306]"
2025-09-04 13:47:39.895065,Happy,"[0.12599213421344757, 0.0142369931563735, 0.1407124400138855, 0.23307909071445465, 0.15223804116249084, 0.12393221259117126, 0.2098090797662735]"
2025-09-04 13:47:39.935317,Sad,"[0.1855945736169815, 0.017574245110154152, 0.13099344074726105, 0.036859046667814255, 0.5306158065795898, 0.000641791382804513, 0.0977211445569992]"
2025-09-04 13:47:39.975158,Sad,"[0.20413319766521454, 0.02429262362420559, 0.17979638278484344, 0.20358960330486298, 0.25399354100227356, 0.02547663263976574, 0.10871801525354385]"
2025-09-04 13:47:40.123286,Happy,"[0.10617993772029877, 0.012621970847249031, 0.0820416510105133, 0.4460735619068146, 0.1458606868982315, 0.02731151506304741, 0.17991070449352264]"
2025-09-04 13:47:40.256376,Happy,"[0.1319381296634674, 0.015309453941881657, 0.12078636139631271, 0.31578025221824646, 0.17306934297084808, 0.05328989773988724, 0.18982650339603424]"
2025-09-04 13:47:40.384613,Happy,"[0.16688062250614166, 0.019981998950242996, 0.15052944421768188, 0.27807480096817017, 0.21713168919086456, 0.033728472888469696, 0.13367301225662231]"
2025-09-04 13:47:40.531424,Happy,"[0.13565915822982788, 0.01594419591128826, 0.1586288958787918, 0.27835002541542053, 0.18224956095218658, 0.06087641417980194, 0.16829176247119904]"
2025-09-04 13:47:40.572163,Neutral,"[0.15967971086502075, 0.015957120805978775, 0.16105154156684875, 0.09102341532707214, 0.2464459389448166, 0.06071561947464943, 0.26512664556503296]"
2025-09-04 13:47:40.717232,Happy,"[0.15655475854873657, 0.01836339384317398, 0.16664278507232666, 0.22736549377441406, 0.221523255109787, 0.04742296785116196, 0.16212737560272217]"
2025-09-04 13:47:40.759626,Neutral,"[0.1461828202009201, 0.014928913675248623, 0.1852186769247055, 0.07470843940973282, 0.23584595322608948, 0.08473007380962372, 0.25838515162467957]"
2025-09-04 13:47:40.882108,Sad,"[0.18288010358810425, 0.021640274673700333, 0.16294482350349426, 0.20445705950260162, 0.25152140855789185, 0.03491818904876709, 0.1416381299495697]"
2025-09-04 13:47:40.921721,Sad,"[0.17338047921657562, 0.018193496391177177, 0.18220765888690948, 0.09352346509695053, 0.32592806220054626, 0.020015938207507133, 0.18675091862678528]"
2025-09-04 13:47:40.961998,Neutral,"[0.15113194286823273, 0.014856447465717793, 0.16954384744167328, 0.07041902840137482, 0.23949438333511353, 0.0742696151137352, 0.28028470277786255]"
2025-09-04 13:47:41.089761,Sad,"[0.1665397435426712, 0.019069507718086243, 0.15037862956523895, 0.20633892714977264, 0.21322062611579895, 0.06502358615398407, 0.17942892014980316]"
2025-09-04 13:47:41.129831,Neutral,"[0.14776991307735443, 0.014381294138729572, 0.17401137948036194, 0.062117043882608414, 0.2429504245519638, 0.07325850427150726, 0.28551149368286133]"
2025-09-04 13:47:41.249483,Sad,"[0.1600150763988495, 0.01836289092898369, 0.15681107342243195, 0.2087259441614151, 0.22261573374271393, 0.055175039917230606, 0.17829422652721405]"
2025-09-04 13:47:41.288836,Sad,"[0.18893730640411377, 0.023086467757821083, 0.182503342628479, 0.1798117607831955, 0.2961457669734955, 0.018113629892468452, 0.11140171438455582]"
2025-09-04 13:47:41.328555,Sad,"[0.17735396325588226, 0.018672272562980652, 0.18126727640628815, 0.0937376543879509, 0.27022477984428406, 0.04836512729525566, 0.21037904918193817]"
2025-09-04 13:47:41.457361,Sad,"[0.16095277667045593, 0.018433954566717148, 0.1571911871433258, 0.2042224258184433, 0.2294163703918457, 0.05160970613360405, 0.17817357182502747]"
2025-09-04 13:47:41.497744,Sad,"[0.1647060662508011, 0.017798596993088722, 0.15830117464065552, 0.15343327820301056, 0.244694322347641, 0.050040896981954575, 0.21102561056613922]"
2025-09-04 13:47:41.621541,Sad,"[0.1956494301557541, 0.023747390136122704, 0.16766411066055298, 0.2002234160900116, 0.2735424041748047, 0.023039434105157852, 0.11613378673791885]"
2025-09-04 13:47:41.662443,Sad,"[0.15812689065933228, 0.01706424169242382, 0.17730456590652466, 0.12579482793807983, 0.25590190291404724, 0.05185120552778244, 0.2139563113451004]"
2025-09-04 13:47:41.701775,Happy,"[0.16057582199573517, 0.01817883737385273, 0.14347021281719208, 0.20517094433307648, 0.1964593380689621, 0.0833224505186081, 0.1928223967552185]"
2025-09-04 13:47:41.830643,Happy,"[0.21823018789291382, 0.020624903962016106, 0.18630506098270416, 0.2244785726070404, 0.14521241188049316, 0.09519940614700317, 0.10994942486286163]"
2025-09-04 13:47:41.870530,Neutral,"[0.14620637893676758, 0.015083343721926212, 0.19208505749702454, 0.07665487378835678, 0.2464424967765808, 0.07461681962013245, 0.2489110231399536]"
2025-09-04 13:47:41.908802,Happy,"[0.16059158742427826, 0.01818208210170269, 0.1435728520154953, 0.20518115162849426, 0.196686789393425, 0.08305297046899796, 0.1927325576543808]"
2025-09-04 13:47:41.949818,Fear,"[0.12085022777318954, 0.012230182997882366, 0.29633888602256775, 0.04746754840016365, 0.18793581426143646, 0.13529694080352783, 0.19988034665584564]"
2025-09-04 13:47:41.989278,Neutral,"[0.1466716080904007, 0.01534667331725359, 0.18936790525913239, 0.08162690699100494, 0.2301310896873474, 0.09279211610555649, 0.24406370520591736]"
2025-09-04 13:47:42.216381,Neutral,"[0.15959270298480988, 0.015726180747151375, 0.16357599198818207, 0.07989376038312912, 0.25195741653442383, 0.05843665450811386, 0.2708173096179962]"
2025-09-04 13:47:42.400321,Sad,"[0.2060682624578476, 0.02433808706700802, 0.17451557517051697, 0.2031935602426529, 0.26063045859336853, 0.02409195899963379, 0.10716212540864944]"
2025-09-04 13:47:42.441489,Sad,"[0.16660188138484955, 0.017656460404396057, 0.18197201192378998, 0.10063615441322327, 0.2585277557373047, 0.05643167719244957, 0.21817409992218018]"
2025-09-04 13:47:42.482230,Sad,"[0.15754470229148865, 0.0151685094460845, 0.16461163759231567, 0.07147108763456345, 0.28457215428352356, 0.036032531410455704, 0.2705993354320526]"
2025-09-04 13:47:42.522291,Neutral,"[0.16041883826255798, 0.0163691695779562, 0.1516728401184082, 0.11035151779651642, 0.21966728568077087, 0.08167330175638199, 0.25984710454940796]"
2025-09-04 13:47:42.697873,Neutral,"[0.15296071767807007, 0.01486678421497345, 0.151066854596138, 0.08461973816156387, 0.2204657346010208, 0.08062010258436203, 0.29540005326271057]"
2025-09-04 13:47:42.872217,Neutral,"[0.14531922340393066, 0.015671171247959137, 0.12387803941965103, 0.20069937407970428, 0.18674787878990173, 0.0766516700387001, 0.25103268027305603]"
2025-09-04 13:47:43.026877,Happy,"[0.09886832535266876, 0.011361061595380306, 0.11693236231803894, 0.3225818872451782, 0.1309196650981903, 0.09230216592550278, 0.22703450918197632]"
2025-09-04 13:47:43.071338,Neutral,"[0.15406109392642975, 0.014903171919286251, 0.16724084317684174, 0.06833073496818542, 0.25901326537132263, 0.054637808352708817, 0.2818131148815155]"
2025-09-04 13:47:43.231097,Happy,"[0.11967789381742477, 0.01360331941395998, 0.13575272262096405, 0.26553452014923096, 0.1418369561433792, 0.12058692425489426, 0.20300766825675964]"
2025-09-04 13:47:43.272132,Neutral,"[0.14313635230064392, 0.015520865097641945, 0.1706308275461197, 0.11469077318906784, 0.19210445880889893, 0.1325833946466446, 0.23133334517478943]"
2025-09-04 13:47:43.311602,Sad,"[0.14959587156772614, 0.014930307865142822, 0.21998654305934906, 0.06554190814495087, 0.2691945731639862, 0.055101338773965836, 0.22564946115016937]"
2025-09-04 13:47:43.422827,Happy,"[0.09703658521175385, 0.010983877815306187, 0.13580173254013062, 0.260418176651001, 0.12133154273033142, 0.15298958122730255, 0.22143852710723877]"
2025-09-04 13:47:43.953774,Sad,"[0.16803108155727386, 0.019486190751194954, 0.15301752090454102, 0.2224113792181015, 0.22343143820762634, 0.04924282059073448, 0.1643795371055603]"
2025-09-04 13:47:43.999006,Sad,"[0.17830345034599304, 0.01932400092482567, 0.16015996038913727, 0.14725351333618164, 0.29347124695777893, 0.022897610440850258, 0.17859025299549103]"
2025-09-04 13:47:44.041154,Sad,"[0.1714043915271759, 0.017710579559206963, 0.14836129546165466, 0.12997502088546753, 0.24202612042427063, 0.053337037563323975, 0.237185537815094]"
2025-09-04 13:47:44.221573,Happy,"[0.10680019110441208, 0.012665745802223682, 0.08373696357011795, 0.424163818359375, 0.15360665321350098, 0.026905963197350502, 0.1921207308769226]"
2025-09-04 13:47:44.359268,Happy,"[0.12348747253417969, 0.014423074200749397, 0.10290953516960144, 0.3314962089061737, 0.18082095682621002, 0.03609389811754227, 0.21076884865760803]"
2025-09-04 13:47:44.479089,Sad,"[0.1607191115617752, 0.019294684752821922, 0.16270869970321655, 0.21039928495883942, 0.2939111590385437, 0.01556125283241272, 0.13740582764148712]"
2025-09-04 13:47:44.630346,Happy,"[0.10867419838905334, 0.013106260448694229, 0.10193503648042679, 0.32400888204574585, 0.24000269174575806, 0.010205311700701714, 0.20206767320632935]"
2025-09-04 13:47:45.146770,Happy,"[0.10863751173019409, 0.012317335233092308, 0.13388988375663757, 0.2569693326950073, 0.1380513459444046, 0.12521186470985413, 0.22492273151874542]"
2025-09-04 13:47:45.189623,Happy,"[0.11144806444644928, 0.012619229033589363, 0.1387079656124115, 0.252522349357605, 0.13558994233608246, 0.13694478571414948, 0.2121676206588745]"
2025-09-04 13:47:45.368320,Happy,"[0.09304255247116089, 0.010747645981609821, 0.11381565034389496, 0.3510887920856476, 0.12441949546337128, 0.08614084124565125, 0.2207450121641159]"
2025-09-04 13:47:45.596479,Happy,"[0.12376438826322556, 0.014009700156748295, 0.13287729024887085, 0.2418718934059143, 0.15314829349517822, 0.11356920003890991, 0.22075918316841125]"
2025-09-04 13:47:45.645265,Neutral,"[0.151971235871315, 0.013629451394081116, 0.15586937963962555, 0.047490332275629044, 0.3012350797653198, 0.02675962820649147, 0.3030449151992798]"
2025-09-04 13:47:45.693016,Neutral,"[0.16253063082695007, 0.016839584335684776, 0.1543295979499817, 0.11967436969280243, 0.2271667867898941, 0.07268179953098297, 0.24677720665931702]"
2025-09-04 13:47:45.820722,Sad,"[0.1948302984237671, 0.020656947046518326, 0.1499590426683426, 0.1354786455631256, 0.3090384304523468, 0.01711864024400711, 0.17291800677776337]"
2025-09-04 13:47:45.864173,Sad,"[0.17307166755199432, 0.01742582768201828, 0.1398596316576004, 0.1295299232006073, 0.26213452219963074, 0.03551635891199112, 0.24246202409267426]"
2025-09-04 13:47:45.910611,Sad,"[0.16842445731163025, 0.01669173315167427, 0.13365942239761353, 0.12284452468156815, 0.2668008804321289, 0.031140435487031937, 0.26043856143951416]"
2025-09-04 13:47:46.047688,Sad,"[0.2150028496980667, 0.024365384131669998, 0.15715190768241882, 0.14611315727233887, 0.32386597990989685, 0.011865884996950626, 0.12163479626178741]"
2025-09-04 13:47:46.095718,Sad,"[0.14855369925498962, 0.013977267779409885, 0.1806386113166809, 0.048771899193525314, 0.3346268832683563, 0.019772140309214592, 0.25365951657295227]"
2025-09-04 13:47:46.143526,Sad,"[0.1769673228263855, 0.016806235536932945, 0.1266593486070633, 0.1080210953950882, 0.2726307511329651, 0.02795003168284893, 0.2709652781486511]"
2025-09-04 13:47:46.191377,Sad,"[0.1728736013174057, 0.01644732430577278, 0.1324804723262787, 0.10130750387907028, 0.3110989034175873, 0.016283487901091576, 0.24950867891311646]"
2025-09-04 13:47:46.327097,Neutral,"[0.1610236018896103, 0.015500126406550407, 0.15254606306552887, 0.07929044216871262, 0.2511601746082306, 0.05431404337286949, 0.2861655652523041]"
2025-09-04 13:47:46.369227,Sad,"[0.17455804347991943, 0.017320476472377777, 0.13636890053749084, 0.12506423890590668, 0.2730507254600525, 0.02910792827606201, 0.2445296198129654]"
2025-09-04 13:47:46.503441,Sad,"[0.16198661923408508, 0.016446346417069435, 0.16255278885364532, 0.1020035445690155, 0.2575351595878601, 0.050099942833185196, 0.24937564134597778]"
2025-09-04 13:47:46.633216,Sad,"[0.15326730906963348, 0.016761135309934616, 0.1340099573135376, 0.19250622391700745, 0.24232782423496246, 0.035329077392816544, 0.22579839825630188]"
2025-09-04 13:47:46.675132,Sad,"[0.14214575290679932, 0.0159488245844841, 0.1941482126712799, 0.13171590864658356, 0.22216911613941193, 0.08637037128210068, 0.2075018733739853]"
2025-09-04 13:47:46.798679,Happy,"[0.10258316993713379, 0.011650034226477146, 0.12128826230764389, 0.27193132042884827, 0.133297398686409, 0.11705300211906433, 0.24219675362110138]"
2025-09-04 13:47:46.914799,Happy,"[0.12656576931476593, 0.01408786978572607, 0.14017434418201447, 0.22517436742782593, 0.15491171181201935, 0.11920415610074997, 0.2198818027973175]"
2025-09-04 13:47:47.035662,Neutral,"[0.16803398728370667, 0.01798376441001892, 0.13598336279392242, 0.17312858998775482, 0.20771823823451996, 0.0736246258020401, 0.22352750599384308]"
2025-09-04 13:47:47.169984,Happy,"[0.09982854872941971, 0.011353813111782074, 0.11533816903829575, 0.2801843285560608, 0.13226418197155, 0.10968567430973053, 0.25134527683258057]"
2025-09-04 13:47:47.326954,Happy,"[0.07817283272743225, 0.009025095961987972, 0.08893381059169769, 0.3757356107234955, 0.10665523260831833, 0.08459459990262985, 0.25688278675079346]"
2025-09-04 13:47:47.483490,Happy,"[0.09159232676029205, 0.010745094157755375, 0.09115340560674667, 0.42700842022895813, 0.12245853245258331, 0.0521119087934494, 0.20493029057979584]"
2025-09-04 13:47:47.533139,Neutral,"[0.1599234789609909, 0.017526941373944283, 0.15514622628688812, 0.15729767084121704, 0.2101438343524933, 0.08495800197124481, 0.2150038629770279]"
2025-09-04 13:47:47.582437,Neutral,"[0.09862568974494934, 0.009932474233210087, 0.23355169594287872, 0.037644561380147934, 0.17056603729724884, 0.19467508792877197, 0.2550044059753418]"
2025-09-04 13:47:47.627324,Neutral,"[0.1713765412569046, 0.01642415300011635, 0.13111114501953125, 0.10125768184661865, 0.23613302409648895, 0.054440710693597794, 0.289256751537323]"
2025-09-04 13:47:47.795983,Sad,"[0.17038629949092865, 0.0199429988861084, 0.154281884431839, 0.2134525328874588, 0.24049748480319977, 0.03938006982207298, 0.16205868124961853]"
2025-09-04 13:47:47.844918,Sad,"[0.21658140420913696, 0.022320525720715523, 0.1417514830827713, 0.10295209288597107, 0.36218658089637756, 0.007398363668471575, 0.14680951833724976]"
2025-09-04 13:47:47.988722,Happy,"[0.11397011578083038, 0.012942386791110039, 0.1202041357755661, 0.26221129298210144, 0.14719855785369873, 0.10293998569250107, 0.2405335158109665]"
2025-09-04 13:47:48.061575,Sad,"[0.22985196113586426, 0.024317357689142227, 0.13962586224079132, 0.08660060167312622, 0.4166022837162018, 0.0027774409390985966, 0.10022446513175964]"
2025-09-04 13:47:48.184316,Happy,"[0.09497784078121185, 0.010985424742102623, 0.09326779842376709, 0.3449595272541046, 0.1376059651374817, 0.05992880091071129, 0.2582746744155884]"
2025-09-04 13:47:48.229938,Sad,"[0.2280912697315216, 0.026472041383385658, 0.1571885645389557, 0.13723640143871307, 0.347721129655838, 0.007254155818372965, 0.09603644907474518]"
2025-09-04 13:47:48.365219,Happy,"[0.07428321987390518, 0.008797647431492805, 0.07300567626953125, 0.4771462082862854, 0.11028909683227539, 0.03682921454310417, 0.21964900195598602]"
2025-09-04 13:47:48.406267,Sad,"[0.21915899217128754, 0.023539980873465538, 0.1481494903564453, 0.11272994428873062, 0.36421939730644226, 0.006797634996473789, 0.125404492020607]"
2025-09-04 13:47:48.532976,Happy,"[0.10430943965911865, 0.012138957157731056, 0.11366290599107742, 0.35238948464393616, 0.14816300570964813, 0.05703257396817207, 0.21230360865592957]"
2025-09-04 13:47:48.574455,Sad,"[0.22363528609275818, 0.025155527517199516, 0.1519862711429596, 0.10779092460870743, 0.3996528685092926, 0.003377162152901292, 0.08840197324752808]"
2025-09-04 13:47:48.698211,Happy,"[0.09759581834077835, 0.011598005890846252, 0.09058964252471924, 0.4439046382904053, 0.142045259475708, 0.030284473672509193, 0.18398217856884003]"
2025-09-04 13:47:48.738690,Sad,"[0.2185697853565216, 0.02378731220960617, 0.15036718547344208, 0.12464933842420578, 0.3433758318424225, 0.00928768701851368, 0.12996284663677216]"
2025-09-04 13:47:48.848101,Happy,"[0.10258206725120544, 0.012322134338319302, 0.0894121304154396, 0.47351425886154175, 0.13888542354106903, 0.026943953707814217, 0.15634004771709442]"
2025-09-04 13:47:48.887580,Sad,"[0.20682737231254578, 0.021961266174912453, 0.1497032195329666, 0.11643504351377487, 0.35507315397262573, 0.008315454237163067, 0.14168456196784973]"
2025-09-04 13:47:48.998217,Happy,"[0.05895087122917175, 0.007283214014023542, 0.055545367300510406, 0.6205429434776306, 0.08549726009368896, 0.019418394193053246, 0.15276196599006653]"
2025-09-04 13:47:49.136870,Happy,"[0.0881524384021759, 0.010743516497313976, 0.07637286931276321, 0.5227182507514954, 0.12802763283252716, 0.019286533817648888, 0.1546986699104309]"
2025-09-04 13:47:49.277147,Happy,"[0.10458023101091385, 0.01260816678404808, 0.09225057065486908, 0.448458194732666, 0.1511700600385666, 0.024423032999038696, 0.1665097326040268]"
2025-09-04 13:47:49.316635,Sad,"[0.19995133578777313, 0.02152535505592823, 0.16887430846691132, 0.09758062660694122, 0.369936466217041, 0.008254945278167725, 0.1338769495487213]"
2025-09-04 13:47:49.425228,Happy,"[0.12750548124313354, 0.015226751565933228, 0.10539557039737701, 0.36339280009269714, 0.19047732651233673, 0.024007044732570648, 0.1739950180053711]"
2025-09-04 13:47:49.488428,Sad,"[0.21140897274017334, 0.023509126156568527, 0.15525837242603302, 0.11417453736066818, 0.3883431851863861, 0.004465330857783556, 0.10284047573804855]"
2025-09-04 13:47:49.638792,Happy,"[0.1273917555809021, 0.01478192862123251, 0.10503553599119186, 0.313167929649353, 0.17851874232292175, 0.04410429298877716, 0.21699975430965424]"
2025-09-04 13:47:49.688150,Sad,"[0.22412109375, 0.025569714605808258, 0.15599806606769562, 0.13772256672382355, 0.33997175097465515, 0.008753594942390919, 0.10786318778991699]"
2025-09-04 13:47:49.735669,Fear,"[0.1247846707701683, 0.011070108972489834, 0.26561394333839417, 0.017567548900842667, 0.2598097026348114, 0.059126753360033035, 0.2620272636413574]"
2025-09-04 13:47:49.861068,Happy,"[0.11805703490972519, 0.014064191840589046, 0.09882967174053192, 0.3917384743690491, 0.17803475260734558, 0.023415502160787582, 0.17586036026477814]"
2025-09-04 13:47:49.901559,Sad,"[0.22155331075191498, 0.023764530196785927, 0.1472148299217224, 0.11140193790197372, 0.36490398645401, 0.006671970710158348, 0.12448938190937042]"
2025-09-04 13:47:49.944346,Sad,"[0.13425636291503906, 0.011898867785930634, 0.23989765346050262, 0.018622970208525658, 0.3099215030670166, 0.030834542587399483, 0.25456809997558594]"
2025-09-04 13:47:50.074249,Happy,"[0.13295121490955353, 0.016162749379873276, 0.10911408066749573, 0.36253249645233154, 0.2079823762178421, 0.01690123789012432, 0.15435588359832764]"
2025-09-04 13:47:50.127797,Sad,"[0.20917034149169922, 0.020882803946733475, 0.1378733515739441, 0.09399635344743729, 0.36879056692123413, 0.006930592004209757, 0.16235603392124176]"
2025-09-04 13:47:50.171535,Sad,"[0.14195576310157776, 0.012886843644082546, 0.24533191323280334, 0.02365022525191307, 0.29225167632102966, 0.03904619812965393, 0.2448773980140686]"
2025-09-04 13:47:50.309497,Happy,"[0.11768623441457748, 0.01420848909765482, 0.0958981066942215, 0.36686116456985474, 0.2008197158575058, 0.016391176730394363, 0.1881350725889206]"
2025-09-04 13:47:50.357379,Sad,"[0.20365777611732483, 0.02107847109436989, 0.14400409162044525, 0.1218981072306633, 0.3180188834667206, 0.014924154616892338, 0.17641854286193848]"
2025-09-04 13:47:50.471062,Happy,"[0.06318210065364838, 0.00852834153920412, 0.05116555839776993, 0.6576949954032898, 0.1021156907081604, 0.006682764273136854, 0.11063048988580704]"
2025-09-04 13:47:50.512278,Sad,"[0.20077671110630035, 0.02080458588898182, 0.1449020653963089, 0.12314007431268692, 0.31757450103759766, 0.015105633065104485, 0.17769646644592285]"
2025-09-04 13:47:50.634077,Happy,"[0.06344626098871231, 0.0083946967497468, 0.05450110137462616, 0.6378840804100037, 0.10627929121255875, 0.007449175696820021, 0.12204550951719284]"
2025-09-04 13:47:50.672733,Sad,"[0.21198007464408875, 0.02162933349609375, 0.14113381505012512, 0.09674404561519623, 0.376529335975647, 0.006056333892047405, 0.14592701196670532]"
2025-09-04 13:47:50.789352,Happy,"[0.06466887891292572, 0.008325385861098766, 0.05651889368891716, 0.6125068068504333, 0.10836383700370789, 0.009520609863102436, 0.14009560644626617]"
2025-09-04 13:47:50.826922,Sad,"[0.22322779893875122, 0.023437466472387314, 0.15037594735622406, 0.08074183017015457, 0.4041128158569336, 0.004145805258303881, 0.11395828425884247]"
2025-09-04 13:47:50.967301,Happy,"[0.07891444116830826, 0.009433203376829624, 0.07631385326385498, 0.4724951982498169, 0.1311625838279724, 0.02331184782087803, 0.20836888253688812]"
2025-09-04 13:47:51.006712,Sad,"[0.23100805282592773, 0.02533334121108055, 0.14677678048610687, 0.10430815070867538, 0.3891516625881195, 0.004117051139473915, 0.09930498898029327]"
2025-09-04 13:47:51.134084,Happy,"[0.13235875964164734, 0.015466873534023762, 0.1203060895204544, 0.3071310520172119, 0.1816539466381073, 0.04713470861315727, 0.1959485411643982]"
2025-09-04 13:47:51.171782,Sad,"[0.23269285261631012, 0.027869919314980507, 0.15913449227809906, 0.13491444289684296, 0.36370110511779785, 0.004904833156615496, 0.07678238302469254]"
2025-09-04 13:47:51.301918,Happy,"[0.14970272779464722, 0.017337359488010406, 0.12621475756168365, 0.30512887239456177, 0.17509396374225616, 0.05954192951321602, 0.16698038578033447]"
2025-09-04 13:47:51.341200,Sad,"[0.17807985842227936, 0.01819971576333046, 0.14845755696296692, 0.12134391814470291, 0.3248414099216461, 0.01410946436226368, 0.1949680745601654]"
2025-09-04 13:47:51.485410,Happy,"[0.07245177775621414, 0.008583270013332367, 0.07791486382484436, 0.5145767331123352, 0.0927855521440506, 0.05113406851887703, 0.18255376815795898]"
2025-09-04 13:47:51.628286,Happy,"[0.10847188532352448, 0.012490233406424522, 0.12077629566192627, 0.3307587504386902, 0.13329170644283295, 0.09203753620386124, 0.20217357575893402]"
2025-09-04 13:47:51.770199,Happy,"[0.12731195986270905, 0.014919031411409378, 0.13963837921619415, 0.3312881588935852, 0.1609628051519394, 0.06148276850581169, 0.16439688205718994]"
2025-09-04 13:47:51.894193,Happy,"[0.10302989184856415, 0.012018994428217411, 0.1108306348323822, 0.3947798013687134, 0.12686221301555634, 0.06926584243774414, 0.18321257829666138]"
2025-09-04 13:47:52.047293,Happy,"[0.11273796856403351, 0.013019121252000332, 0.12147050350904465, 0.3415650427341461, 0.1347813755273819, 0.08689265698194504, 0.18953333795070648]"
2025-09-04 13:47:52.170305,Sad,"[0.17691738903522491, 0.020618973299860954, 0.1567831039428711, 0.2066667228937149, 0.23172084987163544, 0.04836999624967575, 0.1589229851961136]"
2025-09-04 13:47:52.292679,Happy,"[0.15963511168956757, 0.018183650448918343, 0.146997332572937, 0.2150658220052719, 0.2044626772403717, 0.06963137537240982, 0.1860240250825882]"
2025-09-04 13:47:52.334199,Sad,"[0.1566641479730606, 0.01586841605603695, 0.26237720251083374, 0.042795125395059586, 0.29736557602882385, 0.03810608386993408, 0.18682341277599335]"
2025-09-04 13:47:52.465428,Happy,"[0.15221963822841644, 0.017434069886803627, 0.1448727250099182, 0.24007932841777802, 0.19579735398292542, 0.06650825589895248, 0.18308857083320618]"
2025-09-04 13:47:52.505982,Fear,"[0.11613232642412186, 0.010418059304356575, 0.3043791651725769, 0.021545343101024628, 0.19889400899410248, 0.11370791494846344, 0.23492324352264404]"
2025-09-04 13:47:52.628430,Happy,"[0.1564830094575882, 0.017878863960504532, 0.1418922394514084, 0.23319925367832184, 0.18994443118572235, 0.07641866058111191, 0.1841835230588913]"
2025-09-04 13:47:52.665734,Sad,"[0.17011967301368713, 0.017604446038603783, 0.1482207328081131, 0.13945312798023224, 0.2858257591724396, 0.024722596630454063, 0.21405364573001862]"
2025-09-04 13:47:52.797603,Happy,"[0.14423786103725433, 0.016677143052220345, 0.1211438775062561, 0.29868295788764954, 0.17816627025604248, 0.05692475661635399, 0.18416708707809448]"
2025-09-04 13:47:52.837162,Fear,"[0.11611753702163696, 0.010340340435504913, 0.2785017788410187, 0.021438544616103172, 0.21679839491844177, 0.09576908499002457, 0.26103436946868896]"
2025-09-04 13:47:52.969682,Happy,"[0.14002874493598938, 0.016207002103328705, 0.1220037192106247, 0.3301834166049957, 0.15477336943149567, 0.07123454660177231, 0.1655692607164383]"
2025-09-04 13:47:53.102241,Happy,"[0.10943586379289627, 0.012852044776082039, 0.10869923233985901, 0.41815385222435, 0.12797315418720245, 0.06042672321200371, 0.16245907545089722]"
2025-09-04 13:47:53.141473,Sad,"[0.18944720923900604, 0.02108575403690338, 0.23571141064167023, 0.09329354763031006, 0.3057500422000885, 0.023522455245256424, 0.13118964433670044]"
2025-09-04 13:47:53.181800,Fear,"[0.13169099390506744, 0.011650953441858292, 0.2762344181537628, 0.02049260400235653, 0.25530946254730225, 0.05662175267934799, 0.24799984693527222]"
2025-09-04 13:47:53.303057,Happy,"[0.1384509801864624, 0.016413215547800064, 0.12013177573680878, 0.37437763810157776, 0.16405348479747772, 0.04262864589691162, 0.14394427835941315]"
2025-09-04 13:47:53.431994,Happy,"[0.11673394590616226, 0.013646917417645454, 0.10043981671333313, 0.40815991163253784, 0.13061785697937012, 0.06116647273302078, 0.16923506557941437]"
2025-09-04 13:47:53.556975,Happy,"[0.10465092957019806, 0.012332247570157051, 0.08875013142824173, 0.43399569392204285, 0.12882590293884277, 0.04685511067509651, 0.18459004163742065]"
2025-09-04 13:47:53.597708,Sad,"[0.2187788337469101, 0.023124398663640022, 0.15394484996795654, 0.06802615523338318, 0.43656614422798157, 0.002564116846770048, 0.09699547290802002]"
2025-09-04 13:47:53.640364,Fear,"[0.09725548326969147, 0.008467354811728, 0.38416236639022827, 0.00856695044785738, 0.21336126327514648, 0.0822543129324913, 0.20593225955963135]"
2025-09-04 13:47:53.771958,Happy,"[0.14064763486385345, 0.016717184334993362, 0.11425285041332245, 0.3277273178100586, 0.1964091956615448, 0.030605008825659752, 0.17364078760147095]"
2025-09-04 13:47:53.811813,Sad,"[0.1861635148525238, 0.018446937203407288, 0.16384850442409515, 0.07007541507482529, 0.3707757592201233, 0.009697748348116875, 0.18099211156368256]"
2025-09-04 13:47:53.853300,Sad,"[0.21896471083164215, 0.025083696469664574, 0.15764334797859192, 0.14799118041992188, 0.3239937722682953, 0.011412587948143482, 0.11491065472364426]"
2025-09-04 13:47:53.958437,Happy,"[0.14768269658088684, 0.016711043193936348, 0.13130773603916168, 0.2217201441526413, 0.1800159066915512, 0.0908292680978775, 0.2117331176996231]"
2025-09-04 13:47:54.082018,Happy,"[0.13809888064861298, 0.0156279094517231, 0.14354681968688965, 0.22435283660888672, 0.16939599812030792, 0.10502008348703384, 0.2039574533700943]"
2025-09-04 13:47:54.122324,Sad,"[0.2124023586511612, 0.024356242269277573, 0.16009275615215302, 0.1470530778169632, 0.3318294882774353, 0.010283319279551506, 0.11398281157016754]"
2025-09-04 13:47:54.160826,Sad,"[0.2121562361717224, 0.023602573201060295, 0.1541098654270172, 0.14645680785179138, 0.31108325719833374, 0.01510421372950077, 0.13748696446418762]"
2025-09-04 13:47:54.269845,Happy,"[0.15981878340244293, 0.018037529662251472, 0.13945917785167694, 0.20458237826824188, 0.1877615749835968, 0.09423637390136719, 0.1961042284965515]"
2025-09-04 13:47:54.310100,Sad,"[0.207594096660614, 0.024334968999028206, 0.16038931906223297, 0.17888246476650238, 0.2817683815956116, 0.021614177152514458, 0.12541648745536804]"
2025-09-04 13:47:54.426820,Happy,"[0.15458296239376068, 0.01756671629846096, 0.13750267028808594, 0.2164459079504013, 0.1989489197731018, 0.07259377092123032, 0.20235902070999146]"
2025-09-04 13:47:54.465451,Sad,"[0.2137300968170166, 0.023952648043632507, 0.15441568195819855, 0.15059708058834076, 0.3057454526424408, 0.01612342707812786, 0.1354355812072754]"
2025-09-04 13:47:54.574411,Happy,"[0.16015465557575226, 0.018097467720508575, 0.14106525480747223, 0.20486204326152802, 0.19120042026042938, 0.08977662026882172, 0.19484350085258484]"
2025-09-04 13:47:54.612409,Sad,"[0.22638775408267975, 0.025932325050234795, 0.15455931425094604, 0.15217675268650055, 0.30870556831359863, 0.014178826473653316, 0.11805939674377441]"
2025-09-04 13:47:54.738116,Happy,"[0.13077932596206665, 0.015168271027505398, 0.10746235400438309, 0.3162694573402405, 0.17542144656181335, 0.04755237326025963, 0.20734688639640808]"
2025-09-04 13:47:54.777973,Sad,"[0.2188587337732315, 0.02560390718281269, 0.16038784384727478, 0.15749703347682953, 0.3173690140247345, 0.012043056078255177, 0.10824042558670044]"
2025-09-04 13:47:54.897230,Happy,"[0.14474859833717346, 0.01634809747338295, 0.13966518640518188, 0.2178652137517929, 0.1725100427865982, 0.10527078062295914, 0.20359207689762115]"
2025-09-04 13:47:54.937090,Sad,"[0.23167695105075836, 0.02603064849972725, 0.1514795571565628, 0.12462704628705978, 0.35424739122390747, 0.006959414109587669, 0.10497891157865524]"
2025-09-04 13:47:55.054278,Happy,"[0.13231515884399414, 0.014917686581611633, 0.1441376954317093, 0.2162746787071228, 0.16065514087677002, 0.12168723344802856, 0.21001240611076355]"
2025-09-04 13:47:55.093624,Sad,"[0.22033366560935974, 0.024024559184908867, 0.15357865393161774, 0.12078996002674103, 0.3404255211353302, 0.010213235393166542, 0.1306343972682953]"
2025-09-04 13:47:55.226731,Happy,"[0.16000987589359283, 0.01807122491300106, 0.1403474360704422, 0.20474421977996826, 0.18965642154216766, 0.09175503998994827, 0.19541575014591217]"
2025-09-04 13:47:55.264922,Sad,"[0.22964920103549957, 0.025832533836364746, 0.15226343274116516, 0.1317606121301651, 0.34021490812301636, 0.008805169723927975, 0.11147413402795792]"
2025-09-04 13:47:55.408860,Happy,"[0.16002269089221954, 0.018073519691824913, 0.14040930569171906, 0.20475484430789948, 0.1897890567779541, 0.09158359467983246, 0.1953669935464859]"
2025-09-04 13:47:55.456941,Sad,"[0.21795491874217987, 0.02576112374663353, 0.16216374933719635, 0.1603689342737198, 0.31853780150413513, 0.01152973622083664, 0.10368376225233078]"
2025-09-04 13:47:55.591925,Sad,"[0.17754416167736053, 0.01973199099302292, 0.15502136945724487, 0.17635595798492432, 0.25799137353897095, 0.0352674275636673, 0.17808765172958374]"
2025-09-04 13:47:55.632916,Happy,"[0.1479731649160385, 0.01670742966234684, 0.140339195728302, 0.21448974311351776, 0.17550134658813477, 0.10370445996522903, 0.20128458738327026]"
2025-09-04 13:47:55.674669,Sad,"[0.2171008288860321, 0.025369860231876373, 0.1589939445257187, 0.16790907084941864, 0.2958144545555115, 0.017075300216674805, 0.11773651093244553]"
2025-09-04 13:47:55.794759,Sad,"[0.16999736428260803, 0.019205300137400627, 0.15432164072990417, 0.19294415414333344, 0.2358269840478897, 0.047813061624765396, 0.17989149689674377]"
2025-09-04 13:47:55.835029,Happy,"[0.1438804566860199, 0.01716287061572075, 0.11649972945451736, 0.35389140248298645, 0.16479574143886566, 0.04768817871809006, 0.15608157217502594]"
2025-09-04 13:47:55.875022,Sad,"[0.22836759686470032, 0.025435898452997208, 0.15106819570064545, 0.1312592476606369, 0.33591216802597046, 0.009680933319032192, 0.1182759627699852]"
2025-09-04 13:47:55.914068,Happy,"[0.07667462527751923, 0.009100017137825489, 0.0620117150247097, 0.5160978436470032, 0.09966840595006943, 0.036415282636880875, 0.20003212988376617]"
2025-09-04 13:47:56.030855,Sad,"[0.1674250364303589, 0.018182486295700073, 0.1438358724117279, 0.17784564197063446, 0.22289182245731354, 0.05933965742588043, 0.2104794681072235]"
2025-09-04 13:47:56.070401,Happy,"[0.11860670894384384, 0.014149380847811699, 0.11938659846782684, 0.3965331017971039, 0.1342535763978958, 0.06266263127326965, 0.15440800786018372]"
2025-09-04 13:47:56.158625,Sad,"[0.21816155314445496, 0.023768194019794464, 0.15012647211551666, 0.13090552389621735, 0.3285176753997803, 0.011708498001098633, 0.13681210577487946]"
2025-09-04 13:47:56.208196,Happy,"[0.12951600551605225, 0.014901085756719112, 0.12085924297571182, 0.3093284070491791, 0.15341289341449738, 0.07910539209842682, 0.192876935005188]"
2025-09-04 13:47:56.327351,Happy,"[0.17790678143501282, 0.019481096416711807, 0.14421969652175903, 0.31679588556289673, 0.15835458040237427, 0.05853396654129028, 0.12470802664756775]"
2025-09-04 13:47:56.365113,Sad,"[0.1845661997795105, 0.020713433623313904, 0.15527190268039703, 0.17806938290596008, 0.2592604160308838, 0.0340200699865818, 0.16809868812561035]"
2025-09-04 13:47:56.406468,Sad,"[0.22132615745067596, 0.024936115369200706, 0.15425202250480652, 0.1435156762599945, 0.32070451974868774, 0.012360204942524433, 0.12290522456169128]"
2025-09-04 13:47:56.447250,Happy,"[0.08327028155326843, 0.009488913230597973, 0.1173463985323906, 0.3048064112663269, 0.10884345322847366, 0.13596229255199432, 0.24028220772743225]"
2025-09-04 13:47:56.558840,Sad,"[0.18248242139816284, 0.021029699593782425, 0.15938885509967804, 0.1918981373310089, 0.25460273027420044, 0.035089220851659775, 0.15550893545150757]"
2025-09-04 13:47:56.599366,Happy,"[0.17008642852306366, 0.017555568367242813, 0.15310312807559967, 0.3101390302181244, 0.1375480443239212, 0.08392259478569031, 0.12764522433280945]"
2025-09-04 13:47:56.639307,Sad,"[0.22281000018119812, 0.02483627013862133, 0.15301504731178284, 0.12765848636627197, 0.34928521513938904, 0.007974120788276196, 0.11442086100578308]"
2025-09-04 13:47:56.679912,Happy,"[0.1417439877986908, 0.016019389033317566, 0.13716474175453186, 0.2225109338760376, 0.1705288141965866, 0.10414142906665802, 0.20789064466953278]"
2025-09-04 13:47:56.797572,Sad,"[0.16659650206565857, 0.018260246142745018, 0.15017518401145935, 0.17901191115379333, 0.23791737854480743, 0.0477721244096756, 0.20026665925979614]"
2025-09-04 13:47:56.838068,Happy,"[0.16770261526107788, 0.015879115089774132, 0.1650678962469101, 0.32633405923843384, 0.10452310740947723, 0.11324119567871094, 0.10725197941064835]"
2025-09-04 13:47:56.876449,Sad,"[0.22667689621448517, 0.025765806436538696, 0.15406154096126556, 0.14444366097450256, 0.3205544054508209, 0.011936993338167667, 0.1165606826543808]"
2025-09-04 13:47:56.917551,Happy,"[0.12000417709350586, 0.01362057775259018, 0.1215732991695404, 0.255225270986557, 0.15359626710414886, 0.09950398653745651, 0.23647643625736237]"
2025-09-04 13:47:57.028345,Sad,"[0.16123482584953308, 0.018384966999292374, 0.15222232043743134, 0.2051244080066681, 0.2168387919664383, 0.06209547445178032, 0.1840991973876953]"
2025-09-04 13:47:57.068832,Happy,"[0.17009995877742767, 0.018269142135977745, 0.1285732239484787, 0.359464168548584, 0.13869166374206543, 0.06187091022729874, 0.12303103506565094]"
2025-09-04 13:47:57.109829,Sad,"[0.22917550802230835, 0.026186807081103325, 0.1546044945716858, 0.138640895485878, 0.3349195122718811, 0.009272587485611439, 0.10720021277666092]"
2025-09-04 13:47:57.149791,Happy,"[0.14202262461185455, 0.016105029731988907, 0.1420489400625229, 0.22341400384902954, 0.16872389614582062, 0.10725263506174088, 0.20043282210826874]"
2025-09-04 13:47:57.265394,Happy,"[0.1639097034931183, 0.017224377021193504, 0.13378745317459106, 0.380984365940094, 0.12367761135101318, 0.06792663037776947, 0.11248990148305893]"
2025-09-04 13:47:57.305325,Sad,"[0.21888615190982819, 0.023102566599845886, 0.14448143541812897, 0.12069971114397049, 0.3288412094116211, 0.012052277103066444, 0.15193666517734528]"
2025-09-04 13:47:57.344547,Happy,"[0.12049848586320877, 0.013646993786096573, 0.1312306970357895, 0.2465226650238037, 0.15010124444961548, 0.11422295868396759, 0.2237769365310669]"
2025-09-04 13:47:57.484616,Happy,"[0.1637280136346817, 0.016860902309417725, 0.13633015751838684, 0.388908714056015, 0.11483210325241089, 0.07417085021734238, 0.10516923666000366]"
2025-09-04 13:47:57.523912,Sad,"[0.22038760781288147, 0.0242110975086689, 0.15120121836662292, 0.1295381486415863, 0.3366067111492157, 0.010112006217241287, 0.12794329226016998]"
2025-09-04 13:47:57.563254,Happy,"[0.10658947378396988, 0.012158164754509926, 0.11907949298620224, 0.2914133071899414, 0.1343960016965866, 0.1071106418967247, 0.22925297915935516]"
2025-09-04 13:47:57.694450,Happy,"[0.1571461707353592, 0.015536624938249588, 0.13213329017162323, 0.44873830676078796, 0.09336832165718079, 0.06751282513141632, 0.0855645015835762]"
2025-09-04 13:47:57.738168,Sad,"[0.21422383189201355, 0.02289539948105812, 0.14763851463794708, 0.1276509165763855, 0.3240812420845032, 0.012986480258405209, 0.15052367746829987]"
2025-09-04 13:47:57.926998,Happy,"[0.09259730577468872, 0.010600259527564049, 0.1127728819847107, 0.3219710886478424, 0.11822465807199478, 0.11149336397647858, 0.23234039545059204]"
2025-09-04 13:47:58.059114,Happy,"[0.16346436738967896, 0.01720321923494339, 0.11686234176158905, 0.42434361577033997, 0.11978094279766083, 0.051274221390485764, 0.10707126557826996]"
2025-09-04 13:47:58.098088,Sad,"[0.2280266135931015, 0.024547813460230827, 0.14595896005630493, 0.11180976033210754, 0.3612940013408661, 0.006842031609266996, 0.1215207427740097]"
2025-09-04 13:47:58.136369,Happy,"[0.09772206842899323, 0.01124961581081152, 0.10982383042573929, 0.3486742079257965, 0.11975700408220291, 0.09832753241062164, 0.2144457846879959]"
2025-09-04 13:47:58.254465,Sad,"[0.1704997718334198, 0.018790794536471367, 0.15264178812503815, 0.17798484861850739, 0.2470131814479828, 0.04177101328969002, 0.19129866361618042]"
2025-09-04 13:47:58.294889,Happy,"[0.17921182513237, 0.017678378149867058, 0.14303983747959137, 0.3803018033504486, 0.11232344806194305, 0.07095756381750107, 0.09648717939853668]"
2025-09-04 13:47:58.333891,Sad,"[0.22525054216384888, 0.024168234318494797, 0.146013081073761, 0.12033752351999283, 0.3385820686817169, 0.009971781633794308, 0.13567671179771423]"
2025-09-04 13:47:58.374836,Happy,"[0.12114457041025162, 0.013699549250304699, 0.1379581093788147, 0.2397102415561676, 0.14806368947029114, 0.12459635734558105, 0.2148274928331375]"
2025-09-04 13:47:58.500441,Sad,"[0.22544637322425842, 0.02566937543451786, 0.1548289656639099, 0.1439201831817627, 0.32386311888694763, 0.011332093738019466, 0.1149398609995842]"
2025-09-04 13:47:58.540181,Happy,"[0.17514823377132416, 0.019023971632122993, 0.1330060213804245, 0.32623401284217834, 0.1511792093515396, 0.06343039870262146, 0.1319781243801117]"
2025-09-04 13:47:58.579349,Sad,"[0.19219499826431274, 0.021373070776462555, 0.15526297688484192, 0.1652679294347763, 0.2781141996383667, 0.02586279809474945, 0.16192401945590973]"
2025-09-04 13:47:58.618739,Happy,"[0.10897783935070038, 0.012376287952065468, 0.12057424336671829, 0.26667138934135437, 0.14118711650371552, 0.10858618468046188, 0.24162697792053223]"
2025-09-04 13:47:58.765775,Happy,"[0.1244162917137146, 0.01406302023679018, 0.10915159434080124, 0.3738430142402649, 0.13130471110343933, 0.0727248340845108, 0.174496591091156]"
2025-09-04 13:47:58.805708,Sad,"[0.22557418048381805, 0.02454146184027195, 0.14832833409309387, 0.12225000560283661, 0.3437773883342743, 0.008997651748359203, 0.1265309751033783]"
2025-09-04 13:47:58.843899,Sad,"[0.20289413630962372, 0.02326488308608532, 0.1608639508485794, 0.16331665217876434, 0.3029486835002899, 0.016566839069128036, 0.13014481961727142]"
2025-09-04 13:47:58.883588,Happy,"[0.09383924305438995, 0.01067270990461111, 0.12326747179031372, 0.2869061827659607, 0.12015770375728607, 0.13166488707065582, 0.23349183797836304]"
2025-09-04 13:47:59.041334,Sad,"[0.1612352430820465, 0.01837480627000332, 0.15157528221607208, 0.20519353449344635, 0.21525885164737701, 0.06354384869337082, 0.18481843173503876]"
2025-09-04 13:47:59.079975,Happy,"[0.1768207550048828, 0.016720594838261604, 0.1611812710762024, 0.2972143292427063, 0.1162983775138855, 0.11204930394887924, 0.11971533298492432]"
2025-09-04 13:47:59.120290,Sad,"[0.22095388174057007, 0.023372717201709747, 0.14872339367866516, 0.10805065929889679, 0.3499932289123535, 0.009161376394331455, 0.13974475860595703]"
2025-09-04 13:47:59.158874,Happy,"[0.09553582966327667, 0.010827927850186825, 0.13466590642929077, 0.26791253685951233, 0.11894625425338745, 0.15258073806762695, 0.2195308357477188]"
2025-09-04 13:47:59.269393,Sad,"[0.19885876774787903, 0.024174360558390617, 0.16640958189964294, 0.20106540620326996, 0.2703184187412262, 0.023959483951330185, 0.11521391570568085]"
2025-09-04 13:47:59.306676,Sad,"[0.21471774578094482, 0.023198317736387253, 0.15008878707885742, 0.1255212426185608, 0.3385178744792938, 0.01025598868727684, 0.13770002126693726]"
2025-09-04 13:47:59.345273,Happy,"[0.10711392015218735, 0.011454466730356216, 0.09405805915594101, 0.5195410847663879, 0.08703432977199554, 0.058506790548563004, 0.12229135632514954]"
2025-09-04 13:47:59.383117,Happy,"[0.08308746665716171, 0.009406119585037231, 0.13510607182979584, 0.2692461311817169, 0.10478262603282928, 0.17812280356884003, 0.2202487736940384]"
2025-09-04 13:47:59.501011,Sad,"[0.19335651397705078, 0.02243298850953579, 0.16589653491973877, 0.16900822520256042, 0.30682092905044556, 0.015553906559944153, 0.12693099677562714]"
2025-09-04 13:47:59.541989,Happy,"[0.11157980561256409, 0.01152954064309597, 0.09810794144868851, 0.5112863183021545, 0.08508019894361496, 0.06098219379782677, 0.12143399566411972]"
2025-09-04 13:47:59.580638,Sad,"[0.21455605328083038, 0.02311040833592415, 0.14898011088371277, 0.12965266406536102, 0.3251807391643524, 0.01264921110123396, 0.14587078988552094]"
2025-09-04 13:47:59.620712,Happy,"[0.10909096151590347, 0.012335439212620258, 0.13967108726501465, 0.24744537472724915, 0.13388220965862274, 0.142451211810112, 0.2151237428188324]"
2025-09-04 13:47:59.754102,Happy,"[0.06363970786333084, 0.007083295378834009, 0.08252809196710587, 0.4640711545944214, 0.07560621947050095, 0.09038278460502625, 0.21668866276741028]"
2025-09-04 13:47:59.792838,Sad,"[0.2229844331741333, 0.025347432121634483, 0.15464043617248535, 0.1492573469877243, 0.31255948543548584, 0.01372106745839119, 0.12148988246917725]"
2025-09-04 13:47:59.945980,Happy,"[0.05809260159730911, 0.006801228038966656, 0.07395963370800018, 0.4820691645145416, 0.0769677385687828, 0.07813256233930588, 0.22397707402706146]"
2025-09-04 13:47:59.983721,Sad,"[0.22578933835029602, 0.025528280064463615, 0.15423105657100677, 0.13014571368694305, 0.35006222128868103, 0.007540573365986347, 0.10670280456542969]"
2025-09-04 13:48:00.096249,Happy,"[0.1542876809835434, 0.017536628991365433, 0.1346270889043808, 0.21856895089149475, 0.19512535631656647, 0.07527557760477066, 0.20457874238491058]"
2025-09-04 13:48:00.136096,Sad,"[0.2288397252559662, 0.025085151195526123, 0.1486460119485855, 0.12045123428106308, 0.35095056891441345, 0.007818267680704594, 0.11820906400680542]"
2025-09-04 13:48:00.176430,Sad,"[0.15954145789146423, 0.018403805792331696, 0.16463057696819305, 0.20155975222587585, 0.24993811547756195, 0.037983186542987823, 0.167943075299263]"
2025-09-04 13:48:00.314442,Sad,"[0.160980686545372, 0.017283374443650246, 0.23445729911327362, 0.05860529839992523, 0.320072203874588, 0.03140366077423096, 0.17719747126102448]"
2025-09-04 13:48:00.354829,Sad,"[0.22783417999744415, 0.025020131841301918, 0.14907726645469666, 0.12630459666252136, 0.3385222256183624, 0.009549234062433243, 0.1236923336982727]"
2025-09-04 13:48:00.393371,Sad,"[0.20771053433418274, 0.022382386028766632, 0.15105953812599182, 0.1040935218334198, 0.3976404070854187, 0.004149564076215029, 0.11296401172876358]"
2025-09-04 13:48:00.437350,Sad,"[0.162418931722641, 0.017766622826457024, 0.16657529771327972, 0.15282580256462097, 0.2574602961540222, 0.04270005226135254, 0.20025303959846497]"
2025-09-04 13:48:00.578051,Sad,"[0.2326151579618454, 0.02646085061132908, 0.15286493301391602, 0.1258266568183899, 0.35779744386672974, 0.006341327913105488, 0.09809371083974838]"
2025-09-04 13:48:00.617269,Sad,"[0.2032930552959442, 0.02164599485695362, 0.1509164273738861, 0.10621417313814163, 0.38756445050239563, 0.005055084824562073, 0.12531086802482605]"
2025-09-04 13:48:00.655015,Sad,"[0.20487290620803833, 0.025188079103827477, 0.17122161388397217, 0.1798419952392578, 0.313892126083374, 0.011468766257166862, 0.09351447969675064]"
2025-09-04 13:48:00.764881,Sad,"[0.22103509306907654, 0.025679534301161766, 0.15870684385299683, 0.1548781394958496, 0.31670597195625305, 0.012298500165343285, 0.11069592088460922]"
2025-09-04 13:48:00.804923,Sad,"[0.20344653725624084, 0.023334665223956108, 0.1608598679304123, 0.11440978944301605, 0.4096218943595886, 0.0030074852984398603, 0.08531978726387024]"
2025-09-04 13:48:00.932176,Sad,"[0.21725724637508392, 0.024933481588959694, 0.15772686898708344, 0.1543184220790863, 0.3125588297843933, 0.013689927756786346, 0.11951517313718796]"
2025-09-04 13:48:00.970073,Sad,"[0.19977642595767975, 0.0217741746455431, 0.1547297090291977, 0.1045631691813469, 0.40925508737564087, 0.003484925255179405, 0.10641653090715408]"
2025-09-04 13:48:01.094900,Sad,"[0.19397716224193573, 0.020201293751597404, 0.14476533234119415, 0.1344584822654724, 0.2924085259437561, 0.02203270047903061, 0.19215653836727142]"
2025-09-04 13:48:01.132736,Sad,"[0.22521787881851196, 0.02467917837202549, 0.14843347668647766, 0.13548851013183594, 0.3158320486545563, 0.013820275664329529, 0.13652858138084412]"
2025-09-04 13:48:01.173464,Sad,"[0.20476701855659485, 0.022676313295960426, 0.15382638573646545, 0.0994422510266304, 0.42659562826156616, 0.0024624934885650873, 0.09022988379001617]"
2025-09-04 13:48:01.211562,Neutral,"[0.15257760882377625, 0.016533706337213516, 0.1252412647008896, 0.1948394477367401, 0.22127918899059296, 0.04654327780008316, 0.24298544228076935]"
2025-09-04 13:48:01.350077,Sad,"[0.2281152307987213, 0.025358010083436966, 0.15023216605186462, 0.13719521462917328, 0.32047200202941895, 0.012430344708263874, 0.1261969655752182]"
2025-09-04 13:48:01.389275,Neutral,"[0.10666192322969437, 0.010272977873682976, 0.2396397888660431, 0.025919314473867416, 0.16573700308799744, 0.2088923454284668, 0.24287664890289307]"
2025-09-04 13:48:01.526638,Sad,"[0.1610993593931198, 0.01830570213496685, 0.14808456599712372, 0.20538192987442017, 0.20694568753242493, 0.07168994843959808, 0.1884928196668625]"
2025-09-04 13:48:01.674562,Sad,"[0.18683090806007385, 0.02114810422062874, 0.21166843175888062, 0.07843302935361862, 0.37847766280174255, 0.012157648801803589, 0.11128421872854233]"
2025-09-04 13:48:01.797741,Neutral,"[0.14974087476730347, 0.01665368117392063, 0.16327004134655, 0.14114677906036377, 0.19095544517040253, 0.12494092434644699, 0.21329228579998016]"
2025-09-04 13:48:05.118607,Sad,"[0.14709977805614471, 0.013668609783053398, 0.2026008665561676, 0.030510559678077698, 0.3169151842594147, 0.030604686588048935, 0.2586003243923187]"
2025-09-04 13:48:05.305573,Happy,"[0.12913601100444794, 0.014959187246859074, 0.11603116989135742, 0.3220785856246948, 0.16473543643951416, 0.05821039900183678, 0.19484911859035492]"
2025-09-04 13:48:05.440208,Sad,"[0.17030203342437744, 0.018215471878647804, 0.14919106662273407, 0.16183514893054962, 0.25639086961746216, 0.03725365176796913, 0.20681171119213104]"
2025-09-04 13:48:05.577038,Sad,"[0.2123817503452301, 0.025018546730279922, 0.1620645374059677, 0.16986076533794403, 0.30118727684020996, 0.015593968331813812, 0.11389313638210297]"
2025-09-04 13:48:05.617484,Happy,"[0.14007967710494995, 0.016072647646069527, 0.11504107713699341, 0.27946481108665466, 0.17478947341442108, 0.06535375118255615, 0.20919857919216156]"
2025-09-04 13:48:05.660588,Sad,"[0.19036635756492615, 0.02153617888689041, 0.1855715960264206, 0.10664224624633789, 0.3721717894077301, 0.00800328515470028, 0.11570856720209122]"
2025-09-04 13:48:05.822398,Sad,"[0.22550760209560394, 0.02725745365023613, 0.16311068832874298, 0.15826068818569183, 0.32906612753868103, 0.00880980584770441, 0.08798765391111374]"
2025-09-04 13:48:05.863190,Happy,"[0.1599988490343094, 0.018281206488609314, 0.1501082181930542, 0.21111850440502167, 0.2046792209148407, 0.07100736349821091, 0.18480664491653442]"
2025-09-04 13:48:05.902528,Happy,"[0.1962350308895111, 0.023992259055376053, 0.16801396012306213, 0.31593742966651917, 0.2202097773551941, 0.010336806066334248, 0.0652746930718422]"
2025-09-04 13:48:05.942670,Sad,"[0.17443612217903137, 0.017425838857889175, 0.16334886848926544, 0.08859928697347641, 0.29651060700416565, 0.028915032744407654, 0.2307642102241516]"
2025-09-04 13:48:06.088917,Sad,"[0.21315161883831024, 0.02521703578531742, 0.16215571761131287, 0.17245975136756897, 0.2981002628803253, 0.016151202842593193, 0.11276441812515259]"
2025-09-04 13:48:06.128982,Happy,"[0.14834889769554138, 0.016792014241218567, 0.14085260033607483, 0.21833759546279907, 0.1758715659379959, 0.10102211683988571, 0.19877521693706512]"
2025-09-04 13:48:06.169117,Sad,"[0.1836673766374588, 0.022507697343826294, 0.16487780213356018, 0.21713772416114807, 0.27588462829589844, 0.01855987310409546, 0.11736483871936798]"
2025-09-04 13:48:06.326132,Sad,"[0.21944047510623932, 0.02650098130106926, 0.16465163230895996, 0.16510294377803802, 0.3203888535499573, 0.010430234484374523, 0.09348501265048981]"
2025-09-04 13:48:06.366720,Happy,"[0.1549377292394638, 0.017554916441440582, 0.14491327106952667, 0.21038158237934113, 0.19200465083122253, 0.08531689643859863, 0.19489096105098724]"
2025-09-04 13:48:06.407117,Sad,"[0.19221700727939606, 0.023421846330165863, 0.1711716651916504, 0.19677095115184784, 0.28618869185447693, 0.01885819621384144, 0.111371710896492]"
2025-09-04 13:48:06.551956,Sad,"[0.21249128878116608, 0.024608036503195763, 0.155739888548851, 0.17662763595581055, 0.2722775638103485, 0.025382351130247116, 0.13287310302257538]"
2025-09-04 13:48:06.591696,Sad,"[0.16938453912734985, 0.019448671489953995, 0.15001583099365234, 0.20688509941101074, 0.21281923353672028, 0.06513199210166931, 0.17631469666957855]"
2025-09-04 13:48:06.632031,Sad,"[0.16990752518177032, 0.020612269639968872, 0.15512952208518982, 0.21966536343097687, 0.28418320417404175, 0.016491491347551346, 0.13401062786579132]"
2025-09-04 13:48:06.673443,Sad,"[0.18016766011714935, 0.017551546916365623, 0.15527689456939697, 0.08121351152658463, 0.3055001497268677, 0.024268371984362602, 0.23602187633514404]"
2025-09-04 13:48:06.810838,Sad,"[0.22225967049598694, 0.024378104135394096, 0.14982715249061584, 0.1339125782251358, 0.3229675889015198, 0.012470030225813389, 0.13418489694595337]"
2025-09-04 13:48:06.849756,Happy,"[0.16031748056411743, 0.018127890303730965, 0.14192983508110046, 0.20498842000961304, 0.1930755376815796, 0.08742548525333405, 0.194135382771492]"
2025-09-04 13:48:06.889817,Sad,"[0.16494323313236237, 0.01612999103963375, 0.16363118588924408, 0.07918398827314377, 0.28967705368995667, 0.032826002687215805, 0.2536085247993469]"
2025-09-04 13:48:07.052376,Sad,"[0.21137721836566925, 0.02290482074022293, 0.15001027286052704, 0.13702793419361115, 0.3131357729434967, 0.015224066562950611, 0.1503199189901352]"
2025-09-04 13:48:07.091642,Happy,"[0.16662654280662537, 0.019037386402487755, 0.147487074136734, 0.20652781426906586, 0.20637495815753937, 0.07182540744543076, 0.18212084472179413]"
2025-09-04 13:48:07.130800,Happy,"[0.12319429218769073, 0.013907117769122124, 0.1424509584903717, 0.2290545552968979, 0.15006890892982483, 0.12914031744003296, 0.21218396723270416]"
2025-09-04 13:48:07.169318,Sad,"[0.13623566925525665, 0.012474161572754383, 0.1879400908946991, 0.036522604525089264, 0.31525155901908875, 0.02905987948179245, 0.28251609206199646]"
2025-09-04 13:48:07.208497,Neutral,"[0.15233631432056427, 0.015098164789378643, 0.17610777914524078, 0.07275757938623428, 0.25935783982276917, 0.05708048492670059, 0.2672618627548218]"
2025-09-04 13:48:07.349773,Sad,"[0.21685791015625, 0.02285844087600708, 0.14491724967956543, 0.11988310515880585, 0.33158984780311584, 0.011640464887022972, 0.1522529274225235]"
2025-09-04 13:48:07.390049,Sad,"[0.1663314402103424, 0.019008425995707512, 0.14822706580162048, 0.2064439058303833, 0.20806004106998444, 0.07011967152357101, 0.18180949985980988]"
2025-09-04 13:48:07.428043,Sad,"[0.19012221693992615, 0.018526842817664146, 0.14643076062202454, 0.08832620829343796, 0.31248587369918823, 0.019692694768309593, 0.22441543638706207]"
2025-09-04 13:48:07.597268,Sad,"[0.23075731098651886, 0.02547621726989746, 0.1497022807598114, 0.11927412450313568, 0.3550693392753601, 0.007224394008517265, 0.11249641329050064]"
2025-09-04 13:48:07.639010,Happy,"[0.14756131172180176, 0.01690223067998886, 0.12789592146873474, 0.28026100993156433, 0.16414102911949158, 0.08403035253286362, 0.1792081892490387]"
2025-09-04 13:48:07.777061,Sad,"[0.22073005139827728, 0.024097776040434837, 0.14936327934265137, 0.13365055620670319, 0.3210967779159546, 0.012990499846637249, 0.13807107508182526]"
2025-09-04 13:48:07.816735,Happy,"[0.15981878340244293, 0.018037529662251472, 0.13945917785167694, 0.20458237826824188, 0.1877615749835968, 0.09423637390136719, 0.1961042284965515]"
2025-09-04 13:48:07.855549,Sad,"[0.14553551375865936, 0.015100263990461826, 0.20895236730575562, 0.06272809952497482, 0.24952033162117004, 0.07985644042491913, 0.2383069396018982]"
2025-09-04 13:48:07.896698,Sad,"[0.20117373764514923, 0.019794262945652008, 0.1494656354188919, 0.08142615109682083, 0.3406948745250702, 0.013214592821896076, 0.19423076510429382]"
2025-09-04 13:48:08.053855,Sad,"[0.20514048635959625, 0.021541772410273552, 0.1603827327489853, 0.10144539177417755, 0.3381326198577881, 0.013307920657098293, 0.16004905104637146]"
2025-09-04 13:48:08.093561,Happy,"[0.17939968407154083, 0.020775675773620605, 0.14756225049495697, 0.2086888700723648, 0.2086506485939026, 0.06802359968423843, 0.16689924895763397]"
2025-09-04 13:48:08.135047,Sad,"[0.1393136978149414, 0.013761479407548904, 0.20631533861160278, 0.051820870488882065, 0.2939291000366211, 0.04126117005944252, 0.2535983622074127]"
2025-09-04 13:48:08.274060,Sad,"[0.2167561650276184, 0.02298315241932869, 0.14584578573703766, 0.12275165319442749, 0.32875528931617737, 0.012096364982426167, 0.1508115530014038]"
2025-09-04 13:48:08.315726,Sad,"[0.17735177278518677, 0.02074011228978634, 0.1591864824295044, 0.20588739216327667, 0.2385665774345398, 0.04349449649453163, 0.15477322041988373]"
2025-09-04 13:48:08.354824,Sad,"[0.14899955689907074, 0.015507685951888561, 0.204261913895607, 0.0695040225982666, 0.2553716003894806, 0.0710173100233078, 0.23533782362937927]"
2025-09-04 13:48:08.393787,Sad,"[0.17225532233715057, 0.01598404534161091, 0.16667093336582184, 0.04342789575457573, 0.3791397511959076, 0.00971799623221159, 0.21280401945114136]"
2025-09-04 13:48:08.551985,Sad,"[0.2080351561307907, 0.021452149376273155, 0.15222854912281036, 0.09559683501720428, 0.357926607131958, 0.009246405214071274, 0.15551425516605377]"
2025-09-04 13:48:08.596166,Sad,"[0.1840241253376007, 0.021567270159721375, 0.1547672152519226, 0.20797327160835266, 0.2279125601053238, 0.05035974457859993, 0.15339583158493042]"
2025-09-04 13:48:08.637323,Neutral,"[0.11801977455615997, 0.012798025272786617, 0.16945026814937592, 0.13175995647907257, 0.16129277646541595, 0.16181877255439758, 0.24486041069030762]"
2025-09-04 13:48:08.776331,Sad,"[0.18494586646556854, 0.01986072026193142, 0.19350531697273254, 0.0842859297990799, 0.34039708971977234, 0.017264502122998238, 0.1597405970096588]"
2025-09-04 13:48:08.815705,Sad,"[0.2162322998046875, 0.022842498496174812, 0.14588800072669983, 0.11711695790290833, 0.3418179750442505, 0.009949812665581703, 0.14615242183208466]"
2025-09-04 13:48:08.855891,Sad,"[0.18577790260314941, 0.021822664886713028, 0.15507248044013977, 0.2080310434103012, 0.22917094826698303, 0.04915622994303703, 0.15096871554851532]"
2025-09-04 13:48:09.012330,Sad,"[0.19975987076759338, 0.020127834752202034, 0.1401529312133789, 0.11230724304914474, 0.3230877220630646, 0.014005770906805992, 0.19055862724781036]"
2025-09-04 13:48:09.052139,Sad,"[0.17695137858390808, 0.020531348884105682, 0.15257397294044495, 0.20769937336444855, 0.22058460116386414, 0.057246264070272446, 0.16441306471824646]"
2025-09-04 13:48:09.090829,Sad,"[0.21055354177951813, 0.02164374105632305, 0.15264733135700226, 0.0908481776714325, 0.3618150055408478, 0.008877136744558811, 0.15361499786376953]"
2025-09-04 13:48:09.253666,Sad,"[0.20264235138893127, 0.020438261330127716, 0.1436016857624054, 0.10479574650526047, 0.32979345321655273, 0.013376137241721153, 0.18535231053829193]"
2025-09-04 13:48:09.292596,Sad,"[0.21410462260246277, 0.023673247545957565, 0.19516201317310333, 0.07305809110403061, 0.36465898156166077, 0.011083696968853474, 0.11825931817293167]"
2025-09-04 13:48:09.332058,Happy,"[0.1719261109828949, 0.020012570545077324, 0.14390501379966736, 0.24085694551467896, 0.2043313831090927, 0.058088719844818115, 0.1608791947364807]"
2025-09-04 13:48:09.370642,Neutral,"[0.16881470382213593, 0.017148977145552635, 0.12374673038721085, 0.1501559615135193, 0.2186392992734909, 0.05824330821633339, 0.26325106620788574]"
2025-09-04 13:48:09.411032,Happy,"[0.10339786112308502, 0.011707273311913013, 0.1342466175556183, 0.25769639015197754, 0.1293633133172989, 0.14011697471141815, 0.22347155213356018]"
2025-09-04 13:48:09.564139,Sad,"[0.2174355685710907, 0.022595807909965515, 0.14522844552993774, 0.1019374430179596, 0.3621651232242584, 0.0076141380704939365, 0.14302346110343933]"
2025-09-04 13:48:09.603729,Happy,"[0.16631141304969788, 0.018975378945469856, 0.14027199149131775, 0.21537168323993683, 0.19130723178386688, 0.08425445109605789, 0.18350788950920105]"
2025-09-04 13:48:09.644403,Neutral,"[0.09307434409856796, 0.01218552514910698, 0.21698686480522156, 0.06382465362548828, 0.1675480455160141, 0.17745685577392578, 0.26892369985580444]"
2025-09-04 13:48:09.713986,Neutral,"[0.0912107527256012, 0.010168752633035183, 0.16030730307102203, 0.17586784064769745, 0.1227770522236824, 0.20495161414146423, 0.23471665382385254]"
2025-09-04 13:48:09.877035,Sad,"[0.2066194713115692, 0.022210903465747833, 0.14926451444625854, 0.13791264593601227, 0.3068978786468506, 0.017064522951841354, 0.16003002226352692]"
2025-09-04 13:48:09.916327,Happy,"[0.15417325496673584, 0.01746520958840847, 0.14472165703773499, 0.21099169552326202, 0.19066166877746582, 0.08653459697961807, 0.19545188546180725]"
2025-09-04 13:48:09.956985,Sad,"[0.16654810309410095, 0.019269365817308426, 0.15082786977291107, 0.21261602640151978, 0.22620172798633575, 0.05026693642139435, 0.17426997423171997]"
2025-09-04 13:48:09.997027,Neutral,"[0.1337958127260208, 0.013048668392002583, 0.2129826545715332, 0.04511077329516411, 0.25527092814445496, 0.07013120502233505, 0.26965993642807007]"
2025-09-04 13:48:10.140707,Sad,"[0.2069365531206131, 0.021813970059156418, 0.16766290366649628, 0.09401967376470566, 0.33314794301986694, 0.015735533088445663, 0.16068340837955475]"
2025-09-04 13:48:10.180581,Happy,"[0.13796409964561462, 0.01558288186788559, 0.14072677493095398, 0.22292830049991608, 0.16499194502830505, 0.11244583874940872, 0.2053602784872055]"
2025-09-04 13:48:10.221038,Happy,"[0.10707742720842361, 0.012374761514365673, 0.12526346743106842, 0.3420499563217163, 0.13340453803539276, 0.0870574414730072, 0.19277240335941315]"
2025-09-04 13:48:10.261967,Sad,"[0.17511996626853943, 0.01657681167125702, 0.19148126244544983, 0.029152527451515198, 0.4083307385444641, 0.007608913816511631, 0.17172971367835999]"
2025-09-04 13:48:10.413427,Sad,"[0.18914614617824554, 0.022474415600299835, 0.17221519351005554, 0.17052319645881653, 0.3235003650188446, 0.01142972894012928, 0.11071107536554337]"
2025-09-04 13:48:10.455560,Happy,"[0.13461029529571533, 0.015233189798891544, 0.13934406638145447, 0.23380574584007263, 0.16017577052116394, 0.11282467842102051, 0.20400623977184296]"
2025-09-04 13:48:10.495903,Sad,"[0.21905188262462616, 0.02335219271481037, 0.1466083526611328, 0.12020404636859894, 0.3386273682117462, 0.010259976610541344, 0.14189614355564117]"
2025-09-04 13:48:10.535075,Neutral,"[0.16484971344470978, 0.016444627195596695, 0.14937010407447815, 0.10322272777557373, 0.23914991319179535, 0.06066356226801872, 0.2662993371486664]"
2025-09-04 13:48:10.680573,Sad,"[0.2171868085861206, 0.023007094860076904, 0.14568935334682465, 0.12148783355951309, 0.3311530649662018, 0.01165558397769928, 0.14982019364833832]"
2025-09-04 13:48:10.719617,Happy,"[0.13732628524303436, 0.015511204488575459, 0.1407395750284195, 0.2234676629304886, 0.1643175631761551, 0.11302805691957474, 0.2056095451116562]"
2025-09-04 13:48:10.862659,Sad,"[0.2115299105644226, 0.02225646935403347, 0.1460302621126175, 0.12044862657785416, 0.33245325088500977, 0.011685056611895561, 0.15559639036655426]"
2025-09-04 13:48:10.902766,Neutral,"[0.16283801198005676, 0.017786120995879173, 0.13801078498363495, 0.18465787172317505, 0.1967507004737854, 0.08516742289066315, 0.21478907763957977]"
2025-09-04 13:48:10.941417,Happy,"[0.12007379531860352, 0.013571323826909065, 0.14049331843852997, 0.2381102293729782, 0.14585784077644348, 0.13008224964141846, 0.21181127429008484]"
2025-09-04 13:48:10.980936,Sad,"[0.17674371600151062, 0.018614528700709343, 0.20507606863975525, 0.06732910126447678, 0.33817851543426514, 0.020649630576372147, 0.17340844869613647]"
2025-09-04 13:48:11.120763,Sad,"[0.21288709342479706, 0.0227291751652956, 0.15204967558383942, 0.12440283596515656, 0.30905959010124207, 0.017911696806550026, 0.1609598696231842]"
2025-09-04 13:48:11.159046,Neutral,"[0.1637861281633377, 0.017680607736110687, 0.14021314680576324, 0.1698317527770996, 0.20144331455230713, 0.08467043936252594, 0.22237463295459747]"
2025-09-04 13:48:11.199258,Happy,"[0.1470545083284378, 0.016604244709014893, 0.14038889110088348, 0.21526193618774414, 0.17454253137111664, 0.10447698086500168, 0.20167085528373718]"
2025-09-04 13:48:11.351595,Sad,"[0.22089755535125732, 0.023312324658036232, 0.1447126418352127, 0.11004029959440231, 0.3572317659854889, 0.0077094510197639465, 0.13609591126441956]"
2025-09-04 13:48:11.390070,Happy,"[0.08788999170064926, 0.01022874005138874, 0.1026618629693985, 0.4224117696285248, 0.10097050666809082, 0.09312942624092102, 0.18270765244960785]"
2025-09-04 13:48:11.558317,Sad,"[0.21162882447242737, 0.022384392097592354, 0.14776737987995148, 0.12327879667282104, 0.3228979706764221, 0.013761076144874096, 0.15828153491020203]"
2025-09-04 13:48:11.597301,Surprise,"[0.07653427869081497, 0.005702476482838392, 0.1913306713104248, 0.24214966595172882, 0.029190978035330772, 0.38635608553886414, 0.06873587518930435]"
2025-09-04 13:48:11.738354,Sad,"[0.20803113281726837, 0.022089164704084396, 0.14743028581142426, 0.1303737461566925, 0.31516677141189575, 0.015192095190286636, 0.1617167890071869]"
2025-09-04 13:48:11.778978,Happy,"[0.09866006672382355, 0.011040924116969109, 0.1454916000366211, 0.25191977620124817, 0.11712384968996048, 0.16798654198646545, 0.20777729153633118]"
2025-09-04 13:48:11.818800,Sad,"[0.2011297196149826, 0.02298087812960148, 0.16346898674964905, 0.14254848659038544, 0.34796324372291565, 0.008340937085449696, 0.1135677695274353]"
2025-09-04 13:48:11.857228,Sad,"[0.21028690040111542, 0.02758941985666752, 0.17825578153133392, 0.20678949356079102, 0.2714467942714691, 0.015643008053302765, 0.0899886041879654]"
2025-09-04 13:48:11.983696,Happy,"[0.09933742880821228, 0.011309625580906868, 0.12817330658435822, 0.2886660695075989, 0.1225394457578659, 0.13224804401397705, 0.21772603690624237]"
2025-09-04 13:48:12.110873,Sad,"[0.14135560393333435, 0.01583537459373474, 0.21151825785636902, 0.10977554321289062, 0.24152834713459015, 0.0763402208685875, 0.2036466896533966]"
2025-09-04 13:48:12.149535,Happy,"[0.10176640003919601, 0.011776452884078026, 0.09768953174352646, 0.3696466088294983, 0.12617342174053192, 0.07490731030702591, 0.21804024279117584]"
2025-09-04 13:48:12.189636,Sad,"[0.1559864580631256, 0.015471775084733963, 0.1709325611591339, 0.08349964022636414, 0.30740028619766235, 0.028683211654424667, 0.23802603781223297]"
2025-09-04 13:48:12.357374,Sad,"[0.15226973593235016, 0.017333444207906723, 0.19399605691432953, 0.1446070820093155, 0.2589101195335388, 0.049235839396715164, 0.18364764750003815]"
2025-09-04 13:48:12.396494,Happy,"[0.10748641937971115, 0.012259620241820812, 0.11458738148212433, 0.28876885771751404, 0.1384875774383545, 0.09919286519289017, 0.23921726644039154]"
2025-09-04 13:48:12.435429,Happy,"[0.12258024513721466, 0.013851824216544628, 0.14077894389629364, 0.23536235094070435, 0.14864599704742432, 0.12766261398792267, 0.2111179530620575]"
2025-09-04 13:48:12.474533,Sad,"[0.1442742943763733, 0.013893190771341324, 0.19038774073123932, 0.05249983072280884, 0.310045063495636, 0.02988968789577484, 0.2590101659297943]"
2025-09-04 13:48:12.601909,Sad,"[0.21510830521583557, 0.02449338324368, 0.15533214807510376, 0.16069160401821136, 0.29353073239326477, 0.018826641142368317, 0.13201719522476196]"
2025-09-04 13:48:12.641720,Happy,"[0.11027698963880539, 0.012711135670542717, 0.10215366631746292, 0.33962664008140564, 0.13733088970184326, 0.07561519742012024, 0.2222854495048523]"
2025-09-04 13:48:12.681858,Neutral,"[0.14703483879566193, 0.01588323712348938, 0.14011719822883606, 0.1878001093864441, 0.1824263334274292, 0.09562040865421295, 0.2311178743839264]"
2025-09-04 13:48:12.720765,Sad,"[0.12944482266902924, 0.014231888577342033, 0.24807247519493103, 0.0673251822590828, 0.2625541687011719, 0.07178204506635666, 0.20658940076828003]"
2025-09-04 13:48:12.759965,Happy,"[0.16903088986873627, 0.02117856778204441, 0.13198289275169373, 0.29471132159233093, 0.19753298163414001, 0.03577769547700882, 0.14978571236133575]"
2025-09-04 13:48:12.800556,Sad,"[0.1396430879831314, 0.013057521544396877, 0.19041943550109863, 0.04148926958441734, 0.34047505259513855, 0.019223814830183983, 0.25569185614585876]"
2025-09-04 13:48:12.932049,Happy,"[0.08302809298038483, 0.009605093859136105, 0.0961613729596138, 0.40866851806640625, 0.10160940885543823, 0.08852692693471909, 0.21240051090717316]"
2025-09-04 13:48:12.970336,Happy,"[0.1742112785577774, 0.022430406883358955, 0.1487981081008911, 0.25372904539108276, 0.24514564871788025, 0.019483517855405807, 0.13620196282863617]"
2025-09-04 13:48:13.010596,Sad,"[0.1395709365606308, 0.013948413543403149, 0.20794060826301575, 0.054904643446207047, 0.2853756844997406, 0.046967148780822754, 0.25129255652427673]"
2025-09-04 13:48:13.144002,Sad,"[0.22066837549209595, 0.0251089446246624, 0.15434418618679047, 0.15600460767745972, 0.29951417446136475, 0.01691785454750061, 0.1274418830871582]"
2025-09-04 13:48:13.183115,Happy,"[0.0743141621351242, 0.008625341579318047, 0.09692731499671936, 0.4239984452724457, 0.09078823029994965, 0.10099923610687256, 0.20434726774692535]"
2025-09-04 13:48:13.224925,Sad,"[0.1341269463300705, 0.014961963519454002, 0.23985382914543152, 0.08106139302253723, 0.26212894916534424, 0.06828337162733078, 0.1995835304260254]"
2025-09-04 13:48:13.264966,Happy,"[0.16343073546886444, 0.0205739364027977, 0.14378251135349274, 0.2558145523071289, 0.2519529461860657, 0.018131505697965622, 0.1463138461112976]"
2025-09-04 13:48:13.305842,Sad,"[0.1825028657913208, 0.021698882803320885, 0.16606546938419342, 0.20246285200119019, 0.2616763412952423, 0.029695138335227966, 0.1358983963727951]"
2025-09-04 13:48:13.347970,Sad,"[0.13489897549152374, 0.012602698057889938, 0.19864679872989655, 0.03722990304231644, 0.3148992359638214, 0.02930254116654396, 0.27241992950439453]"
2025-09-04 13:48:13.528161,Sad,"[0.2185065597295761, 0.025937026366591454, 0.1599108725786209, 0.1765946000814438, 0.28739824891090393, 0.01865541934967041, 0.11299733817577362]"
2025-09-04 13:48:13.566417,Happy,"[0.11789034307003021, 0.01156518142670393, 0.16055624186992645, 0.3132762908935547, 0.08826892822980881, 0.16894863545894623, 0.13949435949325562]"
2025-09-04 13:48:13.607278,Sad,"[0.13182638585567474, 0.014536557719111443, 0.22783029079437256, 0.07622700929641724, 0.2314077764749527, 0.10386020690202713, 0.21431171894073486]"
2025-09-04 13:48:13.648039,Happy,"[0.1597607284784317, 0.020116467028856277, 0.13985949754714966, 0.28790047764778137, 0.24744127690792084, 0.014851893298327923, 0.13006964325904846]"
2025-09-04 13:48:13.688584,Sad,"[0.19494952261447906, 0.023142825812101364, 0.16810648143291473, 0.18026770651340485, 0.2987067401409149, 0.016605844721198082, 0.11822082847356796]"
2025-09-04 13:48:13.845092,Surprise,"[0.10913270711898804, 0.007590135559439659, 0.2123701423406601, 0.22488823533058167, 0.03500524163246155, 0.3486986756324768, 0.06231478601694107]"
2025-09-04 13:48:13.887188,Sad,"[0.19483394920825958, 0.02558109164237976, 0.16553695499897003, 0.23521018028259277, 0.29067128896713257, 0.008382586762309074, 0.0797838568687439]"
2025-09-04 13:48:13.926124,Neutral,"[0.1605568677186966, 0.015871357172727585, 0.1601848155260086, 0.08739960938692093, 0.25629889965057373, 0.05222053453326225, 0.2674678862094879]"
2025-09-04 13:48:14.077677,Sad,"[0.2216520756483078, 0.025522349402308464, 0.15739163756370544, 0.15056118369102478, 0.3196590542793274, 0.01196762453764677, 0.11324606090784073]"
2025-09-04 13:48:14.116959,Happy,"[0.1060422733426094, 0.007448702584952116, 0.1762857735157013, 0.36679607629776, 0.03171386197209358, 0.2563576102256775, 0.05535569414496422]"
2025-09-04 13:48:14.157742,Sad,"[0.17928721010684967, 0.021662354469299316, 0.1653076559305191, 0.22428573668003082, 0.26980912685394287, 0.020321903750300407, 0.11932605504989624]"
2025-09-04 13:48:14.199004,Sad,"[0.22525383532047272, 0.027671385556459427, 0.17974361777305603, 0.20768724381923676, 0.25401756167411804, 0.01937026157975197, 0.08625610917806625]"
2025-09-04 13:48:14.239453,Sad,"[0.17196780443191528, 0.017534585669636726, 0.259779691696167, 0.060049790889024734, 0.2680504024028778, 0.04627334699034691, 0.1763443499803543]"
2025-09-04 13:48:14.282082,Sad,"[0.16757194697856903, 0.016371332108974457, 0.15991541743278503, 0.08098309487104416, 0.2776452600955963, 0.03843759745359421, 0.2590753138065338]"
2025-09-04 13:48:14.409884,Neutral,"[0.1590355932712555, 0.016637511551380157, 0.15338276326656342, 0.12085037678480148, 0.21036775410175323, 0.09361658990383148, 0.24610941112041473]"
2025-09-04 13:48:14.449098,Sad,"[0.20690977573394775, 0.021958887577056885, 0.1452091783285141, 0.13823825120925903, 0.2922461926937103, 0.02142542041838169, 0.17401234805583954]"
2025-09-04 13:48:14.491170,Happy,"[0.09386534243822098, 0.00860556960105896, 0.17156648635864258, 0.30026793479919434, 0.060166873037815094, 0.24568158388137817, 0.11984621733427048]"
2025-09-04 13:48:14.530996,Sad,"[0.2275741845369339, 0.027292173355817795, 0.18929998576641083, 0.1999337524175644, 0.26857897639274597, 0.013486532494425774, 0.07383443415164948]"
2025-09-04 13:48:14.571658,Sad,"[0.16496641933918, 0.0166800357401371, 0.16975022852420807, 0.08976782113313675, 0.27004921436309814, 0.04523216560482979, 0.24355420470237732]"
2025-09-04 13:48:14.708566,Neutral,"[0.16090510785579681, 0.016859859228134155, 0.14983674883842468, 0.13273681700229645, 0.21343152225017548, 0.08297517895698547, 0.2432546615600586]"
2025-09-04 13:48:14.747789,Sad,"[0.2191324084997177, 0.025212226435542107, 0.15783655643463135, 0.15260349214076996, 0.31663942337036133, 0.012686386704444885, 0.11588949710130692]"
2025-09-04 13:48:14.785968,Happy,"[0.14978927373886108, 0.015166841447353363, 0.1602257788181305, 0.25156369805336, 0.12878617644309998, 0.13564489781856537, 0.15882331132888794]"
2025-09-04 13:48:14.824341,Sad,"[0.1587413251399994, 0.01667346991598606, 0.21850790083408356, 0.062245916575193405, 0.28881165385246277, 0.04744519293308258, 0.20757459104061127]"
2025-09-04 13:48:14.865468,Sad,"[0.17423954606056213, 0.01827208139002323, 0.16312403976917267, 0.12154107540845871, 0.29438573122024536, 0.02612481079995632, 0.20231272280216217]"
2025-09-04 13:48:14.904741,Sad,"[0.23612883687019348, 0.026565272361040115, 0.1954914778470993, 0.20348303020000458, 0.24825000762939453, 0.016907542943954468, 0.07317382842302322]"
2025-09-04 13:48:14.945676,Sad,"[0.168028324842453, 0.01715029403567314, 0.16813576221466064, 0.09855484962463379, 0.2840810716152191, 0.034928690642118454, 0.22912095487117767]"
2025-09-04 13:48:15.117135,Neutral,"[0.16308699548244476, 0.01647716760635376, 0.14814263582229614, 0.10866894572973251, 0.22308316826820374, 0.07645276188850403, 0.2640882432460785]"
2025-09-04 13:48:15.157613,Sad,"[0.21641382575035095, 0.024545803666114807, 0.15543287992477417, 0.15450771152973175, 0.3039344251155853, 0.01609521172940731, 0.12907014787197113]"
2025-09-04 13:48:15.196863,Happy,"[0.1273779720067978, 0.012716962024569511, 0.16920983791351318, 0.23928384482860565, 0.10950890928506851, 0.17828495800495148, 0.1636175811290741]"
2025-09-04 13:48:15.236616,Sad,"[0.22002582252025604, 0.02710140123963356, 0.18128184974193573, 0.2060057371854782, 0.2607973515987396, 0.017840281128883362, 0.08694759011268616]"
2025-09-04 13:48:15.277149,Surprise,"[0.07343421131372452, 0.0075907777063548565, 0.2597344219684601, 0.05429978668689728, 0.11476840823888779, 0.2793588638305664, 0.21081355214118958]"
2025-09-04 13:48:15.318049,Surprise,"[0.06159142777323723, 0.006278370972722769, 0.24030713737010956, 0.050151411443948746, 0.08955559879541397, 0.3522542417049408, 0.19986175000667572]"
2025-09-04 13:48:15.359248,Sad,"[0.19201301038265228, 0.01948501728475094, 0.15799753367900848, 0.09101635962724686, 0.34774577617645264, 0.012083671987056732, 0.17965859174728394]"
2025-09-04 13:48:15.508452,Neutral,"[0.16059064865112305, 0.016352059319615364, 0.15138620138168335, 0.10754164308309555, 0.218573197722435, 0.08419410139322281, 0.26136210560798645]"
2025-09-04 13:48:15.551629,Happy,"[0.09880698472261429, 0.009917435236275196, 0.14963944256305695, 0.315134197473526, 0.08433075994253159, 0.18553106486797333, 0.1566401571035385]"
2025-09-04 13:48:15.592268,Sad,"[0.21990180015563965, 0.025029554963111877, 0.15544447302818298, 0.15229418873786926, 0.3090048134326935, 0.014613443054258823, 0.12371168285608292]"
2025-09-04 13:48:15.632120,Sad,"[0.22128869593143463, 0.026356501504778862, 0.18650971353054047, 0.20889174938201904, 0.2493922859430313, 0.02002495341002941, 0.0875360518693924]"
2025-09-04 13:48:15.675026,Sad,"[0.1660323292016983, 0.016343943774700165, 0.1649438440799713, 0.08131872117519379, 0.29395487904548645, 0.030878202989697456, 0.24652813374996185]"
2025-09-04 13:48:15.804162,Sad,"[0.21908652782440186, 0.024216683581471443, 0.1507893055677414, 0.143845334649086, 0.3066616356372833, 0.016017671674489975, 0.1393827497959137]"
2025-09-04 13:48:15.844265,Happy,"[0.15222592651844025, 0.01743912138044834, 0.13847443461418152, 0.24744774401187897, 0.1773805022239685, 0.08385917544364929, 0.18317312002182007]"
2025-09-04 13:48:15.883948,Sad,"[0.19777938723564148, 0.02568552829325199, 0.17716732621192932, 0.2109006643295288, 0.28976428508758545, 0.011396865360438824, 0.08730588853359222]"
2025-09-04 13:48:16.009605,Sad,"[0.2203635722398758, 0.023318899795413017, 0.14469973742961884, 0.12004052102565765, 0.33183884620666504, 0.011431049555540085, 0.14830738306045532]"
2025-09-04 13:48:16.048973,Happy,"[0.12365513294935226, 0.014038685709238052, 0.13472555577754974, 0.2720732092857361, 0.14362718164920807, 0.11435532569885254, 0.19752489030361176]"
2025-09-04 13:48:16.090402,Sad,"[0.1536342054605484, 0.017140185460448265, 0.21753807365894318, 0.10048195719718933, 0.3011879324913025, 0.033276770263910294, 0.176740825176239]"
2025-09-04 13:48:16.134340,Sad,"[0.21575996279716492, 0.0246265921741724, 0.19480246305465698, 0.22687497735023499, 0.262127548456192, 0.01003951020538807, 0.06576894223690033]"
2025-09-04 13:48:16.275874,Sad,"[0.22529101371765137, 0.02505175583064556, 0.1513616144657135, 0.13577322661876678, 0.3263866901397705, 0.011430277489125729, 0.12470540404319763]"
2025-09-04 13:48:16.319038,Surprise,"[0.08946942538022995, 0.009756121784448624, 0.17334803938865662, 0.16869956254959106, 0.10793287307024002, 0.236866757273674, 0.21392719447612762]"
2025-09-04 13:48:16.364085,Sad,"[0.1889326274394989, 0.021463029086589813, 0.16322338581085205, 0.16500118374824524, 0.3021661639213562, 0.017576584592461586, 0.14163707196712494]"
2025-09-04 13:48:16.404022,Sad,"[0.1475685089826584, 0.015548666939139366, 0.1953275501728058, 0.08203306049108505, 0.23887576162815094, 0.08390795439481735, 0.23673845827579498]"
2025-09-04 13:48:16.443583,Sad,"[0.15334345400333405, 0.017344923689961433, 0.18549488484859467, 0.14659427106380463, 0.23917555809020996, 0.06473404914140701, 0.19331292808055878]"
2025-09-04 13:48:16.484773,Happy,"[0.14091113209724426, 0.016027754172682762, 0.15080173313617706, 0.22468701004981995, 0.18477517366409302, 0.08465626835823059, 0.19814088940620422]"
2025-09-04 13:48:16.525591,Sad,"[0.17685656249523163, 0.020645001903176308, 0.24812443554401398, 0.07436168938875198, 0.3319277763366699, 0.023459888994693756, 0.12462466210126877]"
2025-09-04 13:48:16.668562,Happy,"[0.12946870923042297, 0.014471041969954967, 0.14963945746421814, 0.21866193413734436, 0.15040495991706848, 0.1327665150165558, 0.20458735525608063]"
2025-09-04 13:48:16.706436,Sad,"[0.21013511717319489, 0.02394450269639492, 0.1542547643184662, 0.17013975977897644, 0.275149405002594, 0.025195907801389694, 0.1411806046962738]"
2025-09-04 13:48:16.747905,Sad,"[0.14087985455989838, 0.015733983367681503, 0.21804039180278778, 0.09827461838722229, 0.2465335577726364, 0.07698798924684525, 0.20354971289634705]"
2025-09-04 13:48:16.788529,Fear,"[0.233517587184906, 0.019593505188822746, 0.2414015680551529, 0.16626425087451935, 0.11914543062448502, 0.13391000032424927, 0.0861675813794136]"
2025-09-04 13:48:16.951260,Surprise,"[0.11992455273866653, 0.011458544991910458, 0.19517984986305237, 0.2061440348625183, 0.09556565433740616, 0.22067300975322723, 0.15105442702770233]"
2025-09-04 13:48:16.990498,Sad,"[0.21001838147640228, 0.022936038672924042, 0.15006937086582184, 0.14728322625160217, 0.29002243280410767, 0.021732160821557045, 0.15793833136558533]"
2025-09-04 13:48:17.133862,Happy,"[0.16242650151252747, 0.015925224870443344, 0.17497654259204865, 0.24786268174648285, 0.13610874116420746, 0.11655952036380768, 0.14614081382751465]"
2025-09-04 13:48:17.174009,Sad,"[0.22017334401607513, 0.023536358028650284, 0.14658699929714203, 0.12571300566196442, 0.32252055406570435, 0.013194871135056019, 0.14827488362789154]"
2025-09-04 13:48:17.324094,Sad,"[0.21780794858932495, 0.023400472477078438, 0.14648567140102386, 0.13382978737354279, 0.308879554271698, 0.016116315498948097, 0.15348020195960999]"
2025-09-04 13:48:17.364594,Happy,"[0.1398770958185196, 0.013797663152217865, 0.17873528599739075, 0.25364696979522705, 0.11784494668245316, 0.1449713259935379, 0.1511266827583313]"
2025-09-04 13:48:17.524958,Happy,"[0.10390637814998627, 0.010663905180990696, 0.14380556344985962, 0.35978877544403076, 0.09026145935058594, 0.1429220587015152, 0.1486518234014511]"
2025-09-04 13:48:17.567099,Sad,"[0.22016867995262146, 0.024895086884498596, 0.1542140543460846, 0.15073589980602264, 0.30739569664001465, 0.01517362892627716, 0.1274169385433197]"
2025-09-04 13:48:17.611258,Sad,"[0.15583135187625885, 0.016627686098217964, 0.2136787623167038, 0.07426878809928894, 0.27238643169403076, 0.05707802623510361, 0.21012885868549347]"
2025-09-04 13:48:17.771685,Happy,"[0.11333180218935013, 0.012066465802490711, 0.1486901342868805, 0.3370421230792999, 0.11386113613843918, 0.11355745792388916, 0.16145087778568268]"
2025-09-04 13:48:17.813218,Sad,"[0.21183110773563385, 0.0233211200684309, 0.15227076411247253, 0.14381591975688934, 0.3090748190879822, 0.01584242470562458, 0.1438438892364502]"
2025-09-04 13:48:17.946521,Happy,"[0.09759259223937988, 0.010300287976861, 0.14734093844890594, 0.2976455092430115, 0.09500201791524887, 0.17659102380275726, 0.1755276918411255]"
2025-09-04 13:48:17.988028,Sad,"[0.20756876468658447, 0.02197078987956047, 0.1597653031349182, 0.1035536453127861, 0.3444651961326599, 0.01164309773594141, 0.1510331928730011]"
2025-09-04 13:48:18.139689,Happy,"[0.10648844391107559, 0.01152560580521822, 0.13680465519428253, 0.3424777090549469, 0.1063840240240097, 0.1281038224697113, 0.16821573674678802]"
2025-09-04 13:48:18.184357,Sad,"[0.20987185835838318, 0.022765129804611206, 0.15104690194129944, 0.13562199473381042, 0.3189930319786072, 0.013966000638902187, 0.14773505926132202]"
2025-09-04 13:48:18.351216,Happy,"[0.10769598186016083, 0.012312382459640503, 0.1299799233675003, 0.3044205605983734, 0.1260061115026474, 0.12246639281511307, 0.1971186399459839]"
2025-09-04 13:48:18.391262,Sad,"[0.21954424679279327, 0.02542675845324993, 0.15820734202861786, 0.15777704119682312, 0.3095330595970154, 0.013955872505903244, 0.11555572599172592]"
2025-09-04 13:48:18.544758,Happy,"[0.12320774048566818, 0.013942214660346508, 0.15200333297252655, 0.22347095608711243, 0.15926897525787354, 0.11652480065822601, 0.21158196032047272]"
2025-09-04 13:48:18.584724,Sad,"[0.21184325218200684, 0.021932650357484818, 0.14219017326831818, 0.11939826607704163, 0.31983813643455505, 0.014253301545977592, 0.17054420709609985]"
2025-09-04 13:48:18.720490,Happy,"[0.12791554629802704, 0.014352408237755299, 0.15339694917201996, 0.21138358116149902, 0.15953457355499268, 0.12359458953142166, 0.20982234179973602]"
2025-09-04 13:48:18.761743,Sad,"[0.2204744815826416, 0.025045838207006454, 0.15633425116539001, 0.14040696620941162, 0.33414459228515625, 0.009845305234193802, 0.1137484610080719]"
2025-09-04 13:48:18.802473,Fear,"[0.23942235112190247, 0.021932020783424377, 0.24482104182243347, 0.17641198635101318, 0.16214825212955475, 0.06873894482851028, 0.08652538061141968]"
2025-09-04 13:48:18.933075,Happy,"[0.1126815602183342, 0.01284829806536436, 0.13271886110305786, 0.286641925573349, 0.13268747925758362, 0.1222463995218277, 0.2001754641532898]"
2025-09-04 13:48:18.972510,Sad,"[0.21356429159641266, 0.024179333820939064, 0.157636821269989, 0.14445236325263977, 0.3281061351299286, 0.011175769381225109, 0.12088531255722046]"
2025-09-04 13:48:19.014058,Angry,"[0.2509278953075409, 0.021619131788611412, 0.23098118603229523, 0.21016015112400055, 0.13362371921539307, 0.07731731235980988, 0.0753706768155098]"
2025-09-04 13:48:19.140677,Happy,"[0.12209932506084442, 0.013911412097513676, 0.1340668499469757, 0.27480629086494446, 0.14285175502300262, 0.11413504928350449, 0.198129341006279]"
2025-09-04 13:48:19.178598,Sad,"[0.21960586309432983, 0.02507765218615532, 0.15758343040943146, 0.13686588406562805, 0.3459341824054718, 0.008076269179582596, 0.10685671120882034]"
2025-09-04 13:48:19.336489,Happy,"[0.12176518887281418, 0.013856317847967148, 0.1368202269077301, 0.26628929376602173, 0.14548130333423615, 0.11450418084859848, 0.2012834995985031]"
2025-09-04 13:48:19.376877,Sad,"[0.21693453192710876, 0.024823015555739403, 0.15803922712802887, 0.14866290986537933, 0.3233354687690735, 0.011641868390142918, 0.11656291782855988]"
2025-09-04 13:48:19.513330,Sad,"[0.21932171285152435, 0.025463100522756577, 0.1594536006450653, 0.15234540402889252, 0.32301416993141174, 0.011207226663827896, 0.10919487476348877]"
2025-09-04 13:48:19.553961,Happy,"[0.13268440961837769, 0.015064657665789127, 0.14209240674972534, 0.24150234460830688, 0.1625642329454422, 0.10429232567548752, 0.201799675822258]"
2025-09-04 13:48:19.721082,Happy,"[0.1513468325138092, 0.016608359292149544, 0.1457066833972931, 0.23850280046463013, 0.16410203278064728, 0.1009075716137886, 0.1828257143497467]"
2025-09-04 13:48:19.761442,Sad,"[0.2228204756975174, 0.02606145851314068, 0.1598968356847763, 0.14487239718437195, 0.34025076031684875, 0.008207416161894798, 0.0978906974196434]"
2025-09-04 13:48:19.925650,Happy,"[0.13880956172943115, 0.015761716291308403, 0.14019973576068878, 0.23973938822746277, 0.16702218353748322, 0.10006855428218842, 0.1983989030122757]"
2025-09-04 13:48:19.964882,Sad,"[0.2184816598892212, 0.025052959099411964, 0.15830126404762268, 0.14420002698898315, 0.3333341181278229, 0.009830037131905556, 0.1107998639345169]"
2025-09-04 13:48:20.004341,Sad,"[0.1844683736562729, 0.02012891136109829, 0.22249679267406464, 0.0566370002925396, 0.373235821723938, 0.012531941756606102, 0.1305011510848999]"
2025-09-04 13:48:20.134715,Happy,"[0.1280348002910614, 0.014546966180205345, 0.13857024908065796, 0.2532859742641449, 0.15350349247455597, 0.11053910106420517, 0.2015194296836853]"
2025-09-04 13:48:20.174485,Sad,"[0.2185748666524887, 0.025135330855846405, 0.1580999493598938, 0.1512995958328247, 0.3195999562740326, 0.012142740190029144, 0.11514747142791748]"
2025-09-04 13:48:20.317834,Happy,"[0.11857890337705612, 0.013171333819627762, 0.13672645390033722, 0.33179524540901184, 0.12769950926303864, 0.10071507096290588, 0.17131346464157104]"
2025-09-04 13:48:20.359693,Sad,"[0.2231498658657074, 0.025207700207829475, 0.15481171011924744, 0.13568946719169617, 0.33905452489852905, 0.00912360567599535, 0.11296302825212479]"
2025-09-04 13:48:20.506455,Happy,"[0.14762192964553833, 0.0167846642434597, 0.1472313106060028, 0.2231048196554184, 0.18793654441833496, 0.08275723457336426, 0.19456353783607483]"
2025-09-04 13:48:20.546674,Sad,"[0.21471400558948517, 0.02405339851975441, 0.15573659539222717, 0.13984069228172302, 0.33037078380584717, 0.010977227240800858, 0.1243073046207428]"
2025-09-04 13:48:20.587697,Sad,"[0.1686917245388031, 0.016518382355570793, 0.20794880390167236, 0.031222477555274963, 0.40643784403800964, 0.008340445347130299, 0.16084033250808716]"
2025-09-04 13:48:20.736987,Happy,"[0.13495995104312897, 0.015370726585388184, 0.14788523316383362, 0.23929336667060852, 0.17389246821403503, 0.0899653434753418, 0.19863291084766388]"
2025-09-04 13:48:20.777695,Sad,"[0.22290809452533722, 0.024862140417099, 0.15254062414169312, 0.13722805678844452, 0.32698383927345276, 0.011354931630194187, 0.12412229180335999]"
2025-09-04 13:48:20.914070,Happy,"[0.14474406838417053, 0.016426578164100647, 0.14756478369235992, 0.2201787531375885, 0.1839415431022644, 0.08871354907751083, 0.19843077659606934]"
2025-09-04 13:48:20.953839,Sad,"[0.22987724840641022, 0.026719043031334877, 0.15680253505706787, 0.136164590716362, 0.34934142231941223, 0.006975576281547546, 0.09411954134702682]"
2025-09-04 13:48:21.100606,Happy,"[0.13646934926509857, 0.015579186379909515, 0.14122508466243744, 0.25644445419311523, 0.16799630224704742, 0.08939941227436066, 0.19288621842861176]"
2025-09-04 13:48:21.139944,Sad,"[0.22134114801883698, 0.025103749707341194, 0.15605373680591583, 0.1338733583688736, 0.3470672369003296, 0.008004439994692802, 0.10855641216039658]"
2025-09-04 13:48:21.264747,Happy,"[0.10034836083650589, 0.01145625114440918, 0.13152921199798584, 0.30128633975982666, 0.11996028572320938, 0.13311783969402313, 0.2023017704486847]"
2025-09-04 13:48:21.303642,Sad,"[0.22553347051143646, 0.025952158495783806, 0.15674421191215515, 0.14107510447502136, 0.3367418050765991, 0.008979476988315582, 0.10497378557920456]"
2025-09-04 13:48:21.484721,Happy,"[0.11037730425596237, 0.012691826559603214, 0.12778908014297485, 0.3247097134590149, 0.13085691630840302, 0.10260915756225586, 0.19096596539020538]"
2025-09-04 13:48:21.524614,Sad,"[0.2188994288444519, 0.024785159155726433, 0.1558491587638855, 0.14480522274971008, 0.32318049669265747, 0.01186396088451147, 0.12061654776334763]"
2025-09-04 13:48:21.686037,Happy,"[0.10287990421056747, 0.011655490845441818, 0.13939771056175232, 0.25844088196754456, 0.12775000929832458, 0.14483751356601715, 0.2150385081768036]"
2025-09-04 13:48:21.726191,Neutral,"[0.15225395560264587, 0.015094435773789883, 0.17200106382369995, 0.07409580051898956, 0.245727077126503, 0.06823746114969254, 0.27259019017219543]"
2025-09-04 13:48:21.876504,Sad,"[0.21690641343593597, 0.02465684898197651, 0.1557624489068985, 0.1545521318912506, 0.3051937222480774, 0.01569114811718464, 0.12723734974861145]"
2025-09-04 13:48:22.004520,Sad,"[0.2136778086423874, 0.024682199582457542, 0.15949738025665283, 0.15913814306259155, 0.3093571960926056, 0.014339909888803959, 0.1193072572350502]"
2025-09-04 13:48:22.045320,Sad,"[0.16110165417194366, 0.018306449055671692, 0.14811694622039795, 0.2053815722465515, 0.20702125132083893, 0.07161178439855576, 0.1884603202342987]"
2025-09-04 13:48:22.084854,Sad,"[0.172357439994812, 0.017349259927868843, 0.14560167491436005, 0.12043246626853943, 0.31356096267700195, 0.01660698466002941, 0.2140912413597107]"
2025-09-04 13:48:22.125167,Neutral,"[0.14611676335334778, 0.014162437058985233, 0.18204574286937714, 0.05721231549978256, 0.26173749566078186, 0.0583738274872303, 0.2803514301776886]"
2025-09-04 13:48:22.262728,Sad,"[0.20102806389331818, 0.020250990986824036, 0.14569370448589325, 0.1055053249001503, 0.29727354645729065, 0.023350663483142853, 0.20689764618873596]"
2025-09-04 13:48:22.304051,Happy,"[0.09452690929174423, 0.010730466805398464, 0.13382622599601746, 0.2706397771835327, 0.1228441372513771, 0.13949105143547058, 0.22794146835803986]"
2025-09-04 13:48:22.347601,Sad,"[0.16577117145061493, 0.016768185421824455, 0.15388451516628265, 0.11034654080867767, 0.2540636360645294, 0.048526469618082047, 0.25063952803611755]"
2025-09-04 13:48:22.480691,Neutral,"[0.12470544129610062, 0.013971833512187004, 0.15739566087722778, 0.18352924287319183, 0.15993563830852509, 0.14032691717147827, 0.22013525664806366]"
2025-09-04 13:48:22.520247,Sad,"[0.16056129336357117, 0.016848189756274223, 0.20738279819488525, 0.06902564316987991, 0.27039727568626404, 0.05865505337715149, 0.21712979674339294]"
2025-09-04 13:48:22.665590,Neutral,"[0.12430638819932938, 0.013955882750451565, 0.1603502482175827, 0.1828453242778778, 0.16083332896232605, 0.1388094574213028, 0.21889933943748474]"
2025-09-04 13:48:22.705654,Neutral,"[0.14607363939285278, 0.015059417113661766, 0.1895880401134491, 0.07702292501926422, 0.24035215377807617, 0.08059656620025635, 0.2513072192668915]"
2025-09-04 13:48:22.745671,Sad,"[0.1803198903799057, 0.02096284180879593, 0.1736564040184021, 0.16545692086219788, 0.260403573513031, 0.03919517621397972, 0.16000516712665558]"
2025-09-04 13:48:22.785617,Neutral,"[0.14903348684310913, 0.01656537875533104, 0.1657939851284027, 0.1373303085565567, 0.19244271516799927, 0.12496287375688553, 0.21387127041816711]"
2025-09-04 13:48:22.932350,Happy,"[0.08841083198785782, 0.010190918110311031, 0.10480567812919617, 0.3639616072177887, 0.11081045866012573, 0.100113645195961, 0.22170688211917877]"
2025-09-04 13:48:22.973066,Neutral,"[0.1484120488166809, 0.016204744577407837, 0.1788868010044098, 0.1150536835193634, 0.21107691526412964, 0.10722130537033081, 0.22314442694187164]"
2025-09-04 13:48:23.011569,Sad,"[0.16674816608428955, 0.018314430490136147, 0.1536884605884552, 0.14690451323986053, 0.2586600184440613, 0.03873973339796066, 0.21694476902484894]"
2025-09-04 13:48:23.181773,Happy,"[0.10132499784231186, 0.009761741384863853, 0.17205782234668732, 0.2501954436302185, 0.08039218187332153, 0.2343302220106125, 0.15193764865398407]"
2025-09-04 13:48:23.222103,Neutral,"[0.1475667953491211, 0.014674315229058266, 0.18256889283657074, 0.06688172370195389, 0.2504613697528839, 0.06834849715232849, 0.26949840784072876]"
2025-09-04 13:48:23.262613,Neutral,"[0.14658792316913605, 0.016245214268565178, 0.16867858171463013, 0.1283181607723236, 0.19067856669425964, 0.13302189111709595, 0.21646974980831146]"
2025-09-04 13:48:23.396222,Happy,"[0.1156274750828743, 0.013255543075501919, 0.13219422101974487, 0.3047116696834564, 0.1368979811668396, 0.10548918694257736, 0.19182392954826355]"
2025-09-04 13:48:23.530216,Surprise,"[0.07842118293046951, 0.008567778393626213, 0.17003323137760162, 0.19795970618724823, 0.09060243517160416, 0.2526693046092987, 0.2017463892698288]"
2025-09-04 13:48:23.569173,Sad,"[0.1637890636920929, 0.018010692670941353, 0.15937736630439758, 0.1546109914779663, 0.21934212744235992, 0.07606560736894608, 0.20880424976348877]"
2025-09-04 13:48:23.608552,Sad,"[0.20285345613956451, 0.024524623528122902, 0.16116920113563538, 0.2051670402288437, 0.25311940908432007, 0.0314486064016819, 0.12171760946512222]"
2025-09-04 13:48:23.763674,Happy,"[0.1195916086435318, 0.013482277281582355, 0.15187682211399078, 0.21355648338794708, 0.1481439173221588, 0.14001205563545227, 0.21333684027194977]"
2025-09-04 13:48:23.802972,Sad,"[0.1802305430173874, 0.01948792301118374, 0.12290360778570175, 0.17384828627109528, 0.27495771646499634, 0.01938282884657383, 0.20918913185596466]"
2025-09-04 13:48:23.843112,Sad,"[0.13198992609977722, 0.012767895124852657, 0.2153119444847107, 0.03985530883073807, 0.30493491888046265, 0.0367882065474987, 0.2583518922328949]"
2025-09-04 13:48:23.968164,Neutral,"[0.0932876244187355, 0.010269873775541782, 0.1685127317905426, 0.17139804363250732, 0.11740384250879288, 0.21700578927993774, 0.22212204337120056]"
2025-09-04 13:48:24.006373,Sad,"[0.16438978910446167, 0.017706312239170074, 0.1669350415468216, 0.13508130609989166, 0.24649257957935333, 0.05514821410179138, 0.21424680948257446]"
2025-09-04 13:48:24.044039,Sad,"[0.18435826897621155, 0.020381750538945198, 0.1690741926431656, 0.1376267969608307, 0.2649414539337158, 0.04085618257522583, 0.18276135623455048]"
2025-09-04 13:48:24.213461,Happy,"[0.10333060473203659, 0.011728772893548012, 0.13307084143161774, 0.2613708972930908, 0.13125483691692352, 0.13104639947414398, 0.22819767892360687]"
2025-09-04 13:48:24.252771,Sad,"[0.1761687844991684, 0.018093731254339218, 0.17164042592048645, 0.09383856505155563, 0.2900508940219879, 0.03336456045508385, 0.21684300899505615]"
2025-09-04 13:48:24.293198,Sad,"[0.16922664642333984, 0.017548387870192528, 0.14883440732955933, 0.13692057132720947, 0.25360381603240967, 0.04299872741103172, 0.23086735606193542]"
2025-09-04 13:48:24.334523,Sad,"[0.12253803759813309, 0.011801369488239288, 0.22788438200950623, 0.03135427087545395, 0.27609238028526306, 0.05828375741839409, 0.272045761346817]"
2025-09-04 13:48:24.460335,Neutral,"[0.09954193234443665, 0.011068494990468025, 0.1593787968158722, 0.19232183694839478, 0.12560740113258362, 0.18863295018672943, 0.22344852983951569]"
2025-09-04 13:48:24.500428,Sad,"[0.1990709900856018, 0.02224876545369625, 0.16533797979354858, 0.14590296149253845, 0.27717286348342896, 0.030690107494592667, 0.159576416015625]"
2025-09-04 13:48:24.627340,Neutral,"[0.10871034860610962, 0.012014390900731087, 0.17219780385494232, 0.14368022978305817, 0.14458197355270386, 0.18895290791988373, 0.22986239194869995]"
2025-09-04 13:48:24.668492,Sad,"[0.18160180747509003, 0.018929922953248024, 0.1553724706172943, 0.12321028113365173, 0.2638559341430664, 0.04066319018602371, 0.21636636555194855]"
2025-09-04 13:48:24.797966,Neutral,"[0.10283145308494568, 0.011114387772977352, 0.17842301726341248, 0.15024474263191223, 0.12595391273498535, 0.214985191822052, 0.21644729375839233]"
2025-09-04 13:48:24.839116,Sad,"[0.1640523374080658, 0.01711072400212288, 0.16311514377593994, 0.11342758685350418, 0.23836666345596313, 0.06604872643947601, 0.23787887394428253]"
2025-09-04 13:48:24.966275,Neutral,"[0.1084800660610199, 0.01201249472796917, 0.16766083240509033, 0.16167986392974854, 0.14003026485443115, 0.1841643750667572, 0.22597208619117737]"
2025-09-04 13:48:25.007053,Sad,"[0.1843516230583191, 0.021140081807971, 0.15576164424419403, 0.19167718291282654, 0.2493610978126526, 0.037728119641542435, 0.15998025238513947]"
2025-09-04 13:48:25.045463,Sad,"[0.13933725655078888, 0.01364343985915184, 0.2201087921857834, 0.03950205445289612, 0.31257328391075134, 0.03445413336157799, 0.24038110673427582]"
2025-09-04 13:48:25.213130,Neutral,"[0.10194195806980133, 0.011251652613282204, 0.17051006853580475, 0.15619172155857086, 0.1324550062417984, 0.20047235488891602, 0.22717732191085815]"
2025-09-04 13:48:25.255071,Happy,"[0.11436209082603455, 0.012928687036037445, 0.14013631641864777, 0.24296709895133972, 0.13965211808681488, 0.13635002076625824, 0.21360360085964203]"
2025-09-04 13:48:25.297184,Sad,"[0.1356050670146942, 0.012736085802316666, 0.19726119935512543, 0.03961668163537979, 0.3080413341522217, 0.03404361009597778, 0.27269601821899414]"
2025-09-04 13:48:25.338243,Sad,"[0.1735742837190628, 0.01917886734008789, 0.1373596042394638, 0.18166956305503845, 0.27236101031303406, 0.02285410277545452, 0.19300255179405212]"
2025-09-04 13:48:25.470573,Neutral,"[0.10596321523189545, 0.011806385591626167, 0.1628309190273285, 0.16761969029903412, 0.14044032990932465, 0.18029989302158356, 0.23103956878185272]"
2025-09-04 13:48:25.532177,Sad,"[0.17395339906215668, 0.018996719270944595, 0.1846035271883011, 0.11142770946025848, 0.25272926688194275, 0.060366440564394, 0.19792293012142181]"
2025-09-04 13:48:25.577049,Sad,"[0.14112505316734314, 0.013589230366051197, 0.216952383518219, 0.03520551323890686, 0.3340836763381958, 0.02709381841123104, 0.23195035755634308]"
2025-09-04 13:48:25.737734,Neutral,"[0.10008364170789719, 0.011156311258673668, 0.18061131238937378, 0.15417370200157166, 0.1462463140487671, 0.17225798964500427, 0.23547078669071198]"
2025-09-04 13:48:25.779609,Sad,"[0.16553546488285065, 0.01764230616390705, 0.156989187002182, 0.14462903141975403, 0.2474147230386734, 0.04909375682473183, 0.2186954915523529]"
2025-09-04 13:48:25.819783,Sad,"[0.1885303556919098, 0.02028343826532364, 0.1423090100288391, 0.14297278225421906, 0.2754495143890381, 0.027304034680128098, 0.20315083861351013]"
2025-09-04 13:48:25.858575,Happy,"[0.10350216180086136, 0.011712413281202316, 0.13672266900539398, 0.2548311650753021, 0.1285671889781952, 0.14476582407951355, 0.21989847719669342]"
2025-09-04 13:48:26.017794,Happy,"[0.11047900468111038, 0.012161736376583576, 0.16921371221542358, 0.21476641297340393, 0.1346486210823059, 0.15250855684280396, 0.20622193813323975]"
2025-09-04 13:48:26.059786,Sad,"[0.19169123470783234, 0.022134561091661453, 0.15482044219970703, 0.17471574246883392, 0.2736430764198303, 0.026086848229169846, 0.15690815448760986]"
2025-09-04 13:48:26.100745,Neutral,"[0.1595023274421692, 0.01710905320942402, 0.15447840094566345, 0.13902507722377777, 0.2093895524740219, 0.09083095192909241, 0.22966454923152924]"
2025-09-04 13:48:26.140439,Sad,"[0.13632017374038696, 0.01299615204334259, 0.21033857762813568, 0.036870043724775314, 0.3177017569541931, 0.034024208784103394, 0.25174909830093384]"
2025-09-04 13:48:26.269739,Happy,"[0.08230049163103104, 0.009369666688144207, 0.13603636622428894, 0.2911752164363861, 0.10374362766742706, 0.16496612131595612, 0.21240843832492828]"
2025-09-04 13:48:26.309353,Happy,"[0.12398538738489151, 0.014014064334332943, 0.14049768447875977, 0.23569156229496002, 0.14995095133781433, 0.1256529837846756, 0.21020735800266266]"
2025-09-04 13:48:26.348699,Happy,"[0.09653691202402115, 0.010951925069093704, 0.12710967659950256, 0.2720354199409485, 0.12364482134580612, 0.1360420137643814, 0.23367926478385925]"
2025-09-04 13:48:26.391350,Neutral,"[0.15042613446712494, 0.016412191092967987, 0.16441130638122559, 0.127189502120018, 0.19635556638240814, 0.12064850330352783, 0.22455687820911407]"
2025-09-04 13:48:26.432953,Sad,"[0.14054250717163086, 0.013231532648205757, 0.199460968375206, 0.037895042449235916, 0.30983516573905945, 0.03289493918418884, 0.26613983511924744]"
2025-09-04 13:48:26.597142,Happy,"[0.07255101948976517, 0.008246324025094509, 0.1256074756383896, 0.320974737405777, 0.09386615455150604, 0.15596792101860046, 0.2227863222360611]"
2025-09-04 13:48:26.636984,Sad,"[0.13017909228801727, 0.012393683195114136, 0.22169190645217896, 0.03153513744473457, 0.30867138504981995, 0.036183297634124756, 0.25934547185897827]"
2025-09-04 13:48:26.677670,Neutral,"[0.1557629108428955, 0.01597469486296177, 0.16917049884796143, 0.09505681693553925, 0.23653993010520935, 0.07370170950889587, 0.2537934482097626]"
2025-09-04 13:48:26.836379,Happy,"[0.0654299408197403, 0.007224224507808685, 0.1378251016139984, 0.29698899388313293, 0.07595541328191757, 0.21358725428581238, 0.20298908650875092]"
2025-09-04 13:48:26.876820,Sad,"[0.18464121222496033, 0.02003847435116768, 0.15278667211532593, 0.1575166881084442, 0.2783728837966919, 0.026698404923081398, 0.17994561791419983]"
2025-09-04 13:48:26.917867,Happy,"[0.09568135440349579, 0.010842593386769295, 0.1310734748840332, 0.26702505350112915, 0.12140629440546036, 0.14544500410556793, 0.22852621972560883]"
2025-09-04 13:48:26.958285,Sad,"[0.13647684454917908, 0.013067254796624184, 0.20473933219909668, 0.04069306328892708, 0.2909393608570099, 0.043466173112392426, 0.2706179618835449]"
2025-09-04 13:48:27.103401,Happy,"[0.13019099831581116, 0.014966129325330257, 0.1471783071756363, 0.2722766697406769, 0.17188508808612823, 0.07543882727622986, 0.18806397914886475]"
2025-09-04 13:48:27.143997,Sad,"[0.15935511887073517, 0.017997730523347855, 0.14792868494987488, 0.19337068498134613, 0.19791902601718903, 0.0873316302895546, 0.19609715044498444]"
2025-09-04 13:48:27.274524,Happy,"[0.07950477302074432, 0.009153399616479874, 0.12317490577697754, 0.35170304775238037, 0.10307898372411728, 0.1236901804804802, 0.20969469845294952]"
2025-09-04 13:48:27.315532,Sad,"[0.16244244575500488, 0.01745903678238392, 0.1585719734430313, 0.14339905977249146, 0.2294909954071045, 0.06672211736440659, 0.22191447019577026]"
2025-09-04 13:48:27.354626,Sad,"[0.14135245978832245, 0.013736831955611706, 0.20934826135635376, 0.04294486343860626, 0.30901479721069336, 0.03496622294187546, 0.24863660335540771]"
2025-09-04 13:48:27.500128,Happy,"[0.11655232310295105, 0.013255133293569088, 0.14996403455734253, 0.2427966296672821, 0.1566966474056244, 0.10616438835859299, 0.2145707607269287]"
2025-09-04 13:48:27.540964,Sad,"[0.15893693268299103, 0.01779969595372677, 0.17509964108467102, 0.1489393711090088, 0.23046758770942688, 0.07050194591283798, 0.19825485348701477]"
2025-09-04 13:48:27.581654,Sad,"[0.13628585636615753, 0.012976858764886856, 0.21435032784938812, 0.034234143793582916, 0.31776681542396545, 0.0318748839199543, 0.2525111436843872]"
2025-09-04 13:48:27.726461,Neutral,"[0.12111812829971313, 0.013631591573357582, 0.1502886265516281, 0.20933227241039276, 0.15251877903938293, 0.13593924045562744, 0.21717137098312378]"
2025-09-04 13:48:27.767894,Happy,"[0.09567603468894958, 0.01084063295274973, 0.13160663843154907, 0.2663971483707428, 0.12120966613292694, 0.14654715359210968, 0.22772270441055298]"
2025-09-04 13:48:27.811318,Sad,"[0.18564550578594208, 0.020065464079380035, 0.16075681149959564, 0.13814996182918549, 0.26225313544273376, 0.04069098085165024, 0.1924380660057068]"
2025-09-04 13:48:27.852785,Sad,"[0.13663442432880402, 0.012453308328986168, 0.2056896835565567, 0.02480147033929825, 0.36926254630088806, 0.014141097664833069, 0.23701749742031097]"
2025-09-04 13:48:27.995822,Neutral,"[0.07532181590795517, 0.008476482704281807, 0.14405788481235504, 0.2320309281349182, 0.10143573582172394, 0.20313379168510437, 0.23554332554340363]"
2025-09-04 13:48:28.037559,Sad,"[0.16713503003120422, 0.01712016947567463, 0.1674003005027771, 0.10103505104780197, 0.271758109331131, 0.04185037687420845, 0.2337009757757187]"
2025-09-04 13:48:28.077919,Sad,"[0.16496087610721588, 0.01815931312739849, 0.1709137111902237, 0.14192624390125275, 0.23854026198387146, 0.06252628564834595, 0.2029733508825302]"
2025-09-04 13:48:28.117825,Sad,"[0.18881449103355408, 0.021906308829784393, 0.16258041560649872, 0.17500366270542145, 0.25851577520370483, 0.03599800914525986, 0.15718136727809906]"
2025-09-04 13:48:28.274762,Happy,"[0.08182729780673981, 0.009467855095863342, 0.1200428456068039, 0.37945860624313354, 0.10110901296138763, 0.11496980488300323, 0.19312459230422974]"
2025-09-04 13:48:28.314680,Sad,"[0.17244058847427368, 0.01821167580783367, 0.1917962282896042, 0.08658789098262787, 0.2834990322589874, 0.042531438171863556, 0.20493315160274506]"
2025-09-04 13:48:28.355853,Sad,"[0.15828421711921692, 0.016703598201274872, 0.17121243476867676, 0.11407063901424408, 0.24272671341896057, 0.06427395343780518, 0.232728511095047]"
2025-09-04 13:48:28.397500,Sad,"[0.19422109425067902, 0.02345547266304493, 0.15624162554740906, 0.22944220900535583, 0.24277347326278687, 0.030954958871006966, 0.12291118502616882]"
2025-09-04 13:48:28.527246,Happy,"[0.0929335504770279, 0.010721742175519466, 0.12232276797294617, 0.34715619683265686, 0.12026949971914291, 0.0988973006606102, 0.20769891142845154]"
2025-09-04 13:48:28.567933,Sad,"[0.17827242612838745, 0.019512800499796867, 0.1918746680021286, 0.10463366657495499, 0.275382936000824, 0.04487888887524605, 0.1854446530342102]"
2025-09-04 13:48:28.609959,Sad,"[0.17217141389846802, 0.018961934372782707, 0.15346737205982208, 0.17166943848133087, 0.23810850083827972, 0.05035634711384773, 0.1952650249004364]"
2025-09-04 13:48:28.649689,Sad,"[0.13945941627025604, 0.013172663748264313, 0.20909155905246735, 0.03385702148079872, 0.33298590779304504, 0.02727910503745079, 0.24415428936481476]"
2025-09-04 13:48:28.688984,Sad,"[0.1915847212076187, 0.02191835828125477, 0.17957107722759247, 0.14145760238170624, 0.30334630608558655, 0.021442700177431107, 0.14067915081977844]"
2025-09-04 13:48:28.829804,Happy,"[0.08686381578445435, 0.009982054121792316, 0.12804201245307922, 0.3388511836528778, 0.10752066969871521, 0.12875446677207947, 0.1999857872724533]"
2025-09-04 13:48:28.868475,Sad,"[0.20087647438049316, 0.022625841200351715, 0.18190182745456696, 0.11999384313821793, 0.3136778473854065, 0.020224202424287796, 0.14069998264312744]"
2025-09-04 13:48:28.908776,Neutral,"[0.1466500610113144, 0.014334132894873619, 0.17862312495708466, 0.06119091808795929, 0.24721406400203705, 0.07071253657341003, 0.2812751531600952]"
2025-09-04 13:48:29.035442,Happy,"[0.09868864715099335, 0.011166730895638466, 0.14552733302116394, 0.2460244745016098, 0.12334073334932327, 0.15926894545555115, 0.21598312258720398]"
2025-09-04 13:48:29.076864,Neutral,"[0.1542358249425888, 0.01616884209215641, 0.18463388085365295, 0.08834582567214966, 0.23659862577915192, 0.08188537508249283, 0.2381315380334854]"
2025-09-04 13:48:29.116949,Sad,"[0.1993962675333023, 0.02305697463452816, 0.16938507556915283, 0.1616976261138916, 0.28055986762046814, 0.02663714438676834, 0.1392669677734375]"
2025-09-04 13:48:29.158084,Sad,"[0.16436661779880524, 0.017263637855648994, 0.18173103034496307, 0.09926658123731613, 0.2727801203727722, 0.04522043094038963, 0.21937158703804016]"
2025-09-04 13:48:29.200285,Sad,"[0.13999292254447937, 0.01316576637327671, 0.1912536472082138, 0.04315836355090141, 0.3117959797382355, 0.0295309629291296, 0.2711023688316345]"
2025-09-04 13:48:29.359978,Happy,"[0.13266149163246155, 0.015379419550299644, 0.133832186460495, 0.29043641686439514, 0.18667879700660706, 0.05091697722673416, 0.19009466469287872]"
2025-09-04 13:48:29.403257,Happy,"[0.10348465293645859, 0.01175312977284193, 0.1355751007795334, 0.27310270071029663, 0.1253645271062851, 0.14087912440299988, 0.2098407745361328]"
2025-09-04 13:48:29.449253,Sad,"[0.13304100930690765, 0.012380635365843773, 0.1991243213415146, 0.03584761545062065, 0.30849185585975647, 0.03393685445189476, 0.27717772126197815]"
2025-09-04 13:48:29.596936,Happy,"[0.10588692873716354, 0.012018978595733643, 0.1589677333831787, 0.23619592189788818, 0.1470770537853241, 0.12207235395908356, 0.2177809625864029]"
2025-09-04 13:48:29.638891,Happy,"[0.09737934917211533, 0.011034359224140644, 0.13125360012054443, 0.2655806541442871, 0.12336812168359756, 0.14314918220043182, 0.22823475301265717]"
2025-09-04 13:48:29.681573,Sad,"[0.18644331395626068, 0.020281314849853516, 0.15052004158496857, 0.1591438353061676, 0.24727299809455872, 0.04454813897609711, 0.1917903870344162]"
2025-09-04 13:48:29.722955,Sad,"[0.14186641573905945, 0.013753917999565601, 0.20391161739826202, 0.04538577422499657, 0.30243733525276184, 0.036673352122306824, 0.2559715807437897]"
2025-09-04 13:48:29.763774,Sad,"[0.20471565425395966, 0.02415337786078453, 0.17465919256210327, 0.15936429798603058, 0.2934075891971588, 0.02125437930226326, 0.12244552373886108]"
2025-09-04 13:48:29.889206,Happy,"[0.06900230050086975, 0.007917854934930801, 0.11985998600721359, 0.3469441831111908, 0.08603138476610184, 0.1610327959060669, 0.209211528301239]"
2025-09-04 13:48:29.931233,Sad,"[0.19455988705158234, 0.02178630232810974, 0.1705588698387146, 0.14164918661117554, 0.27190521359443665, 0.035567887127399445, 0.1639726310968399]"
2025-09-04 13:48:29.972446,Sad,"[0.13828375935554504, 0.013056318275630474, 0.20745967328548431, 0.03468761965632439, 0.31094151735305786, 0.034422650933265686, 0.26114848256111145]"
2025-09-04 13:48:30.130298,Happy,"[0.07118203490972519, 0.008121641352772713, 0.12718281149864197, 0.31226497888565063, 0.08976330608129501, 0.17694091796875, 0.21454431116580963]"
2025-09-04 13:48:30.172254,Sad,"[0.19307520985603333, 0.02278287336230278, 0.18077600002288818, 0.15829364955425262, 0.2820870876312256, 0.027970507740974426, 0.1350146383047104]"
2025-09-04 13:48:30.213300,Sad,"[0.13091549277305603, 0.012239810079336166, 0.2054024487733841, 0.033853624016046524, 0.29862430691719055, 0.03841107711195946, 0.28055325150489807]"
2025-09-04 13:48:30.357215,Happy,"[0.133871927857399, 0.015470892190933228, 0.12698937952518463, 0.32250335812568665, 0.1537594497203827, 0.07542149722576141, 0.17198346555233002]"
2025-09-04 13:48:30.399138,Sad,"[0.18781179189682007, 0.020260149613022804, 0.17103581130504608, 0.12005002796649933, 0.2816702127456665, 0.034023310989141464, 0.18514865636825562]"
2025-09-04 13:48:30.440930,Sad,"[0.1284971982240677, 0.012127263471484184, 0.2178524136543274, 0.031348951160907745, 0.31427207589149475, 0.0339110903441906, 0.2619909346103668]"
2025-09-04 13:48:30.573800,Happy,"[0.15618053078651428, 0.017980501055717468, 0.1460268199443817, 0.23695363104343414, 0.19078455865383148, 0.07328848540782928, 0.1787855476140976]"
2025-09-04 13:48:30.615368,Sad,"[0.17429456114768982, 0.01792185753583908, 0.17654281854629517, 0.08697181195020676, 0.27184930443763733, 0.04692617803812027, 0.2254934459924698]"
2025-09-04 13:48:30.658824,Sad,"[0.20241695642471313, 0.02293938398361206, 0.17744363844394684, 0.1279681771993637, 0.3167739808559418, 0.017733747139573097, 0.13472411036491394]"
2025-09-04 13:48:30.701194,Sad,"[0.21528099477291107, 0.022213174030184746, 0.15965227782726288, 0.0632200688123703, 0.41825318336486816, 0.004026899579912424, 0.11735338717699051]"
2025-09-04 13:48:30.742684,Sad,"[0.1295808106660843, 0.012682490050792694, 0.22298504412174225, 0.03812706470489502, 0.2808169722557068, 0.05416467785835266, 0.26164302229881287]"
2025-09-04 13:48:30.903893,Happy,"[0.172699436545372, 0.020383303984999657, 0.14898476004600525, 0.25181618332862854, 0.22079943120479584, 0.04017609730362892, 0.14514078199863434]"
2025-09-04 13:48:30.944860,Sad,"[0.12711894512176514, 0.011644508689641953, 0.20558610558509827, 0.029071232303977013, 0.3214031457901001, 0.03433756157755852, 0.2708384692668915]"
2025-09-04 13:48:30.985342,Sad,"[0.17292864620685577, 0.017954444512724876, 0.16221575438976288, 0.11328744888305664, 0.2604127824306488, 0.046634383499622345, 0.22656656801700592]"
2025-09-04 13:48:31.139070,Happy,"[0.1722431182861328, 0.02012380212545395, 0.14665254950523376, 0.24143163859844208, 0.211536705493927, 0.051381662487983704, 0.1566304862499237]"
2025-09-04 13:48:31.178501,Happy,"[0.09425541758537292, 0.010664763860404491, 0.13757604360580444, 0.2599749267101288, 0.11741413176059723, 0.16151860356330872, 0.21859608590602875]"
2025-09-04 13:48:31.219342,Sad,"[0.1769765466451645, 0.018762221559882164, 0.15016424655914307, 0.14882993698120117, 0.26272937655448914, 0.03575604408979416, 0.20678162574768066]"
2025-09-04 13:48:31.261031,Sad,"[0.13070516288280487, 0.012599168345332146, 0.2201957404613495, 0.036004599183797836, 0.3041446805000305, 0.03821851313114166, 0.25813212990760803]"
2025-09-04 13:48:31.408108,Happy,"[0.1775849461555481, 0.020915593951940536, 0.14752021431922913, 0.24347969889640808, 0.21541978418827057, 0.04695073142647743, 0.14812904596328735]"
2025-09-04 13:48:31.454617,Sad,"[0.1727501004934311, 0.01894558034837246, 0.17041710019111633, 0.13947775959968567, 0.253916472196579, 0.0492146834731102, 0.19527825713157654]"
2025-09-04 13:48:31.496993,Sad,"[0.13441675901412964, 0.012124509550631046, 0.18175923824310303, 0.035460010170936584, 0.30955004692077637, 0.03542391210794449, 0.2912655174732208]"
2025-09-04 13:48:31.539372,Neutral,"[0.1348130702972412, 0.012273967266082764, 0.2146386057138443, 0.03691830113530159, 0.2487328052520752, 0.06365937739610672, 0.28896385431289673]"
2025-09-04 13:48:31.699486,Sad,"[0.1919761449098587, 0.021111642941832542, 0.15675848722457886, 0.0950588807463646, 0.44102728366851807, 0.0021281500812619925, 0.09193936735391617]"
2025-09-04 13:48:31.740385,Sad,"[0.1729530543088913, 0.020055176690220833, 0.15512631833553314, 0.20869110524654388, 0.22685715556144714, 0.05167616531252861, 0.16464102268218994]"
2025-09-04 13:48:31.784007,Sad,"[0.19799450039863586, 0.022813554853200912, 0.13976575434207916, 0.20105722546577454, 0.26508334279060364, 0.022476572543382645, 0.15080901980400085]"
2025-09-04 13:48:31.825856,Sad,"[0.1326005607843399, 0.012535160407423973, 0.20450125634670258, 0.03826557844877243, 0.3112424612045288, 0.03449047729372978, 0.26636454463005066]"
2025-09-04 13:48:31.963668,Happy,"[0.17648068070411682, 0.020920582115650177, 0.14719317853450775, 0.25614985823631287, 0.21774348616600037, 0.040551360696554184, 0.14096085727214813]"
2025-09-04 13:48:32.006529,Sad,"[0.19107334315776825, 0.02088296227157116, 0.15620313584804535, 0.09883387386798859, 0.43185508251190186, 0.0024878063704818487, 0.09866377711296082]"
2025-09-04 13:48:32.046303,Sad,"[0.19275988638401031, 0.021378198638558388, 0.17028841376304626, 0.13655558228492737, 0.2709173262119293, 0.03719942644238472, 0.17090114951133728]"
2025-09-04 13:48:32.086043,Sad,"[0.14264874160289764, 0.013865084387362003, 0.1870480328798294, 0.05835367366671562, 0.2882519066333771, 0.04910757392644882, 0.2607249617576599]"
2025-09-04 13:48:32.232434,Happy,"[0.18555206060409546, 0.02237386256456375, 0.14938636124134064, 0.25855711102485657, 0.22817808389663696, 0.031697142869234085, 0.12425542622804642]"
2025-09-04 13:48:32.272626,Sad,"[0.19514723122119904, 0.021892178803682327, 0.19572079181671143, 0.10433550179004669, 0.30504029989242554, 0.02749275043606758, 0.1503712385892868]"
2025-09-04 13:48:32.313692,Neutral,"[0.12243339419364929, 0.010445669293403625, 0.18033596873283386, 0.021817002445459366, 0.29374733567237854, 0.043061282485723495, 0.3281593322753906]"
2025-09-04 13:48:32.466252,Happy,"[0.16165141761302948, 0.01911039464175701, 0.14223960041999817, 0.28650549054145813, 0.192376509308815, 0.05001508817076683, 0.1481015384197235]"
2025-09-04 13:48:32.508304,Neutral,"[0.15915843844413757, 0.016656571999192238, 0.1658492237329483, 0.10826152563095093, 0.2263220250606537, 0.0819694995880127, 0.24178269505500793]"
2025-09-04 13:48:32.549642,Sad,"[0.1838609129190445, 0.02095698192715645, 0.19714535772800446, 0.12038394063711166, 0.2798055112361908, 0.039251185953617096, 0.1585962027311325]"
2025-09-04 13:48:32.592454,Neutral,"[0.13459622859954834, 0.01153908483684063, 0.16119436919689178, 0.0300611462444067, 0.28620073199272156, 0.04307212308049202, 0.3333362936973572]"
2025-09-04 13:48:32.735107,Happy,"[0.17554794251918793, 0.02062193863093853, 0.15315349400043488, 0.2280111312866211, 0.21467489004135132, 0.05334646999835968, 0.15464405715465546]"
2025-09-04 13:48:32.777435,Sad,"[0.21695804595947266, 0.025296377018094063, 0.1816137433052063, 0.12491258233785629, 0.3228701651096344, 0.015292534604668617, 0.11305651813745499]"
2025-09-04 13:48:32.818585,Sad,"[0.13933606445789337, 0.012929054908454418, 0.18549084663391113, 0.0417439229786396, 0.30202046036720276, 0.035618994385004044, 0.282860666513443]"
2025-09-04 13:48:32.969430,Happy,"[0.17808471620082855, 0.021416833624243736, 0.13679873943328857, 0.29876482486724854, 0.20076268911361694, 0.03783724457025528, 0.12633495032787323]"
2025-09-04 13:48:33.011195,Sad,"[0.1722436100244522, 0.01821722835302353, 0.14989866316318512, 0.14522291719913483, 0.24050697684288025, 0.05245930701494217, 0.2214512676000595]"
2025-09-04 13:48:33.051131,Happy,"[0.0946832075715065, 0.010733624920248985, 0.12947246432304382, 0.2696360945701599, 0.1207800954580307, 0.14375260472297668, 0.23094189167022705]"
2025-09-04 13:48:33.091011,Sad,"[0.13804246485233307, 0.012771750800311565, 0.18963798880577087, 0.03863425552845001, 0.3141242265701294, 0.02818533033132553, 0.27860403060913086]"
2025-09-04 13:48:33.253421,Happy,"[0.14574044942855835, 0.01750425063073635, 0.1249016746878624, 0.3778921961784363, 0.16203373670578003, 0.04291917383670807, 0.12900851666927338]"
2025-09-04 13:48:33.296827,Neutral,"[0.12495493143796921, 0.011106397025287151, 0.19114208221435547, 0.026815423741936684, 0.2939542233943939, 0.04635227099061012, 0.30567467212677]"
2025-09-04 13:48:33.339385,Sad,"[0.18807926774024963, 0.019513564184308052, 0.16589266061782837, 0.10188282281160355, 0.2973748445510864, 0.027700135484337807, 0.19955670833587646]"
2025-09-04 13:48:33.462998,Happy,"[0.15828026831150055, 0.01891484297811985, 0.14842985570430756, 0.2934180796146393, 0.1924581676721573, 0.04654218256473541, 0.14195656776428223]"
2025-09-04 13:48:33.506055,Sad,"[0.18032020330429077, 0.01916719786822796, 0.1839379370212555, 0.09388432651758194, 0.26663458347320557, 0.05187385529279709, 0.20418184995651245]"
2025-09-04 13:48:33.551117,Happy,"[0.09546662867069244, 0.010815895162522793, 0.13201235234737396, 0.26606154441833496, 0.12081494927406311, 0.14772020280361176, 0.2271084487438202]"
2025-09-04 13:48:33.595790,Sad,"[0.12766891717910767, 0.01195055153220892, 0.20760659873485565, 0.03292004391551018, 0.2889866828918457, 0.048600342124700546, 0.28226685523986816]"
2025-09-04 13:48:33.758506,Happy,"[0.18783490359783173, 0.022551823407411575, 0.14555704593658447, 0.2593284845352173, 0.21690702438354492, 0.038764744997024536, 0.12905603647232056]"
2025-09-04 13:48:33.804142,Sad,"[0.20105113089084625, 0.023730091750621796, 0.15496638417243958, 0.1898239105939865, 0.28574302792549133, 0.01813020557165146, 0.12655527889728546]"
2025-09-04 13:48:33.847973,Neutral,"[0.16188272833824158, 0.01700330339372158, 0.12453006207942963, 0.1703231781721115, 0.20794078707695007, 0.06550433486700058, 0.2528155744075775]"
2025-09-04 13:48:33.911622,Sad,"[0.1219060942530632, 0.011895615607500076, 0.23522807657718658, 0.031753797084093094, 0.2755385935306549, 0.060456782579422, 0.2632210850715637]"
2025-09-04 13:48:34.061286,Happy,"[0.17480826377868652, 0.021089639514684677, 0.14834238588809967, 0.28052785992622375, 0.21200093626976013, 0.03557266667485237, 0.12765824794769287]"
2025-09-04 13:48:34.106660,Sad,"[0.1721159666776657, 0.018511565402150154, 0.14372618496418, 0.16664911806583405, 0.22510217130184174, 0.05979670211672783, 0.21409828960895538]"
2025-09-04 13:48:34.153911,Sad,"[0.13684922456741333, 0.013327483087778091, 0.20980514585971832, 0.04405819997191429, 0.2948472499847412, 0.04185205325484276, 0.2592606544494629]"
2025-09-04 13:48:34.201686,Sad,"[0.20126670598983765, 0.02432682178914547, 0.16105414927005768, 0.2057570517063141, 0.2542966306209564, 0.030777962878346443, 0.12252063304185867]"
2025-09-04 13:48:34.323980,Happy,"[0.1702646166086197, 0.020153233781456947, 0.16361312568187714, 0.2251315861940384, 0.2248980551958084, 0.04554424807429314, 0.15039511024951935]"
2025-09-04 13:48:34.364796,Sad,"[0.20614956319332123, 0.02516748197376728, 0.18048246204853058, 0.1722947210073471, 0.2775435149669647, 0.026047691702842712, 0.11231456696987152]"
2025-09-04 13:48:34.406950,Sad,"[0.16168886423110962, 0.018066922202706337, 0.15969298779964447, 0.1685194969177246, 0.21703502535820007, 0.07504940778017044, 0.19994725286960602]"
2025-09-04 13:48:34.569141,Sad,"[0.17238566279411316, 0.02051161788403988, 0.16352106630802155, 0.22234860062599182, 0.23777392506599426, 0.037328578531742096, 0.14613057672977448]"
2025-09-04 13:48:34.611041,Sad,"[0.18795070052146912, 0.020705167204141617, 0.15723387897014618, 0.15740253031253815, 0.2611444592475891, 0.03697190433740616, 0.1785913109779358]"
2025-09-04 13:48:34.651390,Neutral,"[0.11548758298158646, 0.010227400809526443, 0.209740549325943, 0.019672757014632225, 0.28730887174606323, 0.04836011305451393, 0.3092026710510254]"
2025-09-04 13:48:34.804837,Sad,"[0.18384519219398499, 0.021913405507802963, 0.15666519105434418, 0.22925318777561188, 0.2293217033147812, 0.040570128709077835, 0.13843123614788055]"
2025-09-04 13:48:34.846172,Fear,"[0.10020624101161957, 0.009864349849522114, 0.30495941638946533, 0.041658010333776474, 0.17127865552902222, 0.14935022592544556, 0.22268308699131012]"
2025-09-04 13:48:34.886529,Sad,"[0.1326325535774231, 0.013373682275414467, 0.2211877554655075, 0.048786114901304245, 0.27128326892852783, 0.061189956963062286, 0.2515466511249542]"
2025-09-04 13:48:34.927517,Sad,"[0.17661084234714508, 0.018488319590687752, 0.16639144718647003, 0.11054819822311401, 0.2615314722061157, 0.04772619530558586, 0.2187035232782364]"
2025-09-04 13:48:35.061813,Sad,"[0.1869298815727234, 0.022455114871263504, 0.1550612449645996, 0.23747843503952026, 0.23785372078418732, 0.032193537801504135, 0.12802813947200775]"
2025-09-04 13:48:35.103147,Sad,"[0.19312158226966858, 0.022188907489180565, 0.1708768904209137, 0.1599031537771225, 0.2622877359390259, 0.03807041049003601, 0.15355126559734344]"
2025-09-04 13:48:35.143681,Sad,"[0.17508281767368317, 0.018341848626732826, 0.16356916725635529, 0.11655507981777191, 0.2612660527229309, 0.04595276340842247, 0.21923232078552246]"
2025-09-04 13:48:35.264484,Happy,"[0.15655189752578735, 0.018452739343047142, 0.15245382487773895, 0.2650085687637329, 0.19659195840358734, 0.054214246571063995, 0.15672679245471954]"
2025-09-04 13:48:35.305915,Neutral,"[0.1592933088541031, 0.016392607241868973, 0.15759068727493286, 0.10815407335758209, 0.2234673947095871, 0.08118493854999542, 0.25391703844070435]"
2025-09-04 13:48:35.346489,Sad,"[0.1375924050807953, 0.01368487998843193, 0.22604893147945404, 0.0421135351061821, 0.3184874355792999, 0.03205389156937599, 0.23001894354820251]"
2025-09-04 13:48:35.386532,Sad,"[0.18522725999355316, 0.02042233571410179, 0.18777674436569214, 0.1111813336610794, 0.30332332849502563, 0.02697192132472992, 0.16509711742401123]"
2025-09-04 13:48:35.527076,Happy,"[0.167540043592453, 0.019976254552602768, 0.15217426419258118, 0.2672616243362427, 0.2115611881017685, 0.04089147225022316, 0.14059516787528992]"
2025-09-04 13:48:35.570570,Happy,"[0.10010532289743423, 0.011344491504132748, 0.13063250482082367, 0.26423507928848267, 0.12683093547821045, 0.13784363865852356, 0.2290080338716507]"
2025-09-04 13:48:35.611760,Sad,"[0.1278536468744278, 0.01148462574928999, 0.19953301548957825, 0.026588356122374535, 0.3318687677383423, 0.029533397406339645, 0.2731381952762604]"
2025-09-04 13:48:35.651939,Sad,"[0.16798269748687744, 0.017707355320453644, 0.17372488975524902, 0.11020014435052872, 0.26620128750801086, 0.046143706887960434, 0.21803997457027435]"
2025-09-04 13:48:35.790532,Happy,"[0.14090970158576965, 0.016403596848249435, 0.15657885372638702, 0.2574489712715149, 0.18679407238960266, 0.06613010913133621, 0.17573463916778564]"
2025-09-04 13:48:35.829842,Sad,"[0.17620347440242767, 0.018267467617988586, 0.14790482819080353, 0.135787233710289, 0.2628169357776642, 0.036993224173784256, 0.22202682495117188]"
2025-09-04 13:48:35.870357,Happy,"[0.11582371592521667, 0.01311463676393032, 0.138912633061409, 0.24953778088092804, 0.14022965729236603, 0.13176658749580383, 0.21061502397060394]"
2025-09-04 13:48:35.996070,Sad,"[0.1786843240261078, 0.02129036746919155, 0.1663452833890915, 0.21392527222633362, 0.24548113346099854, 0.03509267047047615, 0.13918092846870422]"
2025-09-04 13:48:36.037438,Sad,"[0.1802852302789688, 0.019170522689819336, 0.162598118185997, 0.12754327058792114, 0.2709917426109314, 0.03734730929136276, 0.20206376910209656]"
2025-09-04 13:48:36.076078,Neutral,"[0.11251692473888397, 0.00944965798407793, 0.19007156789302826, 0.01619010791182518, 0.28809112310409546, 0.048880718648433685, 0.3347998857498169]"
2025-09-04 13:48:36.232938,Sad,"[0.17987585067749023, 0.021235888823866844, 0.16347147524356842, 0.20492875576019287, 0.2510130703449249, 0.03526294603943825, 0.14421199262142181]"
2025-09-04 13:48:36.272594,Neutral,"[0.12604545056819916, 0.010967162437736988, 0.1838509887456894, 0.024866385385394096, 0.300748735666275, 0.038194749504327774, 0.31532660126686096]"
2025-09-04 13:48:36.313456,Sad,"[0.19147111475467682, 0.02082967199385166, 0.1678881198167801, 0.12805256247520447, 0.2741786539554596, 0.036337271332740784, 0.18124258518218994]"
2025-09-04 13:48:36.470008,Happy,"[0.13688434660434723, 0.015841813758015633, 0.15077924728393555, 0.2590128779411316, 0.17235246300697327, 0.08179543912410736, 0.1833338588476181]"
2025-09-04 13:48:36.509803,Sad,"[0.21559494733810425, 0.02374139055609703, 0.15069007873535156, 0.14529873430728912, 0.30244311690330505, 0.01734873466193676, 0.14488297700881958]"
2025-09-04 13:48:36.552507,Sad,"[0.19421562552452087, 0.020759573206305504, 0.17963050305843353, 0.0961734876036644, 0.3200560510158539, 0.021095046773552895, 0.16806970536708832]"
2025-09-04 13:48:36.694896,Sad,"[0.14051221311092377, 0.013774603605270386, 0.2026968002319336, 0.051686421036720276, 0.3073125183582306, 0.033245570957660675, 0.2507719099521637]"
2025-09-04 13:48:36.818513,Sad,"[0.19515933096408844, 0.021092990413308144, 0.1474185734987259, 0.15143655240535736, 0.2882283926010132, 0.02203022874891758, 0.17463405430316925]"
2025-09-04 13:48:36.858927,Sad,"[0.19468604028224945, 0.019868165254592896, 0.1448570340871811, 0.08892699331045151, 0.4139692783355713, 0.003599015297368169, 0.13409346342086792]"
2025-09-04 13:48:37.001281,Sad,"[0.20385083556175232, 0.02152598649263382, 0.1446032077074051, 0.13820183277130127, 0.28909674286842346, 0.022638019174337387, 0.18008337914943695]"
2025-09-04 13:48:37.044736,Happy,"[0.18549290299415588, 0.019055068492889404, 0.16751284897327423, 0.27561435103416443, 0.15546035766601562, 0.07306525856256485, 0.12379926443099976]"
2025-09-04 13:48:37.087437,Neutral,"[0.1542959064245224, 0.014918113127350807, 0.15615522861480713, 0.07221882790327072, 0.22870062291622162, 0.0798325389623642, 0.29387879371643066]"
2025-09-04 13:48:37.253381,Happy,"[0.15687328577041626, 0.01811007224023342, 0.1400333195924759, 0.25904151797294617, 0.1897895187139511, 0.06459937244653702, 0.17155291140079498]"
2025-09-04 13:48:37.398903,Sad,"[0.18156681954860687, 0.01896362379193306, 0.15382899343967438, 0.11684396862983704, 0.35836151242256165, 0.008554555475711823, 0.16188044846057892]"
2025-09-04 13:48:37.531719,Sad,"[0.2139873057603836, 0.02481129579246044, 0.16075704991817474, 0.15487505495548248, 0.3209536075592041, 0.011829487979412079, 0.11278614401817322]"
2025-09-04 13:48:37.572537,Neutral,"[0.17516686022281647, 0.01660044677555561, 0.12696509063243866, 0.10332829505205154, 0.251961886882782, 0.039958540350198746, 0.28601887822151184]"
2025-09-04 13:48:37.720402,Sad,"[0.15839692950248718, 0.015340735204517841, 0.23425906896591187, 0.014605458825826645, 0.4477904438972473, 0.0047608911991119385, 0.12484651803970337]"
2025-09-04 13:48:37.763069,Sad,"[0.16913916170597076, 0.016440745443105698, 0.16107003390789032, 0.020294124260544777, 0.5563136339187622, 0.0005360444192774594, 0.07620624452829361]"
2025-09-04 13:48:37.805496,Sad,"[0.17163413763046265, 0.01711862161755562, 0.1410500556230545, 0.11933867633342743, 0.2556796073913574, 0.041346095502376556, 0.25383275747299194]"
2025-09-04 13:48:37.846949,Sad,"[0.13783250749111176, 0.014257816597819328, 0.23353195190429688, 0.04854265972971916, 0.27090689539909363, 0.06545669585466385, 0.22947145998477936]"
2025-09-04 13:48:37.995872,Sad,"[0.2041201889514923, 0.02058488130569458, 0.1519487500190735, 0.09420803934335709, 0.31304270029067993, 0.01991376094520092, 0.19618164002895355]"
2025-09-04 13:48:38.037817,Sad,"[0.2110358029603958, 0.022254273295402527, 0.19083796441555023, 0.0462469607591629, 0.41412419080734253, 0.005523741245269775, 0.10997702926397324]"
2025-09-04 13:48:38.077604,Sad,"[0.1494152694940567, 0.015349721536040306, 0.19195324182510376, 0.07896833121776581, 0.2687326967716217, 0.053225524723529816, 0.24235522747039795]"
2025-09-04 13:48:38.237310,Sad,"[0.21497315168380737, 0.023294828832149506, 0.14952732622623444, 0.1336769461631775, 0.3192814886569977, 0.01372798066586256, 0.14551830291748047]"
2025-09-04 13:48:38.278533,Sad,"[0.17119193077087402, 0.017260320484638214, 0.14708977937698364, 0.11663292348384857, 0.25413042306900024, 0.045212917029857635, 0.24848172068595886]"
2025-09-04 13:48:38.432669,Sad,"[0.21728383004665375, 0.02406616508960724, 0.15198324620723724, 0.14333128929138184, 0.31111210584640503, 0.014987374655902386, 0.13723592460155487]"
2025-09-04 13:48:38.472341,Sad,"[0.18241466581821442, 0.021897895261645317, 0.17070399224758148, 0.19891351461410522, 0.27887991070747375, 0.022283701226115227, 0.1249062716960907]"
2025-09-04 13:48:38.513807,Neutral,"[0.12811177968978882, 0.011183662340044975, 0.18573136627674103, 0.024409204721450806, 0.2982901632785797, 0.03349779546260834, 0.31877601146698]"
2025-09-04 13:48:38.555415,Sad,"[0.135548397898674, 0.013646497391164303, 0.2176963835954666, 0.05155254527926445, 0.2833048105239868, 0.05058836564421654, 0.24766293168067932]"
2025-09-04 13:48:38.683699,Sad,"[0.16672082245349884, 0.01504402607679367, 0.1267046481370926, 0.07477077096700668, 0.36388149857521057, 0.007293516304343939, 0.24558481574058533]"
2025-09-04 13:48:38.725156,Sad,"[0.18024466931819916, 0.018090879544615746, 0.1465453803539276, 0.10116436332464218, 0.37066569924354553, 0.007245615124702454, 0.17604340612888336]"
2025-09-04 13:48:38.856453,Sad,"[0.2131396234035492, 0.022710390388965607, 0.14593367278575897, 0.1333582103252411, 0.30594757199287415, 0.017182430252432823, 0.16172799468040466]"
2025-09-04 13:48:38.896931,Sad,"[0.20249833166599274, 0.022468743845820427, 0.15404246747493744, 0.09738004952669144, 0.434309184551239, 0.002175529720261693, 0.08712570369243622]"
2025-09-04 13:48:38.938296,Sad,"[0.1371253877878189, 0.013980892486870289, 0.21771080791950226, 0.05659935623407364, 0.2817632257938385, 0.05134754255414009, 0.24147281050682068]"
2025-09-04 13:48:39.069777,Sad,"[0.20934703946113586, 0.022696375846862793, 0.15069149434566498, 0.13754214346408844, 0.3138122856616974, 0.01513834297657013, 0.150772362947464]"
2025-09-04 13:48:39.227079,Sad,"[0.20967766642570496, 0.022424206137657166, 0.1473924219608307, 0.13586430251598358, 0.3051856458187103, 0.017468202859163284, 0.1619875282049179]"
2025-09-04 13:48:39.268656,Neutral,"[0.16655057668685913, 0.017643410712480545, 0.1421743482351303, 0.15385009348392487, 0.21390384435653687, 0.07430217415094376, 0.2315755933523178]"
2025-09-04 13:48:39.432476,Sad,"[0.21768271923065186, 0.023909645155072212, 0.15032388269901276, 0.14119327068328857, 0.3091472387313843, 0.0156254805624485, 0.1421177238225937]"
2025-09-04 13:48:39.595362,Sad,"[0.2192108929157257, 0.02471405267715454, 0.15446364879608154, 0.14767856895923615, 0.31311309337615967, 0.013999860733747482, 0.126819908618927]"
2025-09-04 13:48:39.637383,Sad,"[0.18095983564853668, 0.0182527806609869, 0.14705513417720795, 0.09147464483976364, 0.4066462516784668, 0.0042358520440757275, 0.15137548744678497]"
2025-09-04 13:48:39.787100,Sad,"[0.21342714130878448, 0.023275522515177727, 0.1502726525068283, 0.13993020355701447, 0.30955004692077637, 0.015864785760641098, 0.14767961204051971]"
2025-09-04 13:48:39.930481,Sad,"[0.22242429852485657, 0.02478349581360817, 0.15216243267059326, 0.13996084034442902, 0.32006511092185974, 0.012703717686235905, 0.12790003418922424]"
2025-09-04 13:48:40.091647,Sad,"[0.18200817704200745, 0.018298812210559845, 0.14649374783039093, 0.09938026964664459, 0.37700510025024414, 0.006578801199793816, 0.17023511230945587]"
2025-09-04 13:48:40.136960,Sad,"[0.21563540399074554, 0.02422930672764778, 0.1530427485704422, 0.1558857411146164, 0.29339271783828735, 0.01930222660303116, 0.13851194083690643]"
2025-09-04 13:48:40.298401,Sad,"[0.22781231999397278, 0.02518218383193016, 0.15010026097297668, 0.12843327224254608, 0.337920218706131, 0.009531154297292233, 0.12102057039737701]"
2025-09-04 13:48:40.453018,Sad,"[0.2331245094537735, 0.026097893714904785, 0.15043865144252777, 0.1314585655927658, 0.3350638151168823, 0.009529607370495796, 0.11428699642419815]"
2025-09-04 13:48:40.499287,Sad,"[0.18105611205101013, 0.01826876774430275, 0.1465737223625183, 0.10985047370195389, 0.34652402997016907, 0.010282131843268871, 0.18744473159313202]"
2025-09-04 13:48:40.657499,Sad,"[0.21823644638061523, 0.024174174293875694, 0.15219755470752716, 0.1405823826789856, 0.31728824973106384, 0.01358149666339159, 0.13393965363502502]"
2025-09-04 13:48:40.793655,Sad,"[0.2129107415676117, 0.023549826815724373, 0.15257658064365387, 0.1459117829799652, 0.30693402886390686, 0.01620982587337494, 0.14190718531608582]"
2025-09-04 13:48:40.938724,Sad,"[0.2248222976922989, 0.025605659931898117, 0.1553981453180313, 0.13996057212352753, 0.3333938419818878, 0.009744890965521336, 0.11107456684112549]"
2025-09-04 13:48:41.062309,Sad,"[0.22673912346363068, 0.026377422735095024, 0.1568627953529358, 0.1558828353881836, 0.310879647731781, 0.013185915537178516, 0.11007224023342133]"
2025-09-04 13:48:41.237748,Sad,"[0.212513729929924, 0.0244099460542202, 0.1580316573381424, 0.16220518946647644, 0.29918187856674194, 0.017068814486265182, 0.12658876180648804]"
2025-09-04 13:48:41.388920,Sad,"[0.16055943071842194, 0.018567679449915886, 0.1565728336572647, 0.22304914891719818, 0.23219767212867737, 0.04259687289595604, 0.16645635664463043]"
2025-09-04 13:48:41.529884,Happy,"[0.15864549577236176, 0.018377317115664482, 0.13808001577854156, 0.2699153423309326, 0.1935383826494217, 0.056492991745471954, 0.16495051980018616]"
2025-09-04 13:48:41.689971,Happy,"[0.14569976925849915, 0.01651052013039589, 0.14548009634017944, 0.21860867738723755, 0.18148353695869446, 0.0928817093372345, 0.19933557510375977]"
2025-09-04 13:48:41.829255,Sad,"[0.17095890641212463, 0.01990417018532753, 0.15674154460430145, 0.2154473513364792, 0.2326687127351761, 0.044646307826042175, 0.15963305532932281]"
2025-09-04 13:48:41.955826,Happy,"[0.14132438600063324, 0.016249803826212883, 0.1497649997472763, 0.24367675185203552, 0.17794667184352875, 0.08332262188196182, 0.18771480023860931]"
2025-09-04 13:48:41.997360,Sad,"[0.21848230063915253, 0.02384922280907631, 0.1570824533700943, 0.12026354670524597, 0.33242347836494446, 0.01221372652798891, 0.13568530976772308]"
2025-09-04 13:48:42.124174,Sad,"[0.16412551701068878, 0.019139282405376434, 0.16174110770225525, 0.2168382853269577, 0.2258426696062088, 0.04873092472553253, 0.16358214616775513]"
2025-09-04 13:48:42.163951,Sad,"[0.23110900819301605, 0.026078620925545692, 0.15214359760284424, 0.12307590991258621, 0.3606778085231781, 0.006211879663169384, 0.10070313513278961]"
2025-09-04 13:48:42.298865,Sad,"[0.182386115193367, 0.02162889391183853, 0.16465803980827332, 0.20341111719608307, 0.25689932703971863, 0.03208983689546585, 0.1389266550540924]"
2025-09-04 13:48:42.339179,Sad,"[0.23510704934597015, 0.027065956965088844, 0.15382331609725952, 0.13058938086032867, 0.35190549492836, 0.006697260309010744, 0.09481142461299896]"
2025-09-04 13:48:42.497212,Sad,"[0.20158597826957703, 0.024452419951558113, 0.16371306777000427, 0.20325231552124023, 0.261515736579895, 0.027465738356113434, 0.11801467835903168]"
2025-09-04 13:48:42.536737,Sad,"[0.21371515095233917, 0.023952199146151543, 0.15463368594646454, 0.14967897534370422, 0.30803462862968445, 0.01556442305445671, 0.13442090153694153]"
2025-09-04 13:48:42.662103,Sad,"[0.17717520892620087, 0.020716648548841476, 0.1592385470867157, 0.20585119724273682, 0.23867002129554749, 0.04344481974840164, 0.15490348637104034]"
2025-09-04 13:48:42.703021,Sad,"[0.21401704847812653, 0.023486705496907234, 0.15186282992362976, 0.13853412866592407, 0.318151593208313, 0.013768618926405907, 0.14017905294895172]"
2025-09-04 13:48:42.843260,Sad,"[0.18088185787200928, 0.021156977862119675, 0.15606965124607086, 0.207293301820755, 0.23070897161960602, 0.04864395037293434, 0.15524527430534363]"
2025-09-04 13:48:42.885573,Sad,"[0.2197946310043335, 0.024549810215830803, 0.15369661152362823, 0.13828127086162567, 0.3279547095298767, 0.01127337384968996, 0.12444962561130524]"
2025-09-04 13:48:43.033934,Sad,"[0.1873701512813568, 0.02231362648308277, 0.1635073870420456, 0.20417143404483795, 0.25490933656692505, 0.03255154564976692, 0.13517655432224274]"
2025-09-04 13:48:43.075776,Sad,"[0.21370786428451538, 0.023200439289212227, 0.15400806069374084, 0.1286596804857254, 0.31953898072242737, 0.01458392571657896, 0.14630098640918732]"
2025-09-04 13:48:43.117139,Sad,"[0.13159555196762085, 0.012749354355037212, 0.2097906619310379, 0.041195206344127655, 0.2821559011936188, 0.06242021173238754, 0.26009315252304077]"
2025-09-04 13:48:43.275404,Sad,"[0.18747961521148682, 0.022409245371818542, 0.16551242768764496, 0.20277440547943115, 0.26174288988113403, 0.029108375310897827, 0.1309729963541031]"
2025-09-04 13:48:43.317400,Sad,"[0.21149027347564697, 0.023193567991256714, 0.1546163111925125, 0.13527700304985046, 0.3196381628513336, 0.014045280404388905, 0.14173945784568787]"
2025-09-04 13:48:43.469450,Sad,"[0.18547901511192322, 0.022075103595852852, 0.16452306509017944, 0.20351210236549377, 0.25758421421051025, 0.031388815492391586, 0.13543762266635895]"
2025-09-04 13:48:43.510132,Sad,"[0.21449503302574158, 0.023414049297571182, 0.149529829621315, 0.14243121445178986, 0.30288952589035034, 0.017484523355960846, 0.14975576102733612]"
2025-09-04 13:48:43.663858,Sad,"[0.18933674693107605, 0.022472627460956573, 0.15989476442337036, 0.2062695324420929, 0.24411028623580933, 0.03845309093594551, 0.13946302235126495]"
2025-09-04 13:48:43.706400,Sad,"[0.21855244040489197, 0.02399025484919548, 0.1596246212720871, 0.12177466601133347, 0.3250363767147064, 0.014011463150382042, 0.13701023161411285]"
2025-09-04 13:48:43.746788,Sad,"[0.1653800904750824, 0.01748967170715332, 0.2652391493320465, 0.05584515258669853, 0.2806723117828369, 0.044044461101293564, 0.17132914066314697]"
2025-09-04 13:48:43.896216,Sad,"[0.17998181283473969, 0.02112932689487934, 0.15983708202838898, 0.20584282279014587, 0.24116036295890808, 0.04148232936859131, 0.15056626498699188]"
2025-09-04 13:48:43.937023,Sad,"[0.21746303141117096, 0.024426357820630074, 0.15370377898216248, 0.15040123462677002, 0.3050916790962219, 0.01605205237865448, 0.13286186754703522]"
2025-09-04 13:48:44.100292,Sad,"[0.1800553947687149, 0.021345118060708046, 0.1661492884159088, 0.2023981809616089, 0.26103273034095764, 0.030267000198364258, 0.13875235617160797]"
2025-09-04 13:48:44.140936,Sad,"[0.21845556795597076, 0.023928800597786903, 0.15057413280010223, 0.1351511925458908, 0.32174813747406006, 0.012889891862869263, 0.13725224137306213]"
2025-09-04 13:48:44.183711,Sad,"[0.13310159742832184, 0.012485277839004993, 0.1983126699924469, 0.03838350251317024, 0.29782211780548096, 0.04404819384217262, 0.27584657073020935]"
2025-09-04 13:48:44.336293,Sad,"[0.21042963862419128, 0.02293005771934986, 0.15567125380039215, 0.1340363472700119, 0.3040946424007416, 0.01895531266927719, 0.1538827270269394]"
2025-09-04 13:48:44.376817,Sad,"[0.17496156692504883, 0.02062206342816353, 0.16076481342315674, 0.2079331874847412, 0.2526707947254181, 0.03356626629829407, 0.14948132634162903]"
2025-09-04 13:48:44.420583,Sad,"[0.13586466014385223, 0.01260727271437645, 0.18682508170604706, 0.04057786241173744, 0.2894231379032135, 0.04765075817704201, 0.28705117106437683]"
2025-09-04 13:48:44.561122,Sad,"[0.1758112907409668, 0.02042577788233757, 0.15506215393543243, 0.20701125264167786, 0.22682899236679077, 0.05223569646477699, 0.16262483596801758]"
2025-09-04 13:48:44.602480,Sad,"[0.21283186972141266, 0.023038210347294807, 0.14916832745075226, 0.13744355738162994, 0.30989786982536316, 0.015949398279190063, 0.15167079865932465]"
2025-09-04 13:48:44.670191,Sad,"[0.14020110666751862, 0.013876456767320633, 0.20188555121421814, 0.05393041670322418, 0.2757624685764313, 0.05308673903346062, 0.26125720143318176]"
2025-09-04 13:48:44.816800,Sad,"[0.21927453577518463, 0.023870045319199562, 0.1487509310245514, 0.13605321943759918, 0.3135553300380707, 0.014715423807501793, 0.14378048479557037]"
2025-09-04 13:48:44.858967,Sad,"[0.18514113128185272, 0.021850302815437317, 0.15934227406978607, 0.20637881755828857, 0.24116863310337067, 0.04084699600934982, 0.1452719271183014]"
2025-09-04 13:48:44.991843,Sad,"[0.17701740562915802, 0.020779933780431747, 0.15752993524074554, 0.216109961271286, 0.23655536770820618, 0.041248369961977005, 0.15075905621051788]"
2025-09-04 13:48:45.034267,Sad,"[0.21559274196624756, 0.023553112521767616, 0.1494848132133484, 0.14200381934642792, 0.3039027750492096, 0.017150484025478363, 0.1483123004436493]"
2025-09-04 13:48:45.076816,Sad,"[0.124463751912117, 0.011850032955408096, 0.2202109396457672, 0.032369714230298996, 0.2898661196231842, 0.05006720498204231, 0.2711721956729889]"
2025-09-04 13:48:45.217889,Sad,"[0.1844576895236969, 0.021889863535761833, 0.16354577243328094, 0.20413504540920258, 0.25399091839790344, 0.03338494896888733, 0.13859573006629944]"
2025-09-04 13:48:45.363664,Sad,"[0.17487943172454834, 0.020388437435030937, 0.158995121717453, 0.20571419596672058, 0.23739132285118103, 0.044563695788383484, 0.1580677330493927]"
2025-09-04 13:48:45.407140,Sad,"[0.21115057170391083, 0.022860167548060417, 0.14925797283649445, 0.139480322599411, 0.30583810806274414, 0.01702788844704628, 0.15438500046730042]"
2025-09-04 13:48:45.456732,Sad,"[0.12851214408874512, 0.012323145754635334, 0.22510607540607452, 0.03141015022993088, 0.2988918125629425, 0.05078982561826706, 0.25296688079833984]"
2025-09-04 13:48:45.593943,Sad,"[0.16309309005737305, 0.018607694655656815, 0.15052220225334167, 0.20566362142562866, 0.21300818026065826, 0.06551966071128845, 0.18358547985553741]"
2025-09-04 13:48:45.635994,Sad,"[0.22370794415473938, 0.025526560842990875, 0.15583597123622894, 0.14326493442058563, 0.32813379168510437, 0.010600784793496132, 0.11292998492717743]"
2025-09-04 13:48:45.797869,Sad,"[0.18007105588912964, 0.021368807181715965, 0.16671469807624817, 0.20200468599796295, 0.2629670798778534, 0.029335130006074905, 0.13753846287727356]"
2025-09-04 13:48:45.841502,Sad,"[0.22169333696365356, 0.024722279980778694, 0.15276870131492615, 0.1383630335330963, 0.32509860396385193, 0.0117501737549901, 0.12560385465621948]"
2025-09-04 13:48:45.992460,Happy,"[0.16888324916362762, 0.01967850886285305, 0.15210814774036407, 0.23099637031555176, 0.2231879085302353, 0.04614382982254028, 0.1590019315481186]"
2025-09-04 13:48:46.033308,Sad,"[0.2203822135925293, 0.024659300222992897, 0.15321239829063416, 0.1432192474603653, 0.3170322775840759, 0.01330824289470911, 0.1281863898038864]"
2025-09-04 13:48:46.077933,Sad,"[0.11362946033477783, 0.010027184151113033, 0.21779006719589233, 0.017530353739857674, 0.3069095313549042, 0.033681243658065796, 0.30043214559555054]"
2025-09-04 13:48:46.227178,Sad,"[0.21335145831108093, 0.02260342799127102, 0.14638370275497437, 0.12467333674430847, 0.3252177834510803, 0.01290143933147192, 0.15486879646778107]"
2025-09-04 13:48:46.271683,Sad,"[0.18862180411815643, 0.0225489754229784, 0.17053881287574768, 0.19252221286296844, 0.26460662484169006, 0.030020831152796745, 0.13114072382450104]"
2025-09-04 13:48:46.311637,Sad,"[0.1247042864561081, 0.0118347043171525, 0.2284950613975525, 0.028048699721693993, 0.30067265033721924, 0.0451003722846508, 0.26114422082901]"
2025-09-04 13:48:46.465948,Sad,"[0.19691020250320435, 0.02369026653468609, 0.16257226467132568, 0.20452941954135895, 0.2554585635662079, 0.031053537502884865, 0.1257857233285904]"
2025-09-04 13:48:46.642755,Sad,"[0.17336392402648926, 0.02018090896308422, 0.1545082926750183, 0.2159976214170456, 0.2269800305366516, 0.04866566136479378, 0.16030353307724]"
2025-09-04 13:48:46.683003,Sad,"[0.2163139134645462, 0.02384532056748867, 0.15255215764045715, 0.1354290097951889, 0.3277623653411865, 0.011705029755830765, 0.13239219784736633]"
2025-09-04 13:48:46.725869,Sad,"[0.13057692348957062, 0.012215210124850273, 0.19814740121364594, 0.037498921155929565, 0.2919376790523529, 0.05040602385997772, 0.2792178690433502]"
2025-09-04 13:48:46.858097,Sad,"[0.17347611486911774, 0.019973168149590492, 0.18338215351104736, 0.15266846120357513, 0.23389673233032227, 0.0662718340754509, 0.17033153772354126]"
2025-09-04 13:48:46.899693,Sad,"[0.20854291319847107, 0.022908451035618782, 0.15264682471752167, 0.144597589969635, 0.3076983690261841, 0.016364222392439842, 0.14724154770374298]"
2025-09-04 13:48:46.939368,Sad,"[0.12672288715839386, 0.01217708084732294, 0.21967259049415588, 0.03478453308343887, 0.2847709655761719, 0.05157478153705597, 0.2702970802783966]"
2025-09-04 13:48:47.087330,Sad,"[0.19619879126548767, 0.023309938609600067, 0.1610672026872635, 0.20699085295200348, 0.24370543658733368, 0.037006109952926636, 0.13172166049480438]"
2025-09-04 13:48:47.128667,Sad,"[0.21307311952114105, 0.024070125073194504, 0.1551189124584198, 0.156731978058815, 0.29803788661956787, 0.01792602241039276, 0.13504192233085632]"
2025-09-04 13:48:47.293604,Sad,"[0.18596075475215912, 0.021945767104625702, 0.15860722959041595, 0.20674380660057068, 0.2392369657754898, 0.041999995708465576, 0.1455053985118866]"
2025-09-04 13:48:47.335278,Sad,"[0.21818533539772034, 0.024076486006379128, 0.1511383205652237, 0.141758993268013, 0.31125831604003906, 0.0150010259822011, 0.13858157396316528]"
2025-09-04 13:48:47.500641,Sad,"[0.16563108563423157, 0.018991800025105476, 0.15438337624073029, 0.2035323828458786, 0.21277563273906708, 0.0661761611700058, 0.17850957810878754]"
2025-09-04 13:48:47.544479,Sad,"[0.2201964557170868, 0.025362715125083923, 0.15649311244487762, 0.15956173837184906, 0.30110010504722595, 0.01610613986849785, 0.12117969989776611]"
2025-09-04 13:48:47.693623,Sad,"[0.19759012758731842, 0.023194022476673126, 0.18491384387016296, 0.16297809779644012, 0.24901975691318512, 0.04601696506142616, 0.13628718256950378]"
2025-09-04 13:48:47.736019,Sad,"[0.21350878477096558, 0.024634798988699913, 0.15832020342350006, 0.16393226385116577, 0.2979600131511688, 0.017180148512125015, 0.12446381896734238]"
2025-09-04 13:48:47.894918,Sad,"[0.21680550277233124, 0.02432730235159397, 0.15260320901870728, 0.15468595921993256, 0.2942131757736206, 0.01904703862965107, 0.13831782341003418]"
2025-09-04 13:48:47.936786,Happy,"[0.20195932686328888, 0.021316777914762497, 0.16984453797340393, 0.2415326088666916, 0.1808815598487854, 0.061421383172273636, 0.12304379791021347]"
2025-09-04 13:48:47.978554,Sad,"[0.12894199788570404, 0.012108140625059605, 0.20546863973140717, 0.03565452992916107, 0.30176597833633423, 0.04346082732081413, 0.2725999653339386]"
2025-09-04 13:48:48.115319,Sad,"[0.17416591942310333, 0.020151490345597267, 0.16026057302951813, 0.19336135685443878, 0.2269696146249771, 0.05731450021266937, 0.16777655482292175]"
2025-09-04 13:48:48.157169,Sad,"[0.2047881931066513, 0.02348453365266323, 0.15902113914489746, 0.1677207201719284, 0.2913159728050232, 0.019702930003404617, 0.13396653532981873]"
2025-09-04 13:48:48.199486,Sad,"[0.12819001078605652, 0.011643387377262115, 0.19839546084403992, 0.029457392171025276, 0.3046782314777374, 0.03716417774558067, 0.29047131538391113]"
2025-09-04 13:48:48.362193,Sad,"[0.20644666254520416, 0.022303655743598938, 0.1512169986963272, 0.13546893000602722, 0.3184727430343628, 0.014268551021814346, 0.15182238817214966]"
2025-09-04 13:48:48.404785,Sad,"[0.1877051293849945, 0.02136719413101673, 0.18429777026176453, 0.167490616440773, 0.21920356154441833, 0.06789873540401459, 0.15203705430030823]"
2025-09-04 13:48:48.447318,Sad,"[0.1300877034664154, 0.012158755213022232, 0.2078871876001358, 0.03318808972835541, 0.31396031379699707, 0.031018702313303947, 0.2716992497444153]"
2025-09-04 13:48:48.594093,Sad,"[0.21796183288097382, 0.02470121905207634, 0.15548285841941833, 0.15062235295772552, 0.3111564517021179, 0.01434219442307949, 0.1257331222295761]"
2025-09-04 13:48:48.635357,Sad,"[0.1809205412864685, 0.02103167399764061, 0.17648668587207794, 0.16133710741996765, 0.23483368754386902, 0.06239214166998863, 0.16299815475940704]"
2025-09-04 13:48:48.677568,Fear,"[0.10206590592861176, 0.00910542905330658, 0.3322902321815491, 0.01668678969144821, 0.17774446308612823, 0.13863570988178253, 0.22347144782543182]"
2025-09-04 13:48:48.820486,Sad,"[0.1722545027732849, 0.019971761852502823, 0.16894197463989258, 0.18375267088413239, 0.2405957579612732, 0.049677394330501556, 0.16480585932731628]"
2025-09-04 13:48:48.861471,Sad,"[0.21272115409374237, 0.023174773901700974, 0.1504833847284317, 0.1389143317937851, 0.3118833899497986, 0.015360157936811447, 0.14746280014514923]"
2025-09-04 13:48:48.900323,Fear,"[0.11466237902641296, 0.010624833405017853, 0.2689041793346405, 0.023036090657114983, 0.23856927454471588, 0.09218603372573853, 0.25201719999313354]"
2025-09-04 13:48:48.942784,Fear,"[0.1197698712348938, 0.011463533155620098, 0.3354801833629608, 0.021305512636899948, 0.21386508643627167, 0.10182445496320724, 0.19629141688346863]"
2025-09-04 13:48:49.104370,Sad,"[0.1744312345981598, 0.020290374755859375, 0.16642089188098907, 0.18965044617652893, 0.2406194806098938, 0.047531429678201675, 0.16105620563030243]"
2025-09-04 13:48:49.145196,Sad,"[0.21507684886455536, 0.023773569613695145, 0.15283045172691345, 0.14022678136825562, 0.3189583420753479, 0.013408101163804531, 0.13572600483894348]"
2025-09-04 13:48:49.185420,Sad,"[0.13374176621437073, 0.013060523197054863, 0.2803580164909363, 0.02327391505241394, 0.30052894353866577, 0.041968703269958496, 0.20706810057163239]"
2025-09-04 13:48:49.226710,Sad,"[0.12926311790943146, 0.011609490029513836, 0.1931122988462448, 0.029138430953025818, 0.3189382553100586, 0.03218911215662956, 0.28574931621551514]"
2025-09-04 13:48:49.363009,Sad,"[0.166444793343544, 0.019069159403443336, 0.17688412964344025, 0.16031861305236816, 0.2339496910572052, 0.06427906453609467, 0.17905452847480774]"
2025-09-04 13:48:49.404633,Sad,"[0.21885952353477478, 0.025205956771969795, 0.1578589379787445, 0.1544458270072937, 0.3134877681732178, 0.013314922340214252, 0.11682703346014023]"
2025-09-04 13:48:49.558573,Sad,"[0.17316316068172455, 0.019895493984222412, 0.15226615965366364, 0.1978278011083603, 0.20919540524482727, 0.07237932831048965, 0.1752726286649704]"
2025-09-04 13:48:49.601746,Sad,"[0.2148909568786621, 0.023859908804297447, 0.15289288759231567, 0.14562156796455383, 0.3093484342098236, 0.015444345772266388, 0.13794180750846863]"
2025-09-04 13:48:49.652585,Sad,"[0.1239323541522026, 0.011555925011634827, 0.2190820574760437, 0.02826051414012909, 0.3152408003807068, 0.03172825276851654, 0.27020007371902466]"
2025-09-04 13:48:49.794125,Sad,"[0.19068266451358795, 0.021984998136758804, 0.17006686329841614, 0.19276577234268188, 0.23264563083648682, 0.04832497984170914, 0.14352893829345703]"
2025-09-04 13:48:49.973969,Sad,"[0.15836037695407867, 0.017858203500509262, 0.1508435159921646, 0.18608185648918152, 0.19867566227912903, 0.09000648558139801, 0.19817383587360382]"
2025-09-04 13:48:50.018608,Sad,"[0.21850189566612244, 0.023469075560569763, 0.15669222176074982, 0.11188477277755737, 0.3326839506626129, 0.012893334031105042, 0.14387468993663788]"
2025-09-04 13:48:50.157202,Sad,"[0.16181419789791107, 0.01836310885846615, 0.17219579219818115, 0.1574433445930481, 0.2202197015285492, 0.07929984480142593, 0.19066400825977325]"
2025-09-04 13:48:50.204185,Sad,"[0.22267431020736694, 0.024358049035072327, 0.14912700653076172, 0.13391919434070587, 0.32047101855278015, 0.012998702935874462, 0.13645178079605103]"
2025-09-04 13:48:50.251212,Sad,"[0.10831780731678009, 0.009344629012048244, 0.2148362100124359, 0.015154112130403519, 0.3120841979980469, 0.039130523800849915, 0.301132470369339]"
2025-09-04 13:48:50.391103,Sad,"[0.15845924615859985, 0.01797977089881897, 0.1640884131193161, 0.17893466353416443, 0.22226564586162567, 0.06760585308074951, 0.19066640734672546]"
2025-09-04 13:48:50.433714,Sad,"[0.21865800023078918, 0.024159805849194527, 0.15149633586406708, 0.14061427116394043, 0.31483662128448486, 0.014146444387733936, 0.13608849048614502]"
2025-09-04 13:48:50.476605,Angry,"[0.29864102602005005, 0.024986056610941887, 0.25439298152923584, 0.21742069721221924, 0.13527025282382965, 0.029877403751015663, 0.039411500096321106]"
2025-09-04 13:48:50.517115,Sad,"[0.13148775696754456, 0.012219495140016079, 0.20160947740077972, 0.03418682888150215, 0.3053368031978607, 0.03560996800661087, 0.2795496881008148]"
2025-09-04 13:48:50.652928,Sad,"[0.2183007299900055, 0.024746740236878395, 0.15612167119979858, 0.14605708420276642, 0.3216269910335541, 0.012151690199971199, 0.12099514156579971]"
2025-09-04 13:48:50.720123,Angry,"[0.2369629591703415, 0.023148326203227043, 0.20518910884857178, 0.22325971722602844, 0.17628459632396698, 0.047629695385694504, 0.08752567321062088]"
2025-09-04 13:48:50.767751,Angry,"[0.2810554802417755, 0.021186156198382378, 0.2675594389438629, 0.225534126162529, 0.1009204238653183, 0.06085451319813728, 0.0428897887468338]"
2025-09-04 13:48:50.809166,Angry,"[0.24068652093410492, 0.02430657669901848, 0.19075608253479004, 0.23701167106628418, 0.17363479733467102, 0.04778612405061722, 0.08581824600696564]"
2025-09-04 13:48:50.851535,Sad,"[0.13044896721839905, 0.012462491169571877, 0.2230449616909027, 0.03193702548742294, 0.3147895038127899, 0.03613806515932083, 0.25117895007133484]"
2025-09-04 13:48:50.989158,Sad,"[0.17790487408638, 0.020779570564627647, 0.15770092606544495, 0.2064753770828247, 0.234499990940094, 0.04624198377132416, 0.1563972681760788]"
2025-09-04 13:48:51.030997,Sad,"[0.22203536331653595, 0.024795696139335632, 0.15343935787677765, 0.13184665143489838, 0.3412684202194214, 0.009059906005859375, 0.11755460500717163]"
2025-09-04 13:48:51.072993,Sad,"[0.20971934497356415, 0.026151634752750397, 0.1695396602153778, 0.19435735046863556, 0.2915639579296112, 0.015409654006361961, 0.09325847029685974]"
2025-09-04 13:48:51.113202,Angry,"[0.259428471326828, 0.022514544427394867, 0.23950175940990448, 0.21457648277282715, 0.1434204876422882, 0.054352324455976486, 0.06620588153600693]"
2025-09-04 13:48:51.269967,Sad,"[0.22344207763671875, 0.02310294844210148, 0.14587756991386414, 0.05836397036910057, 0.45447447896003723, 0.0018573341658338904, 0.09288159757852554]"
2025-09-04 13:48:51.311962,Sad,"[0.22063733637332916, 0.024119192734360695, 0.1497749388217926, 0.13295981287956238, 0.32400456070899963, 0.012397754937410355, 0.1361064910888672]"
2025-09-04 13:48:51.352882,Angry,"[0.26702165603637695, 0.023019731044769287, 0.23529592156410217, 0.2250179797410965, 0.13933543860912323, 0.04976585879921913, 0.060543350875377655]"
2025-09-04 13:48:51.392296,Sad,"[0.20985595881938934, 0.026611236855387688, 0.17329329252243042, 0.18617379665374756, 0.31438469886779785, 0.009994827210903168, 0.079686239361763]"
2025-09-04 13:48:51.551926,Sad,"[0.22816330194473267, 0.025321152061223984, 0.13791599869728088, 0.07336210459470749, 0.4734591543674469, 0.0008808980346657336, 0.06089748814702034]"
2025-09-04 13:48:51.592175,Happy,"[0.15744346380233765, 0.018023716285824776, 0.13856837153434753, 0.2466484010219574, 0.19070689380168915, 0.06947693973779678, 0.17913219332695007]"
2025-09-04 13:48:51.632545,Sad,"[0.2147025763988495, 0.023160526528954506, 0.14846469461917877, 0.13403207063674927, 0.31453242897987366, 0.014850043691694736, 0.1502576768398285]"
2025-09-04 13:48:51.674374,Angry,"[0.26312869787216187, 0.025165196508169174, 0.2260703444480896, 0.21736110746860504, 0.1803089827299118, 0.027795180678367615, 0.06017053872346878]"
2025-09-04 13:48:51.716090,Sad,"[0.1941833347082138, 0.021164394915103912, 0.18804796040058136, 0.09312029927968979, 0.33886438608169556, 0.016152841970324516, 0.14846676588058472]"
2025-09-04 13:48:51.864347,Sad,"[0.2412116378545761, 0.027265721932053566, 0.17518623173236847, 0.055085189640522, 0.43070682883262634, 0.002700614044442773, 0.06784386932849884]"
2025-09-04 13:48:51.907862,Sad,"[0.16902807354927063, 0.019387248903512955, 0.14920246601104736, 0.2068895548582077, 0.21080243587493896, 0.0671202540397644, 0.17757003009319305]"
2025-09-04 13:48:51.949289,Sad,"[0.20837607979774475, 0.02322339080274105, 0.1554781049489975, 0.1481122076511383, 0.31146442890167236, 0.01512413751333952, 0.13822157680988312]"
2025-09-04 13:48:51.987981,Angry,"[0.2934572398662567, 0.026336656883358955, 0.2438971847295761, 0.21354974806308746, 0.15810050070285797, 0.023031480610370636, 0.04162716865539551]"
2025-09-04 13:48:52.029431,Neutral,"[0.1332254856824875, 0.01203168649226427, 0.1825459748506546, 0.0346168577671051, 0.29305148124694824, 0.04475715011358261, 0.29977142810821533]"
2025-09-04 13:48:52.157941,Sad,"[0.21240809559822083, 0.020955227315425873, 0.15784437954425812, 0.03552877530455589, 0.46761390566825867, 0.002031095093116164, 0.1036185547709465]"
2025-09-04 13:48:52.198426,Happy,"[0.16474345326423645, 0.018570059910416603, 0.15417174994945526, 0.19837355613708496, 0.19009476900100708, 0.0906134620308876, 0.1834329515695572]"
2025-09-04 13:48:52.240192,Sad,"[0.20360863208770752, 0.022403523325920105, 0.151912659406662, 0.15419605374336243, 0.2877083718776703, 0.022295072674751282, 0.1578756719827652]"
2025-09-04 13:48:52.280143,Angry,"[0.26391658186912537, 0.02484862506389618, 0.2267969697713852, 0.21939951181411743, 0.17283710837364197, 0.031242433935403824, 0.06095869466662407]"
2025-09-04 13:48:52.426329,Sad,"[0.22013239562511444, 0.027637479826807976, 0.17876170575618744, 0.17305219173431396, 0.2946079671382904, 0.016627302393317223, 0.08918101340532303]"
2025-09-04 13:48:52.468346,Sad,"[0.23424296081066132, 0.02562052756547928, 0.14575861394405365, 0.058080390095710754, 0.4718345105648041, 0.0010728619527071714, 0.06339023262262344]"
2025-09-04 13:48:52.510005,Sad,"[0.1750141680240631, 0.02017718367278576, 0.147812619805336, 0.2078157216310501, 0.20833848416805267, 0.06898844242095947, 0.17185339331626892]"
2025-09-04 13:48:52.552055,Sad,"[0.2257952094078064, 0.02551131881773472, 0.1539374589920044, 0.13704955577850342, 0.3340078294277191, 0.009787952527403831, 0.11391071230173111]"
2025-09-04 13:48:52.593422,Angry,"[0.2637156844139099, 0.027812670916318893, 0.2092752754688263, 0.20731879770755768, 0.2159193456172943, 0.0180308036506176, 0.057927537709474564]"
2025-09-04 13:48:52.633122,Sad,"[0.2225085347890854, 0.028491675853729248, 0.16976787149906158, 0.1870403289794922, 0.3073907196521759, 0.010303548537194729, 0.0744972750544548]"
2025-09-04 13:48:52.672332,Sad,"[0.18005676567554474, 0.01894800364971161, 0.2057167887687683, 0.05378389358520508, 0.3949597477912903, 0.008663934655487537, 0.13787083327770233]"
2025-09-04 13:48:52.715040,Sad,"[0.16096200048923492, 0.016018452122807503, 0.26231738924980164, 0.043515462428331375, 0.3126448690891266, 0.026860438287258148, 0.17768138647079468]"
2025-09-04 13:48:52.755418,Sad,"[0.11874604970216751, 0.010852403938770294, 0.21927650272846222, 0.02312544733285904, 0.29356104135513306, 0.043472856283187866, 0.290965735912323]"
2025-09-04 13:48:52.955154,Happy,"[0.16303274035453796, 0.01871720887720585, 0.14652736485004425, 0.22629785537719727, 0.20680475234985352, 0.062337134033441544, 0.17628301680088043]"
2025-09-04 13:48:53.000499,Sad,"[0.22996361553668976, 0.02431173250079155, 0.14130914211273193, 0.052397843450307846, 0.48069992661476135, 0.0010177106596529484, 0.07029996067285538]"
2025-09-04 13:48:53.044144,Sad,"[0.22111772000789642, 0.0251663438975811, 0.15606603026390076, 0.14497967064380646, 0.32462888956069946, 0.01138004194945097, 0.11666133999824524]"
2025-09-04 13:48:53.089413,Sad,"[0.1273026168346405, 0.011661190539598465, 0.2011166661977768, 0.031085627153515816, 0.31369349360466003, 0.03575989603996277, 0.2793804705142975]"
2025-09-04 13:48:53.234549,Sad,"[0.22389745712280273, 0.026980092748999596, 0.16329389810562134, 0.15701256692409515, 0.33116069436073303, 0.008654938079416752, 0.08900024741888046]"
2025-09-04 13:48:53.276251,Sad,"[0.17543739080429077, 0.020528804510831833, 0.16133202612400055, 0.20483605563640594, 0.24431322515010834, 0.03998798131942749, 0.15356460213661194]"
2025-09-04 13:48:53.318472,Fear,"[0.18350476026535034, 0.018542734906077385, 0.2381422072649002, 0.12066201120615005, 0.1927976906299591, 0.10122575610876083, 0.14512482285499573]"
2025-09-04 13:48:53.456622,Sad,"[0.2217193990945816, 0.025788689032197, 0.15920120477676392, 0.149557963013649, 0.32815998792648315, 0.010182086378335953, 0.10539064556360245]"
2025-09-04 13:48:53.497716,Sad,"[0.18237578868865967, 0.01979011483490467, 0.16283126175403595, 0.13573840260505676, 0.32440856099128723, 0.014475571922957897, 0.1603802591562271]"
2025-09-04 13:48:53.538390,Sad,"[0.1835300773382187, 0.0196649432182312, 0.17376352846622467, 0.11429188400506973, 0.29148605465888977, 0.03026622347533703, 0.18699727952480316]"
2025-09-04 13:48:53.584329,Sad,"[0.13068541884422302, 0.011408388614654541, 0.18242387473583221, 0.02608431689441204, 0.3205060362815857, 0.023838870227336884, 0.30505314469337463]"
2025-09-04 13:48:53.713778,Sad,"[0.2085270881652832, 0.02268444001674652, 0.14994525909423828, 0.1447908580303192, 0.29799407720565796, 0.019176021218299866, 0.15688233077526093]"
2025-09-04 13:48:53.754348,Neutral,"[0.15238253772258759, 0.012539797462522984, 0.13722801208496094, 0.030200839042663574, 0.3224162459373474, 0.01617714762687683, 0.3290553092956543]"
2025-09-04 13:48:53.795705,Sad,"[0.16116607189178467, 0.01841420866549015, 0.15453070402145386, 0.20478825271129608, 0.2225811928510666, 0.0570843368768692, 0.1814352422952652]"
2025-09-04 13:48:53.838388,Sad,"[0.16884277760982513, 0.01845291070640087, 0.1771349459886551, 0.13054490089416504, 0.265188068151474, 0.04408450797200203, 0.19575192034244537]"
2025-09-04 13:48:53.880389,Happy,"[0.19616368412971497, 0.025592297315597534, 0.17954500019550323, 0.23691251873970032, 0.23094932734966278, 0.024184953421354294, 0.10665224492549896]"
2025-09-04 13:48:53.922675,Sad,"[0.12518809735774994, 0.010822655633091927, 0.18846093118190765, 0.021976614370942116, 0.32163459062576294, 0.023899560794234276, 0.3080176115036011]"
2025-09-04 13:48:54.048230,Sad,"[0.1669268161058426, 0.016659850254654884, 0.21256093680858612, 0.0411280132830143, 0.3576611578464508, 0.017567843198776245, 0.18749535083770752]"
2025-09-04 13:48:54.090327,Neutral,"[0.15869829058647156, 0.015986735001206398, 0.15913434326648712, 0.09461947530508041, 0.23248618841171265, 0.07375553250312805, 0.26531943678855896]"
2025-09-04 13:48:54.216113,Neutral,"[0.16343249380588531, 0.017117634415626526, 0.13103890419006348, 0.164739727973938, 0.23721736669540405, 0.04277743399143219, 0.24367643892765045]"
2025-09-04 13:48:54.257790,Neutral,"[0.15440936386585236, 0.015998147428035736, 0.16215193271636963, 0.10221432149410248, 0.21408937871456146, 0.09768655896186829, 0.25345030426979065]"
2025-09-04 13:48:54.430815,Sad,"[0.19162388145923615, 0.020765271037817, 0.1470048725605011, 0.16132399439811707, 0.25826770067214966, 0.0354861356317997, 0.18552812933921814]"
2025-09-04 13:48:54.472333,Happy,"[0.16071856021881104, 0.018209004774689674, 0.14444880187511444, 0.20525817573070526, 0.1986384242773056, 0.08077303320169449, 0.19195397198200226]"
2025-09-04 13:48:54.514711,Sad,"[0.1791854202747345, 0.01879969984292984, 0.18009905517101288, 0.09425116330385208, 0.2886170446872711, 0.03590603172779083, 0.20314154028892517]"
2025-09-04 13:48:54.650159,Sad,"[0.17579567432403564, 0.017686614766716957, 0.1475389003753662, 0.10878843069076538, 0.3506382703781128, 0.009756010957062244, 0.1897960901260376]"
2025-09-04 13:48:54.691851,Sad,"[0.17475174367427826, 0.020242881029844284, 0.16146017611026764, 0.19212715327739716, 0.2289920300245285, 0.0559997484087944, 0.16642622649669647]"
2025-09-04 13:48:54.732635,Sad,"[0.15540236234664917, 0.014622789807617664, 0.2032289057970047, 0.03200902044773102, 0.33597448468208313, 0.02360047958791256, 0.23516200482845306]"
2025-09-04 13:48:54.772604,Sad,"[0.15814203023910522, 0.015871865674853325, 0.18830136954784393, 0.06821130216121674, 0.2846834063529968, 0.04291749745607376, 0.24187256395816803]"
2025-09-04 13:48:54.918982,Sad,"[0.20223772525787354, 0.020794885233044624, 0.15343572199344635, 0.10490830987691879, 0.31351250410079956, 0.019007625058293343, 0.1861031949520111]"
2025-09-04 13:48:54.961636,Sad,"[0.1656699925661087, 0.019300363957881927, 0.1458166092634201, 0.22111013531684875, 0.22794312238693237, 0.04503375291824341, 0.17512600123882294]"
2025-09-04 13:48:55.003884,Sad,"[0.13636904954910278, 0.011874104849994183, 0.20593732595443726, 0.016110453754663467, 0.3418954908847809, 0.020969659090042114, 0.2668440043926239]"
2025-09-04 13:48:55.043748,Happy,"[0.13087162375450134, 0.014968047849833965, 0.13962790369987488, 0.25554603338241577, 0.17481082677841187, 0.07800397276878357, 0.20617154240608215]"
2025-09-04 13:48:55.193969,Sad,"[0.21686440706253052, 0.02328481711447239, 0.1474597156047821, 0.13001297414302826, 0.31961485743522644, 0.013730648905038834, 0.1490325778722763]"
2025-09-04 13:48:55.235817,Happy,"[0.18769395351409912, 0.02118033729493618, 0.15135665237903595, 0.21217092871665955, 0.19658176600933075, 0.07427220046520233, 0.15674419701099396]"
2025-09-04 13:48:55.282243,Neutral,"[0.16326522827148438, 0.017591288313269615, 0.15094485878944397, 0.153464213013649, 0.21655292809009552, 0.0756869986653328, 0.2224944829940796]"
2025-09-04 13:48:55.427137,Sad,"[0.15472351014614105, 0.016469331458210945, 0.19759300351142883, 0.0863291472196579, 0.2504205107688904, 0.07130210101604462, 0.22316232323646545]"
2025-09-04 13:48:55.474173,Sad,"[0.21679696440696716, 0.023073669523000717, 0.14992308616638184, 0.11439588665962219, 0.34371110796928406, 0.010034874081611633, 0.1420643925666809]"
2025-09-04 13:48:55.517595,Sad,"[0.17872674763202667, 0.017611220479011536, 0.14332497119903564, 0.09134965389966965, 0.38764509558677673, 0.005654404871165752, 0.17568784952163696]"
2025-09-04 13:48:55.562869,Neutral,"[0.14047227799892426, 0.014441785402595997, 0.10821878910064697, 0.16744579374790192, 0.26098719239234924, 0.018927084282040596, 0.28950709104537964]"
2025-09-04 13:48:55.688549,Sad,"[0.2007780522108078, 0.021568065509200096, 0.1501077115535736, 0.14106298983097076, 0.30189773440361023, 0.018623540177941322, 0.16596192121505737]"
2025-09-04 13:48:55.730407,Neutral,"[0.14484618604183197, 0.015391693450510502, 0.18747828900814056, 0.09008777141571045, 0.22055667638778687, 0.10329575836658478, 0.23834359645843506]"
2025-09-04 13:48:55.772357,Sad,"[0.1884509176015854, 0.02247299998998642, 0.16352644562721252, 0.20415009558200836, 0.2553720772266388, 0.03217780217528343, 0.133849635720253]"
2025-09-04 13:48:55.813887,Neutral,"[0.15350334346294403, 0.016923682764172554, 0.13970234990119934, 0.19588913023471832, 0.18549618124961853, 0.094468854367733, 0.21401648223400116]"
2025-09-04 13:48:55.855695,Neutral,"[0.15732324123382568, 0.016695447266101837, 0.16803891956806183, 0.11804056912660599, 0.22908149659633636, 0.07705006003379822, 0.2337702214717865]"
2025-09-04 13:48:55.989744,Sad,"[0.17865635454654694, 0.018018150702118874, 0.14656475186347961, 0.11551207304000854, 0.26371777057647705, 0.03896356001496315, 0.2385672628879547]"
2025-09-04 13:48:56.030092,Happy,"[0.10958007723093033, 0.012413058429956436, 0.13824105262756348, 0.2558850944042206, 0.13334621489048004, 0.13841061294078827, 0.21212394535541534]"
2025-09-04 13:48:56.073269,Sad,"[0.1659533977508545, 0.018068909645080566, 0.19780048727989197, 0.09886200726032257, 0.2658695876598358, 0.054602913558483124, 0.1988426148891449]"
2025-09-04 13:48:56.115615,Neutral,"[0.1598578691482544, 0.015535376965999603, 0.1593584269285202, 0.07934419810771942, 0.2628108859062195, 0.04774973914027214, 0.27534350752830505]"
2025-09-04 13:48:56.254171,Sad,"[0.2097688466310501, 0.022679761052131653, 0.1487571746110916, 0.14155001938343048, 0.2998916208744049, 0.018709642812609673, 0.1586429625749588]"
2025-09-04 13:48:56.296476,Happy,"[0.140483096241951, 0.015987567603588104, 0.1310734897851944, 0.24449294805526733, 0.1748790144920349, 0.08451636880636215, 0.20856745541095734]"
2025-09-04 13:48:56.368844,Sad,"[0.185146301984787, 0.01799703575670719, 0.13884732127189636, 0.08672558516263962, 0.386691153049469, 0.005631240084767342, 0.17896141111850739]"
2025-09-04 13:48:56.419197,Sad,"[0.16358500719070435, 0.017807791009545326, 0.17178407311439514, 0.13207893073558807, 0.23826532065868378, 0.06542214751243591, 0.2110566943883896]"
2025-09-04 13:48:56.462525,Happy,"[0.10075671970844269, 0.011399797163903713, 0.13761086761951447, 0.2557346224784851, 0.12504842877388, 0.15069882571697235, 0.21875081956386566]"
2025-09-04 13:48:56.622746,Sad,"[0.19949255883693695, 0.020811714231967926, 0.14358241856098175, 0.13424117863178253, 0.29082515835762024, 0.02234983816742897, 0.18869714438915253]"
2025-09-04 13:48:56.663632,Sad,"[0.1670200675725937, 0.017966194078326225, 0.20693014562129974, 0.08192529529333115, 0.2801620364189148, 0.048531949520111084, 0.19746433198451996]"
2025-09-04 13:48:56.704435,Happy,"[0.07710524648427963, 0.009015034884214401, 0.08170709013938904, 0.453524112701416, 0.096916563808918, 0.06988334655761719, 0.21184854209423065]"
2025-09-04 13:48:56.745806,Sad,"[0.18049107491970062, 0.020213577896356583, 0.17041891813278198, 0.14990556240081787, 0.25331127643585205, 0.0473480187356472, 0.1783115416765213]"
2025-09-04 13:48:56.889667,Sad,"[0.21845825016498566, 0.023990727961063385, 0.15094709396362305, 0.13631519675254822, 0.320869505405426, 0.013016083277761936, 0.13640308380126953]"
2025-09-04 13:48:56.933054,Happy,"[0.12122475355863571, 0.014023344032466412, 0.11538556218147278, 0.33537325263023376, 0.14923538267612457, 0.06957012414932251, 0.19518764317035675]"
2025-09-04 13:48:56.973750,Neutral,"[0.15787193179130554, 0.017362218350172043, 0.15886402130126953, 0.15255625545978546, 0.20876771211624146, 0.09006547182798386, 0.21451237797737122]"
2025-09-04 13:48:57.120546,Sad,"[0.20975090563297272, 0.0230289064347744, 0.15138113498687744, 0.1472366750240326, 0.29930588603019714, 0.018538739532232285, 0.1507577747106552]"
2025-09-04 13:48:57.162148,Happy,"[0.10512395203113556, 0.012259538285434246, 0.1039474755525589, 0.3930259048938751, 0.13029204308986664, 0.06387344747781754, 0.19147764146327972]"
2025-09-04 13:48:57.202990,Sad,"[0.1764357089996338, 0.019046949222683907, 0.1618371456861496, 0.13826319575309753, 0.24772658944129944, 0.052078720182180405, 0.20461168885231018]"
2025-09-04 13:48:57.368405,Sad,"[0.22275236248970032, 0.0238867849111557, 0.14662714302539825, 0.12059545516967773, 0.3394069969654083, 0.00993930734694004, 0.13679194450378418]"
2025-09-04 13:48:57.408901,Happy,"[0.14257192611694336, 0.01665244810283184, 0.15491464734077454, 0.2656901478767395, 0.1877494901418686, 0.061794739216566086, 0.1706266701221466]"
2025-09-04 13:48:57.451161,Sad,"[0.18971779942512512, 0.018810370936989784, 0.14164510369300842, 0.09174356609582901, 0.3844008147716522, 0.005792594514787197, 0.1678897738456726]"
2025-09-04 13:48:57.490703,Neutral,"[0.15300244092941284, 0.015206067822873592, 0.1726008504629135, 0.07573167234659195, 0.24957899749279022, 0.06442530453205109, 0.2694547176361084]"
2025-09-04 13:48:57.628536,Sad,"[0.219124898314476, 0.024773525074124336, 0.15600575506687164, 0.13954542577266693, 0.33397895097732544, 0.01002501230686903, 0.11654649674892426]"
2025-09-04 13:48:57.669719,Sad,"[0.16210292279720306, 0.0174248069524765, 0.20795026421546936, 0.08205905556678772, 0.27451735734939575, 0.05293045565485954, 0.20301510393619537]"
2025-09-04 13:48:57.710906,Sad,"[0.18273645639419556, 0.021610399708151817, 0.16320449113845825, 0.20359602570533752, 0.2510818541049957, 0.03544165566563606, 0.14232908189296722]"
2025-09-04 13:48:57.751125,Sad,"[0.18476755917072296, 0.018749689683318138, 0.1740923374891281, 0.07898601144552231, 0.31803449988365173, 0.023135162889957428, 0.20223480463027954]"
2025-09-04 13:48:57.792136,Sad,"[0.1905478835105896, 0.02010432817041874, 0.19302944839000702, 0.07562649995088577, 0.3176807165145874, 0.02599610947072506, 0.17701511085033417]"
2025-09-04 13:48:57.960865,Sad,"[0.21212098002433777, 0.02282988466322422, 0.1508941352367401, 0.1308925747871399, 0.31319236755371094, 0.015890739858150482, 0.15417930483818054]"
2025-09-04 13:48:58.001766,Sad,"[0.178378164768219, 0.018095118924975395, 0.14931702613830566, 0.100995272397995, 0.3825719654560089, 0.006096228491514921, 0.1645461916923523]"
2025-09-04 13:48:58.042616,Sad,"[0.16018140316009521, 0.016663525253534317, 0.1879582405090332, 0.08731193840503693, 0.2746213972568512, 0.047205597162246704, 0.22605787217617035]"
2025-09-04 13:48:58.083439,Sad,"[0.18580108880996704, 0.022006098181009293, 0.1670510619878769, 0.19460497796535492, 0.25214824080467224, 0.0370636023581028, 0.14132492244243622]"
2025-09-04 13:48:58.122754,Sad,"[0.16179241240024567, 0.017064867541193962, 0.17854396998882294, 0.10325988382101059, 0.25204116106033325, 0.06039611995220184, 0.22690154612064362]"
2025-09-04 13:48:58.164780,Sad,"[0.192453071475029, 0.0194589514285326, 0.16073760390281677, 0.08640971034765244, 0.3418906331062317, 0.013885053806006908, 0.18516500294208527]"
2025-09-04 13:48:58.205319,Sad,"[0.19360649585723877, 0.023197367787361145, 0.16328440606594086, 0.19892293214797974, 0.257389098405838, 0.031437911093235016, 0.13216176629066467]"
2025-09-04 13:48:58.352509,Sad,"[0.2174317091703415, 0.024180667474865913, 0.1526522934436798, 0.1444154977798462, 0.31164124608039856, 0.014760813675820827, 0.13491784036159515]"
2025-09-04 13:48:58.394739,Sad,"[0.17126262187957764, 0.01975010149180889, 0.1778739094734192, 0.161725714802742, 0.2382521629333496, 0.05970778316259384, 0.1714276671409607]"
2025-09-04 13:48:58.435755,Neutral,"[0.15614783763885498, 0.015645714476704597, 0.1804058700799942, 0.07095138728618622, 0.25388216972351074, 0.06466798484325409, 0.2582990527153015]"
2025-09-04 13:48:58.578950,Sad,"[0.23021256923675537, 0.026437941938638687, 0.15507279336452484, 0.13739220798015594, 0.33982425928115845, 0.008417380973696709, 0.10264284908771515]"
2025-09-04 13:48:58.620014,Happy,"[0.12746141850948334, 0.014539196155965328, 0.1649242490530014, 0.2132292538881302, 0.17191261053085327, 0.1034158244729042, 0.2045174539089203]"
2025-09-04 13:48:58.661312,Sad,"[0.18855422735214233, 0.01897548697888851, 0.1449016034603119, 0.0960812121629715, 0.3841605484485626, 0.00582627858966589, 0.16150061786174774]"
2025-09-04 13:48:58.700264,Happy,"[0.11046358197927475, 0.012489941902458668, 0.13980530202388763, 0.24627988040447235, 0.13538873195648193, 0.1408315896987915, 0.21474096179008484]"
2025-09-04 13:48:58.853598,Sad,"[0.22425507009029388, 0.024827750399708748, 0.1515333205461502, 0.1255098581314087, 0.34881752729415894, 0.008095849305391312, 0.11696057766675949]"
2025-09-04 13:48:58.896488,Sad,"[0.1687430888414383, 0.019336871802806854, 0.1484423577785492, 0.20688697695732117, 0.2089475840330124, 0.06899052113294601, 0.1786525696516037]"
2025-09-04 13:48:59.053537,Sad,"[0.2259087860584259, 0.026081783697009087, 0.15691372752189636, 0.14542114734649658, 0.32911813259124756, 0.010058250278234482, 0.10649818927049637]"
2025-09-04 13:48:59.095722,Happy,"[0.1679692566394806, 0.018003713339567184, 0.16215507686138153, 0.21960856020450592, 0.1817612200975418, 0.082930788397789, 0.1675713211297989]"
2025-09-04 13:48:59.137310,Neutral,"[0.1530209630727768, 0.015141458250582218, 0.171815887093544, 0.0742640346288681, 0.2503018081188202, 0.06359545141458511, 0.27186036109924316]"
2025-09-04 13:48:59.179098,Sad,"[0.144455224275589, 0.016252150759100914, 0.14030548930168152, 0.2059757262468338, 0.2720504701137543, 0.020050199702382088, 0.200910747051239]"
2025-09-04 13:48:59.323695,Sad,"[0.1849907785654068, 0.01953970082104206, 0.14264115691184998, 0.1535337269306183, 0.25319528579711914, 0.03887491300702095, 0.20722442865371704]"
2025-09-04 13:48:59.367579,Happy,"[0.1251000463962555, 0.014299857430160046, 0.1284555196762085, 0.2890681028366089, 0.14520969986915588, 0.10223360359668732, 0.19563324749469757]"
2025-09-04 13:48:59.414061,Sad,"[0.15964558720588684, 0.016947180032730103, 0.24543294310569763, 0.04589062184095383, 0.3295898139476776, 0.029265763238072395, 0.17322805523872375]"
2025-09-04 13:48:59.459336,Sad,"[0.16963137686252594, 0.017426680773496628, 0.14905856549739838, 0.13095474243164062, 0.26486948132514954, 0.036546237766742706, 0.2315128743648529]"
2025-09-04 13:48:59.618646,Sad,"[0.2187940627336502, 0.024569157510995865, 0.15353472530841827, 0.14873534440994263, 0.30782827734947205, 0.015333550050854683, 0.13120485842227936]"
2025-09-04 13:48:59.663824,Sad,"[0.17164337635040283, 0.019726667553186417, 0.14823904633522034, 0.20741413533687592, 0.20893755555152893, 0.06869466602802277, 0.1753445416688919]"
2025-09-04 13:48:59.705768,Sad,"[0.15719306468963623, 0.015149537473917007, 0.25528624653816223, 0.0408688485622406, 0.2877860367298126, 0.037992577999830246, 0.20572373270988464]"
2025-09-04 13:48:59.746186,Neutral,"[0.16017183661460876, 0.017618883401155472, 0.152650386095047, 0.16351832449436188, 0.20677445828914642, 0.08651126176118851, 0.21275487542152405]"
2025-09-04 13:48:59.876923,Sad,"[0.22656239569187164, 0.027207989245653152, 0.16193386912345886, 0.1569126695394516, 0.3275062143802643, 0.009193814359605312, 0.09068301320075989]"
2025-09-04 13:48:59.919226,Sad,"[0.1808009296655655, 0.01940639317035675, 0.20735229551792145, 0.0745045617222786, 0.3123829960823059, 0.030288394540548325, 0.17526450753211975]"
2025-09-04 13:48:59.960463,Happy,"[0.16408216953277588, 0.01869560033082962, 0.14745959639549255, 0.2060212641954422, 0.2059306502342224, 0.07251376658678055, 0.18529696762561798]"
2025-09-04 13:49:00.001781,Happy,"[0.09989003837108612, 0.011321593075990677, 0.1300763338804245, 0.2650212049484253, 0.12678039073944092, 0.1370704472064972, 0.22984005510807037]"
2025-09-04 13:49:00.042267,Sad,"[0.16817490756511688, 0.01758885756134987, 0.15275968611240387, 0.13877102732658386, 0.2613407075405121, 0.03870120272040367, 0.22266364097595215]"
2025-09-04 13:49:00.194982,Sad,"[0.16760435700416565, 0.018676938489079475, 0.2004248946905136, 0.10807030647993088, 0.25924086570739746, 0.05891978740692139, 0.18706290423870087]"
2025-09-04 13:49:00.237886,Sad,"[0.2233554720878601, 0.025974275544285774, 0.15865735709667206, 0.14917318522930145, 0.327572762966156, 0.010220670141279697, 0.10504629462957382]"
2025-09-04 13:49:00.282636,Sad,"[0.19029752910137177, 0.022752344608306885, 0.16370445489883423, 0.20399492979049683, 0.25667014718055725, 0.03128034994006157, 0.13130024075508118]"
2025-09-04 13:49:00.325558,Happy,"[0.14034295082092285, 0.015850208699703217, 0.14066602289676666, 0.2209179550409317, 0.1675022840499878, 0.11030164361000061, 0.20441895723342896]"
2025-09-04 13:49:00.366988,Sad,"[0.20156563818454742, 0.0241718590259552, 0.15720956027507782, 0.2076871544122696, 0.23987984657287598, 0.03933093324303627, 0.1301550716161728]"
2025-09-04 13:49:00.560785,Sad,"[0.17669163644313812, 0.01801270991563797, 0.14956378936767578, 0.11548985540866852, 0.34206870198249817, 0.01102974358946085, 0.18714356422424316]"
2025-09-04 13:49:00.634894,Sad,"[0.20609872043132782, 0.023691998794674873, 0.1575128436088562, 0.17283895611763, 0.28016364574432373, 0.02317279949784279, 0.13652102649211884]"
2025-09-04 13:49:00.680791,Sad,"[0.16225062310695648, 0.01746484264731407, 0.2037692666053772, 0.08679081499576569, 0.26937130093574524, 0.055350590497255325, 0.205002561211586]"
2025-09-04 13:49:00.721926,Sad,"[0.17634600400924683, 0.020427240058779716, 0.1515294462442398, 0.2077963501214981, 0.21781513094902039, 0.059742752462625504, 0.16634297370910645]"
2025-09-04 13:49:00.764324,Sad,"[0.21882502734661102, 0.02414879761636257, 0.16686797142028809, 0.11173420399427414, 0.3340476155281067, 0.01316562108695507, 0.13121071457862854]"
2025-09-04 13:49:00.921071,Sad,"[0.2112988531589508, 0.02362058497965336, 0.1539551168680191, 0.15335713326931, 0.29872390627861023, 0.018145719543099403, 0.14089860022068024]"
2025-09-04 13:49:00.964062,Sad,"[0.17632222175598145, 0.018389739096164703, 0.1546279639005661, 0.12102893739938736, 0.34843015670776367, 0.00999467447400093, 0.1712062805891037]"
2025-09-04 13:49:01.005241,Sad,"[0.17661063373088837, 0.020618682727217674, 0.15851609408855438, 0.20606333017349243, 0.23646901547908783, 0.04500855132937431, 0.156713604927063]"
2025-09-04 13:49:01.045030,Sad,"[0.16315481066703796, 0.01632530614733696, 0.25496095418930054, 0.05112827196717262, 0.2798113524913788, 0.042733799666166306, 0.19188548624515533]"
2025-09-04 13:49:01.086273,Sad,"[0.20355500280857086, 0.02401050366461277, 0.17657475173473358, 0.15810014307498932, 0.2886103391647339, 0.023725058883428574, 0.12542423605918884]"
2025-09-04 13:49:01.127644,Sad,"[0.1748976707458496, 0.019189123064279556, 0.17426854372024536, 0.12786579132080078, 0.24310138821601868, 0.06269672513008118, 0.19798070192337036]"
2025-09-04 13:49:01.300830,Sad,"[0.21703480184078217, 0.025423327460885048, 0.1606399267911911, 0.16203559935092926, 0.3101279139518738, 0.013548257760703564, 0.11119012534618378]"
2025-09-04 13:49:01.341255,Sad,"[0.1810448318719864, 0.021292300894856453, 0.16025227308273315, 0.2057352215051651, 0.24268603324890137, 0.04038168489933014, 0.14860768616199493]"
2025-09-04 13:49:01.381755,Sad,"[0.1641043871641159, 0.017699915915727615, 0.17635121941566467, 0.11353537440299988, 0.23250824213027954, 0.07826894521713257, 0.21753191947937012]"
2025-09-04 13:49:01.421861,Sad,"[0.20090942084789276, 0.02251952327787876, 0.1639368087053299, 0.14815345406532288, 0.2605496942996979, 0.03997424244880676, 0.16395695507526398]"
2025-09-04 13:49:01.558613,Sad,"[0.21447552740573883, 0.024606965482234955, 0.15899254381656647, 0.15176817774772644, 0.320207417011261, 0.012254452332854271, 0.11769489198923111]"
2025-09-04 13:49:01.598355,Happy,"[0.14613011479377747, 0.017076807096600533, 0.13767725229263306, 0.3038380742073059, 0.17837288975715637, 0.056490130722522736, 0.16041478514671326]"
2025-09-04 13:49:01.643240,Happy,"[0.11014342308044434, 0.012458435259759426, 0.12672054767608643, 0.25840118527412415, 0.1403881311416626, 0.1172398254275322, 0.2346484661102295]"
2025-09-04 13:49:01.685446,Sad,"[0.16365234553813934, 0.017532050609588623, 0.16523423790931702, 0.1294308453798294, 0.23467180132865906, 0.06731575727462769, 0.22216303646564484]"
2025-09-04 13:49:01.726807,Sad,"[0.18846631050109863, 0.022953467443585396, 0.1437227576971054, 0.24816462397575378, 0.25286146998405457, 0.020322956144809723, 0.12350845336914062]"
2025-09-04 13:49:01.879037,Sad,"[0.2225283831357956, 0.02571623958647251, 0.15797342360019684, 0.14819198846817017, 0.32643789052963257, 0.010611183010041714, 0.1085408553481102]"
2025-09-04 13:49:01.920666,Sad,"[0.18212854862213135, 0.021465212106704712, 0.16086345911026, 0.20551596581935883, 0.24483516812324524, 0.03891514614224434, 0.14627651870250702]"
2025-09-04 13:49:01.962515,Neutral,"[0.15078826248645782, 0.015813903883099556, 0.18270836770534515, 0.09364055842161179, 0.23726215958595276, 0.0785798579454422, 0.24120685458183289]"
2025-09-04 13:49:02.115881,Sad,"[0.22129905223846436, 0.02496843971312046, 0.1547340750694275, 0.14181454479694366, 0.32568269968032837, 0.01139488909393549, 0.12010636180639267]"
2025-09-04 13:49:02.157723,Sad,"[0.18764778971672058, 0.01882905699312687, 0.144522026181221, 0.09943892061710358, 0.37096622586250305, 0.0071068452671170235, 0.17148911952972412]"
2025-09-04 13:49:02.199770,Happy,"[0.17526760697364807, 0.020489001646637917, 0.14896894991397858, 0.2318873405456543, 0.21606697142124176, 0.05117783695459366, 0.15614233911037445]"
2025-09-04 13:49:02.241167,Sad,"[0.1941724568605423, 0.021191652864217758, 0.17897827923297882, 0.1115165427327156, 0.30001014471054077, 0.027067609131336212, 0.16706332564353943]"
2025-09-04 13:49:02.390127,Sad,"[0.22553907334804535, 0.025753546506166458, 0.15496067702770233, 0.14713604748249054, 0.31851011514663696, 0.012257848866283894, 0.11584267765283585]"
2025-09-04 13:49:02.431036,Sad,"[0.18190521001815796, 0.018569212406873703, 0.14955300092697144, 0.10416769981384277, 0.3757273554801941, 0.006684701424092054, 0.1633928418159485]"
2025-09-04 13:49:02.471899,Sad,"[0.1982842981815338, 0.023899873718619347, 0.16264118254184723, 0.20439663529396057, 0.2562605142593384, 0.03046022169291973, 0.12405724823474884]"
2025-09-04 13:49:02.513147,Sad,"[0.19735516607761383, 0.02342863939702511, 0.18754160404205322, 0.14997750520706177, 0.28888705372810364, 0.026295112445950508, 0.12651491165161133]"
2025-09-04 13:49:02.647600,Sad,"[0.21217091381549835, 0.02327066659927368, 0.15090148150920868, 0.14496876299381256, 0.30240821838378906, 0.017608599737286568, 0.14867132902145386]"
2025-09-04 13:49:02.690969,Sad,"[0.1522437483072281, 0.01575176604092121, 0.19951093196868896, 0.07060089707374573, 0.25811678171157837, 0.06689344346523285, 0.23688247799873352]"
2025-09-04 13:49:02.732441,Sad,"[0.18753379583358765, 0.022192319855093956, 0.15928435325622559, 0.206511989235878, 0.2417052835226059, 0.04019416868686676, 0.14257816970348358]"
2025-09-04 13:49:02.774660,Sad,"[0.163678377866745, 0.017482660710811615, 0.169558584690094, 0.12741771340370178, 0.2568132281303406, 0.048796527087688446, 0.2162528783082962]"
2025-09-04 13:49:02.815772,Sad,"[0.2018577605485916, 0.023409977555274963, 0.16495424509048462, 0.16499821841716766, 0.30081072449684143, 0.01736637018620968, 0.12660275399684906]"
2025-09-04 13:49:02.964493,Sad,"[0.2327301949262619, 0.026952868327498436, 0.15545842051506042, 0.1378391534090042, 0.34163698554039, 0.007902102544903755, 0.09748037159442902]"
2025-09-04 13:49:03.006022,Neutral,"[0.1516718715429306, 0.015177515335381031, 0.17820537090301514, 0.0751032903790474, 0.2548939287662506, 0.061526745557785034, 0.26342129707336426]"
2025-09-04 13:49:03.047416,Sad,"[0.20002606511116028, 0.024063754826784134, 0.16035164892673492, 0.20589886605739594, 0.24926802515983582, 0.033944450318813324, 0.12644721567630768]"
2025-09-04 13:49:03.087550,Sad,"[0.1652563512325287, 0.017786439508199692, 0.18111012876033783, 0.11403483152389526, 0.2597673833370209, 0.05240218713879585, 0.20964272320270538]"
2025-09-04 13:49:03.128142,Sad,"[0.1670815348625183, 0.01650611311197281, 0.14508214592933655, 0.1081235259771347, 0.33794718980789185, 0.011704917065799236, 0.21355457603931427]"
2025-09-04 13:49:03.167988,Sad,"[0.19475038349628448, 0.0201925840228796, 0.1461217850446701, 0.12618133425712585, 0.3132733702659607, 0.016266269609332085, 0.18321429193019867]"
2025-09-04 13:49:03.313118,Sad,"[0.22358113527297974, 0.025206809863448143, 0.15363809466362, 0.14352603256702423, 0.3193693161010742, 0.012510125525295734, 0.12216851860284805]"
2025-09-04 13:49:03.353223,Neutral,"[0.1553589552640915, 0.01572827622294426, 0.17345190048217773, 0.0863637626171112, 0.25329115986824036, 0.05980582907795906, 0.2560001015663147]"
2025-09-04 13:49:03.397274,Sad,"[0.19464439153671265, 0.02313121408224106, 0.15642312169075012, 0.20801880955696106, 0.2353706955909729, 0.0433880053460598, 0.13902373611927032]"
2025-09-04 13:49:03.442891,Neutral,"[0.155453622341156, 0.017386091873049736, 0.15546678006649017, 0.16528630256652832, 0.1954047977924347, 0.1045086681842804, 0.20649370551109314]"
2025-09-04 13:49:03.595607,Sad,"[0.22763796150684357, 0.02563631162047386, 0.15274949371814728, 0.13772889971733093, 0.32883766293525696, 0.010631087236106396, 0.11677858978509903]"
2025-09-04 13:49:03.636530,Sad,"[0.1941588968038559, 0.02326348051428795, 0.15724042057991028, 0.21773342788219452, 0.24123048782348633, 0.03580499440431595, 0.1305682361125946]"
2025-09-04 13:49:03.680538,Happy,"[0.14110660552978516, 0.016152838245034218, 0.1592862457036972, 0.22564108669757843, 0.2013242542743683, 0.06568858027458191, 0.1908004730939865]"
2025-09-04 13:49:03.722646,Sad,"[0.166485995054245, 0.0180530808866024, 0.1811409592628479, 0.1171758696436882, 0.2544630169868469, 0.05635684356093407, 0.2063242346048355]"
2025-09-04 13:49:03.861003,Sad,"[0.21690434217453003, 0.024760955944657326, 0.15825605392456055, 0.1410834640264511, 0.33855804800987244, 0.009192650206387043, 0.11124446988105774]"
2025-09-04 13:49:03.901849,Sad,"[0.1717715859413147, 0.017337046563625336, 0.14914987981319427, 0.11123338341712952, 0.3486602008342743, 0.010086779482662678, 0.19176113605499268]"
2025-09-04 13:49:03.941694,Sad,"[0.19196197390556335, 0.022834397852420807, 0.1589149534702301, 0.20757237076759338, 0.24222281575202942, 0.03897987678647041, 0.13751353323459625]"
2025-09-04 13:49:03.981877,Neutral,"[0.15617448091506958, 0.015291014686226845, 0.16727840900421143, 0.07523594796657562, 0.262294739484787, 0.051351189613342285, 0.2723741829395294]"
2025-09-04 13:49:04.118335,Sad,"[0.20041252672672272, 0.02254212088882923, 0.15557536482810974, 0.16605150699615479, 0.28111255168914795, 0.024006925523281097, 0.15029901266098022]"
2025-09-04 13:49:04.157916,Sad,"[0.19937139749526978, 0.023912139236927032, 0.1589776873588562, 0.20676226913928986, 0.24461698532104492, 0.0367341972887516, 0.12962530553340912]"
2025-09-04 13:49:04.200867,Sad,"[0.16829808056354523, 0.016601519659161568, 0.1454412192106247, 0.10304383188486099, 0.3538687229156494, 0.009331764653325081, 0.2034149467945099]"
2025-09-04 13:49:04.242016,Sad,"[0.1671977937221527, 0.018349535763263702, 0.16777931153774261, 0.1427989900112152, 0.2365330010652542, 0.06334034353494644, 0.2040010243654251]"
2025-09-04 13:49:04.376242,Sad,"[0.21460674703121185, 0.02456779219210148, 0.15827608108520508, 0.15341271460056305, 0.3148897588253021, 0.013381744734942913, 0.12086525559425354]"
2025-09-04 13:49:04.440053,Sad,"[0.15898409485816956, 0.01682877540588379, 0.20683930814266205, 0.07692571729421616, 0.2801833748817444, 0.049114979803562164, 0.2111237496137619]"
2025-09-04 13:49:04.486095,Sad,"[0.20223726332187653, 0.024341842159628868, 0.15904870629310608, 0.2066260725259781, 0.2458733320236206, 0.03556154668331146, 0.12631122767925262]"
2025-09-04 13:49:04.526640,Sad,"[0.17778274416923523, 0.01963001862168312, 0.1514149010181427, 0.17220599949359894, 0.2338743507862091, 0.05327065661549568, 0.1918213814496994]"
2025-09-04 13:49:04.678934,Sad,"[0.20756687223911285, 0.022692473605275154, 0.1525920182466507, 0.14105677604675293, 0.3134206235408783, 0.015137630514800549, 0.1475335657596588]"
2025-09-04 13:49:04.721578,Sad,"[0.19874528050422668, 0.023932594805955887, 0.1618024706840515, 0.2049788236618042, 0.2535895109176636, 0.031777989119291306, 0.12517328560352325]"
2025-09-04 13:49:04.764288,Happy,"[0.10585028678178787, 0.01217641495168209, 0.1300915777683258, 0.30030012130737305, 0.14942120015621185, 0.08006226271390915, 0.22209805250167847]"
2025-09-04 13:49:04.805204,Sad,"[0.16852708160877228, 0.018626736477017403, 0.15170054137706757, 0.1779426485300064, 0.2291341871023178, 0.05641104653477669, 0.1976577788591385]"
2025-09-04 13:49:04.845730,Sad,"[0.1940869837999344, 0.021717220544815063, 0.17357634007930756, 0.12990234792232513, 0.3103712797164917, 0.019773438572883606, 0.15057234466075897]"
2025-09-04 13:49:04.886108,Neutral,"[0.13632622361183167, 0.01387214008718729, 0.1559610366821289, 0.12275169044733047, 0.2030063271522522, 0.08365114033222198, 0.2844313979148865]"
2025-09-04 13:49:05.014254,Sad,"[0.21547824144363403, 0.02441619709134102, 0.1563994139432907, 0.15004469454288483, 0.314358651638031, 0.013751279562711716, 0.12555143237113953]"
2025-09-04 13:49:05.055199,Sad,"[0.1957825869321823, 0.023447051644325256, 0.1607283502817154, 0.20580461621284485, 0.24891556799411774, 0.03474227711558342, 0.1305796056985855]"
2025-09-04 13:49:05.096723,Sad,"[0.19078250229358673, 0.02232840657234192, 0.15178103744983673, 0.19775623083114624, 0.2527981400489807, 0.03284115344285965, 0.15171252191066742]"
2025-09-04 13:49:05.241948,Sad,"[0.22729258239269257, 0.024779845029115677, 0.14893266558647156, 0.12267444282770157, 0.3397696316242218, 0.009631047956645489, 0.1269197016954422]"
2025-09-04 13:49:05.284501,Sad,"[0.18800361454486847, 0.022294197231531143, 0.16034263372421265, 0.20600777864456177, 0.24505966901779175, 0.03804856166243553, 0.14024347066879272]"
2025-09-04 13:49:05.326832,Sad,"[0.16326011717319489, 0.017249643802642822, 0.17678476870059967, 0.10713429749011993, 0.2546410858631134, 0.056759703904390335, 0.22417034208774567]"
2025-09-04 13:49:05.366641,Sad,"[0.1951085925102234, 0.022709012031555176, 0.15541712939739227, 0.19093742966651917, 0.2641771733760834, 0.02817266248166561, 0.14347802102565765]"
2025-09-04 13:49:05.523505,Sad,"[0.22613801062107086, 0.024514056742191315, 0.14759089052677155, 0.12085998058319092, 0.34426864981651306, 0.00895789172500372, 0.12767061591148376]"
2025-09-04 13:49:05.567954,Sad,"[0.18022552132606506, 0.019505366683006287, 0.20957499742507935, 0.06709074974060059, 0.3724406361579895, 0.011781313456594944, 0.13938142359256744]"
2025-09-04 13:49:05.609662,Sad,"[0.199327290058136, 0.0238652303814888, 0.15788307785987854, 0.20736610889434814, 0.24119722843170166, 0.03884131833910942, 0.13151976466178894]"
2025-09-04 13:49:05.653235,Happy,"[0.10938914120197296, 0.012390319257974625, 0.1383025050163269, 0.25557345151901245, 0.1331956386566162, 0.13881750404834747, 0.2123313844203949]"
2025-09-04 13:49:05.696192,Sad,"[0.17850689589977264, 0.0196266807615757, 0.15401045978069305, 0.16563354432582855, 0.2427474409341812, 0.047950226813554764, 0.1915246695280075]"
2025-09-04 13:49:05.740932,Sad,"[0.1983622908592224, 0.023894697427749634, 0.15418946743011475, 0.22575439512729645, 0.2356613427400589, 0.03615335002541542, 0.12598443031311035]"
2025-09-04 13:49:05.894800,Sad,"[0.16882295906543732, 0.01927644945681095, 0.15193083882331848, 0.19119398295879364, 0.20473738014698029, 0.08064298331737518, 0.18339534103870392]"
2025-09-04 13:49:05.939869,Sad,"[0.20317113399505615, 0.02576165460050106, 0.1760147213935852, 0.18300320208072662, 0.3248273432254791, 0.008620264008641243, 0.07860161364078522]"
2025-09-04 13:49:05.986424,Sad,"[0.1693698763847351, 0.01742531731724739, 0.14930084347724915, 0.13119472563266754, 0.26115313172340393, 0.038902416825294495, 0.23265375196933746]"
2025-09-04 13:49:06.032927,Sad,"[0.16642993688583374, 0.01793820969760418, 0.18784253299236298, 0.10501609742641449, 0.2630310356616974, 0.053335558623075485, 0.20640666782855988]"
2025-09-04 13:49:06.179462,Sad,"[0.18015903234481812, 0.018568450585007668, 0.151118665933609, 0.11689964681863785, 0.34652936458587646, 0.010267616249620914, 0.1764572709798813]"
2025-09-04 13:49:06.226235,Sad,"[0.21890312433242798, 0.023157836869359016, 0.14553017914295197, 0.11531563848257065, 0.3459835350513458, 0.009233351796865463, 0.14187635481357574]"
2025-09-04 13:49:06.271123,Happy,"[0.17084605991840363, 0.01959186978638172, 0.14647597074508667, 0.2073441594839096, 0.20467537641525269, 0.07318301498889923, 0.1778835654258728]"
2025-09-04 13:49:06.312740,Sad,"[0.16351227462291718, 0.016707390546798706, 0.16247372329235077, 0.10837079584598541, 0.2690882980823517, 0.040868811309337616, 0.238978773355484]"
2025-09-04 13:49:06.353241,Sad,"[0.20051360130310059, 0.023957081139087677, 0.1743997037410736, 0.17452412843704224, 0.2719806432723999, 0.02884954772889614, 0.12577523291110992]"
2025-09-04 13:49:06.516666,Sad,"[0.21532291173934937, 0.023472702130675316, 0.15040090680122375, 0.1360383927822113, 0.3177076578140259, 0.013953483663499355, 0.1431039571762085]"
2025-09-04 13:49:06.558612,Sad,"[0.16828365623950958, 0.01943075656890869, 0.15708667039871216, 0.2054634541273117, 0.23061536252498627, 0.0500958152115345, 0.16902434825897217]"
2025-09-04 13:49:06.600620,Sad,"[0.16076165437698364, 0.016685044392943382, 0.16984067857265472, 0.10933038592338562, 0.2663778066635132, 0.044637877494096756, 0.23236657679080963]"
2025-09-04 13:49:06.644415,Sad,"[0.17799177765846252, 0.019547300413250923, 0.19482523202896118, 0.10411014407873154, 0.28924325108528137, 0.03648269549012184, 0.1777995526790619]"
2025-09-04 13:49:06.781641,Sad,"[0.22038112580776215, 0.024145230650901794, 0.15103472769260406, 0.12335128337144852, 0.3500216007232666, 0.00821769516915083, 0.12284832447767258]"
2025-09-04 13:49:06.822056,Happy,"[0.15908966958522797, 0.01689777337014675, 0.16091492772102356, 0.24909360706806183, 0.166388601064682, 0.08481043577194214, 0.16280503571033478]"
2025-09-04 13:49:06.960266,Sad,"[0.21141965687274933, 0.022308871150016785, 0.16078484058380127, 0.09358835965394974, 0.36052489280700684, 0.00931620318442583, 0.14205721020698547]"
2025-09-04 13:49:07.001210,Sad,"[0.18438629806041718, 0.019017377868294716, 0.1503148227930069, 0.1147737130522728, 0.3507554233074188, 0.009581043384969234, 0.17117124795913696]"
2025-09-04 13:49:07.041577,Happy,"[0.13262522220611572, 0.014996812678873539, 0.13790301978588104, 0.23141707479953766, 0.16017231345176697, 0.11288870871067047, 0.2099967896938324]"
2025-09-04 13:49:07.082033,Neutral,"[0.16282348334789276, 0.01558560412377119, 0.15252061188220978, 0.0792662501335144, 0.27147671580314636, 0.039515431970357895, 0.27881187200546265]"
2025-09-04 13:49:07.215518,Sad,"[0.20873865485191345, 0.022311914712190628, 0.15357442200183868, 0.1231217086315155, 0.320973664522171, 0.014918079599738121, 0.15636159479618073]"
2025-09-04 13:49:07.257085,Sad,"[0.161179780960083, 0.01833551563322544, 0.14944729208946228, 0.20534494519233704, 0.2101498693227768, 0.06844300776720047, 0.18709957599639893]"
2025-09-04 13:49:07.299364,Sad,"[0.1692085564136505, 0.017928315326571465, 0.1729200780391693, 0.1131918877363205, 0.26062220335006714, 0.049681760370731354, 0.21644724905490875]"
2025-09-04 13:49:07.339620,Sad,"[0.19233858585357666, 0.02144433557987213, 0.15756992995738983, 0.14240653812885284, 0.31968608498573303, 0.014189491048455238, 0.15236501395702362]"
2025-09-04 13:49:07.481588,Sad,"[0.2127866894006729, 0.02229117974638939, 0.14463964104652405, 0.12041286379098892, 0.32755914330482483, 0.012580118142068386, 0.15973035991191864]"
2025-09-04 13:49:07.523144,Neutral,"[0.15268342196941376, 0.01538934651762247, 0.1766868680715561, 0.0798034518957138, 0.2508944571018219, 0.06415563076734543, 0.26038676500320435]"
2025-09-04 13:49:07.566337,Sad,"[0.17707455158233643, 0.017658891156315804, 0.1456443965435028, 0.10397958010435104, 0.3567003607749939, 0.0089117381721735, 0.1900305300951004]"
2025-09-04 13:49:07.607375,Sad,"[0.17787130177021027, 0.020718686282634735, 0.15535259246826172, 0.20718291401863098, 0.2280607521533966, 0.05102933198213577, 0.1597844809293747]"
2025-09-04 13:49:07.753247,Sad,"[0.20140719413757324, 0.02068081684410572, 0.15346798300743103, 0.10280401259660721, 0.32532361149787903, 0.015782857313752174, 0.1805335432291031]"
2025-09-04 13:49:07.794530,Sad,"[0.17569653689861298, 0.017393935471773148, 0.14447714388370514, 0.1019180491566658, 0.3569590449333191, 0.00887537281960249, 0.19467996060848236]"
2025-09-04 13:49:07.836624,Sad,"[0.17381152510643005, 0.020121388137340546, 0.15372994542121887, 0.2070445716381073, 0.22292152047157288, 0.05563431605696678, 0.16673676669597626]"
2025-09-04 13:49:07.877511,Sad,"[0.1799973100423813, 0.018335815519094467, 0.15014652907848358, 0.11810466647148132, 0.28315383195877075, 0.028949663043022156, 0.2213122397661209]"
2025-09-04 13:49:08.023807,Sad,"[0.20514799654483795, 0.021878734230995178, 0.14911317825317383, 0.1320425420999527, 0.31688782572746277, 0.014850972220301628, 0.1600787490606308]"
2025-09-04 13:49:08.063743,Sad,"[0.16809745132923126, 0.01636231690645218, 0.14235812425613403, 0.10009870678186417, 0.3492544889450073, 0.00988050177693367, 0.21394836902618408]"
2025-09-04 13:49:08.129665,Sad,"[0.1808672696352005, 0.020587284117937088, 0.155135840177536, 0.21008197963237762, 0.2114543914794922, 0.0618058405816555, 0.1600673794746399]"
2025-09-04 13:49:08.180280,Sad,"[0.19654878973960876, 0.023123951628804207, 0.15780749917030334, 0.1965326964855194, 0.25522586703300476, 0.032379452139139175, 0.13838176429271698]"
2025-09-04 13:49:08.222724,Sad,"[0.1724291890859604, 0.018494492396712303, 0.1603727787733078, 0.14297345280647278, 0.26808962225914, 0.03603805601596832, 0.20160245895385742]"
2025-09-04 13:49:08.263447,Happy,"[0.11686277389526367, 0.013210073113441467, 0.1403108537197113, 0.2408408671617508, 0.14237497746944427, 0.13356375694274902, 0.21283666789531708]"
2025-09-04 13:49:08.412053,Sad,"[0.20625704526901245, 0.022797519341111183, 0.1545601487159729, 0.14640890061855316, 0.31031423807144165, 0.015677308663725853, 0.1439848691225052]"
2025-09-04 13:49:08.455465,Sad,"[0.16736869513988495, 0.01746189221739769, 0.17984721064567566, 0.09546434134244919, 0.27120357751846313, 0.04663045331835747, 0.22202377021312714]"
2025-09-04 13:49:08.497855,Sad,"[0.17850546538829803, 0.020961401984095573, 0.16128011047840118, 0.20509707927703857, 0.24502599239349365, 0.03921514376997948, 0.1499146819114685]"
2025-09-04 13:49:08.538274,Sad,"[0.20423796772956848, 0.02312709018588066, 0.18403416872024536, 0.11814534664154053, 0.31151333451271057, 0.021195512264966965, 0.13774654269218445]"
2025-09-04 13:49:08.677752,Sad,"[0.2104194015264511, 0.02269487828016281, 0.14933308959007263, 0.13619856536388397, 0.31184741854667664, 0.015644166618585587, 0.15386244654655457]"
2025-09-04 13:49:08.719574,Sad,"[0.17424415051937103, 0.020246541127562523, 0.15677101910114288, 0.20635922253131866, 0.23106999695301056, 0.049153026193380356, 0.16215598583221436]"
2025-09-04 13:49:08.760133,Sad,"[0.20080403983592987, 0.022385643795132637, 0.17136543989181519, 0.13245074450969696, 0.29101431369781494, 0.02674071490764618, 0.15523910522460938]"
2025-09-04 13:49:08.800641,Sad,"[0.15976162254810333, 0.016827449202537537, 0.17406752705574036, 0.10768336057662964, 0.2443464696407318, 0.06522265821695328, 0.23209084570407867]"
2025-09-04 13:49:08.931659,Sad,"[0.21565859019756317, 0.024174438789486885, 0.15393118560314178, 0.1500249058008194, 0.3057897388935089, 0.016019733622670174, 0.13440141081809998]"
2025-09-04 13:49:08.970960,Sad,"[0.19035093486309052, 0.01995447278022766, 0.1520530730485916, 0.1159663125872612, 0.35788479447364807, 0.008434643037617207, 0.15535573661327362]"
2025-09-04 13:49:09.014305,Angry,"[0.22500650584697723, 0.022457603365182877, 0.19468791782855988, 0.22291505336761475, 0.17876634001731873, 0.055009786039590836, 0.1011568158864975]"
2025-09-04 13:49:09.055982,Neutral,"[0.15723933279514313, 0.016691667959094048, 0.16589629650115967, 0.1158841997385025, 0.21880260109901428, 0.08988379687070847, 0.23560215532779694]"
2025-09-04 13:49:09.185021,Sad,"[0.21407665312290192, 0.024321040138602257, 0.15676262974739075, 0.15384410321712494, 0.3086521327495575, 0.015010861679911613, 0.12733261287212372]"
2025-09-04 13:49:09.227090,Sad,"[0.19315429031848907, 0.02268359437584877, 0.1544152945280075, 0.19687305390834808, 0.21678562462329865, 0.06363283842802048, 0.1524553745985031]"
2025-09-04 13:49:09.268338,Happy,"[0.17884814739227295, 0.021580783650279045, 0.14296241104602814, 0.25222691893577576, 0.2377784550189972, 0.028153622522950172, 0.13844963908195496]"
2025-09-04 13:49:09.408639,Sad,"[0.21052494645118713, 0.02361181378364563, 0.15404433012008667, 0.15708982944488525, 0.2929334342479706, 0.019748888909816742, 0.1420467495918274]"
2025-09-04 13:49:09.457395,Sad,"[0.19593365490436554, 0.020528916269540787, 0.1502494215965271, 0.11634905636310577, 0.3522440195083618, 0.009060610085725784, 0.1556343138217926]"
2025-09-04 13:49:09.506968,Sad,"[0.19608227908611298, 0.023458100855350494, 0.1598498374223709, 0.20632292330265045, 0.2462172508239746, 0.03625993803143501, 0.13180969655513763]"
2025-09-04 13:49:09.549927,Sad,"[0.16216625273227692, 0.017286324873566628, 0.1696084588766098, 0.12301679700613022, 0.24503956735134125, 0.05982716754078865, 0.22305543720722198]"
2025-09-04 13:49:09.695015,Sad,"[0.21008384227752686, 0.022857144474983215, 0.15019261837005615, 0.14226987957954407, 0.3037734031677246, 0.017512893304228783, 0.1533101499080658]"
2025-09-04 13:49:09.740758,Sad,"[0.18258710205554962, 0.02139110676944256, 0.155833899974823, 0.20752453804016113, 0.23047584295272827, 0.04860047996044159, 0.15358704328536987]"
2025-09-04 13:49:09.782682,Neutral,"[0.1480848789215088, 0.015429859980940819, 0.18214020133018494, 0.08700379729270935, 0.22820143401622772, 0.09101587533950806, 0.2481239140033722]"
2025-09-04 13:49:09.824583,Sad,"[0.18241320550441742, 0.020635614171624184, 0.11927609890699387, 0.23469293117523193, 0.2451186627149582, 0.021132659167051315, 0.17673087120056152]"
2025-09-04 13:49:09.975942,Sad,"[0.2230992168188095, 0.025237178429961205, 0.1541728526353836, 0.14561070501804352, 0.3173384368419647, 0.012850407510995865, 0.12169114500284195]"
2025-09-04 13:49:10.018672,Sad,"[0.17563381791114807, 0.017752813175320625, 0.14739766716957092, 0.11581486463546753, 0.3322716951370239, 0.012707475572824478, 0.19842159748077393]"
2025-09-04 13:49:10.060673,Neutral,"[0.15573683381080627, 0.015802117064595222, 0.17054469883441925, 0.08907287567853928, 0.24514959752559662, 0.06612449884414673, 0.25756940245628357]"
2025-09-04 13:49:10.102153,Sad,"[0.19848451018333435, 0.022354725748300552, 0.18523234128952026, 0.11911211907863617, 0.2996343672275543, 0.02648627571761608, 0.14869563281536102]"
2025-09-04 13:49:10.247575,Sad,"[0.22050146758556366, 0.024719486013054848, 0.15317316353321075, 0.14563751220703125, 0.31259551644325256, 0.01420724019408226, 0.12916560471057892]"
2025-09-04 13:49:10.289352,Sad,"[0.15522073209285736, 0.015744999051094055, 0.17460927367210388, 0.08665556460618973, 0.25505203008651733, 0.05857498198747635, 0.2541424036026001]"
2025-09-04 13:49:10.329911,Sad,"[0.2005065232515335, 0.024181226268410683, 0.1598655730485916, 0.2092820256948471, 0.249232217669487, 0.032765258103609085, 0.12416724860668182]"
2025-09-04 13:49:10.370987,Neutral,"[0.15438193082809448, 0.0168769508600235, 0.16604740917682648, 0.13491126894950867, 0.2092783898115158, 0.0980827733874321, 0.22042125463485718]"
2025-09-04 13:49:10.517548,Sad,"[0.2041517198085785, 0.02129032276570797, 0.14276662468910217, 0.052757926285266876, 0.5029836893081665, 0.0008209729567170143, 0.07522869855165482]"
2025-09-04 13:49:10.556437,Sad,"[0.17102821171283722, 0.019620349630713463, 0.15681245923042297, 0.1745171695947647, 0.2427905648946762, 0.046229999512434006, 0.18900121748447418]"
2025-09-04 13:49:10.598053,Sad,"[0.1598365604877472, 0.01724151521921158, 0.1717282086610794, 0.12233757972717285, 0.22837309539318085, 0.07875686883926392, 0.2217261642217636]"
2025-09-04 13:49:10.750153,Sad,"[0.22920538485050201, 0.025921039283275604, 0.15322519838809967, 0.13087788224220276, 0.3458835780620575, 0.007949523627758026, 0.10693740844726562]"
2025-09-04 13:49:10.792216,Sad,"[0.1634746938943863, 0.018932582810521126, 0.269378125667572, 0.023576680570840836, 0.46001121401786804, 0.002786540426313877, 0.06184017285704613]"
2025-09-04 13:49:10.833841,Sad,"[0.16335128247737885, 0.017447350546717644, 0.16835437715053558, 0.12483837455511093, 0.2420819103717804, 0.06192341446876526, 0.2220032513141632]"
2025-09-04 13:49:10.875698,Sad,"[0.20407235622406006, 0.02216811664402485, 0.1571170687675476, 0.12637576460838318, 0.33649662137031555, 0.011419872753322124, 0.14235012233257294]"
2025-09-04 13:49:11.007104,Sad,"[0.21912574768066406, 0.024289840832352638, 0.1518457680940628, 0.1418069750070572, 0.3141121566295624, 0.014211483299732208, 0.13460807502269745]"
2025-09-04 13:49:11.049418,Sad,"[0.17053435742855072, 0.018070656806230545, 0.20728416740894318, 0.069586381316185, 0.3491557538509369, 0.017309313639998436, 0.16805939376354218]"
2025-09-04 13:49:11.089807,Sad,"[0.17442849278450012, 0.01771107129752636, 0.14995428919792175, 0.11101890355348587, 0.353903204202652, 0.00932602770626545, 0.18365800380706787]"
2025-09-04 13:49:11.131749,Happy,"[0.14423608779907227, 0.016503142192959785, 0.14609076082706451, 0.2276388704776764, 0.20391710102558136, 0.06148381903767586, 0.20013026893138885]"
2025-09-04 13:49:11.171766,Sad,"[0.1715802699327469, 0.018972963094711304, 0.16060476005077362, 0.1634533405303955, 0.2462688386440277, 0.047562722116708755, 0.19155706465244293]"
2025-09-04 13:49:11.211285,Sad,"[0.1799907088279724, 0.020079148933291435, 0.1384115070104599, 0.18550756573677063, 0.2656935453414917, 0.025501761585474014, 0.18481582403182983]"
2025-09-04 13:49:11.347305,Sad,"[0.2091139703989029, 0.02306612953543663, 0.1491808146238327, 0.15951411426067352, 0.2893823981285095, 0.01963549479842186, 0.1501070261001587]"
2025-09-04 13:49:11.388525,Sad,"[0.17220619320869446, 0.017609845846891403, 0.15980978310108185, 0.10634973645210266, 0.3367080092430115, 0.013678881339728832, 0.19363756477832794]"
2025-09-04 13:49:11.431932,Sad,"[0.18546119332313538, 0.020914621651172638, 0.1612873524427414, 0.15404701232910156, 0.28037387132644653, 0.02741064690053463, 0.17050530016422272]"
2025-09-04 13:49:11.474967,Sad,"[0.15864738821983337, 0.017969531938433647, 0.17266687750816345, 0.17079328000545502, 0.2481427937746048, 0.047568429261446, 0.18421168625354767]"
2025-09-04 13:49:11.605140,Sad,"[0.20774979889392853, 0.022387700155377388, 0.15264499187469482, 0.12977252900600433, 0.3224645256996155, 0.013864622451364994, 0.15111586451530457]"
2025-09-04 13:49:11.674640,Sad,"[0.15836665034294128, 0.016533344984054565, 0.16985474526882172, 0.10857561975717545, 0.24393495917320251, 0.06364741921424866, 0.23908731341362]"
2025-09-04 13:49:11.719484,Sad,"[0.18550929427146912, 0.01937638595700264, 0.15278847515583038, 0.11511076986789703, 0.3606525957584381, 0.008202662691473961, 0.1583598405122757]"
2025-09-04 13:49:11.760988,Sad,"[0.16326110064983368, 0.01879889890551567, 0.16552242636680603, 0.1931019127368927, 0.24151550233364105, 0.04614892229437828, 0.17165125906467438]"
2025-09-04 13:49:11.801023,Surprise,"[0.06809430569410324, 0.006941524334251881, 0.2630830407142639, 0.05141158029437065, 0.09078525006771088, 0.3434489071369171, 0.17623543739318848]"
2025-09-04 13:49:11.840998,Sad,"[0.20071178674697876, 0.02211763709783554, 0.1661175638437271, 0.13329020142555237, 0.29011523723602295, 0.026365837082266808, 0.1612817943096161]"
2025-09-04 13:49:11.975703,Sad,"[0.2141362577676773, 0.02371157705783844, 0.15157431364059448, 0.14927354454994202, 0.29831185936927795, 0.018398556858301163, 0.1445939540863037]"
2025-09-04 13:49:12.016682,Sad,"[0.16809439659118652, 0.017247376963496208, 0.1573735475540161, 0.11630615592002869, 0.2647262513637543, 0.04128609970211983, 0.2349662184715271]"
2025-09-04 13:49:12.057749,Neutral,"[0.1533115804195404, 0.017126282677054405, 0.15633247792720795, 0.15844251215457916, 0.19074706733226776, 0.11523954570293427, 0.2088005542755127]"
2025-09-04 13:49:12.098663,Sad,"[0.1671954095363617, 0.017510266974568367, 0.18204228579998016, 0.0961393490433693, 0.2781620919704437, 0.042227741330862045, 0.21672281622886658]"
2025-09-04 13:49:12.141036,Surprise,"[0.07262276113033295, 0.007079907692968845, 0.2525806725025177, 0.04221754148602486, 0.0913468450307846, 0.3469422459602356, 0.18721002340316772]"
2025-09-04 13:49:12.285308,Sad,"[0.20639123022556305, 0.02256520837545395, 0.15046578645706177, 0.14994527399539948, 0.29056021571159363, 0.021408863365650177, 0.15866342186927795]"
2025-09-04 13:49:12.324560,Sad,"[0.18377384543418884, 0.018856128677725792, 0.14948613941669464, 0.11298887431621552, 0.35164615511894226, 0.00948331505060196, 0.17376552522182465]"
2025-09-04 13:49:12.367384,Surprise,"[0.07515637576580048, 0.007658063899725676, 0.2801723778247833, 0.04739270359277725, 0.10505140572786331, 0.3036755919456482, 0.1808934360742569]"
2025-09-04 13:49:12.410051,Neutral,"[0.1559581607580185, 0.016141103580594063, 0.17284917831420898, 0.0984698161482811, 0.24287687242031097, 0.06773315370082855, 0.2459716945886612]"
2025-09-04 13:49:12.544179,Sad,"[0.22246654331684113, 0.024932315573096275, 0.15323568880558014, 0.14044588804244995, 0.32317104935646057, 0.011967048980295658, 0.12378137558698654]"
2025-09-04 13:49:12.584881,Sad,"[0.16597622632980347, 0.017506740987300873, 0.178727924823761, 0.1047263815999031, 0.26827770471572876, 0.04684677720069885, 0.21793822944164276]"
2025-09-04 13:49:12.624896,Sad,"[0.17109723389148712, 0.01697610691189766, 0.1889561414718628, 0.057064738124608994, 0.28953614830970764, 0.04214397072792053, 0.23422569036483765]"
2025-09-04 13:49:12.667826,Sad,"[0.15701670944690704, 0.01688118278980255, 0.1416371911764145, 0.15910646319389343, 0.3120463192462921, 0.013220608234405518, 0.20009154081344604]"
2025-09-04 13:49:12.708469,Sad,"[0.16868047416210175, 0.017487820237874985, 0.1633189171552658, 0.10987995564937592, 0.24938538670539856, 0.056481700390577316, 0.2347656935453415]"
2025-09-04 13:49:12.748299,Surprise,"[0.0626162588596344, 0.005756129510700703, 0.22923874855041504, 0.04326069355010986, 0.07814572751522064, 0.35914313793182373, 0.22183935344219208]"
2025-09-04 13:49:12.790339,Sad,"[0.18102867901325226, 0.018882296979427338, 0.14703036844730377, 0.14046858251094818, 0.2846944034099579, 0.02495810016989708, 0.20293757319450378]"
2025-09-04 13:49:12.962041,Sad,"[0.20806065201759338, 0.02294805459678173, 0.16212444007396698, 0.13284899294376373, 0.30562207102775574, 0.019366227090358734, 0.14902961254119873]"
2025-09-04 13:49:13.003576,Sad,"[0.18181492388248444, 0.01921398751437664, 0.15098357200622559, 0.14267019927501678, 0.2774502635002136, 0.028838040307164192, 0.19902904331684113]"
2025-09-04 13:49:13.044146,Surprise,"[0.07434573769569397, 0.007738604210317135, 0.26300206780433655, 0.06210969015955925, 0.10822195559740067, 0.289106547832489, 0.19547539949417114]"
2025-09-04 13:49:13.085616,Sad,"[0.18088798224925995, 0.019222240895032883, 0.16764697432518005, 0.11798902601003647, 0.26839420199394226, 0.04190181940793991, 0.20395778119564056]"
2025-09-04 13:49:13.248721,Sad,"[0.20932716131210327, 0.022022226825356483, 0.1596994251012802, 0.09835771471261978, 0.3478960692882538, 0.011284388601779938, 0.1514129489660263]"
2025-09-04 13:49:13.289592,Sad,"[0.17926834523677826, 0.018684862181544304, 0.15405535697937012, 0.116922527551651, 0.3578616678714752, 0.00866523664444685, 0.1645420789718628]"
2025-09-04 13:49:13.332776,Sad,"[0.18241046369075775, 0.01906636543571949, 0.19003206491470337, 0.07711580395698547, 0.3292721211910248, 0.021276382729411125, 0.1808268427848816]"
2025-09-04 13:49:13.371565,Sad,"[0.18494810163974762, 0.02176145650446415, 0.1572113186120987, 0.20724131166934967, 0.23492716252803802, 0.04506645351648331, 0.1488441675901413]"
2025-09-04 13:49:13.411257,Sad,"[0.19245953857898712, 0.02037389948964119, 0.1717691570520401, 0.10014473646879196, 0.3306255042552948, 0.0166509710252285, 0.16797620058059692]"
2025-09-04 13:49:13.451670,Sad,"[0.16265900433063507, 0.017680877819657326, 0.17269936203956604, 0.12887141108512878, 0.23610897362232208, 0.06877516955137253, 0.2132052183151245]"
2025-09-04 13:49:13.492109,Sad,"[0.2009933590888977, 0.024052541702985764, 0.16288542747497559, 0.19585953652858734, 0.26675471663475037, 0.026276223361492157, 0.12317816913127899]"
2025-09-04 13:49:13.655883,Sad,"[0.1995762586593628, 0.02096410095691681, 0.14454464614391327, 0.1375291645526886, 0.28845199942588806, 0.02307523600757122, 0.18585850298404694]"
2025-09-04 13:49:13.698914,Sad,"[0.16928032040596008, 0.018063275143504143, 0.20410670340061188, 0.08018838614225388, 0.2876185178756714, 0.04312877357006073, 0.19761395454406738]"
2025-09-04 13:49:13.740040,Sad,"[0.17888404428958893, 0.017843740060925484, 0.144887313246727, 0.10589573532342911, 0.3490716516971588, 0.009922746568918228, 0.19349470734596252]"
2025-09-04 13:49:13.782159,Sad,"[0.16122469305992126, 0.018361221998929977, 0.1507827192544937, 0.2052634209394455, 0.213340625166893, 0.06534415483474731, 0.18568310141563416]"
2025-09-04 13:49:13.822873,Sad,"[0.18002541363239288, 0.02002362161874771, 0.14522403478622437, 0.1635296791791916, 0.2408151775598526, 0.046284329146146774, 0.20409777760505676]"
2025-09-04 13:49:13.975954,Sad,"[0.20625297725200653, 0.021692095324397087, 0.14507164061069489, 0.13128703832626343, 0.30406653881073, 0.018112963065505028, 0.17351673543453217]"
2025-09-04 13:49:14.016668,Sad,"[0.1864355504512787, 0.02211504802107811, 0.16177427768707275, 0.20520463585853577, 0.2490009218454361, 0.03591949865221977, 0.13955001533031464]"
2025-09-04 13:49:14.060243,Fear,"[0.09513317048549652, 0.009901908226311207, 0.2642735242843628, 0.05715295299887657, 0.1398943066596985, 0.23146161437034607, 0.20218248665332794]"
2025-09-04 13:49:14.101525,Sad,"[0.20164579153060913, 0.02426973171532154, 0.16465868055820465, 0.19654478132724762, 0.25151798129081726, 0.03500843420624733, 0.1263546198606491]"
2025-09-04 13:49:14.144248,Neutral,"[0.16336847841739655, 0.016684802249073982, 0.15463653206825256, 0.11171558499336243, 0.2365521639585495, 0.06423718482255936, 0.252805233001709]"
2025-09-04 13:49:14.287720,Sad,"[0.20508180558681488, 0.021560361608862877, 0.1444578915834427, 0.1338205337524414, 0.29673928022384644, 0.02023351937532425, 0.17810668051242828]"
2025-09-04 13:49:14.328167,Sad,"[0.1736730933189392, 0.017593394964933395, 0.1487385481595993, 0.11540476977825165, 0.33751577138900757, 0.011814280413091183, 0.19526012241840363]"
2025-09-04 13:49:14.370515,Sad,"[0.17268170416355133, 0.019965896382927895, 0.15372823178768158, 0.20688293874263763, 0.22269022464752197, 0.0559515506029129, 0.16809944808483124]"
2025-09-04 13:49:14.411092,Sad,"[0.2011437565088272, 0.025292007252573967, 0.17539352178573608, 0.18616048991680145, 0.3171083927154541, 0.010162238962948322, 0.08473950624465942]"
2025-09-04 13:49:14.452800,Sad,"[0.17401690781116486, 0.017869694158434868, 0.156622052192688, 0.11376643925905228, 0.2602705657482147, 0.04483380168676376, 0.232620507478714]"
2025-09-04 13:49:14.492022,Happy,"[0.17349396646022797, 0.0209481380879879, 0.12889954447746277, 0.2817740738391876, 0.23544788360595703, 0.020719923079013824, 0.1387164145708084]"
2025-09-04 13:49:14.661119,Sad,"[0.20494532585144043, 0.022008340805768967, 0.14802217483520508, 0.14262987673282623, 0.29367923736572266, 0.020871594548225403, 0.16784341633319855]"
2025-09-04 13:49:14.700555,Sad,"[0.17295604944229126, 0.01997620426118374, 0.15215371549129486, 0.20739135146141052, 0.2185109704732895, 0.05942975729703903, 0.16958194971084595]"
2025-09-04 13:49:14.741156,Sad,"[0.18611931800842285, 0.019885146990418434, 0.14939142763614655, 0.1327272206544876, 0.3391771614551544, 0.010311338119208813, 0.16238845884799957]"
2025-09-04 13:49:14.808726,Sad,"[0.1985962688922882, 0.021094877272844315, 0.1593247652053833, 0.10333479940891266, 0.32443875074386597, 0.016505755484104156, 0.1767047941684723]"
2025-09-04 13:49:14.977077,Sad,"[0.1959816813468933, 0.020252440124750137, 0.14056901633739471, 0.13540814816951752, 0.27732139825820923, 0.027350906282663345, 0.20311641693115234]"
2025-09-04 13:49:15.021033,Neutral,"[0.1449144333600998, 0.014786208979785442, 0.1899712085723877, 0.07141552120447159, 0.2416445016860962, 0.08010479062795639, 0.2571633756160736]"
2025-09-04 13:49:15.061885,Sad,"[0.17950856685638428, 0.01851743645966053, 0.15150806307792664, 0.11706242710351944, 0.3473524749279022, 0.010152355767786503, 0.17589861154556274]"
2025-09-04 13:49:15.103022,Sad,"[0.17331987619400024, 0.02004867233335972, 0.15347766876220703, 0.20702430605888367, 0.2221727818250656, 0.0563163198530674, 0.16764041781425476]"
2025-09-04 13:49:15.143918,Sad,"[0.19708023965358734, 0.023718873038887978, 0.16264371573925018, 0.2044679969549179, 0.25577184557914734, 0.03087013214826584, 0.1254471242427826]"
2025-09-04 13:49:15.188152,Sad,"[0.20032936334609985, 0.023204097524285316, 0.1704207807779312, 0.1571684181690216, 0.29928749799728394, 0.01945844665169716, 0.13013136386871338]"
2025-09-04 13:49:15.229048,Sad,"[0.17780835926532745, 0.018169263377785683, 0.17448580265045166, 0.08558422327041626, 0.28381800651550293, 0.03871023282408714, 0.22142407298088074]"
2025-09-04 13:49:15.271452,Neutral,"[0.10801906883716583, 0.011394298635423183, 0.2047111690044403, 0.09125574678182602, 0.17739947140216827, 0.1451895534992218, 0.26203063130378723]"
2025-09-04 13:49:15.419139,Sad,"[0.21277697384357452, 0.022813357412815094, 0.147496297955513, 0.13423463702201843, 0.3098246455192566, 0.01613173820078373, 0.1567223072052002]"
2025-09-04 13:49:15.464340,Happy,"[0.13246946036815643, 0.014968978241086006, 0.14116273820400238, 0.2278168499469757, 0.15968792140483856, 0.11658015102148056, 0.20731402933597565]"
2025-09-04 13:49:15.505448,Sad,"[0.20394179224967957, 0.024742338806390762, 0.1622767448425293, 0.20421664416790009, 0.25743669271469116, 0.02909829653799534, 0.11828753352165222]"
2025-09-04 13:49:15.546072,Sad,"[0.1650206297636032, 0.017522169277071953, 0.17715825140476227, 0.10681423544883728, 0.24787932634353638, 0.0634140819311142, 0.22219130396842957]"
2025-09-04 13:49:15.584525,Sad,"[0.20482034981250763, 0.02493331767618656, 0.16459119319915771, 0.20085038244724274, 0.26290303468704224, 0.026899095624685287, 0.11500262469053268]"
2025-09-04 13:49:15.718817,Sad,"[0.2125188708305359, 0.022649655118584633, 0.1459045112133026, 0.13440096378326416, 0.30365800857543945, 0.017805922776460648, 0.16306206583976746]"
2025-09-04 13:49:15.760115,Happy,"[0.10799390077590942, 0.012211943045258522, 0.13955697417259216, 0.24837636947631836, 0.13267607986927032, 0.14376184344291687, 0.21542276442050934]"
2025-09-04 13:49:15.800360,Neutral,"[0.1573960781097412, 0.017180176451802254, 0.16451746225357056, 0.14083930850028992, 0.21737992763519287, 0.08433761447668076, 0.21834953129291534]"
2025-09-04 13:49:15.939038,Sad,"[0.21341241896152496, 0.02302294410765171, 0.14800260961055756, 0.13777638971805573, 0.3053310215473175, 0.017128579318523407, 0.15532612800598145]"
2025-09-04 13:49:15.980756,Happy,"[0.12611982226371765, 0.014268685132265091, 0.14260046184062958, 0.23424287140369415, 0.15486633777618408, 0.11882326006889343, 0.20907868444919586]"
2025-09-04 13:49:16.022531,Sad,"[0.20830847322940826, 0.023628657683730125, 0.1522195190191269, 0.1565423160791397, 0.2967294156551361, 0.017815669998526573, 0.14475585520267487]"
2025-09-04 13:49:16.176676,Sad,"[0.17144837975502014, 0.019769813865423203, 0.15231698751449585, 0.20694388449192047, 0.21886174380779266, 0.059371963143348694, 0.17128726840019226]"
2025-09-04 13:49:16.224201,Sad,"[0.2033851593732834, 0.022662827745079994, 0.13883788883686066, 0.16223590075969696, 0.3031858205795288, 0.014355525374412537, 0.15533684194087982]"
2025-09-04 13:49:16.375691,Sad,"[0.2070924937725067, 0.021734915673732758, 0.1451365202665329, 0.12814798951148987, 0.3107341527938843, 0.016397306695580482, 0.17075666785240173]"
2025-09-04 13:49:16.417685,Sad,"[0.1721794754266739, 0.017514070495963097, 0.14809982478618622, 0.12360262870788574, 0.31590983271598816, 0.01610400341451168, 0.20659007132053375]"
2025-09-04 13:49:16.458770,Happy,"[0.10468947887420654, 0.011864765547215939, 0.14265744388103485, 0.254242867231369, 0.13270331919193268, 0.1382729560136795, 0.2155691534280777]"
2025-09-04 13:49:16.500647,Sad,"[0.18273423612117767, 0.019339576363563538, 0.14757177233695984, 0.14753930270671844, 0.2569328844547272, 0.03892913833260536, 0.20695315301418304]"
2025-09-04 13:49:16.637415,Sad,"[0.2020583152770996, 0.02096007578074932, 0.14394505321979523, 0.12610609829425812, 0.3084096312522888, 0.01723674312233925, 0.1812840849161148]"
2025-09-04 13:49:16.678106,Sad,"[0.16812533140182495, 0.01726808398962021, 0.15063253045082092, 0.1294131875038147, 0.3112991154193878, 0.0172430332750082, 0.20601865649223328]"
2025-09-04 13:49:16.718168,Fear,"[0.16057339310646057, 0.01574127934873104, 0.2102096527814865, 0.16621960699558258, 0.13586625456809998, 0.1639292687177658, 0.14746060967445374]"
2025-09-04 13:49:16.847804,Sad,"[0.20988762378692627, 0.022335806861519814, 0.14711995422840118, 0.1315944790840149, 0.3123699426651001, 0.015743613243103027, 0.16094855964183807]"
2025-09-04 13:49:16.890548,Sad,"[0.15651801228523254, 0.015897095203399658, 0.17313210666179657, 0.08960983157157898, 0.2576654851436615, 0.05536728724837303, 0.25181013345718384]"
2025-09-04 13:49:16.932860,Sad,"[0.1922948658466339, 0.02241111360490322, 0.16889247298240662, 0.17225287854671478, 0.24589510262012482, 0.04685037583112717, 0.1514032483100891]"
2025-09-04 13:49:16.974713,Neutral,"[0.157057985663414, 0.015918433666229248, 0.15591183304786682, 0.09726116061210632, 0.21747751533985138, 0.09037362039089203, 0.2659994959831238]"
2025-09-04 13:49:17.111757,Sad,"[0.2079600989818573, 0.02203896827995777, 0.1465355008840561, 0.13189257681369781, 0.30888333916664124, 0.01671666093170643, 0.1659727692604065]"
2025-09-04 13:49:17.156175,Sad,"[0.16191425919532776, 0.017199719324707985, 0.20585589110851288, 0.0788605809211731, 0.28236785531044006, 0.047117799520492554, 0.20668387413024902]"
2025-09-04 13:49:17.196730,Sad,"[0.1657802164554596, 0.01771099865436554, 0.16184036433696747, 0.1330302655696869, 0.23667772114276886, 0.0631408616900444, 0.22181949019432068]"
2025-09-04 13:49:17.237577,Sad,"[0.19952209293842316, 0.023392725735902786, 0.17078323662281036, 0.1692008078098297, 0.26185691356658936, 0.035707756876945496, 0.13953641057014465]"
2025-09-04 13:49:17.377802,Sad,"[0.21025040745735168, 0.022080253809690475, 0.1446879655122757, 0.12687058746814728, 0.31243857741355896, 0.015883024781942368, 0.16778914630413055]"
2025-09-04 13:49:17.419794,Sad,"[0.1480918824672699, 0.01559342723339796, 0.18937145173549652, 0.0892222672700882, 0.23887528479099274, 0.07999254018068314, 0.2388530969619751]"
2025-09-04 13:49:17.463965,Happy,"[0.14336706697940826, 0.01639740727841854, 0.15428370237350464, 0.22487705945968628, 0.2019583135843277, 0.06540879607200623, 0.1937076449394226]"
2025-09-04 13:49:17.505456,Sad,"[0.19355052709579468, 0.023207129910588264, 0.16301923990249634, 0.20436729490756989, 0.2556299865245819, 0.031405311077833176, 0.1288205087184906]"
2025-09-04 13:49:17.544547,Neutral,"[0.15246383845806122, 0.01613805629312992, 0.16308775544166565, 0.11137554049491882, 0.20497441291809082, 0.11001258343458176, 0.24194782972335815]"
2025-09-04 13:49:17.698668,Sad,"[0.20750467479228973, 0.02220780774950981, 0.14594699442386627, 0.1428062617778778, 0.28731831908226013, 0.022879766300320625, 0.17133615911006927]"
2025-09-04 13:49:17.740945,Neutral,"[0.1560257524251938, 0.015873925760388374, 0.16317451000213623, 0.09411683678627014, 0.2272607684135437, 0.08207128196954727, 0.26147693395614624]"
2025-09-04 13:49:17.781748,Sad,"[0.20451854169368744, 0.024664049968123436, 0.15855950117111206, 0.2068231701850891, 0.24514709413051605, 0.03563932329416275, 0.12464826554059982]"
2025-09-04 13:49:17.918956,Sad,"[0.21256031095981598, 0.022465422749519348, 0.14470167458057404, 0.13040317595005035, 0.3068687617778778, 0.017076928168535233, 0.16592375934123993]"
2025-09-04 13:49:17.961448,Neutral,"[0.1399499922990799, 0.01418089959770441, 0.17884694039821625, 0.1798619031906128, 0.13636459410190582, 0.1702200025320053, 0.18057569861412048]"
2025-09-04 13:49:18.001871,Sad,"[0.1715233325958252, 0.01845025271177292, 0.17008326947689056, 0.12273809313774109, 0.2443544715642929, 0.06120193749666214, 0.21164864301681519]"
2025-09-04 13:49:18.141664,Sad,"[0.21142692863941193, 0.022057512775063515, 0.14370276033878326, 0.12204553931951523, 0.31973797082901, 0.014237536117434502, 0.16679178178310394]"
2025-09-04 13:49:18.183108,Sad,"[0.18011081218719482, 0.020473282784223557, 0.15506476163864136, 0.18653464317321777, 0.23203417658805847, 0.05259370803833008, 0.17318861186504364]"
2025-09-04 13:49:18.349313,Sad,"[0.20623095333576202, 0.02188645489513874, 0.14534185826778412, 0.13848528265953064, 0.29202526807785034, 0.021524211391806602, 0.17450599372386932]"
2025-09-04 13:49:18.392458,Sad,"[0.17566955089569092, 0.01788925565779209, 0.14918296039104462, 0.1173347607254982, 0.33561763167381287, 0.012117971666157246, 0.19218787550926208]"
2025-09-04 13:49:18.460759,Sad,"[0.16992051899433136, 0.01875605620443821, 0.15638935565948486, 0.16276676952838898, 0.2244221270084381, 0.06690169125795364, 0.2008434534072876]"
2025-09-04 13:49:18.617403,Sad,"[0.21175283193588257, 0.022739898413419724, 0.14867426455020905, 0.1323176622390747, 0.3174566328525543, 0.014388141222298145, 0.15267060697078705]"
2025-09-04 13:49:18.661698,Happy,"[0.14132116734981537, 0.01602708175778389, 0.14667055010795593, 0.22293341159820557, 0.1781805455684662, 0.09414470195770264, 0.20072253048419952]"
2025-09-04 13:49:18.705594,Neutral,"[0.16026100516319275, 0.01701429858803749, 0.1562691628932953, 0.12748150527477264, 0.211628258228302, 0.09193174540996552, 0.2354140281677246]"
2025-09-04 13:49:18.746598,Sad,"[0.1896180808544159, 0.021948104724287987, 0.17413750290870667, 0.16205444931983948, 0.26005107164382935, 0.03986818343400955, 0.15232256054878235]"
2025-09-04 13:49:18.909177,Sad,"[0.23075339198112488, 0.025285596027970314, 0.14697480201721191, 0.10570617020130157, 0.38548505306243896, 0.004392905160784721, 0.10140212625265121]"
2025-09-04 13:49:18.950903,Sad,"[0.17766189575195312, 0.018217317759990692, 0.15309283137321472, 0.11870347708463669, 0.2741609811782837, 0.03424927592277527, 0.22391420602798462]"
2025-09-04 13:49:19.119036,Sad,"[0.14819060266017914, 0.014222211204469204, 0.21641016006469727, 0.03416786342859268, 0.3039068579673767, 0.038738884031772614, 0.24436339735984802]"
2025-09-04 13:49:19.159279,Sad,"[0.16292451322078705, 0.01619182899594307, 0.15870799124240875, 0.09397262334823608, 0.26479578018188477, 0.04447362571954727, 0.2589336335659027]"
2025-09-04 13:49:19.301241,Sad,"[0.21905075013637543, 0.023807745426893234, 0.15055492520332336, 0.12358836829662323, 0.3426196873188019, 0.009491520933806896, 0.1308869868516922]"
2025-09-04 13:49:19.342124,Sad,"[0.19449485838413239, 0.02069932222366333, 0.17356422543525696, 0.10042545199394226, 0.3260994851589203, 0.018056051805615425, 0.16666056215763092]"
2025-09-04 13:49:19.383518,Sad,"[0.1590518206357956, 0.016742713749408722, 0.17181797325611115, 0.11383356153964996, 0.25135961174964905, 0.056389689445495605, 0.23080456256866455]"
2025-09-04 13:49:19.551633,Sad,"[0.20855024456977844, 0.022446556016802788, 0.1500314176082611, 0.13558411598205566, 0.3094993829727173, 0.016537215560674667, 0.1573510468006134]"
2025-09-04 13:49:19.591604,Sad,"[0.14202040433883667, 0.014209620654582977, 0.2440090924501419, 0.030902987346053123, 0.3634099066257477, 0.018080823123455048, 0.187367245554924]"
2025-09-04 13:49:19.635100,Sad,"[0.15059082210063934, 0.014025012031197548, 0.2097499668598175, 0.026343410834670067, 0.3551889955997467, 0.018380895256996155, 0.2257208377122879]"
2025-09-04 13:49:19.676440,Sad,"[0.14253559708595276, 0.01470143347978592, 0.24784313142299652, 0.03816010802984238, 0.3598184883594513, 0.01882716827094555, 0.178114116191864]"
2025-09-04 13:49:19.718847,Sad,"[0.1766805350780487, 0.020732790231704712, 0.23617656528949738, 0.09200280159711838, 0.2778892517089844, 0.051084574311971664, 0.1454334557056427]"
2025-09-04 13:49:19.760013,Neutral,"[0.16676928102970123, 0.017064891755580902, 0.15019099414348602, 0.12149472534656525, 0.2419784814119339, 0.055385883897542953, 0.24711571633815765]"
2025-09-04 13:49:19.907343,Sad,"[0.21319955587387085, 0.022631920874118805, 0.14466780424118042, 0.1339634358882904, 0.30029526352882385, 0.01875291019678116, 0.16648904979228973]"
2025-09-04 13:49:20.038902,Sad,"[0.20693902671337128, 0.02282867021858692, 0.1509465128183365, 0.1556226760149002, 0.28368815779685974, 0.023440593853592873, 0.15653441846370697]"
2025-09-04 13:49:20.165173,Sad,"[0.22120141983032227, 0.024465031921863556, 0.15098442137241364, 0.14002498984336853, 0.3150889575481415, 0.013959171250462532, 0.13427607715129852]"
2025-09-04 13:49:20.207625,Sad,"[0.17748244106769562, 0.017548473551869392, 0.14436157047748566, 0.09293095767498016, 0.386216402053833, 0.005792149342596531, 0.17566804587841034]"
2025-09-04 13:49:20.249457,Neutral,"[0.1409720480442047, 0.015154153108596802, 0.13800424337387085, 0.19638262689113617, 0.1755780726671219, 0.09686712920665741, 0.23704172670841217]"
2025-09-04 13:49:20.395230,Sad,"[0.23382963240146637, 0.024937165901064873, 0.14250491559505463, 0.1182183176279068, 0.33274367451667786, 0.010665378533303738, 0.13710089027881622]"
2025-09-04 13:49:20.436897,Neutral,"[0.13706110417842865, 0.013088575564324856, 0.19459229707717896, 0.04344615712761879, 0.2652812600135803, 0.05969097465276718, 0.28683963418006897]"
2025-09-04 13:49:20.561064,Sad,"[0.23235386610031128, 0.0260353684425354, 0.15034013986587524, 0.13768701255321503, 0.32167553901672363, 0.011828649789094925, 0.1200794130563736]"
2025-09-04 13:49:20.603385,Neutral,"[0.16405868530273438, 0.016612587496638298, 0.15057183802127838, 0.1100265383720398, 0.23220035433769226, 0.06714729964733124, 0.2593827545642853]"
2025-09-04 13:49:20.747204,Sad,"[0.23794157803058624, 0.027502240613102913, 0.15317049622535706, 0.1455286741256714, 0.3199784457683563, 0.011082880198955536, 0.10479569435119629]"
2025-09-04 13:49:20.788479,Sad,"[0.1817479282617569, 0.021124890074133873, 0.1496240198612213, 0.20763587951660156, 0.23372258245944977, 0.044199179857969284, 0.16194552183151245]"
2025-09-04 13:49:20.950508,Sad,"[0.23909495770931244, 0.026257453486323357, 0.1456821858882904, 0.11243145912885666, 0.3636716902256012, 0.006032056640833616, 0.1068301796913147]"
2025-09-04 13:49:20.992961,Neutral,"[0.16705845296382904, 0.016778936609625816, 0.14534533023834229, 0.11305258423089981, 0.2356410175561905, 0.06055165082216263, 0.2615720331668854]"
2025-09-04 13:49:21.135761,Sad,"[0.2474459856748581, 0.02804812230169773, 0.14759176969528198, 0.1181616485118866, 0.3610699474811554, 0.005604482721537352, 0.09207808971405029]"
2025-09-04 13:49:21.264142,Sad,"[0.2446417659521103, 0.026709558442234993, 0.1431523710489273, 0.10924376547336578, 0.36359986662864685, 0.005935980938374996, 0.10671671479940414]"
2025-09-04 13:49:21.306286,Sad,"[0.16720114648342133, 0.016532648354768753, 0.20404689013957977, 0.044992316514253616, 0.3383619487285614, 0.022474100813269615, 0.2063908874988556]"
2025-09-04 13:49:21.346903,Sad,"[0.14924362301826477, 0.015394830144941807, 0.28522881865501404, 0.04331061989068985, 0.29493942856788635, 0.03719756007194519, 0.17468518018722534]"
2025-09-04 13:49:21.499462,Sad,"[0.2459893822669983, 0.0269287321716547, 0.14287392795085907, 0.10677693784236908, 0.37016284465789795, 0.005247102119028568, 0.10202112048864365]"
2025-09-04 13:49:21.637849,Sad,"[0.187155619263649, 0.02011299878358841, 0.15762735903263092, 0.12372875213623047, 0.35959064960479736, 0.0080831004306674, 0.14370150864124298]"
2025-09-04 13:49:21.682495,Sad,"[0.2379881590604782, 0.027128636837005615, 0.15022936463356018, 0.11334136873483658, 0.38205254077911377, 0.00405958853662014, 0.08520033955574036]"
2025-09-04 13:49:21.728852,Sad,"[0.16825467348098755, 0.017831390723586082, 0.1581249088048935, 0.14117549359798431, 0.2752171456813812, 0.031666334718465805, 0.20773006975650787]"
2025-09-04 13:49:21.772695,Sad,"[0.16919882595539093, 0.015968376770615578, 0.16391989588737488, 0.05830466374754906, 0.3282475173473358, 0.01948540098965168, 0.24487537145614624]"
2025-09-04 13:49:21.895557,Sad,"[0.1713428646326065, 0.017517073079943657, 0.14519214630126953, 0.13472111523151398, 0.2843700349330902, 0.02519587241113186, 0.22166083753108978]"
2025-09-04 13:49:21.940619,Sad,"[0.2399352788925171, 0.026887862011790276, 0.1473241001367569, 0.10882210731506348, 0.3825076222419739, 0.004168520215898752, 0.09035451710224152]"
2025-09-04 13:49:22.100562,Sad,"[0.22355663776397705, 0.0253948662430048, 0.15521474182605743, 0.14195144176483154, 0.32822635769844055, 0.010699252597987652, 0.11495673656463623]"
2025-09-04 13:49:22.145723,Neutral,"[0.13502322137355804, 0.014882059767842293, 0.14806587994098663, 0.21514110267162323, 0.1790420114994049, 0.08650027960538864, 0.22134548425674438]"
2025-09-04 13:49:22.257559,Sad,"[0.2266126126050949, 0.024378154426813126, 0.14485685527324677, 0.12986911833286285, 0.3139421343803406, 0.01451360248029232, 0.14582744240760803]"
2025-09-04 13:49:22.365677,Sad,"[0.2309085577726364, 0.02409307286143303, 0.14000751078128815, 0.10542188584804535, 0.35373392701148987, 0.007921257987618446, 0.137913778424263]"
2025-09-04 13:49:22.501596,Sad,"[0.1391414999961853, 0.014040295034646988, 0.2169656604528427, 0.05067873001098633, 0.27505165338516235, 0.0576518252491951, 0.24647025763988495]"
2025-09-04 13:49:22.621190,Sad,"[0.16905689239501953, 0.01729867048561573, 0.14881978929042816, 0.12977227568626404, 0.30467140674591064, 0.018929725512862206, 0.21145127713680267]"
2025-09-04 13:49:22.753029,Sad,"[0.1830914318561554, 0.018827244639396667, 0.14139527082443237, 0.13812872767448425, 0.2709343731403351, 0.030326660722494125, 0.2172962725162506]"
2025-09-04 13:49:22.795676,Neutral,"[0.14837898313999176, 0.01639268919825554, 0.15479202568531036, 0.16674727201461792, 0.1895231157541275, 0.10640484094619751, 0.2177610844373703]"
2025-09-04 13:49:22.864301,Sad,"[0.17615805566310883, 0.01788591779768467, 0.14828404784202576, 0.11689496040344238, 0.3334088623523712, 0.012501033954322338, 0.19486716389656067]"
2025-09-04 13:49:22.989495,Sad,"[0.20203104615211487, 0.022828372195363045, 0.15612874925136566, 0.166748046875, 0.2824910283088684, 0.023271506652235985, 0.1465013474225998]"
2025-09-04 13:49:23.031133,Neutral,"[0.09871753305196762, 0.008355473168194294, 0.22529050707817078, 0.01003102958202362, 0.2721812129020691, 0.05202082544565201, 0.33340340852737427]"
2025-09-04 13:49:23.073527,Neutral,"[0.17489761114120483, 0.016970830038189888, 0.13265495002269745, 0.11325572431087494, 0.2638348937034607, 0.03396476060152054, 0.2644212543964386]"
2025-09-04 13:49:23.199872,Sad,"[0.17658650875091553, 0.018147608265280724, 0.15134859085083008, 0.11759053170681, 0.34393930435180664, 0.010724090971052647, 0.1816633939743042]"
2025-09-04 13:49:23.341263,Sad,"[0.20283366739749908, 0.02215033769607544, 0.1513167768716812, 0.15014073252677917, 0.29172226786613464, 0.02122117206454277, 0.1606149971485138]"
2025-09-04 13:49:23.383541,Sad,"[0.17191709578037262, 0.01773834228515625, 0.14379502832889557, 0.1431252807378769, 0.2666396498680115, 0.032390106469392776, 0.22439445555210114]"
2025-09-04 13:49:23.425553,Sad,"[0.1726485639810562, 0.017913343384861946, 0.1634608656167984, 0.11062686145305634, 0.2591380178928375, 0.048460450023412704, 0.22775191068649292]"
2025-09-04 13:49:23.572018,Neutral,"[0.16125857830047607, 0.016420673578977585, 0.16167794167995453, 0.1028670072555542, 0.24726302921772003, 0.05838514864444733, 0.25212758779525757]"
2025-09-04 13:49:23.612302,Sad,"[0.1602957397699356, 0.01859387382864952, 0.1678663045167923, 0.2000836879014969, 0.2601279616355896, 0.032437752932310104, 0.16059456765651703]"
2025-09-04 13:49:23.654762,Sad,"[0.18069395422935486, 0.020005231723189354, 0.17566117644309998, 0.1350363940000534, 0.2711837887763977, 0.038761161267757416, 0.17865830659866333]"
2025-09-04 13:49:23.794350,Sad,"[0.15145446360111237, 0.01626717858016491, 0.12731261551380157, 0.18509253859519958, 0.24577251076698303, 0.03163299337029457, 0.24246777594089508]"
2025-09-04 13:49:23.837239,Happy,"[0.15917062759399414, 0.01807541213929653, 0.14422233402729034, 0.20856422185897827, 0.20286200940608978, 0.07387595623731613, 0.19322949647903442]"
2025-09-04 13:49:23.958471,Sad,"[0.18973982334136963, 0.02104364149272442, 0.15471549332141876, 0.16640537977218628, 0.2740006148815155, 0.02766270376741886, 0.16643230617046356]"
2025-09-04 13:49:24.000368,Sad,"[0.15940681099891663, 0.01758178323507309, 0.14197373390197754, 0.1915566474199295, 0.233486145734787, 0.0453534759581089, 0.21064136922359467]"
2025-09-04 13:49:24.137419,Sad,"[0.1942027360200882, 0.022489652037620544, 0.16019611060619354, 0.18406705558300018, 0.2698485553264618, 0.027303216978907585, 0.141892671585083]"
2025-09-04 13:49:24.179748,Neutral,"[0.15693487226963043, 0.016031960025429726, 0.1662672609090805, 0.09601309895515442, 0.23629407584667206, 0.07254346460103989, 0.2559152841567993]"
2025-09-04 13:49:24.223688,Sad,"[0.16656184196472168, 0.015158523805439472, 0.18081262707710266, 0.026601994410157204, 0.4099871516227722, 0.007064630277454853, 0.1938132345676422]"
2025-09-04 13:49:24.265361,Sad,"[0.16718453168869019, 0.01563497819006443, 0.14321383833885193, 0.07765732705593109, 0.2927631139755249, 0.026146618649363518, 0.27739956974983215]"
2025-09-04 13:49:24.391544,Neutral,"[0.16725550591945648, 0.015883302316069603, 0.14348341524600983, 0.08506745845079422, 0.27250802516937256, 0.035432927310466766, 0.28036925196647644]"
2025-09-04 13:49:24.432589,Sad,"[0.1756688803434372, 0.017515668645501137, 0.14596283435821533, 0.10425513237714767, 0.3565272092819214, 0.008950283750891685, 0.191119983792305]"
2025-09-04 13:49:24.474969,Sad,"[0.18030978739261627, 0.01836915872991085, 0.14210167527198792, 0.13029086589813232, 0.2903406023979187, 0.022711899131536484, 0.21587596833705902]"
2025-09-04 13:49:24.598817,Sad,"[0.2117273360490799, 0.024476978927850723, 0.1617135852575302, 0.14653010666370392, 0.3386174142360687, 0.009071040898561478, 0.10786353796720505]"
2025-09-04 13:49:24.638784,Sad,"[0.1365310251712799, 0.01425886433571577, 0.11631745100021362, 0.16436667740345, 0.2996896505355835, 0.01099917571991682, 0.2578371465206146]"
2025-09-04 13:49:24.757374,Neutral,"[0.1371106207370758, 0.014121077954769135, 0.2128710001707077, 0.05285477638244629, 0.23281265795230865, 0.10359343886375427, 0.24663642048835754]"
2025-09-04 13:49:24.798035,Sad,"[0.1636439561843872, 0.016850434243679047, 0.22509919106960297, 0.041899241507053375, 0.379207581281662, 0.012969358824193478, 0.16033019125461578]"
2025-09-04 13:49:24.929061,Sad,"[0.21223857998847961, 0.02381293661892414, 0.1562645435333252, 0.1446654200553894, 0.3220665156841278, 0.012555848807096481, 0.1283961832523346]"
2025-09-04 13:49:25.066961,Sad,"[0.17287659645080566, 0.017583437263965607, 0.14070017635822296, 0.13597656786441803, 0.2606862187385559, 0.035815559327602386, 0.23636142909526825]"
2025-09-04 13:49:25.218569,Sad,"[0.2123585194349289, 0.024618830531835556, 0.1625005453824997, 0.1583433300256729, 0.3068836033344269, 0.015408973209559917, 0.11988610029220581]"
2025-09-04 13:49:25.373816,Sad,"[0.20618058741092682, 0.02274814061820507, 0.1673111915588379, 0.12396449595689774, 0.31824514269828796, 0.016881199553608894, 0.14466924965381622]"
2025-09-04 13:49:25.414563,Sad,"[0.19302670657634735, 0.02277030050754547, 0.16708655655384064, 0.18125386536121368, 0.29340267181396484, 0.01838168501853943, 0.12407829612493515]"
2025-09-04 13:49:25.552202,Sad,"[0.21334151923656464, 0.02383735217154026, 0.15581773221492767, 0.14502015709877014, 0.31254521012306213, 0.014910228550434113, 0.1345277577638626]"
2025-09-04 13:49:25.594533,Sad,"[0.17292669415473938, 0.020113877952098846, 0.14796550571918488, 0.21504569053649902, 0.22131893038749695, 0.05304188281297684, 0.16958743333816528]"
2025-09-04 13:49:25.634709,Happy,"[0.1295882910490036, 0.016116619110107422, 0.10256589949131012, 0.43666982650756836, 0.1374286562204361, 0.04548756778240204, 0.13214315474033356]"
2025-09-04 13:49:25.755235,Sad,"[0.20351596176624298, 0.022105321288108826, 0.15664039552211761, 0.13712620735168457, 0.29014697670936584, 0.02431894652545452, 0.1661462038755417]"
2025-09-04 13:49:25.805194,Sad,"[0.17128893733024597, 0.015375503338873386, 0.12300668656826019, 0.07801766693592072, 0.33620014786720276, 0.010541447438299656, 0.2655695676803589]"
2025-09-04 13:49:25.847573,Sad,"[0.17740198969841003, 0.017967507243156433, 0.20822864770889282, 0.042042218148708344, 0.3831298351287842, 0.01144563127309084, 0.15978418290615082]"
2025-09-04 13:49:25.890719,Sad,"[0.1590995043516159, 0.0168545413762331, 0.17873187363147736, 0.09268695116043091, 0.2637665867805481, 0.05135619640350342, 0.23750439286231995]"
2025-09-04 13:49:26.035382,Sad,"[0.18471191823482513, 0.019409045577049255, 0.1517854928970337, 0.13505451381206512, 0.27942967414855957, 0.02905775047838688, 0.2005515843629837]"
2025-09-04 13:49:26.163554,Sad,"[0.18219958245754242, 0.01944107562303543, 0.196794331073761, 0.08231490105390549, 0.2974839210510254, 0.03555463254451752, 0.18621158599853516]"
2025-09-04 13:49:26.309348,Sad,"[0.19592484831809998, 0.02073574811220169, 0.15687499940395355, 0.12423144280910492, 0.2798403799533844, 0.03134603053331375, 0.1910465657711029]"
2025-09-04 13:49:26.428217,Sad,"[0.205275297164917, 0.022288009524345398, 0.16125227510929108, 0.12176050990819931, 0.327566534280777, 0.014115997590124607, 0.14774131774902344]"
2025-09-04 13:49:26.566292,Sad,"[0.17246608436107635, 0.01749269664287567, 0.1774725615978241, 0.08092360198497772, 0.2975754141807556, 0.03219848498702049, 0.22187109291553497]"
2025-09-04 13:49:26.607551,Sad,"[0.16260336339473724, 0.01833559386432171, 0.1493409425020218, 0.19940580427646637, 0.21523591876029968, 0.06428465247154236, 0.19079379737377167]"
2025-09-04 13:49:26.648581,Sad,"[0.14707393944263458, 0.013814399018883705, 0.19991643726825714, 0.03459120914340019, 0.29600074887275696, 0.04080350697040558, 0.2677996754646301]"
2025-09-04 13:49:26.689962,Sad,"[0.14896716177463531, 0.014725297689437866, 0.19786545634269714, 0.05328506976366043, 0.27308088541030884, 0.05504175275564194, 0.2570343613624573]"
2025-09-04 13:49:26.838171,Sad,"[0.2124372124671936, 0.02242327481508255, 0.14565056562423706, 0.12529407441616058, 0.3206881880760193, 0.013892765156924725, 0.15961386263370514]"
2025-09-04 13:49:26.879467,Sad,"[0.17673136293888092, 0.018258506432175636, 0.19141970574855804, 0.06677167117595673, 0.3674226999282837, 0.01221938244998455, 0.16717667877674103]"
2025-09-04 13:49:26.921761,Sad,"[0.17180167138576508, 0.016892122104763985, 0.14152361452579498, 0.11151327937841415, 0.28714004158973694, 0.02545379288494587, 0.24567551910877228]"
2025-09-04 13:49:26.963170,Sad,"[0.19618570804595947, 0.0224317517131567, 0.16512158513069153, 0.13369841873645782, 0.3714045286178589, 0.00584100978448987, 0.10531698912382126]"
2025-09-04 13:49:27.003552,Neutral,"[0.1531807780265808, 0.014971921220421791, 0.1682695746421814, 0.07085787504911423, 0.24903559684753418, 0.06376326829195023, 0.2799209952354431]"
2025-09-04 13:49:27.044106,Neutral,"[0.1536710411310196, 0.015372260473668575, 0.17684705555438995, 0.07686372846364975, 0.25950539112091064, 0.05680914968252182, 0.2609313428401947]"
2025-09-04 13:49:27.205425,Sad,"[0.21756170690059662, 0.023199860006570816, 0.14653454720973969, 0.12494505941867828, 0.3269820511341095, 0.012330827303230762, 0.1484459489583969]"
2025-09-04 13:49:27.246820,Sad,"[0.16563157737255096, 0.01840122975409031, 0.21385395526885986, 0.09250236302614212, 0.33008071780204773, 0.02136586606502533, 0.15816427767276764]"
2025-09-04 13:49:27.287311,Sad,"[0.16807569563388824, 0.016705816611647606, 0.14853210747241974, 0.1093994751572609, 0.31380215287208557, 0.017738409340381622, 0.2257463037967682]"
2025-09-04 13:49:27.328753,Sad,"[0.19728003442287445, 0.023784585297107697, 0.1723095178604126, 0.1513047218322754, 0.3626224398612976, 0.005729553289711475, 0.08696914464235306]"
2025-09-04 13:49:27.370805,Sad,"[0.1651586890220642, 0.017387116327881813, 0.1670701503753662, 0.11956489831209183, 0.25696542859077454, 0.04940790683031082, 0.22444574534893036]"
2025-09-04 13:49:27.506778,Sad,"[0.20478922128677368, 0.02126978524029255, 0.15011444687843323, 0.11156170815229416, 0.3300226330757141, 0.013470085337758064, 0.1687721163034439]"
2025-09-04 13:49:27.546391,Neutral,"[0.14648541808128357, 0.01640925370156765, 0.1479666531085968, 0.19808244705200195, 0.1827569305896759, 0.10018299520015717, 0.20811641216278076]"
2025-09-04 13:49:27.588669,Sad,"[0.15857365727424622, 0.01671581342816353, 0.18283793330192566, 0.09989061951637268, 0.2568587362766266, 0.05780232325196266, 0.22732096910476685]"
2025-09-04 13:49:27.629105,Sad,"[0.19881577789783478, 0.025507917627692223, 0.1791234016418457, 0.17499519884586334, 0.34622055292129517, 0.00586371636018157, 0.0694735124707222]"
2025-09-04 13:49:27.764790,Sad,"[0.1938246786594391, 0.020162595435976982, 0.14597055315971375, 0.130622997879982, 0.30359992384910583, 0.018739376217126846, 0.18707986176013947]"
2025-09-04 13:49:27.807648,Sad,"[0.19589407742023468, 0.023706985637545586, 0.17248985171318054, 0.1749381721019745, 0.32100746035575867, 0.01106515433639288, 0.10089834034442902]"
2025-09-04 13:49:27.848640,Sad,"[0.15366309881210327, 0.01748703233897686, 0.15516872704029083, 0.20505371689796448, 0.2073567658662796, 0.07042985409498215, 0.19084082543849945]"
2025-09-04 13:49:28.006380,Sad,"[0.2113141119480133, 0.022099453955888748, 0.16066449880599976, 0.09333225339651108, 0.34575900435447693, 0.0121003994718194, 0.15473024547100067]"
2025-09-04 13:49:28.047967,Sad,"[0.20379455387592316, 0.026042470708489418, 0.17654955387115479, 0.16298729181289673, 0.3608226180076599, 0.004584252834320068, 0.0652192011475563]"
2025-09-04 13:49:28.087924,Happy,"[0.12282681465148926, 0.014018564485013485, 0.15080879628658295, 0.25226011872291565, 0.16377495229244232, 0.09398957341909409, 0.20232106745243073]"
2025-09-04 13:49:28.234497,Sad,"[0.2115606963634491, 0.022401101887226105, 0.1491398960351944, 0.11932649463415146, 0.3329126536846161, 0.011925454251468182, 0.1527336686849594]"
2025-09-04 13:49:28.273305,Happy,"[0.15838055312633514, 0.017925726249814034, 0.1397145837545395, 0.2086118906736374, 0.19317039847373962, 0.08460887521505356, 0.19758795201778412]"
2025-09-04 13:49:28.312629,Neutral,"[0.14476753771305084, 0.01614469476044178, 0.1365707516670227, 0.21328239142894745, 0.17567937076091766, 0.09859521687030792, 0.21496005356311798]"
2025-09-04 13:49:28.451956,Sad,"[0.19601388275623322, 0.020436059683561325, 0.1698257029056549, 0.09142603725194931, 0.3337860703468323, 0.01631385087966919, 0.17219838500022888]"
2025-09-04 13:49:28.600002,Sad,"[0.19860990345478058, 0.02046314999461174, 0.16311030089855194, 0.09129443764686584, 0.3372930586338043, 0.014733156189322472, 0.17449598014354706]"
2025-09-04 13:49:28.725635,Sad,"[0.20908930897712708, 0.022138524800539017, 0.15832287073135376, 0.10539471358060837, 0.3419075310230255, 0.011882934719324112, 0.15126413106918335]"
2025-09-04 13:49:28.862210,Sad,"[0.20474974811077118, 0.02131865918636322, 0.15770705044269562, 0.10204285383224487, 0.3309814929962158, 0.014755346812307835, 0.16844482719898224]"
2025-09-04 13:49:28.902248,Neutral,"[0.1417853683233261, 0.014571628533303738, 0.19137661159038544, 0.07034245878458023, 0.22963139414787292, 0.09601587802171707, 0.2562766373157501]"
2025-09-04 13:49:28.945072,Sad,"[0.1899866759777069, 0.024254487827420235, 0.1767607182264328, 0.19261020421981812, 0.3377336859703064, 0.005952849052846432, 0.07270139455795288]"
2025-09-04 13:49:29.104026,Sad,"[0.19695062935352325, 0.020531730726361275, 0.14503000676631927, 0.13223384320735931, 0.29850637912750244, 0.020070301368832588, 0.18667715787887573]"
2025-09-04 13:49:29.152560,Sad,"[0.16422013938426971, 0.018521545454859734, 0.1526069939136505, 0.18786261975765228, 0.2749233543872833, 0.024075457826256752, 0.17778992652893066]"
2025-09-04 13:49:29.204595,Sad,"[0.17820772528648376, 0.01760626584291458, 0.14312641322612762, 0.10255716741085052, 0.3506576120853424, 0.00967603549361229, 0.1981688141822815]"
2025-09-04 13:49:29.246122,Sad,"[0.14957112073898315, 0.015447405166924, 0.19563357532024384, 0.07348690927028656, 0.25236907601356506, 0.07060509920120239, 0.2428867518901825]"
2025-09-04 13:49:29.383885,Sad,"[0.2070215940475464, 0.021171934902668, 0.14554299414157867, 0.10644283890724182, 0.33583563566207886, 0.012083373963832855, 0.17190159857273102]"
2025-09-04 13:49:29.424739,Neutral,"[0.14640583097934723, 0.015056540258228779, 0.18691642582416534, 0.07728055119514465, 0.23703305423259735, 0.08352324366569519, 0.2537844181060791]"
2025-09-04 13:49:29.472735,Sad,"[0.1910388469696045, 0.023826120421290398, 0.17812693119049072, 0.18502241373062134, 0.3226548135280609, 0.009865631349384785, 0.08946514874696732]"
2025-09-04 13:49:29.512796,Neutral,"[0.14662587642669678, 0.014270390383899212, 0.18307916820049286, 0.05870046839118004, 0.2647216320037842, 0.05607782304286957, 0.2765246033668518]"
2025-09-04 13:49:29.655913,Sad,"[0.16307125985622406, 0.018377553671598434, 0.15281572937965393, 0.19639138877391815, 0.22644759714603424, 0.05487707257270813, 0.18801939487457275]"
2025-09-04 13:49:29.724353,Sad,"[0.18074260652065277, 0.01829134114086628, 0.14619076251983643, 0.11584970355033875, 0.32994070649147034, 0.013068577274680138, 0.1959163099527359]"
2025-09-04 13:49:29.867073,Sad,"[0.2090175747871399, 0.020807461813092232, 0.13846687972545624, 0.10250477492809296, 0.31976646184921265, 0.015183782204985619, 0.1942531019449234]"
2025-09-04 13:49:29.909107,Sad,"[0.16092291474342346, 0.01690616086125374, 0.1668354570865631, 0.11853110045194626, 0.24857014417648315, 0.05634092167019844, 0.23189327120780945]"
2025-09-04 13:49:30.019380,Happy,"[0.11616934090852737, 0.01339489035308361, 0.13955093920230865, 0.2922447621822357, 0.1639977991580963, 0.070511594414711, 0.20413058996200562]"
2025-09-04 13:49:30.061364,Sad,"[0.20563015341758728, 0.021105004474520683, 0.14229166507720947, 0.11714360862970352, 0.3227367699146271, 0.013892587274312973, 0.17720021307468414]"
2025-09-04 13:49:30.102459,Sad,"[0.17603518068790436, 0.01771472953259945, 0.1480494886636734, 0.10480352491140366, 0.3640458881855011, 0.008035371080040932, 0.1813158094882965]"
2025-09-04 13:49:30.143196,Neutral,"[0.15431958436965942, 0.014499439857900143, 0.16385520994663239, 0.06001933664083481, 0.2831752896308899, 0.03729407861828804, 0.28683701157569885]"
2025-09-04 13:49:30.262024,Sad,"[0.2277732640504837, 0.024487055838108063, 0.1458476483821869, 0.11548935621976852, 0.35091790556907654, 0.008104823529720306, 0.12738002836704254]"
2025-09-04 13:49:30.304370,Sad,"[0.19620274007320404, 0.021828262135386467, 0.17156797647476196, 0.12748751044273376, 0.32730135321617126, 0.014684717170894146, 0.14092738926410675]"
2025-09-04 13:49:30.462396,Sad,"[0.23346301913261414, 0.025419585406780243, 0.146016463637352, 0.12392253428697586, 0.33386164903640747, 0.010202101431787014, 0.1271146535873413]"
2025-09-04 13:49:30.591807,Sad,"[0.2403867393732071, 0.02824723906815052, 0.1549038141965866, 0.14434923231601715, 0.32992780208587646, 0.008892042562365532, 0.09329323470592499]"
2025-09-04 13:49:30.732476,Sad,"[0.2472553253173828, 0.028319871053099632, 0.14936381578445435, 0.12560661137104034, 0.3502412736415863, 0.006564515642821789, 0.09264855086803436]"
2025-09-04 13:49:30.774063,Sad,"[0.1586422622203827, 0.016772501170635223, 0.17203079164028168, 0.11573309451341629, 0.24749718606472015, 0.05960796773433685, 0.22971615195274353]"
2025-09-04 13:49:30.890902,Sad,"[0.2393028289079666, 0.028255561366677284, 0.15577901899814606, 0.13683950901031494, 0.3483310341835022, 0.006462478078901768, 0.08502960205078125]"
2025-09-04 13:49:31.023604,Sad,"[0.2315990924835205, 0.027312908321619034, 0.1579791009426117, 0.1509256362915039, 0.32557496428489685, 0.009827382862567902, 0.09678090363740921]"
2025-09-04 13:49:31.159531,Sad,"[0.23427008092403412, 0.025703592225909233, 0.1471554934978485, 0.12271443009376526, 0.34168314933776855, 0.008857900276780128, 0.11961536854505539]"
2025-09-04 13:49:31.294066,Sad,"[0.2273201048374176, 0.025041131302714348, 0.149854838848114, 0.1224406361579895, 0.3505222201347351, 0.007852453738451004, 0.11696863174438477]"
2025-09-04 13:49:31.335538,Sad,"[0.17386680841445923, 0.016448931768536568, 0.13599252700805664, 0.08213125169277191, 0.38405168056488037, 0.005854971706867218, 0.20165380835533142]"
2025-09-04 13:49:31.467171,Sad,"[0.2273080199956894, 0.023370716720819473, 0.1408763974905014, 0.09728872776031494, 0.3589523732662201, 0.007805722299963236, 0.1443980634212494]"
2025-09-04 13:49:31.583170,Sad,"[0.19172579050064087, 0.02103673852980137, 0.14714813232421875, 0.16942213475704193, 0.24880647659301758, 0.04026320204138756, 0.1815975308418274]"
2025-09-04 13:49:31.623939,Sad,"[0.15740051865577698, 0.01572033204138279, 0.17028690874576569, 0.08412846177816391, 0.2666710317134857, 0.04801195487380028, 0.25778070092201233]"
2025-09-04 13:49:31.760088,Sad,"[0.19114094972610474, 0.02065790630877018, 0.14731250703334808, 0.1593431830406189, 0.2615881860256195, 0.0339088998734951, 0.1860484629869461]"
2025-09-04 13:49:31.800527,Neutral,"[0.1419219970703125, 0.01471889577805996, 0.18259461224079132, 0.07716265320777893, 0.2123883217573166, 0.11668260395526886, 0.2545309364795685]"
2025-09-04 13:49:31.933954,Sad,"[0.19474583864212036, 0.020523017272353172, 0.16175828874111176, 0.11402768641710281, 0.2989819347858429, 0.024713855236768723, 0.1852494180202484]"
2025-09-04 13:49:31.975866,Sad,"[0.1802225410938263, 0.017952516674995422, 0.14464813470840454, 0.10265253484249115, 0.35791149735450745, 0.008715087547898293, 0.18789777159690857]"
2025-09-04 13:49:32.019600,Neutral,"[0.1472565233707428, 0.01571199856698513, 0.1790289580821991, 0.10376036167144775, 0.2160186469554901, 0.10110539942979813, 0.2371181696653366]"
2025-09-04 13:49:32.060949,Neutral,"[0.15813550353050232, 0.015444987453520298, 0.15270496904850006, 0.08212146162986755, 0.22928625345230103, 0.07599952816963196, 0.2863072156906128]"
2025-09-04 13:49:32.195976,Sad,"[0.16662125289440155, 0.017859747633337975, 0.23120656609535217, 0.05366501957178116, 0.3614623248577118, 0.016439810395240784, 0.1527452915906906]"
2025-09-04 13:49:32.238234,Sad,"[0.16673943400382996, 0.015715301036834717, 0.14940281212329865, 0.07406384497880936, 0.286661833524704, 0.030903363600373268, 0.27651336789131165]"
2025-09-04 13:49:32.279383,Sad,"[0.17507688701152802, 0.016918417066335678, 0.18624347448349, 0.040074463933706284, 0.39710214734077454, 0.008470091037452221, 0.17611455917358398]"
2025-09-04 13:49:32.442108,Sad,"[0.19989930093288422, 0.022270938381552696, 0.15613918006420135, 0.15679512917995453, 0.296112596988678, 0.019473101943731308, 0.14930975437164307]"
2025-09-04 13:49:32.482417,Sad,"[0.18457353115081787, 0.018217232078313828, 0.1421010047197342, 0.0911509171128273, 0.3858430087566376, 0.005736802704632282, 0.17237751185894012]"
2025-09-04 13:49:32.522636,Sad,"[0.19263485074043274, 0.02103339321911335, 0.13745559751987457, 0.1258561611175537, 0.3864728808403015, 0.00411887327209115, 0.13242825865745544]"
2025-09-04 13:49:32.562640,Neutral,"[0.1450505554676056, 0.014941916801035404, 0.18640302121639252, 0.07656876742839813, 0.23033654689788818, 0.09196199476718903, 0.25473713874816895]"
2025-09-04 13:49:32.686079,Sad,"[0.18100585043430328, 0.01853199675679207, 0.15017235279083252, 0.10941816866397858, 0.362656831741333, 0.008113604038953781, 0.170101135969162]"
2025-09-04 13:49:32.729324,Sad,"[0.197954922914505, 0.02165098860859871, 0.15549518167972565, 0.14305588603019714, 0.3160390257835388, 0.014872411265969276, 0.15093158185482025]"
2025-09-04 13:49:32.863597,Sad,"[0.17157720029354095, 0.01788569986820221, 0.14342494308948517, 0.15065442025661469, 0.2546497583389282, 0.03836803883314133, 0.22343993186950684]"
2025-09-04 13:49:32.905186,Neutral,"[0.13759303092956543, 0.014966084621846676, 0.11231042444705963, 0.21161481738090515, 0.23096242547035217, 0.02921099029481411, 0.26334232091903687]"
2025-09-04 13:49:33.082061,Sad,"[0.1896214783191681, 0.020660636946558952, 0.15308719873428345, 0.15599937736988068, 0.2834377586841583, 0.02456447295844555, 0.17262905836105347]"
2025-09-04 13:49:33.121841,Sad,"[0.15633687376976013, 0.015921011567115784, 0.17392227053642273, 0.09033761918544769, 0.25747981667518616, 0.055680710822343826, 0.25032171607017517]"
2025-09-04 13:49:33.163906,Neutral,"[0.13113248348236084, 0.012329824268817902, 0.09263800084590912, 0.11361654102802277, 0.31614992022514343, 0.006394149269908667, 0.32773905992507935]"
2025-09-04 13:49:33.204679,Sad,"[0.18587356805801392, 0.021022457629442215, 0.1751161366701126, 0.14767158031463623, 0.28080981969833374, 0.03054838813841343, 0.1589580923318863]"
2025-09-04 13:49:33.366145,Sad,"[0.20545655488967896, 0.02284727618098259, 0.15460695326328278, 0.15345533192157745, 0.2984579801559448, 0.018627436831593513, 0.14654847979545593]"
2025-09-04 13:49:33.406465,Sad,"[0.16625380516052246, 0.018847718834877014, 0.1690257042646408, 0.1550912708044052, 0.21429075300693512, 0.0866464152932167, 0.18984434008598328]"
2025-09-04 13:49:33.450877,Fear,"[0.10042625665664673, 0.009737935848534107, 0.28627467155456543, 0.0413188710808754, 0.1682972013950348, 0.15659330785274506, 0.23735176026821136]"
2025-09-04 13:49:33.491841,Neutral,"[0.14697927236557007, 0.01582218147814274, 0.18210022151470184, 0.10248085856437683, 0.21486559510231018, 0.10637135803699493, 0.23138046264648438]"
2025-09-04 13:49:33.533657,Sad,"[0.16781634092330933, 0.01728115603327751, 0.15124350786209106, 0.12723997235298157, 0.2521764636039734, 0.04642248526215553, 0.2378201186656952]"
2025-09-04 13:49:33.666629,Sad,"[0.21788083016872406, 0.024225806817412376, 0.15564575791358948, 0.13278807699680328, 0.33243146538734436, 0.011015858501195908, 0.12601223587989807]"
2025-09-04 13:49:33.708653,Neutral,"[0.11206300556659698, 0.011443830095231533, 0.08649159222841263, 0.1695866733789444, 0.29183050990104675, 0.0061250426806509495, 0.32245934009552]"
2025-09-04 13:49:33.860986,Sad,"[0.21718861162662506, 0.023897787556052208, 0.1617017686367035, 0.11715614050626755, 0.33805611729621887, 0.011558739468455315, 0.1304408460855484]"
2025-09-04 13:49:33.901407,Sad,"[0.14523831009864807, 0.01373596303164959, 0.10626161098480225, 0.11022397130727768, 0.3178942799568176, 0.008802183903753757, 0.29784369468688965]"
2025-09-04 13:49:34.054020,Sad,"[0.2088242620229721, 0.022537287324666977, 0.1495993286371231, 0.13793817162513733, 0.30892983078956604, 0.01640072464942932, 0.15577039122581482]"
2025-09-04 13:49:34.095047,Happy,"[0.160032257437706, 0.01794685423374176, 0.14730198681354523, 0.19861729443073273, 0.18260817229747772, 0.10126975923776627, 0.19222357869148254]"
2025-09-04 13:49:34.136029,Sad,"[0.15541039407253265, 0.01619967631995678, 0.18905454874038696, 0.08333056420087814, 0.2496526837348938, 0.06992880254983902, 0.23642325401306152]"
2025-09-04 13:49:34.177526,Neutral,"[0.1260264366865158, 0.012310358695685863, 0.08715688437223434, 0.14583498239517212, 0.2691710591316223, 0.010784193873405457, 0.348716139793396]"
2025-09-04 13:49:34.219932,Sad,"[0.16996979713439941, 0.01652330905199051, 0.15428854525089264, 0.08553909510374069, 0.2911960184574127, 0.029305288568139076, 0.2531778812408447]"
2025-09-04 13:49:34.352500,Sad,"[0.2083456963300705, 0.022350959479808807, 0.1491449922323227, 0.13400714099407196, 0.3144923150539398, 0.015194042585790157, 0.1564648598432541]"
2025-09-04 13:49:34.399413,Happy,"[0.1780141144990921, 0.020575959235429764, 0.1443236917257309, 0.2130790650844574, 0.20150317251682281, 0.07347404211759567, 0.16903001070022583]"
2025-09-04 13:49:34.570709,Sad,"[0.1951327621936798, 0.020842090249061584, 0.1490817815065384, 0.14426195621490479, 0.2907794415950775, 0.02225388213992119, 0.17764805257320404]"
2025-09-04 13:49:34.615239,Sad,"[0.17750103771686554, 0.01730557344853878, 0.14138005673885345, 0.08553159236907959, 0.39940688014030457, 0.004755107685923576, 0.1741197407245636]"
2025-09-04 13:49:34.757538,Sad,"[0.21136748790740967, 0.02225416526198387, 0.14599251747131348, 0.12196871638298035, 0.32879331707954407, 0.012350532226264477, 0.15727324783802032]"
2025-09-04 13:49:34.800538,Sad,"[0.20152141153812408, 0.024514198303222656, 0.15363912284374237, 0.23374632000923157, 0.23843587934970856, 0.031195959076285362, 0.11694711446762085]"
2025-09-04 13:49:34.924445,Sad,"[0.21266873180866241, 0.02272835560142994, 0.1479320377111435, 0.1286865472793579, 0.322392076253891, 0.0133830476552248, 0.15220913290977478]"
2025-09-04 13:49:34.962883,Sad,"[0.196763813495636, 0.023523004725575447, 0.1588769406080246, 0.2068600356578827, 0.2434048354625702, 0.03785179555416107, 0.13271956145763397]"
2025-09-04 13:49:35.099525,Sad,"[0.2014281004667282, 0.020813623443245888, 0.14346233010292053, 0.12455872446298599, 0.3095042109489441, 0.01700146310031414, 0.18323159217834473]"
2025-09-04 13:49:35.139071,Happy,"[0.18072561919689178, 0.020927779376506805, 0.1457453817129135, 0.20898178219795227, 0.2045801281929016, 0.07203032076358795, 0.16700898110866547]"
2025-09-04 13:49:35.180496,Sad,"[0.15802787244319916, 0.015882667154073715, 0.1401359885931015, 0.11212364584207535, 0.29090768098831177, 0.022554541006684303, 0.26036766171455383]"
2025-09-04 13:49:35.321005,Sad,"[0.20961079001426697, 0.022206474095582962, 0.14730221033096313, 0.125957652926445, 0.3244309425354004, 0.013188427314162254, 0.15730349719524384]"
2025-09-04 13:49:35.362771,Sad,"[0.1817263960838318, 0.019211528822779655, 0.15562210977077484, 0.12524542212486267, 0.345217227935791, 0.01029717456549406, 0.16268016397953033]"
2025-09-04 13:49:35.403409,Sad,"[0.16007113456726074, 0.01786617934703827, 0.14627398550510406, 0.19749070703983307, 0.21964478492736816, 0.05782154202461243, 0.20083162188529968]"
2025-09-04 13:49:35.447674,Neutral,"[0.16270700097084045, 0.01459081657230854, 0.13797906041145325, 0.060870442539453506, 0.28025221824645996, 0.030897455289959908, 0.3127029836177826]"
2025-09-04 13:49:35.588284,Sad,"[0.2142433375120163, 0.023698125034570694, 0.1637023538351059, 0.11998020112514496, 0.33577850461006165, 0.012047041207551956, 0.13055042922496796]"
2025-09-04 13:49:35.627820,Neutral,"[0.1244015172123909, 0.013870062306523323, 0.15486617386341095, 0.183522030711174, 0.15806537866592407, 0.14200735092163086, 0.22326739132404327]"
2025-09-04 13:49:35.748605,Sad,"[0.20806486904621124, 0.02207663282752037, 0.15345659852027893, 0.11750437319278717, 0.3288181722164154, 0.013471990823745728, 0.15660734474658966]"
2025-09-04 13:49:35.788899,Sad,"[0.17592929303646088, 0.01774808205664158, 0.14747141301631927, 0.11276774853467941, 0.3401254415512085, 0.011348940432071686, 0.19460907578468323]"
2025-09-04 13:49:35.918897,Sad,"[0.19590818881988525, 0.020660825073719025, 0.15896201133728027, 0.11708321422338486, 0.30886685848236084, 0.020200682803988457, 0.17831829190254211]"
2025-09-04 13:49:36.053290,Sad,"[0.21204710006713867, 0.022690700367093086, 0.1564042866230011, 0.11561096459627151, 0.3283536434173584, 0.013848720118403435, 0.15104465186595917]"
2025-09-04 13:49:36.183998,Sad,"[0.17459771037101746, 0.01774241402745247, 0.14821800589561462, 0.11987143754959106, 0.3255683481693268, 0.014007247984409332, 0.19999480247497559]"
2025-09-04 13:49:36.340202,Sad,"[0.2172469198703766, 0.023485369980335236, 0.14699093997478485, 0.1388232409954071, 0.3013245463371277, 0.017980532720685005, 0.1541484296321869]"
2025-09-04 13:49:36.379524,Sad,"[0.1714746654033661, 0.016677530482411385, 0.14063897728919983, 0.10549802333116531, 0.2951655685901642, 0.02261783741414547, 0.24792732298374176]"
2025-09-04 13:49:36.515972,Sad,"[0.22849872708320618, 0.024406032636761665, 0.1441645622253418, 0.10358256846666336, 0.3773530423641205, 0.005323114339262247, 0.11667194217443466]"
2025-09-04 13:49:36.643057,Sad,"[0.21815544366836548, 0.024130383506417274, 0.15205127000808716, 0.13973768055438995, 0.31829720735549927, 0.01340562105178833, 0.1342223882675171]"
2025-09-04 13:49:36.683207,Neutral,"[0.1627662479877472, 0.017312711104750633, 0.14633040130138397, 0.145590141415596, 0.2072388380765915, 0.08750127255916595, 0.2332604080438614]"
2025-09-04 13:49:36.819862,Sad,"[0.2025461494922638, 0.021667705848813057, 0.14588981866836548, 0.1465960144996643, 0.27932268381118774, 0.025977235287427902, 0.17800037562847137]"
2025-09-04 13:49:36.860853,Sad,"[0.1716027706861496, 0.01677977852523327, 0.14345400035381317, 0.094187892973423, 0.37434953451156616, 0.006915433332324028, 0.19271060824394226]"
2025-09-04 13:49:36.975794,Happy,"[0.12856975197792053, 0.014356547966599464, 0.1334468275308609, 0.2515406608581543, 0.1830802857875824, 0.06158409267663956, 0.22742179036140442]"
2025-09-04 13:49:37.018397,Sad,"[0.23236051201820374, 0.026151098310947418, 0.15156681835651398, 0.12876921892166138, 0.34524282813072205, 0.00801123771816492, 0.10789834707975388]"
2025-09-04 13:49:37.146330,Sad,"[0.24457696080207825, 0.028346890583634377, 0.15086548030376434, 0.11988034099340439, 0.37026891112327576, 0.00456198351457715, 0.08149942010641098]"
2025-09-04 13:49:37.186394,Sad,"[0.18578442931175232, 0.01813703030347824, 0.1389337182044983, 0.0798163115978241, 0.4159056842327118, 0.003642427269369364, 0.15778043866157532]"
2025-09-04 13:49:37.319567,Sad,"[0.2332911491394043, 0.025600170716643333, 0.1474972367286682, 0.11858069151639938, 0.35274404287338257, 0.007434419356286526, 0.11485227942466736]"
2025-09-04 13:49:37.457420,Sad,"[0.17229653894901276, 0.019399981945753098, 0.16133622825145721, 0.17550434172153473, 0.2427956461906433, 0.04794267565011978, 0.18072454631328583]"
2025-09-04 13:49:37.501293,Sad,"[0.23277901113033295, 0.026526430621743202, 0.15319424867630005, 0.13470086455345154, 0.3391059637069702, 0.008586933836340904, 0.10510654747486115]"
2025-09-04 13:49:37.634794,Sad,"[0.20790505409240723, 0.02203667163848877, 0.14761997759342194, 0.1276693344116211, 0.32132259011268616, 0.01387517899274826, 0.15957120060920715]"
2025-09-04 13:49:37.679077,Sad,"[0.16885964572429657, 0.015918010845780373, 0.1360592246055603, 0.08554497361183167, 0.3686956465244293, 0.007286820560693741, 0.21763569116592407]"
2025-09-04 13:49:37.724810,Sad,"[0.17462976276874542, 0.016787659376859665, 0.13300354778766632, 0.10762320458889008, 0.27988094091415405, 0.02664726786315441, 0.261427640914917]"
2025-09-04 13:49:37.852809,Sad,"[0.1968264877796173, 0.021043874323368073, 0.14665284752845764, 0.1488899290561676, 0.2762390971183777, 0.027424972504377365, 0.18292275071144104]"
2025-09-04 13:49:37.900895,Sad,"[0.16636648774147034, 0.01646696776151657, 0.14705318212509155, 0.10207033902406693, 0.36248084902763367, 0.008282993920147419, 0.19727914035320282]"
2025-09-04 13:49:37.943520,Happy,"[0.12587830424308777, 0.014224190264940262, 0.14070960879325867, 0.2331758439540863, 0.1521158069372177, 0.1240474134683609, 0.20984891057014465]"
2025-09-04 13:49:37.991915,Neutral,"[0.16373449563980103, 0.01693587936460972, 0.15371547639369965, 0.12103790789842606, 0.231670543551445, 0.06712374836206436, 0.24578198790550232]"
2025-09-04 13:49:38.127093,Sad,"[0.20920662581920624, 0.023201899603009224, 0.15388435125350952, 0.14856548607349396, 0.3054817020893097, 0.01666439324617386, 0.14299552142620087]"
2025-09-04 13:49:38.171991,Neutral,"[0.17364513874053955, 0.017628995701670647, 0.12906016409397125, 0.14530886709690094, 0.22063542902469635, 0.06117246672511101, 0.2525489032268524]"
2025-09-04 13:49:38.216967,Neutral,"[0.15834234654903412, 0.014457175508141518, 0.10760338604450226, 0.09554692357778549, 0.3027980923652649, 0.01264290139079094, 0.3086092174053192]"
2025-09-04 13:49:38.344969,Sad,"[0.20199225842952728, 0.022517602890729904, 0.15606996417045593, 0.15505027770996094, 0.2994370758533478, 0.018425513058900833, 0.14650732278823853]"
2025-09-04 13:49:38.385462,Happy,"[0.12856866419315338, 0.014496752060949802, 0.14069190621376038, 0.22987878322601318, 0.15528540313243866, 0.1207975223660469, 0.21028095483779907]"
2025-09-04 13:49:38.426988,Sad,"[0.1635841727256775, 0.0163867250084877, 0.12995488941669464, 0.13333894312381744, 0.28313302993774414, 0.02159053087234497, 0.2520116865634918]"
2025-09-04 13:49:38.468145,Neutral,"[0.15284664928913116, 0.016727330163121223, 0.1733279973268509, 0.12784844636917114, 0.21584457159042358, 0.09395740926265717, 0.2194475382566452]"
2025-09-04 13:49:38.508549,Sad,"[0.19624586403369904, 0.02357986383140087, 0.16899271309375763, 0.18943963944911957, 0.28174296021461487, 0.021423067897558212, 0.11857586354017258]"
2025-09-04 13:49:38.670457,Sad,"[0.1996963918209076, 0.0201130211353302, 0.14867782592773438, 0.09875207394361496, 0.32686135172843933, 0.015159604139626026, 0.1907397210597992]"
2025-09-04 13:49:38.711926,Sad,"[0.13396571576595306, 0.014834243804216385, 0.2235429435968399, 0.1136382669210434, 0.25283485651016235, 0.06072361394762993, 0.20046044886112213]"
2025-09-04 13:49:38.752807,Sad,"[0.1751229166984558, 0.018938610330224037, 0.2102363556623459, 0.07651566714048386, 0.34450095891952515, 0.01760677993297577, 0.15707875788211823]"
2025-09-04 13:49:38.792939,Neutral,"[0.15914279222488403, 0.016790008172392845, 0.16304634511470795, 0.1203431561589241, 0.22748005390167236, 0.0762489065527916, 0.23694874346256256]"
2025-09-04 13:49:38.836072,Sad,"[0.17186236381530762, 0.017637992277741432, 0.14415214955806732, 0.138896182179451, 0.27429214119911194, 0.02905855141580105, 0.22410064935684204]"
2025-09-04 13:49:38.877995,Sad,"[0.208723247051239, 0.02471950836479664, 0.1576569676399231, 0.1833588182926178, 0.28962942957878113, 0.01736539788544178, 0.11854665726423264]"
2025-09-04 13:49:39.042926,Sad,"[0.14720727503299713, 0.016104770824313164, 0.1858730912208557, 0.11825613677501678, 0.2236405909061432, 0.08840276300907135, 0.22051537036895752]"
2025-09-04 13:49:39.084012,Sad,"[0.18976841866970062, 0.02182190865278244, 0.1568732112646103, 0.18465016782283783, 0.27059227228164673, 0.026612838730216026, 0.14968127012252808]"
2025-09-04 13:49:39.126395,Sad,"[0.17273445427417755, 0.0161717738956213, 0.13151787221431732, 0.09148886799812317, 0.33085379004478455, 0.012214774265885353, 0.24501843750476837]"
2025-09-04 13:49:39.166768,Neutral,"[0.15325631201267242, 0.016077740117907524, 0.15083889663219452, 0.13403330743312836, 0.20121917128562927, 0.09597176313400269, 0.24860285222530365]"
2025-09-04 13:49:39.287935,Sad,"[0.2265796810388565, 0.023837316781282425, 0.14672285318374634, 0.10929723083972931, 0.3331638276576996, 0.011925195343792439, 0.14847390353679657]"
2025-09-04 13:49:39.329111,Neutral,"[0.15814507007598877, 0.01613890938460827, 0.16777972877025604, 0.09651074558496475, 0.24698233604431152, 0.06204675883054733, 0.25239646434783936]"
2025-09-04 13:49:39.370611,Neutral,"[0.16544628143310547, 0.018143579363822937, 0.1410529613494873, 0.18585306406021118, 0.20787674188613892, 0.07279179990291595, 0.20883555710315704]"
2025-09-04 13:49:39.411537,Sad,"[0.15364713966846466, 0.01575683429837227, 0.18363434076309204, 0.08363736420869827, 0.2587515711784363, 0.05884072929620743, 0.24573208391666412]"
2025-09-04 13:49:39.562860,Sad,"[0.2011593133211136, 0.019433148205280304, 0.15402379631996155, 0.06851831823587418, 0.31908726692199707, 0.020494448021054268, 0.2172837257385254]"
2025-09-04 13:49:39.604783,Sad,"[0.14895786345005035, 0.0171305313706398, 0.2241818755865097, 0.12390613555908203, 0.24455955624580383, 0.06413231790065765, 0.17713171243667603]"
2025-09-04 13:49:39.648563,Sad,"[0.16793660819530487, 0.014475424773991108, 0.12689051032066345, 0.04713420569896698, 0.40080514550209045, 0.004664854612201452, 0.23809325695037842]"
2025-09-04 13:49:39.799346,Sad,"[0.1976713240146637, 0.021013876423239708, 0.15968360006809235, 0.12162671238183975, 0.28917795419692993, 0.02760389633476734, 0.18322257697582245]"
2025-09-04 13:49:39.844435,Neutral,"[0.15080612897872925, 0.015593606047332287, 0.16780874133110046, 0.09317196160554886, 0.2138805389404297, 0.10315720736980438, 0.2555817663669586]"
2025-09-04 13:49:39.997065,Sad,"[0.1998162567615509, 0.022579584270715714, 0.16420899331569672, 0.1527145802974701, 0.2960357069969177, 0.020866194739937782, 0.1437787115573883]"
2025-09-04 13:49:40.039185,Happy,"[0.11250092089176178, 0.012719239108264446, 0.13998743891716003, 0.24454906582832336, 0.13761956989765167, 0.13846811652183533, 0.21415568888187408]"
2025-09-04 13:49:40.080716,Sad,"[0.19243809580802917, 0.02157832682132721, 0.18262030184268951, 0.1237131804227829, 0.3049525022506714, 0.02359911985695362, 0.15109845995903015]"
2025-09-04 13:49:40.122470,Sad,"[0.1605607569217682, 0.016729308292269707, 0.17399783432483673, 0.10111720860004425, 0.24890977144241333, 0.06206547096371651, 0.23661966621875763]"
2025-09-04 13:49:40.264978,Sad,"[0.218888521194458, 0.024923130869865417, 0.1565370112657547, 0.1479409784078598, 0.3199985921382904, 0.012326494790613651, 0.11938528716564178]"
2025-09-04 13:49:40.307337,Neutral,"[0.1585388332605362, 0.015112601220607758, 0.15919609367847443, 0.0704205259680748, 0.27400845289230347, 0.04078398272395134, 0.2819395065307617]"
2025-09-04 13:49:40.347293,Sad,"[0.15323379635810852, 0.015028201974928379, 0.1862950623035431, 0.05953675135970116, 0.280142605304718, 0.04601826146245003, 0.25974535942077637]"
2025-09-04 13:49:40.475520,Sad,"[0.18210525810718536, 0.021344108507037163, 0.22960218787193298, 0.09267322719097137, 0.32737264037132263, 0.021994778886437416, 0.12490774691104889]"
2025-09-04 13:49:40.517447,Sad,"[0.16839605569839478, 0.019519127905368805, 0.22651800513267517, 0.10056162625551224, 0.2694737911224365, 0.05567776411771774, 0.15985360741615295]"
2025-09-04 13:49:40.557628,Neutral,"[0.17150574922561646, 0.017739875242114067, 0.1319732367992401, 0.15368807315826416, 0.21532852947711945, 0.06689269095659256, 0.24287179112434387]"
2025-09-04 13:49:40.598292,Sad,"[0.1650618463754654, 0.018830690532922745, 0.18274031579494476, 0.14479459822177887, 0.2303340584039688, 0.07439988851547241, 0.1838386207818985]"
2025-09-04 13:49:40.727493,Sad,"[0.21957100927829742, 0.02639913745224476, 0.16251520812511444, 0.17514440417289734, 0.29816392064094543, 0.015124599449336529, 0.10308171808719635]"
2025-09-04 13:49:40.767652,Sad,"[0.17684781551361084, 0.018024366348981857, 0.1499807983636856, 0.11240759491920471, 0.35162588953971863, 0.009604072198271751, 0.18150947988033295]"
2025-09-04 13:49:40.808820,Neutral,"[0.1558651328086853, 0.016975877806544304, 0.14091554284095764, 0.1821291148662567, 0.19107060134410858, 0.09188993275165558, 0.2211538553237915]"
2025-09-04 13:49:40.962311,Neutral,"[0.15589602291584015, 0.015656227245926857, 0.1726875752210617, 0.08220062404870987, 0.2542935609817505, 0.059322673827409744, 0.25994327664375305]"
2025-09-04 13:49:41.002497,Sad,"[0.18313653767108917, 0.021853065118193626, 0.22350716590881348, 0.11298461258411407, 0.29730647802352905, 0.032075487077236176, 0.12913665175437927]"
2025-09-04 13:49:41.043176,Sad,"[0.1818760186433792, 0.018570788204669952, 0.14656198024749756, 0.12270159274339676, 0.31656625866889954, 0.01582508720457554, 0.19789829850196838]"
2025-09-04 13:49:41.208470,Neutral,"[0.16773836314678192, 0.01668069325387478, 0.12576866149902344, 0.13481402397155762, 0.2569138705730438, 0.03213967755436897, 0.26594477891921997]"
2025-09-04 13:49:41.250152,Sad,"[0.18339912593364716, 0.020219624042510986, 0.1522436887025833, 0.16794829070568085, 0.24341653287410736, 0.046305280178785324, 0.1864674687385559]"
2025-09-04 13:49:41.291907,Sad,"[0.190194234251976, 0.019911739975214005, 0.18802474439144135, 0.07756083458662033, 0.3125789165496826, 0.027355287224054337, 0.18437424302101135]"
2025-09-04 13:49:41.333667,Sad,"[0.16622881591320038, 0.015562557615339756, 0.13542525470256805, 0.08206908404827118, 0.37715980410575867, 0.006431232672184706, 0.21712329983711243]"
2025-09-04 13:49:41.374487,Sad,"[0.15082265436649323, 0.014404133893549442, 0.11491253972053528, 0.10980413854122162, 0.32439297437667847, 0.009401502087712288, 0.2762620151042938]"
2025-09-04 13:49:41.527300,Sad,"[0.16711153090000153, 0.017484184354543686, 0.15626446902751923, 0.13479942083358765, 0.27087217569351196, 0.03445173054933548, 0.21901656687259674]"
2025-09-04 13:49:41.569181,Sad,"[0.15241864323616028, 0.015877829864621162, 0.12514279782772064, 0.16287429630756378, 0.268025666475296, 0.02274501509964466, 0.2529158294200897]"
2025-09-04 13:49:41.610278,Sad,"[0.151900514960289, 0.015624094754457474, 0.1874123066663742, 0.08419258147478104, 0.26967838406562805, 0.05059279501438141, 0.24059928953647614]"
2025-09-04 13:49:41.652743,Sad,"[0.16373659670352936, 0.016254261136054993, 0.1303253322839737, 0.12650440633296967, 0.2937426269054413, 0.018674582242965698, 0.2507622241973877]"
2025-09-04 13:49:41.799653,Neutral,"[0.17281584441661835, 0.01755979284644127, 0.13472069799900055, 0.1392604559659958, 0.2321721315383911, 0.05410800501704216, 0.24936304986476898]"
2025-09-04 13:49:41.840730,Sad,"[0.14466534554958344, 0.014148162677884102, 0.11416793614625931, 0.12225480377674103, 0.3237417936325073, 0.008759978227317333, 0.27226197719573975]"
2025-09-04 13:49:41.883626,Neutral,"[0.15451474487781525, 0.016499139368534088, 0.17307215929031372, 0.11436119675636292, 0.22643207013607025, 0.08328462392091751, 0.23183612525463104]"
2025-09-04 13:49:41.925225,Sad,"[0.17109106481075287, 0.016488932073116302, 0.13736312091350555, 0.10336066037416458, 0.3213784098625183, 0.01445431262254715, 0.23586343228816986]"
2025-09-04 13:49:42.063586,Sad,"[0.1849956512451172, 0.020982127636671066, 0.18290598690509796, 0.13687576353549957, 0.2695988416671753, 0.04051830247044563, 0.16412338614463806]"
2025-09-04 13:49:42.102392,Sad,"[0.17330557107925415, 0.01673019863665104, 0.13530632853507996, 0.10783488303422928, 0.3035132884979248, 0.018566660583019257, 0.24474303424358368]"
2025-09-04 13:49:42.239749,Sad,"[0.17150388658046722, 0.01741655170917511, 0.14722129702568054, 0.12498842179775238, 0.3095654249191284, 0.01762254163622856, 0.21168188750743866]"
2025-09-04 13:49:42.281148,Sad,"[0.1768389791250229, 0.0188603512942791, 0.16202493011951447, 0.13330532610416412, 0.27369174361228943, 0.03467825800180435, 0.20060037076473236]"
2025-09-04 13:49:42.320477,Sad,"[0.16911548376083374, 0.01662086322903633, 0.1425846368074417, 0.10894173383712769, 0.3270043730735779, 0.013595879077911377, 0.22213701903820038]"
2025-09-04 13:49:42.464754,Neutral,"[0.15692073106765747, 0.016068842262029648, 0.17128105461597443, 0.09497871994972229, 0.24887077510356903, 0.06180748715996742, 0.2500724494457245]"
2025-09-04 13:49:42.506007,Sad,"[0.1716953068971634, 0.016208529472351074, 0.1329721063375473, 0.0957980677485466, 0.3240455090999603, 0.01358745340257883, 0.24569304287433624]"
2025-09-04 13:49:42.545538,Neutral,"[0.16204297542572021, 0.015064778737723827, 0.14706304669380188, 0.06909698992967606, 0.2715846002101898, 0.03830355778336525, 0.2968440353870392]"
2025-09-04 13:49:42.592375,Neutral,"[0.14862369000911713, 0.015510196797549725, 0.17590399086475372, 0.09114187210798264, 0.21829120814800262, 0.10117457807064056, 0.24935448169708252]"
2025-09-04 13:49:42.744042,Sad,"[0.18802382051944733, 0.020345918834209442, 0.15794731676578522, 0.133220374584198, 0.33971041440963745, 0.01079083513468504, 0.14996130764484406]"
2025-09-04 13:49:42.784279,Neutral,"[0.17281502485275269, 0.014824170619249344, 0.1638106256723404, 0.0551762618124485, 0.25541800260543823, 0.05203208327293396, 0.2859238386154175]"
2025-09-04 13:49:42.828151,Sad,"[0.1731400042772293, 0.01613750495016575, 0.1309855431318283, 0.08852745592594147, 0.33784088492393494, 0.011010757647454739, 0.24235783517360687]"
2025-09-04 13:49:42.958707,Sad,"[0.16711543500423431, 0.017798583954572678, 0.15134014189243317, 0.15188053250312805, 0.2404756397008896, 0.05151265859603882, 0.21987703442573547]"
2025-09-04 13:49:43.000545,Sad,"[0.1719358116388321, 0.017827769741415977, 0.14299891889095306, 0.1474381387233734, 0.257943332195282, 0.03662208840250969, 0.22523392736911774]"
2025-09-04 13:49:43.165287,Sad,"[0.20702876150608063, 0.022496245801448822, 0.1669396460056305, 0.087929368019104, 0.3997163772583008, 0.004910273943096399, 0.11097928881645203]"
2025-09-04 13:49:43.206489,Neutral,"[0.165096253156662, 0.017607977613806725, 0.13570760190486908, 0.173851877450943, 0.2041780650615692, 0.07580443471670151, 0.2277539074420929]"
2025-09-04 13:49:43.358018,Sad,"[0.1962503343820572, 0.02302689291536808, 0.21279376745224, 0.09876936674118042, 0.3410339951515198, 0.0153682641685009, 0.11275739967823029]"
2025-09-04 13:49:43.397572,Sad,"[0.16211575269699097, 0.018680661916732788, 0.16142618656158447, 0.20319804549217224, 0.24123193323612213, 0.043155789375305176, 0.1701916754245758]"
2025-09-04 13:49:43.519143,Sad,"[0.1710069626569748, 0.017793837934732437, 0.16969022154808044, 0.1071663647890091, 0.2777874171733856, 0.037910476326942444, 0.21864473819732666]"
2025-09-04 13:49:43.560529,Sad,"[0.20883044600486755, 0.026771826669573784, 0.1742473989725113, 0.1843956559896469, 0.3262358009815216, 0.007606151048094034, 0.0719127282500267]"
2025-09-04 13:49:43.600856,Neutral,"[0.16007378697395325, 0.01722240261733532, 0.15469300746917725, 0.1423816978931427, 0.21133027970790863, 0.08731028437614441, 0.22698844969272614]"
2025-09-04 13:49:43.643252,Sad,"[0.14930616319179535, 0.014205300249159336, 0.11409319937229156, 0.10711105912923813, 0.33154112100601196, 0.008335588499903679, 0.275407612323761]"
2025-09-04 13:49:43.765765,Neutral,"[0.16731688380241394, 0.017669588327407837, 0.14240126311779022, 0.15260538458824158, 0.21794873476028442, 0.06991630792617798, 0.23214183747768402]"
2025-09-04 13:49:43.807985,Neutral,"[0.15980355441570282, 0.016002610325813293, 0.1616724282503128, 0.09194162487983704, 0.2479040026664734, 0.059478092938661575, 0.26319772005081177]"
2025-09-04 13:49:43.959408,Sad,"[0.14221161603927612, 0.01563252881169319, 0.2555469274520874, 0.05407041311264038, 0.3726225197315216, 0.016536770388484, 0.14337922632694244]"
2025-09-04 13:49:44.001033,Neutral,"[0.16141532361507416, 0.01698107086122036, 0.1524682193994522, 0.12956811487674713, 0.21541456878185272, 0.08395689725875854, 0.2401958405971527]"
2025-09-04 13:49:44.158704,Sad,"[0.15591391921043396, 0.01762935146689415, 0.22826720774173737, 0.1052660271525383, 0.2554246485233307, 0.05983354151248932, 0.17766524851322174]"
2025-09-04 13:49:44.199230,Sad,"[0.14385366439819336, 0.01195597369223833, 0.14382222294807434, 0.030536320060491562, 0.3324851393699646, 0.014599901624023914, 0.32274681329727173]"
2025-09-04 13:49:44.638475,Happy,"[0.14639227092266083, 0.017203599214553833, 0.13039392232894897, 0.30204272270202637, 0.20477703213691711, 0.034712400287389755, 0.1644781082868576]"
2025-09-04 13:49:44.679994,Sad,"[0.16007933020591736, 0.016173020005226135, 0.19176945090293884, 0.06614496558904648, 0.3183042109012604, 0.02638077735900879, 0.22114817798137665]"
2025-09-04 13:49:44.719447,Neutral,"[0.15239983797073364, 0.015370717272162437, 0.17286169528961182, 0.08113672584295273, 0.23886220157146454, 0.07501993328332901, 0.26434892416000366]"
2025-09-04 13:49:44.761881,Neutral,"[0.1533316671848297, 0.013105702586472034, 0.13912911713123322, 0.04131986200809479, 0.29876261949539185, 0.023499352857470512, 0.3308517336845398]"
2025-09-04 13:49:44.885283,Sad,"[0.21648438274860382, 0.024029113352298737, 0.16218577325344086, 0.09561207890510559, 0.3995022177696228, 0.004220898263156414, 0.09796550869941711]"
2025-09-04 13:49:44.925776,Sad,"[0.15379665791988373, 0.014170205220580101, 0.1973009705543518, 0.024020040407776833, 0.41505104303359985, 0.007155845407396555, 0.18850524723529816]"
2025-09-04 13:49:44.965932,Sad,"[0.16598635911941528, 0.01932751201093197, 0.16577716171741486, 0.20182085037231445, 0.25517842173576355, 0.034583233296871185, 0.15732641518115997]"
2025-09-04 13:49:45.087732,Sad,"[0.18334098160266876, 0.01908908411860466, 0.1858837753534317, 0.07677390426397324, 0.34614670276641846, 0.01588478498160839, 0.17288075387477875]"
2025-09-04 13:49:45.127595,Happy,"[0.09436019510030746, 0.010831326246261597, 0.1473805010318756, 0.2958758473396301, 0.13411098718643188, 0.10458541661500931, 0.2128557562828064]"
2025-09-04 13:49:45.168887,Sad,"[0.22733083367347717, 0.02692730538547039, 0.1601237803697586, 0.14522819221019745, 0.3426770269870758, 0.007449539843946695, 0.09026334434747696]"
2025-09-04 13:49:45.330573,Happy,"[0.13894082605838776, 0.015948278829455376, 0.1244635209441185, 0.2641170918941498, 0.18581445515155792, 0.06091391667723656, 0.2098018229007721]"
2025-09-04 13:49:45.372727,Sad,"[0.20667827129364014, 0.020211735740303993, 0.133852019906044, 0.07823079824447632, 0.4078030288219452, 0.003838195465505123, 0.14938592910766602]"
2025-09-04 13:49:45.415439,Sad,"[0.16919176280498505, 0.019564267247915268, 0.21233485639095306, 0.11861865967512131, 0.2784636318683624, 0.0429203175008297, 0.1589065045118332]"
2025-09-04 13:49:45.574483,Happy,"[0.14216627180576324, 0.01628091186285019, 0.1441720426082611, 0.23118956387043, 0.20345711708068848, 0.059767790138721466, 0.20296625792980194]"
2025-09-04 13:49:45.618286,Happy,"[0.12850455939769745, 0.01458877231925726, 0.14586520195007324, 0.2386072427034378, 0.16245730221271515, 0.10495380312204361, 0.20502309501171112]"
2025-09-04 13:49:45.660897,Sad,"[0.16958419978618622, 0.018092650920152664, 0.14531776309013367, 0.1647038608789444, 0.2416943609714508, 0.045889828354120255, 0.21471738815307617]"
2025-09-04 13:49:45.701527,Sad,"[0.18707439303398132, 0.01924791745841503, 0.1492116004228592, 0.1226329654455185, 0.2825503945350647, 0.028551045805215836, 0.21073167026042938]"
2025-09-04 13:49:45.834364,Happy,"[0.10545872151851654, 0.01230546087026596, 0.1300244927406311, 0.357227623462677, 0.14683687686920166, 0.06111155450344086, 0.18703515827655792]"
2025-09-04 13:49:45.875353,Sad,"[0.202870175242424, 0.022202495485544205, 0.15007871389389038, 0.15498510003089905, 0.28035345673561096, 0.025059737265110016, 0.16445030272006989]"
2025-09-04 13:49:45.918662,Neutral,"[0.14858105778694153, 0.01516127958893776, 0.18212786316871643, 0.07820568978786469, 0.2389019876718521, 0.07926086336374283, 0.25776129961013794]"
2025-09-04 13:49:46.057662,Sad,"[0.19433791935443878, 0.02127929963171482, 0.15185479819774628, 0.15863732993602753, 0.2775667607784271, 0.02646353654563427, 0.16986031830310822]"
2025-09-04 13:49:46.098624,Happy,"[0.13502833247184753, 0.015490536577999592, 0.14831732213497162, 0.2590627670288086, 0.17828711867332458, 0.07484383881092072, 0.18897004425525665]"
2025-09-04 13:49:46.139545,Happy,"[0.09233642369508743, 0.010478990152478218, 0.12496939301490784, 0.27665087580680847, 0.11953909695148468, 0.13822944462299347, 0.23779577016830444]"
2025-09-04 13:49:46.287638,Sad,"[0.1904764473438263, 0.020808447152376175, 0.14733295142650604, 0.1670209914445877, 0.2517654299736023, 0.03877735137939453, 0.18381835520267487]"
2025-09-04 13:49:46.329169,Happy,"[0.10455858707427979, 0.012093089520931244, 0.09109336882829666, 0.3580695390701294, 0.1348322331905365, 0.0643579363822937, 0.2349953055381775]"
2025-09-04 13:49:46.369538,Neutral,"[0.16745787858963013, 0.016191070899367332, 0.14418253302574158, 0.09326177835464478, 0.25697046518325806, 0.04481682553887367, 0.2771194279193878]"
2025-09-04 13:49:46.527079,Sad,"[0.19369444251060486, 0.02028578333556652, 0.14580386877059937, 0.13691769540309906, 0.2915472686290741, 0.022279884666204453, 0.1894710659980774]"
2025-09-04 13:49:46.568396,Sad,"[0.19223450124263763, 0.023147914558649063, 0.19372797012329102, 0.15389283001422882, 0.2856125831604004, 0.02792789600789547, 0.12345626205205917]"
2025-09-04 13:49:46.720093,Sad,"[0.20235639810562134, 0.021957162767648697, 0.15240006148815155, 0.14109155535697937, 0.31051045656204224, 0.016160057857632637, 0.15552425384521484]"
2025-09-04 13:49:46.765091,Sad,"[0.1811441332101822, 0.018380779772996902, 0.18910101056098938, 0.06463095545768738, 0.3040429353713989, 0.03322326019406319, 0.20947687327861786]"
2025-09-04 13:49:46.807250,Neutral,"[0.14059630036354065, 0.012791269458830357, 0.17372867465019226, 0.03900226950645447, 0.2666451036930084, 0.051504794508218765, 0.31573158502578735]"
2025-09-04 13:49:46.954746,Sad,"[0.17258304357528687, 0.017110254615545273, 0.1480277180671692, 0.10508915781974792, 0.2720062732696533, 0.03547123074531555, 0.24971230328083038]"
2025-09-04 13:49:46.995545,Sad,"[0.17778146266937256, 0.01790713146328926, 0.14047926664352417, 0.1278098076581955, 0.28329482674598694, 0.025401491671800613, 0.22732600569725037]"
2025-09-04 13:49:47.037437,Sad,"[0.16579344868659973, 0.01564878225326538, 0.18553869426250458, 0.04364291578531265, 0.35976284742355347, 0.014044654555618763, 0.2155686765909195]"
2025-09-04 13:49:47.186538,Sad,"[0.1831550896167755, 0.017590805888175964, 0.13166697323322296, 0.10529133677482605, 0.29962947964668274, 0.01940990798175335, 0.2432563602924347]"
2025-09-04 13:49:47.227568,Sad,"[0.16634653508663177, 0.016095483675599098, 0.14965640008449554, 0.09006399661302567, 0.28290027379989624, 0.03137410059571266, 0.26356321573257446]"
2025-09-04 13:49:47.272663,Happy,"[0.13119153678417206, 0.017113447189331055, 0.09586605429649353, 0.44438841938972473, 0.13326336443424225, 0.0454648956656456, 0.13271227478981018]"
2025-09-04 13:49:47.313289,Sad,"[0.21643103659152985, 0.025431867688894272, 0.1633734405040741, 0.07814750075340271, 0.45929157733917236, 0.0012532112887129188, 0.05607132613658905]"
2025-09-04 13:49:47.352146,Sad,"[0.20195181667804718, 0.02144237607717514, 0.1516222506761551, 0.1269288808107376, 0.3096953332424164, 0.017762670293450356, 0.1705966591835022]"
2025-09-04 13:49:47.392978,Sad,"[0.15179133415222168, 0.013165357522666454, 0.16449883580207825, 0.03876142576336861, 0.30761876702308655, 0.023592978715896606, 0.3005713224411011]"
2025-09-04 13:49:47.547973,Sad,"[0.17477358877658844, 0.01756230741739273, 0.13446073234081268, 0.13517874479293823, 0.25055840611457825, 0.04017333313822746, 0.2472928911447525]"
2025-09-04 13:49:47.591209,Sad,"[0.16076281666755676, 0.01843828521668911, 0.15872175991535187, 0.20380757749080658, 0.2334611713886261, 0.0486050583422184, 0.17620335519313812]"
2025-09-04 13:49:47.633162,Neutral,"[0.16143213212490082, 0.016970941796898842, 0.15713629126548767, 0.1257966160774231, 0.2251420021057129, 0.075052909553051, 0.23846913874149323]"
2025-09-04 13:49:47.677689,Sad,"[0.17826838791370392, 0.020134709775447845, 0.20150765776634216, 0.1126302182674408, 0.29111793637275696, 0.034672681242227554, 0.1616683155298233]"
2025-09-04 13:49:47.822832,Sad,"[0.19963084161281586, 0.019899582490324974, 0.1341819018125534, 0.11844529211521149, 0.28713324666023254, 0.023477770388126373, 0.21723134815692902]"
2025-09-04 13:49:47.865436,Happy,"[0.11031871289014816, 0.012681487947702408, 0.09734409302473068, 0.32034802436828613, 0.14443521201610565, 0.07005786895751953, 0.2448146492242813]"
2025-09-04 13:49:47.906922,Sad,"[0.14896872639656067, 0.016544079408049583, 0.21461175382137299, 0.08687439560890198, 0.2323404997587204, 0.09804365038871765, 0.20261691510677338]"
2025-09-04 13:49:47.948260,Sad,"[0.16465876996517181, 0.016915781423449516, 0.1626640260219574, 0.10746575146913528, 0.25231966376304626, 0.053784165531396866, 0.2421918511390686]"
2025-09-04 13:49:48.074218,Sad,"[0.21284425258636475, 0.023257840424776077, 0.15250833332538605, 0.1297430545091629, 0.33792760968208313, 0.01024632528424263, 0.1334725171327591]"
2025-09-04 13:49:48.114016,Happy,"[0.1592620611190796, 0.018007952719926834, 0.13810588419437408, 0.21260565519332886, 0.18570125102996826, 0.09245221316814423, 0.19386503100395203]"
2025-09-04 13:49:48.154758,Sad,"[0.1987689733505249, 0.022630823776125908, 0.2070053070783615, 0.05811600759625435, 0.4256921708583832, 0.004109497647732496, 0.08367723226547241]"
2025-09-04 13:49:48.193937,Neutral,"[0.16424565017223358, 0.017013531178236008, 0.15429465472698212, 0.12255390733480453, 0.23541370034217834, 0.06319870054721832, 0.2432798445224762]"
2025-09-04 13:49:48.319668,Happy,"[0.15952469408512115, 0.018167797476053238, 0.14268635213375092, 0.22313004732131958, 0.19691115617752075, 0.0738593116402626, 0.18572063744068146]"
2025-09-04 13:49:48.362925,Neutral,"[0.15390683710575104, 0.015570110641419888, 0.17186474800109863, 0.08475880324840546, 0.24142654240131378, 0.0712171271443367, 0.26125583052635193]"
2025-09-04 13:49:48.405879,Sad,"[0.18432001769542694, 0.018630824983119965, 0.1752266138792038, 0.07592755556106567, 0.3143828213214874, 0.025001607835292816, 0.20651057362556458]"
2025-09-04 13:49:48.551044,Happy,"[0.11617303639650345, 0.013132465071976185, 0.14026561379432678, 0.24142739176750183, 0.14162489771842957, 0.13432557880878448, 0.21305103600025177]"
2025-09-04 13:49:48.593156,Sad,"[0.21328602731227875, 0.0233941487967968, 0.15282386541366577, 0.132679283618927, 0.33310142159461975, 0.010964126326143742, 0.13375116884708405]"
2025-09-04 13:49:48.633971,Sad,"[0.17194758355617523, 0.015360296703875065, 0.12151400744915009, 0.07731861621141434, 0.33208709955215454, 0.011038675904273987, 0.27073365449905396]"
2025-09-04 13:49:48.675245,Sad,"[0.1634187549352646, 0.016997478902339935, 0.16266800463199615, 0.11634333431720734, 0.24849432706832886, 0.05543653294444084, 0.2366415411233902]"
2025-09-04 13:49:48.714991,Neutral,"[0.13686200976371765, 0.012360358610749245, 0.13437210023403168, 0.08596420288085938, 0.24211980402469635, 0.03500237315893173, 0.3533191680908203]"
2025-09-04 13:49:48.849397,Happy,"[0.15464907884597778, 0.017533667385578156, 0.14579443633556366, 0.21085719764232635, 0.19333399832248688, 0.08344893902540207, 0.19438260793685913]"
2025-09-04 13:49:48.890061,Sad,"[0.21172744035720825, 0.021886445581912994, 0.14074572920799255, 0.12321127951145172, 0.3061913847923279, 0.017475519329309464, 0.17876216769218445]"
2025-09-04 13:49:48.930421,Sad,"[0.16424141824245453, 0.017048530280590057, 0.15912611782550812, 0.12105464190244675, 0.2504537105560303, 0.05159740522503853, 0.23647825419902802]"
2025-09-04 13:49:48.974767,Neutral,"[0.14905276894569397, 0.013949846848845482, 0.16366541385650635, 0.059105124324560165, 0.2605089545249939, 0.05008053034543991, 0.30363738536834717]"
2025-09-04 13:49:49.111679,Happy,"[0.16057953238487244, 0.018179597333073616, 0.14349420368671417, 0.20517335832118988, 0.19651244580745697, 0.0832594633102417, 0.19280144572257996]"
2025-09-04 13:49:49.151702,Sad,"[0.22468622028827667, 0.02675202488899231, 0.1613556295633316, 0.15655796229839325, 0.325092613697052, 0.009900265373289585, 0.09565529972314835]"
2025-09-04 13:49:49.192084,Sad,"[0.18804210424423218, 0.020209703594446182, 0.15744753181934357, 0.12167208641767502, 0.3644352853298187, 0.007494103163480759, 0.14069914817810059]"
2025-09-04 13:49:49.331938,Happy,"[0.14626924693584442, 0.01659017615020275, 0.14672866463661194, 0.21854043006896973, 0.18437376618385315, 0.08927899599075317, 0.19821877777576447]"
2025-09-04 13:49:49.373542,Sad,"[0.22124946117401123, 0.025327173992991447, 0.15743042528629303, 0.1365792602300644, 0.34673643112182617, 0.007872230373322964, 0.1048050969839096]"
2025-09-04 13:49:49.525890,Sad,"[0.15819977223873138, 0.0178841445595026, 0.15301480889320374, 0.1887969970703125, 0.2035641074180603, 0.08280237764120102, 0.19573785364627838]"
2025-09-04 13:49:49.567561,Sad,"[0.21710205078125, 0.025501390919089317, 0.16078107059001923, 0.16434036195278168, 0.3070671558380127, 0.014116755686700344, 0.1110912561416626]"
2025-09-04 13:49:49.611757,Neutral,"[0.16476589441299438, 0.01721854694187641, 0.12732075154781342, 0.16608065366744995, 0.21815109252929688, 0.057461027055978775, 0.24900197982788086]"
2025-09-04 13:49:49.769463,Sad,"[0.16709919273853302, 0.01928679645061493, 0.1579565554857254, 0.2050500363111496, 0.23271019756793976, 0.048647016286849976, 0.16925013065338135]"
2025-09-04 13:49:49.815029,Sad,"[0.18029610812664032, 0.01858944073319435, 0.15952537953853607, 0.10577653348445892, 0.34337395429611206, 0.012246950529515743, 0.18019162118434906]"
2025-09-04 13:49:49.858838,Sad,"[0.1694566011428833, 0.01799209602177143, 0.21070417761802673, 0.07076660543680191, 0.32265588641166687, 0.026632746681571007, 0.18179181218147278]"
2025-09-04 13:49:49.899499,Sad,"[0.15595725178718567, 0.016670597717165947, 0.21357938647270203, 0.07861447334289551, 0.3108583688735962, 0.031170716509222984, 0.19314920902252197]"
2025-09-04 13:49:50.058616,Sad,"[0.16451133787631989, 0.019019633531570435, 0.16185230016708374, 0.20339523255825043, 0.24301081895828247, 0.04182468354701996, 0.16638605296611786]"
2025-09-04 13:49:50.099655,Sad,"[0.22164489328861237, 0.024895766749978065, 0.15913604199886322, 0.1343521773815155, 0.3202868402004242, 0.013686672784388065, 0.1259976476430893]"
2025-09-04 13:49:50.264824,Sad,"[0.16546276211738586, 0.01911201700568199, 0.16020742058753967, 0.204116553068161, 0.2385575771331787, 0.04466986283659935, 0.16787390410900116]"
2025-09-04 13:49:50.308413,Sad,"[0.20886507630348206, 0.023270245641469955, 0.15454716980457306, 0.15106412768363953, 0.3034718632698059, 0.01707438752055168, 0.1417071670293808]"
2025-09-04 13:49:50.349401,Sad,"[0.1529320478439331, 0.01811227947473526, 0.27378129959106445, 0.07037316262722015, 0.33858102560043335, 0.02250644378364086, 0.12371368706226349]"
2025-09-04 13:49:50.488104,Sad,"[0.16997544467449188, 0.019738396629691124, 0.16033108532428741, 0.20467360317707062, 0.23997649550437927, 0.04331820830702782, 0.16198678314685822]"
2025-09-04 13:49:50.528175,Sad,"[0.20905521512031555, 0.023900173604488373, 0.1595924347639084, 0.15540975332260132, 0.31377801299095154, 0.01388047356158495, 0.12438390403985977]"
2025-09-04 13:49:50.659114,Sad,"[0.17151641845703125, 0.020148416981101036, 0.16706961393356323, 0.2015182375907898, 0.2610737085342407, 0.031078506261110306, 0.14759515225887299]"
2025-09-04 13:49:50.702464,Sad,"[0.21585610508918762, 0.02456570416688919, 0.1563754826784134, 0.15461204946041107, 0.3067860007286072, 0.015318920835852623, 0.1264857053756714]"
2025-09-04 13:49:50.741646,Surprise,"[0.04553704708814621, 0.004647881258279085, 0.21149079501628876, 0.053078170865774155, 0.05894254148006439, 0.45823928713798523, 0.16806428134441376]"
2025-09-04 13:49:50.884776,Sad,"[0.1856890469789505, 0.022391965612769127, 0.17083780467510223, 0.1981276571750641, 0.2809041142463684, 0.021321328356862068, 0.12072809040546417]"
2025-09-04 13:49:50.925328,Sad,"[0.19486695528030396, 0.020962005481123924, 0.15006591379642487, 0.14801672101020813, 0.28789421916007996, 0.023100772872567177, 0.1750933676958084]"
2025-09-04 13:49:51.093452,Sad,"[0.17842955887317657, 0.02106189727783203, 0.16480086743831635, 0.20322471857070923, 0.25598621368408203, 0.03299248218536377, 0.14350423216819763]"
2025-09-04 13:49:51.136248,Sad,"[0.2113131582736969, 0.023823896422982216, 0.15698054432868958, 0.14862926304340363, 0.31712254881858826, 0.013469747267663479, 0.12866085767745972]"
2025-09-04 13:49:51.175547,Sad,"[0.16249844431877136, 0.017589185386896133, 0.19879662990570068, 0.09556704014539719, 0.26513174176216125, 0.05603946000337601, 0.20437754690647125]"
2025-09-04 13:49:51.343567,Sad,"[0.17883987724781036, 0.021189158782362938, 0.1667015701532364, 0.2020050585269928, 0.26245418190956116, 0.02970566228032112, 0.13910450041294098]"
2025-09-04 13:49:51.383642,Sad,"[0.20792290568351746, 0.023444674909114838, 0.15645501017570496, 0.15689024329185486, 0.30022528767585754, 0.017622746527194977, 0.1374390870332718]"
2025-09-04 13:49:51.424938,Sad,"[0.1781139224767685, 0.019257307052612305, 0.21601103246212006, 0.06457021087408066, 0.36068224906921387, 0.01490162592381239, 0.14646361768245697]"
2025-09-04 13:49:51.468124,Sad,"[0.1968657225370407, 0.020172152668237686, 0.1457500457763672, 0.10949651151895523, 0.35178184509277344, 0.009213428013026714, 0.16672028601169586]"
2025-09-04 13:49:51.508821,Sad,"[0.16000646352767944, 0.01671815663576126, 0.18982501327991486, 0.08690913766622543, 0.26981183886528015, 0.051408518105745316, 0.22532078623771667]"
2025-09-04 13:49:51.549342,Sad,"[0.1683533787727356, 0.017022423446178436, 0.2119314968585968, 0.043000347912311554, 0.37825146317481995, 0.012584986165165901, 0.16885600984096527]"
2025-09-04 13:49:51.695969,Sad,"[0.18446944653987885, 0.02202836610376835, 0.16705206036567688, 0.20168788731098175, 0.26591816544532776, 0.027505284175276756, 0.13133879005908966]"
2025-09-04 13:49:51.737662,Sad,"[0.202398881316185, 0.02177216112613678, 0.15116415917873383, 0.1367194652557373, 0.3141854405403137, 0.015435390174388885, 0.15832452476024628]"
2025-09-04 13:49:51.898049,Sad,"[0.18510006368160248, 0.02196386083960533, 0.16300152242183685, 0.20447315275669098, 0.25245457887649536, 0.0341426245868206, 0.13886412978172302]"
2025-09-04 13:49:51.939966,Sad,"[0.21306471526622772, 0.023739492520689964, 0.15489651262760162, 0.14218968152999878, 0.3220099210739136, 0.012695793062448502, 0.13140390813350677]"
2025-09-04 13:49:51.986828,Sad,"[0.16119429469108582, 0.01689104363322258, 0.22646082937717438, 0.05210818350315094, 0.3518950045108795, 0.01921713352203369, 0.1722334772348404]"
2025-09-04 13:49:52.119638,Sad,"[0.1664741188287735, 0.019326526671648026, 0.15786758065223694, 0.2146245837211609, 0.22417142987251282, 0.05128805339336395, 0.16624774038791656]"
2025-09-04 13:49:52.161973,Sad,"[0.21260535717010498, 0.023757513612508774, 0.15471507608890533, 0.1478012055158615, 0.31107181310653687, 0.014976093545556068, 0.13507293164730072]"
2025-09-04 13:49:52.205377,Neutral,"[0.14654891192913055, 0.015310706570744514, 0.12808345258235931, 0.17975351214408875, 0.19012925028800964, 0.07634950429201126, 0.26382461190223694]"
2025-09-04 13:49:52.352843,Sad,"[0.17894229292869568, 0.021250296384096146, 0.16506879031658173, 0.21112865209579468, 0.24959737062454224, 0.03383488208055496, 0.14017775654792786]"
2025-09-04 13:49:52.395021,Sad,"[0.21395562589168549, 0.02395249530673027, 0.15578630566596985, 0.14048761129379272, 0.3289543092250824, 0.011265208013355732, 0.12559843063354492]"
2025-09-04 13:49:52.438612,Surprise,"[0.06915588676929474, 0.0064091868698596954, 0.2555505931377411, 0.03786056488752365, 0.09459219872951508, 0.3113516569137573, 0.2250799685716629]"
2025-09-04 13:49:52.600976,Sad,"[0.16836009919643402, 0.019822651520371437, 0.1634223312139511, 0.22117038071155548, 0.23580273985862732, 0.0397501103579998, 0.15167169272899628]"
2025-09-04 13:49:52.646555,Sad,"[0.2201927751302719, 0.024665741249918938, 0.166562020778656, 0.10995610803365707, 0.3582289218902588, 0.00833047367632389, 0.11206402629613876]"
2025-09-04 13:49:52.688922,Sad,"[0.17666763067245483, 0.01898966357111931, 0.16881486773490906, 0.1280994564294815, 0.276893675327301, 0.03514067456126213, 0.19539400935173035]"
2025-09-04 13:49:52.837650,Happy,"[0.16213427484035492, 0.019191810861229897, 0.16263249516487122, 0.2414916604757309, 0.2231161743402481, 0.04129443317651749, 0.15013916790485382]"
2025-09-04 13:49:52.878914,Sad,"[0.2204323261976242, 0.024275802075862885, 0.15631084144115448, 0.12583060562610626, 0.329161673784256, 0.012292531318962574, 0.13169625401496887]"
2025-09-04 13:49:52.919944,Sad,"[0.1741873174905777, 0.018683087080717087, 0.1793399602174759, 0.11198147386312485, 0.278775691986084, 0.03882235661149025, 0.19821012020111084]"
2025-09-04 13:49:52.962742,Sad,"[0.17461125552654266, 0.01884009875357151, 0.20317479968070984, 0.06286600232124329, 0.4124855101108551, 0.006017707288265228, 0.12200456857681274]"
2025-09-04 13:49:53.129810,Sad,"[0.16934163868427277, 0.02002435363829136, 0.16179266571998596, 0.22967226803302765, 0.23346462845802307, 0.03837456926703453, 0.14732997119426727]"
2025-09-04 13:49:53.318559,Sad,"[0.21238838136196136, 0.0234991442412138, 0.15275880694389343, 0.14621607959270477, 0.3068397641181946, 0.01624823920428753, 0.14204958081245422]"
2025-09-04 13:49:53.365017,Sad,"[0.17521661520004272, 0.020431313663721085, 0.15882515907287598, 0.20581041276454926, 0.23699428141117096, 0.04479972645640373, 0.15792244672775269]"
2025-09-04 13:49:53.407185,Sad,"[0.1650986224412918, 0.01772710122168064, 0.22530706226825714, 0.06092225760221481, 0.3550477921962738, 0.01738629676401615, 0.15851077437400818]"
2025-09-04 13:49:53.565195,Sad,"[0.20587614178657532, 0.02284110151231289, 0.15278898179531097, 0.15652996301651, 0.28790584206581116, 0.0218882504850626, 0.15216970443725586]"
2025-09-04 13:49:53.616049,Sad,"[0.16722872853279114, 0.019202416762709618, 0.1527327001094818, 0.20618212223052979, 0.21913030743598938, 0.059554263949394226, 0.17596939206123352]"
2025-09-04 13:49:53.667346,Sad,"[0.14857055246829987, 0.015194294974207878, 0.20049017667770386, 0.06638876348733902, 0.2644394636154175, 0.06141960993409157, 0.2434970587491989]"
2025-09-04 13:49:53.798401,Sad,"[0.1965879201889038, 0.020974760875105858, 0.1562599390745163, 0.13054555654525757, 0.2821711599826813, 0.029095476493239403, 0.18436522781848907]"
2025-09-04 13:49:53.841010,Sad,"[0.16109542548656464, 0.018304435536265373, 0.148030087351799, 0.20538243651390076, 0.20681864023208618, 0.07182154804468155, 0.18854743242263794]"
2025-09-04 13:49:53.884680,Sad,"[0.15878358483314514, 0.01626449078321457, 0.17043474316596985, 0.09831059724092484, 0.2584730386734009, 0.05251558870077133, 0.2452179193496704]"
2025-09-04 13:49:53.929092,Neutral,"[0.1677750200033188, 0.01667439378798008, 0.1456425040960312, 0.10771642625331879, 0.2458704560995102, 0.05224355310201645, 0.26407763361930847]"
2025-09-04 13:49:53.971007,Sad,"[0.16114403307437897, 0.016603922471404076, 0.1814880669116974, 0.0910995751619339, 0.2948151230812073, 0.03278796747326851, 0.22206130623817444]"
2025-09-04 13:49:54.016951,Sad,"[0.15496383607387543, 0.013632071204483509, 0.1579885333776474, 0.03777912259101868, 0.33435362577438354, 0.01708470657467842, 0.284198135137558]"
2025-09-04 13:49:54.154646,Sad,"[0.19511550664901733, 0.02128004841506481, 0.14438970386981964, 0.16207148134708405, 0.2708772122859955, 0.027570703998208046, 0.17869526147842407]"
2025-09-04 13:49:54.203641,Happy,"[0.16279004514217377, 0.018584851175546646, 0.14822132885456085, 0.21183010935783386, 0.20844529569149017, 0.06720048189163208, 0.18292781710624695]"
2025-09-04 13:49:54.332424,Sad,"[0.20511947572231293, 0.021525615826249123, 0.1467680037021637, 0.1289309710264206, 0.29383933544158936, 0.022231997922062874, 0.18158453702926636]"
2025-09-04 13:49:54.377533,Sad,"[0.17065632343292236, 0.01976567879319191, 0.15747161209583282, 0.20569492876529694, 0.23216967284679413, 0.04870997741818428, 0.16553181409835815]"
2025-09-04 13:49:54.424398,Sad,"[0.1775810569524765, 0.019214073196053505, 0.2108706533908844, 0.06782954186201096, 0.3697880506515503, 0.012386318296194077, 0.14233030378818512]"
2025-09-04 13:49:54.549259,Happy,"[0.13870041072368622, 0.015970729291439056, 0.13141712546348572, 0.29786884784698486, 0.16233842074871063, 0.07675646990537643, 0.17694802582263947]"
2025-09-04 13:49:54.589420,Sad,"[0.15893787145614624, 0.015886621549725533, 0.1708994209766388, 0.08446841686964035, 0.2742646336555481, 0.04292678087949753, 0.2526162564754486]"
2025-09-04 13:49:54.630435,Sad,"[0.16209827363491058, 0.016724728047847748, 0.21441197395324707, 0.056223686784505844, 0.33810409903526306, 0.022547852247953415, 0.18988937139511108]"
2025-09-04 13:49:54.794804,Sad,"[0.20394748449325562, 0.020556075498461723, 0.14415986835956573, 0.10366229712963104, 0.32486212253570557, 0.014662832953035831, 0.18814928829669952]"
2025-09-04 13:49:54.835278,Happy,"[0.14902359247207642, 0.016984637826681137, 0.14937564730644226, 0.2204921543598175, 0.19037926197052002, 0.08121361583471298, 0.1925310343503952]"
2025-09-04 13:49:54.996412,Happy,"[0.1274174302816391, 0.014406338334083557, 0.14171668887138367, 0.232522651553154, 0.15506431460380554, 0.11992152035236359, 0.20895101130008698]"
2025-09-04 13:49:55.038983,Neutral,"[0.15642260015010834, 0.016596535220742226, 0.16630207002162933, 0.1174059510231018, 0.22201301157474518, 0.08522030711174011, 0.23603953421115875]"
2025-09-04 13:49:55.188294,Sad,"[0.19596901535987854, 0.02055944688618183, 0.14349405467510223, 0.14127463102340698, 0.2774587869644165, 0.02721930667757988, 0.1940247267484665]"
2025-09-04 13:49:55.229276,Happy,"[0.13441598415374756, 0.01534471195191145, 0.14886529743671417, 0.24495333433151245, 0.1756202131509781, 0.08473383635282516, 0.19606663286685944]"
2025-09-04 13:49:55.382312,Sad,"[0.20421481132507324, 0.021878603845834732, 0.1560848504304886, 0.12540355324745178, 0.3129785358905792, 0.017384221777319908, 0.1620553582906723]"
2025-09-04 13:49:55.422574,Happy,"[0.1607591062784195, 0.01821794919669628, 0.14475014805793762, 0.20528048276901245, 0.199314147233963, 0.07999691367149353, 0.1916811764240265]"
2025-09-04 13:49:55.465758,Sad,"[0.15571944415569305, 0.017083721235394478, 0.22083118557929993, 0.08901242166757584, 0.29417768120765686, 0.04529711976647377, 0.17787839472293854]"
2025-09-04 13:49:55.608878,Sad,"[0.20407350361347198, 0.020991673693060875, 0.14191515743732452, 0.12248771637678146, 0.3090629279613495, 0.0170424897223711, 0.18442654609680176]"
2025-09-04 13:49:55.653658,Happy,"[0.14823447167873383, 0.016882874071598053, 0.15217281877994537, 0.21795202791690826, 0.19724655151367188, 0.07462219893932343, 0.19288909435272217]"
2025-09-04 13:49:55.696220,Sad,"[0.15651388466358185, 0.016090812161564827, 0.17684118449687958, 0.09005176275968552, 0.2493470460176468, 0.06443299353122711, 0.24672231078147888]"
2025-09-04 13:49:55.852495,Sad,"[0.19300541281700134, 0.019406093284487724, 0.1394549012184143, 0.11852403730154037, 0.30375510454177856, 0.018722841516137123, 0.20713160932064056]"
2025-09-04 13:49:55.893298,Happy,"[0.14762888848781586, 0.016828453168272972, 0.15333889424800873, 0.2186698168516159, 0.19874435663223267, 0.07256333529949188, 0.19222620129585266]"
2025-09-04 13:49:56.018850,Sad,"[0.20371903479099274, 0.021303672343492508, 0.14476408064365387, 0.12948773801326752, 0.30540376901626587, 0.017901964485645294, 0.17741982638835907]"
2025-09-04 13:49:56.060385,Sad,"[0.15590237081050873, 0.01780049316585064, 0.15448901057243347, 0.21031400561332703, 0.21377746760845184, 0.062210679054260254, 0.18550600111484528]"
2025-09-04 13:49:56.231972,Sad,"[0.19875623285770416, 0.021735817193984985, 0.15969640016555786, 0.14010010659694672, 0.2892298400402069, 0.024953693151474, 0.16552795469760895]"
2025-09-04 13:49:56.273514,Happy,"[0.14266586303710938, 0.01634271629154682, 0.16001835465431213, 0.22391188144683838, 0.20530346035957336, 0.06274959444999695, 0.18900808691978455]"
2025-09-04 13:49:56.416285,Sad,"[0.20681647956371307, 0.022302234545350075, 0.14741678535938263, 0.1459781974554062, 0.2868669033050537, 0.02291976287961006, 0.1676996350288391]"
2025-09-04 13:49:56.457157,Happy,"[0.14482194185256958, 0.016703881323337555, 0.16006433963775635, 0.22998249530792236, 0.20066511631011963, 0.0645989254117012, 0.18316327035427094]"
2025-09-04 13:49:56.618432,Sad,"[0.20274724066257477, 0.02197621949017048, 0.15224848687648773, 0.14004047214984894, 0.3120449483394623, 0.015797585248947144, 0.155145063996315]"
2025-09-04 13:49:56.660776,Sad,"[0.16574446856975555, 0.01908794976770878, 0.15732085704803467, 0.20501114428043365, 0.23071257770061493, 0.050248999148607254, 0.17187392711639404]"
2025-09-04 13:49:56.789845,Sad,"[0.2165101021528244, 0.026168346405029297, 0.16383910179138184, 0.17958185076713562, 0.2951768636703491, 0.015767330303788185, 0.10295645892620087]"
2025-09-04 13:49:56.832491,Happy,"[0.149208664894104, 0.01715158298611641, 0.15846644341945648, 0.224339097738266, 0.21151557564735413, 0.05756985768675804, 0.18174880743026733]"
2025-09-04 13:49:56.872899,Sad,"[0.1357189267873764, 0.013770987279713154, 0.21494163572788239, 0.043262068182229996, 0.36039212346076965, 0.03087264485657215, 0.2010415941476822]"
2025-09-04 13:49:57.016331,Sad,"[0.22123834490776062, 0.026099970564246178, 0.1611539125442505, 0.15587382018566132, 0.3239474594593048, 0.010500938631594181, 0.10118548572063446]"
2025-09-04 13:49:57.057316,Happy,"[0.15250977873802185, 0.017933176830410957, 0.15943145751953125, 0.2532973289489746, 0.2051076591014862, 0.05102545768022537, 0.1606951504945755]"
2025-09-04 13:49:57.099114,Neutral,"[0.14412285387516022, 0.014883668161928654, 0.1889876276254654, 0.0756550133228302, 0.23101696372032166, 0.0922778844833374, 0.25305595993995667]"
2025-09-04 13:49:57.242632,Sad,"[0.22745944559574127, 0.026586411520838737, 0.15821747481822968, 0.14715521037578583, 0.3315337300300598, 0.009301773272454739, 0.09974605590105057]"
2025-09-04 13:49:57.282441,Sad,"[0.18286925554275513, 0.021591920405626297, 0.16152165830135345, 0.20522567629814148, 0.2470686137676239, 0.03748013824224472, 0.14424270391464233]"
2025-09-04 13:49:57.323643,Surprise,"[0.06574894487857819, 0.006507156882435083, 0.2554520070552826, 0.053712762892246246, 0.0908915176987648, 0.3248671889305115, 0.20282043516635895]"
2025-09-04 13:49:57.364509,Surprise,"[0.04377283155918121, 0.004064677748829126, 0.22283102571964264, 0.027087735012173653, 0.05551889166235924, 0.47282278537750244, 0.17390203475952148]"
2025-09-04 13:49:57.542639,Sad,"[0.2109650820493698, 0.023229865357279778, 0.1529727727174759, 0.14210426807403564, 0.31428906321525574, 0.014660065062344074, 0.14177878201007843]"
2025-09-04 13:49:57.584437,Happy,"[0.15600644052028656, 0.017997441813349724, 0.15679505467414856, 0.2203620821237564, 0.20778588950634003, 0.06297550350427628, 0.1780775934457779]"
2025-09-04 13:49:57.624676,Fear,"[0.10447082668542862, 0.010522685945034027, 0.2670190632343292, 0.06454222649335861, 0.15649491548538208, 0.1708647608757019, 0.22608548402786255]"
2025-09-04 13:49:57.759653,Sad,"[0.20724959671497345, 0.023453015834093094, 0.16332629323005676, 0.14893357455730438, 0.2980840802192688, 0.020074786618351936, 0.13887855410575867]"
2025-09-04 13:49:57.799690,Happy,"[0.15937958657741547, 0.01846557855606079, 0.15915550291538239, 0.21868865191936493, 0.2161014825105667, 0.056122492998838425, 0.172086700797081]"
2025-09-04 13:49:57.840608,Sad,"[0.16751030087471008, 0.01669282838702202, 0.1845310926437378, 0.0658765509724617, 0.3097935914993286, 0.02918894775211811, 0.2264067381620407]"
2025-09-04 13:49:57.880698,Happy,"[0.10340265184640884, 0.011530519463121891, 0.1260550618171692, 0.27002450823783875, 0.13057422637939453, 0.1233111247420311, 0.23510192334651947]"
2025-09-04 13:49:58.017721,Sad,"[0.20612600445747375, 0.022229325026273727, 0.15201322734355927, 0.13544252514839172, 0.30896514654159546, 0.017025362700223923, 0.15819834172725677]"
2025-09-04 13:49:58.057867,Sad,"[0.16561917960643768, 0.019106963649392128, 0.15902283787727356, 0.20451679825782776, 0.23530203104019165, 0.04690925404429436, 0.16952283680438995]"
2025-09-04 13:49:58.193842,Sad,"[0.2046528309583664, 0.021322427317500114, 0.1435716152191162, 0.1287517547607422, 0.3028729557991028, 0.01857633888721466, 0.1802520900964737]"
2025-09-04 13:49:58.235868,Happy,"[0.14612174034118652, 0.01671423949301243, 0.15795433521270752, 0.22012652456760406, 0.20612846314907074, 0.06408904492855072, 0.18886567652225494]"
2025-09-04 13:49:58.393831,Sad,"[0.20514941215515137, 0.021821171045303345, 0.14823170006275177, 0.13276532292366028, 0.31224462389945984, 0.015954436734318733, 0.16383333504199982]"
2025-09-04 13:49:58.435475,Happy,"[0.14900271594524384, 0.017052581533789635, 0.1581544429063797, 0.21718785166740417, 0.21126480400562286, 0.06083299592137337, 0.1865045726299286]"
2025-09-04 13:49:58.582180,Sad,"[0.20258000493049622, 0.021316464990377426, 0.14552442729473114, 0.1339917778968811, 0.29922157526016235, 0.019591452553868294, 0.17777428030967712]"
2025-09-04 13:49:58.621750,Sad,"[0.16663792729377747, 0.019284259527921677, 0.15926793217658997, 0.20733290910720825, 0.23692044615745544, 0.044659003615379333, 0.16589756309986115]"
2025-09-04 13:49:58.663998,Sad,"[0.1581483781337738, 0.016318131238222122, 0.22212021052837372, 0.05211200565099716, 0.30035871267318726, 0.04176679626107216, 0.20917576551437378]"
2025-09-04 13:49:58.807036,Happy,"[0.1508539915084839, 0.017423221841454506, 0.16236642003059387, 0.22122682631015778, 0.21672578155994415, 0.05412065237760544, 0.1772831529378891]"
2025-09-04 13:49:58.848047,Sad,"[0.19632941484451294, 0.020914100110530853, 0.14759893715381622, 0.14451566338539124, 0.2859087586402893, 0.02389349229633808, 0.1808396428823471]"
2025-09-04 13:49:58.889168,Surprise,"[0.05316891148686409, 0.005514897871762514, 0.23488114774227142, 0.05408858507871628, 0.0790829136967659, 0.3814302980899811, 0.1918332576751709]"
2025-09-04 13:49:58.931837,Surprise,"[0.06019436940550804, 0.006232582498341799, 0.23213322460651398, 0.057140279561281204, 0.08403626829385757, 0.37006136775016785, 0.19020190834999084]"
2025-09-04 13:49:59.092005,Sad,"[0.1893167495727539, 0.01991937682032585, 0.1453457623720169, 0.14452853798866272, 0.275936484336853, 0.02801765501499176, 0.19693537056446075]"
2025-09-04 13:49:59.133364,Sad,"[0.17445406317710876, 0.020657630637288094, 0.1694527268409729, 0.199947789311409, 0.2703537344932556, 0.02654605358839035, 0.13858795166015625]"
2025-09-04 13:49:59.173416,Sad,"[0.14707037806510925, 0.014915088191628456, 0.21062757074832916, 0.0562443882226944, 0.2816392481327057, 0.05108816921710968, 0.2384151816368103]"
2025-09-04 13:49:59.313492,Sad,"[0.2058345079421997, 0.023521291092038155, 0.1602344810962677, 0.15756060183048248, 0.3110838830471039, 0.014613505452871323, 0.1271517127752304]"
2025-09-04 13:49:59.353936,Sad,"[0.18452993035316467, 0.021929675713181496, 0.1643470823764801, 0.20362931489944458, 0.2566467523574829, 0.03197847679257393, 0.13693881034851074]"
2025-09-04 13:49:59.487422,Sad,"[0.1615470051765442, 0.018331093713641167, 0.15006229281425476, 0.1970086246728897, 0.20507103204727173, 0.07747487723827362, 0.1905050277709961]"
2025-09-04 13:49:59.528952,Sad,"[0.21499782800674438, 0.023553073406219482, 0.15179282426834106, 0.13457806408405304, 0.3260200023651123, 0.012192667461931705, 0.1368655264377594]"
2025-09-04 13:49:59.569101,Sad,"[0.1687069684267044, 0.019497595727443695, 0.166548952460289, 0.1925581991672516, 0.26810961961746216, 0.02894558012485504, 0.1556330770254135]"
2025-09-04 13:49:59.611997,Sad,"[0.159210205078125, 0.01574723608791828, 0.2558852434158325, 0.03293268010020256, 0.35036852955818176, 0.01749291643500328, 0.16836319863796234]"
2025-09-04 13:49:59.752132,Happy,"[0.150699183344841, 0.01723557896912098, 0.14976391196250916, 0.23009653389453888, 0.19930551946163177, 0.06722378730773926, 0.1856754869222641]"
2025-09-04 13:49:59.905556,Sad,"[0.14987976849079132, 0.016602851450443268, 0.24556230008602142, 0.06672888994216919, 0.27921703457832336, 0.05766313523054123, 0.18434599041938782]"
2025-09-04 13:50:02.246414,Neutral,"[0.14295652508735657, 0.016019750386476517, 0.16116778552532196, 0.16795076429843903, 0.1854368895292282, 0.1146477684378624, 0.21182048320770264]"
2025-09-04 13:50:02.350004,Sad,"[0.16993708908557892, 0.016493963077664375, 0.12693020701408386, 0.11838395893573761, 0.278955340385437, 0.023945923894643784, 0.2653534710407257]"
2025-09-04 13:50:02.451965,Neutral,"[0.17780272662639618, 0.01630431041121483, 0.11974848061800003, 0.09484031051397324, 0.27624744176864624, 0.025101114064455032, 0.28995558619499207]"
2025-09-04 13:50:02.571098,Sad,"[0.16604416072368622, 0.018230747431516647, 0.15443189442157745, 0.1758228987455368, 0.25268372893333435, 0.038683511316776276, 0.19410303235054016]"
2025-09-04 13:50:02.680358,Sad,"[0.16477128863334656, 0.019636431708931923, 0.25056347250938416, 0.08375270664691925, 0.35296255350112915, 0.015581837855279446, 0.11273171007633209]"
2025-09-04 13:50:02.721612,Sad,"[0.16344024240970612, 0.018268773332238197, 0.15758827328681946, 0.18551313877105713, 0.25165483355522156, 0.03836619108915329, 0.18516860902309418]"
2025-09-04 13:50:02.763383,Sad,"[0.1496974527835846, 0.016164880245923996, 0.18921086192131042, 0.1051061823964119, 0.23646654188632965, 0.07927507162094116, 0.22407899796962738]"
2025-09-04 13:50:02.879615,Sad,"[0.1923368275165558, 0.02075708843767643, 0.15720120072364807, 0.13565285503864288, 0.31695833802223206, 0.015694372355937958, 0.16139933466911316]"
2025-09-04 13:50:02.919014,Sad,"[0.12227179110050201, 0.012066208757460117, 0.2250705063343048, 0.030026907101273537, 0.28494951128959656, 0.0706610381603241, 0.25495409965515137]"
2025-09-04 13:50:02.962054,Neutral,"[0.1557072550058365, 0.016447046771645546, 0.12516292929649353, 0.17570079863071442, 0.23751945793628693, 0.037496671080589294, 0.25196579098701477]"
2025-09-04 13:50:03.089860,Sad,"[0.16889186203479767, 0.0168672613799572, 0.1389918178319931, 0.12377569079399109, 0.298462450504303, 0.01952211931347847, 0.2334887683391571]"
2025-09-04 13:50:03.239801,Sad,"[0.20044037699699402, 0.02122185006737709, 0.18827734887599945, 0.0665598139166832, 0.3758567273616791, 0.009951995685696602, 0.1376919001340866]"
2025-09-04 13:50:03.282333,Sad,"[0.14608407020568848, 0.015086323022842407, 0.24125948548316956, 0.042223624885082245, 0.28991952538490295, 0.05253676697611809, 0.21289022266864777]"
2025-09-04 13:50:03.323039,Sad,"[0.16709637641906738, 0.017950404435396194, 0.15494383871555328, 0.1584918349981308, 0.2765730619430542, 0.02792041003704071, 0.19702398777008057]"
2025-09-04 13:50:03.490475,Sad,"[0.23344136774539948, 0.029845725744962692, 0.16280895471572876, 0.1314736157655716, 0.3909636437892914, 0.002291690791025758, 0.049175065010786057]"
2025-09-04 13:50:03.532382,Sad,"[0.16279231011867523, 0.017070455476641655, 0.16612793505191803, 0.12362747639417648, 0.3034079074859619, 0.0226285383105278, 0.20434534549713135]"
2025-09-04 13:50:03.674109,Sad,"[0.17055165767669678, 0.0184965580701828, 0.16112326085567474, 0.14900265634059906, 0.31250011920928955, 0.01649283617734909, 0.17183297872543335]"
2025-09-04 13:50:03.718513,Sad,"[0.1649869829416275, 0.015961719676852226, 0.13019372522830963, 0.1098933294415474, 0.3153015673160553, 0.014055012725293636, 0.24960771203041077]"
2025-09-04 13:50:03.888489,Sad,"[0.15896786749362946, 0.017798814922571182, 0.15365484356880188, 0.1824266016483307, 0.2854391038417816, 0.020702868700027466, 0.18100987374782562]"
2025-09-04 13:50:04.030440,Sad,"[0.15550179779529572, 0.017934242263436317, 0.16119493544101715, 0.20399238169193268, 0.25813716650009155, 0.0316459983587265, 0.17159344255924225]"
2025-09-04 13:50:04.179418,Sad,"[0.16761073470115662, 0.019325997680425644, 0.18213851749897003, 0.15994226932525635, 0.24743351340293884, 0.05278649926185608, 0.17076243460178375]"
2025-09-04 13:50:04.246093,Sad,"[0.16357064247131348, 0.01754853129386902, 0.16461503505706787, 0.14069387316703796, 0.2614210546016693, 0.041599124670028687, 0.21055185794830322]"
2025-09-04 13:50:04.375636,Sad,"[0.17487820982933044, 0.01734793558716774, 0.14475300908088684, 0.10483662039041519, 0.3493925929069519, 0.009907823987305164, 0.1988838165998459]"
2025-09-04 13:50:04.506300,Sad,"[0.1693572998046875, 0.018137698993086815, 0.15710394084453583, 0.14977142214775085, 0.2974427044391632, 0.020727789029479027, 0.18745911121368408]"
2025-09-04 13:50:04.632531,Sad,"[0.1677560806274414, 0.018227821215987206, 0.1619473397731781, 0.15415480732917786, 0.28611522912979126, 0.025431888177990913, 0.18636681139469147]"
2025-09-04 13:50:04.779715,Happy,"[0.12921661138534546, 0.015125557780265808, 0.1185862198472023, 0.2901194989681244, 0.21557968854904175, 0.027673501521348953, 0.20369888842105865]"
2025-09-04 13:50:04.821423,Sad,"[0.15654021501541138, 0.016981614753603935, 0.20410588383674622, 0.09778620302677155, 0.3010089099407196, 0.032287195324897766, 0.1912899762392044]"
2025-09-04 13:50:04.943634,Sad,"[0.164375901222229, 0.01748034916818142, 0.16080167889595032, 0.14118199050426483, 0.30362406373023987, 0.019992483779788017, 0.19254349172115326]"
2025-09-04 13:50:05.080018,Sad,"[0.16912946105003357, 0.018124911934137344, 0.14566177129745483, 0.1674499660730362, 0.239319309592247, 0.04738164320588112, 0.21293295919895172]"
2025-09-04 13:50:05.250228,Sad,"[0.22287005186080933, 0.028552083298563957, 0.19072158634662628, 0.09743091464042664, 0.40888023376464844, 0.002535742474719882, 0.04900936782360077]"
2025-09-04 13:50:05.290763,Sad,"[0.13188870251178741, 0.013565028086304665, 0.09534282237291336, 0.1737934648990631, 0.31065765023231506, 0.005604570731520653, 0.2691477835178375]"
2025-09-04 13:50:05.904274,Happy,"[0.12121991813182831, 0.014409476891160011, 0.11903088539838791, 0.35583069920539856, 0.1990312933921814, 0.022290915250778198, 0.1681867241859436]"
2025-09-04 13:50:05.944550,Sad,"[0.1804535984992981, 0.02067273110151291, 0.16118188202381134, 0.17880302667617798, 0.289529025554657, 0.020335424691438675, 0.14902432262897491]"
2025-09-04 13:50:05.984881,Neutral,"[0.09373489022254944, 0.008430575020611286, 0.2525700330734253, 0.015424284152686596, 0.19620637595653534, 0.1441999077796936, 0.28943395614624023]"
2025-09-04 13:50:06.139813,Happy,"[0.12061186879873276, 0.014927433803677559, 0.09903676062822342, 0.43221333622932434, 0.17460428178310394, 0.018008524551987648, 0.14059783518314362]"
2025-09-04 13:50:06.179893,Sad,"[0.207175612449646, 0.02358378656208515, 0.16932986676692963, 0.10893415659666061, 0.3894290626049042, 0.0048674060963094234, 0.09668013453483582]"
2025-09-04 13:50:06.299792,Sad,"[0.18073245882987976, 0.021245934069156647, 0.16018639504909515, 0.20574402809143066, 0.2424013763666153, 0.040598880499601364, 0.14909085631370544]"
2025-09-04 13:50:06.340074,Sad,"[0.21315181255340576, 0.02588719129562378, 0.1993279606103897, 0.1344340443611145, 0.26983505487442017, 0.039362892508506775, 0.1180010661482811]"
2025-09-04 13:50:06.380284,Sad,"[0.21839794516563416, 0.027696825563907623, 0.17094331979751587, 0.17201976478099823, 0.3316752016544342, 0.007260816637426615, 0.07200608402490616]"
2025-09-04 13:50:06.510374,Sad,"[0.15885330736637115, 0.018114207312464714, 0.1481298804283142, 0.20941263437271118, 0.21382278203964233, 0.062409061938524246, 0.1892581582069397]"
2025-09-04 13:50:06.552011,Sad,"[0.22781001031398773, 0.025053048506379128, 0.14943981170654297, 0.12010926753282547, 0.3547210097312927, 0.0073454491794109344, 0.1155213788151741]"
2025-09-04 13:50:06.591693,Sad,"[0.2125777006149292, 0.02798023261129856, 0.17133289575576782, 0.175972118973732, 0.34882935881614685, 0.004545541480183601, 0.0587620809674263]"
2025-09-04 13:50:06.632260,Sad,"[0.15381404757499695, 0.018032455816864967, 0.16888190805912018, 0.21934041380882263, 0.2706677317619324, 0.022523846477270126, 0.14673958718776703]"
2025-09-04 13:50:06.761091,Happy,"[0.19565743207931519, 0.020305177196860313, 0.20200397074222565, 0.24219712615013123, 0.16370923817157745, 0.06773650646209717, 0.10839048027992249]"
2025-09-04 13:50:06.802254,Sad,"[0.22005555033683777, 0.02669142372906208, 0.17146950960159302, 0.2007834017276764, 0.26815423369407654, 0.01979098841547966, 0.09305485337972641]"
2025-09-04 13:50:06.842304,Sad,"[0.16981704533100128, 0.019582243636250496, 0.15419504046440125, 0.20635907351970673, 0.22332699596881866, 0.055717941373586655, 0.17100165784358978]"
2025-09-04 13:50:06.882492,Sad,"[0.2127944529056549, 0.021837040781974792, 0.1461959183216095, 0.1074245497584343, 0.31863799691200256, 0.01604347676038742, 0.17706653475761414]"
2025-09-04 13:50:06.924273,Sad,"[0.22367466986179352, 0.026337765157222748, 0.15409480035305023, 0.10302092880010605, 0.4284430742263794, 0.0017544373404234648, 0.06267423927783966]"
2025-09-04 13:50:06.966164,Happy,"[0.1509120911359787, 0.01822139322757721, 0.14386580884456635, 0.2839495539665222, 0.25252479314804077, 0.01610751450061798, 0.13441884517669678]"
2025-09-04 13:50:07.106517,Happy,"[0.14629577100276947, 0.016949400305747986, 0.15799926221370697, 0.2412179559469223, 0.20434513688087463, 0.056592874228954315, 0.1765996217727661]"
2025-09-04 13:50:07.146176,Sad,"[0.20556533336639404, 0.024523425847291946, 0.16992530226707458, 0.20395901799201965, 0.2597182095050812, 0.025608856230974197, 0.11069992184638977]"
2025-09-04 13:50:07.187171,Sad,"[0.2205296754837036, 0.0251705814152956, 0.15973477065563202, 0.13676491379737854, 0.3367454409599304, 0.009759585373103619, 0.11129505187273026]"
2025-09-04 13:50:07.228372,Sad,"[0.17102105915546417, 0.018754927441477776, 0.2584965229034424, 0.05157102271914482, 0.35626739263534546, 0.016844889149069786, 0.1270442008972168]"
2025-09-04 13:50:07.269575,Fear,"[0.11131826043128967, 0.009823152795433998, 0.3107724189758301, 0.016467075794935226, 0.22064870595932007, 0.09029357880353928, 0.24067679047584534]"
2025-09-04 13:50:07.395652,Sad,"[0.19931773841381073, 0.020490003749728203, 0.16915473341941833, 0.06428927183151245, 0.4085259437561035, 0.005336817819625139, 0.13288545608520508]"
2025-09-04 13:50:07.443595,Sad,"[0.21170523762702942, 0.024802619591355324, 0.16830189526081085, 0.208713561296463, 0.24057544767856598, 0.03283766284584999, 0.11306355148553848]"
2025-09-04 13:50:07.495299,Sad,"[0.176134392619133, 0.020631451159715652, 0.16148371994495392, 0.20482631027698517, 0.24495945870876312, 0.03951446712017059, 0.15245024859905243]"
2025-09-04 13:50:07.633547,Sad,"[0.1584978997707367, 0.01834646426141262, 0.16793343424797058, 0.19982680678367615, 0.25982466340065, 0.03270871192216873, 0.16286204755306244]"
2025-09-04 13:50:07.772223,Happy,"[0.1565721333026886, 0.017767859622836113, 0.1393190175294876, 0.2127055674791336, 0.1977733075618744, 0.07646660506725311, 0.1993955373764038]"
2025-09-04 13:50:07.949510,Sad,"[0.1568356156349182, 0.015878012403845787, 0.21148036420345306, 0.05310007929801941, 0.3065280020236969, 0.03629632666707039, 0.2198815643787384]"
2025-09-04 13:50:07.992212,Sad,"[0.14972783625125885, 0.016444144770503044, 0.2332063913345337, 0.07246928662061691, 0.2698506712913513, 0.06301823258399963, 0.1952834129333496]"
2025-09-04 13:50:08.129534,Sad,"[0.20298925042152405, 0.02355562523007393, 0.175551638007164, 0.05278409272432327, 0.4817076325416565, 0.001136979553848505, 0.06227473169565201]"
2025-09-04 13:50:08.170282,Sad,"[0.1484067738056183, 0.016312457621097565, 0.2670886814594269, 0.04886365309357643, 0.32378482818603516, 0.03260356932878494, 0.1629400998353958]"
2025-09-04 13:50:08.212329,Happy,"[0.0874553695321083, 0.010069849900901318, 0.10498284548521042, 0.3492535948753357, 0.116655632853508, 0.09335888177156448, 0.23822379112243652]"
2025-09-04 13:50:08.255901,Neutral,"[0.13521909713745117, 0.013704536482691765, 0.09835659712553024, 0.16624227166175842, 0.2507394254207611, 0.018694955855607986, 0.31704315543174744]"
2025-09-04 13:50:08.295222,Neutral,"[0.16101783514022827, 0.017985325306653976, 0.1395092010498047, 0.19955003261566162, 0.1977953016757965, 0.08092180639505386, 0.20322051644325256]"
2025-09-04 13:50:08.429925,Sad,"[0.16385719180107117, 0.017641523852944374, 0.1488235741853714, 0.16601264476776123, 0.2677916884422302, 0.02970689721405506, 0.20616652071475983]"
2025-09-04 13:50:08.563390,Sad,"[0.1576971560716629, 0.016859134659171104, 0.24440829455852509, 0.04791497811675072, 0.3452441096305847, 0.024767164140939713, 0.1631091833114624]"
2025-09-04 13:50:08.604012,Happy,"[0.13467304408550262, 0.015526821836829185, 0.1205168142914772, 0.25075533986091614, 0.21017307043075562, 0.04153677821159363, 0.2268180400133133]"
2025-09-04 13:50:08.732196,Sad,"[0.20906534790992737, 0.022879645228385925, 0.16952437162399292, 0.1079939752817154, 0.3423551321029663, 0.01221549604088068, 0.1359660029411316]"
2025-09-04 13:50:08.872024,Sad,"[0.21617217361927032, 0.023345809429883957, 0.14844650030136108, 0.13316591084003448, 0.31674668192863464, 0.01427983958274126, 0.1478431522846222]"
2025-09-04 13:50:09.009412,Sad,"[0.17647944390773773, 0.02132389321923256, 0.1499369740486145, 0.23512202501296997, 0.2576179802417755, 0.023057911545038223, 0.1364617794752121]"
2025-09-04 13:50:09.051176,Sad,"[0.1681087613105774, 0.016575733199715614, 0.1421482115983963, 0.110904760658741, 0.3261392414569855, 0.013579878956079483, 0.22254341840744019]"
2025-09-04 13:50:09.204541,Sad,"[0.20429928600788116, 0.019834917038679123, 0.15301689505577087, 0.06094282120466232, 0.38456904888153076, 0.0073601012118160725, 0.16997693479061127]"
2025-09-04 13:50:09.244414,Sad,"[0.189201220870018, 0.018241655081510544, 0.13459615409374237, 0.09665214270353317, 0.336514949798584, 0.011491969227790833, 0.21330182254314423]"
2025-09-04 13:50:09.362211,Sad,"[0.16679713129997253, 0.019191129133105278, 0.1552942395210266, 0.2056528925895691, 0.2255810648202896, 0.054157715290784836, 0.17332585155963898]"
2025-09-04 13:50:09.402181,Sad,"[0.19637800753116608, 0.021186575293540955, 0.15927167236804962, 0.13342784345149994, 0.2812158167362213, 0.029725907370448112, 0.17879414558410645]"
2025-09-04 13:50:09.451319,Sad,"[0.17874790728092194, 0.019737062975764275, 0.18736572563648224, 0.11731916666030884, 0.2972516715526581, 0.029041824862360954, 0.17053665220737457]"
2025-09-04 13:50:09.571280,Sad,"[0.17560376226902008, 0.019655713811516762, 0.14787645637989044, 0.1897972822189331, 0.2243197113275528, 0.056787047535181046, 0.18596000969409943]"
2025-09-04 13:50:09.719952,Sad,"[0.18946582078933716, 0.02294423244893551, 0.1703546792268753, 0.19818270206451416, 0.28102585673332214, 0.020900296047329903, 0.11712641268968582]"
2025-09-04 13:50:09.867840,Sad,"[0.17838037014007568, 0.02168322168290615, 0.20970305800437927, 0.13788507878780365, 0.3275128901004791, 0.015432189218699932, 0.10940318554639816]"
2025-09-04 13:50:10.000600,Sad,"[0.16005314886569977, 0.01842520385980606, 0.1625923216342926, 0.20245467126369476, 0.2440900057554245, 0.04147343337535858, 0.17091120779514313]"
2025-09-04 13:50:10.046857,Neutral,"[0.17127740383148193, 0.017804710194468498, 0.13194528222084045, 0.1576012820005417, 0.21385125815868378, 0.06769444048404694, 0.23982559144496918]"
2025-09-04 13:50:10.177671,Sad,"[0.16539396345615387, 0.01920241303741932, 0.15614889562129974, 0.22196786105632782, 0.23160091042518616, 0.04329133406281471, 0.16239462792873383]"
2025-09-04 13:50:10.225731,Neutral,"[0.12545530498027802, 0.012160804122686386, 0.1894027441740036, 0.0397585891187191, 0.20680126547813416, 0.13349905610084534, 0.2929222583770752]"
2025-09-04 13:50:10.373077,Happy,"[0.1354263722896576, 0.015696806833148003, 0.16159021854400635, 0.24513529241085052, 0.18519142270088196, 0.07246018201112747, 0.18449971079826355]"
2025-09-04 13:50:10.496564,Happy,"[0.11383915692567825, 0.012983161956071854, 0.1509838104248047, 0.2531581223011017, 0.15085776150226593, 0.11001006513834, 0.2081678807735443]"
2025-09-04 13:50:10.634533,Happy,"[0.1254086047410965, 0.014290563762187958, 0.15344515442848206, 0.2406415343284607, 0.1694963574409485, 0.09273682534694672, 0.20398098230361938]"
2025-09-04 13:50:10.744415,Happy,"[0.10738769173622131, 0.01225014217197895, 0.1536988466978073, 0.2593972384929657, 0.1483234465122223, 0.10796570777893066, 0.2109769731760025]"
2025-09-04 13:50:10.860311,Happy,"[0.10184144973754883, 0.011601956561207771, 0.15069657564163208, 0.26343363523483276, 0.1385180801153183, 0.1199771985411644, 0.2139311134815216]"
2025-09-04 13:50:10.973502,Happy,"[0.09202301502227783, 0.010512757115066051, 0.14651745557785034, 0.2864213287830353, 0.12462307512760162, 0.12748153507709503, 0.21242085099220276]"
2025-09-04 13:50:11.100958,Happy,"[0.14296936988830566, 0.016552383080124855, 0.13752788305282593, 0.25753647089004517, 0.18760031461715698, 0.06393047422170639, 0.193883016705513]"
2025-09-04 13:50:11.239547,Happy,"[0.11970514804124832, 0.013678516261279583, 0.15735803544521332, 0.2480073869228363, 0.1682417392730713, 0.08889404684305191, 0.2041151374578476]"
2025-09-04 13:50:11.372913,Happy,"[0.1104208305478096, 0.012647578492760658, 0.1517464816570282, 0.2734319865703583, 0.1514040231704712, 0.09690237045288086, 0.20344673097133636]"
2025-09-04 13:50:11.413387,Neutral,"[0.13050894439220428, 0.014428535476326942, 0.13119137287139893, 0.22424602508544922, 0.16407816112041473, 0.10044421255588531, 0.2351028323173523]"
2025-09-04 13:50:11.539305,Happy,"[0.13529250025749207, 0.015384877100586891, 0.1505543291568756, 0.2299293726682663, 0.17720332741737366, 0.09047053754329681, 0.20116503536701202]"
2025-09-04 13:50:11.581215,Neutral,"[0.1380910873413086, 0.013731395825743675, 0.17719925940036774, 0.06093672290444374, 0.21032577753067017, 0.11839686334133148, 0.28131890296936035]"
2025-09-04 13:50:11.621975,Neutral,"[0.13955816626548767, 0.01334491278976202, 0.1733221411705017, 0.0500054769217968, 0.22318561375141144, 0.09825686365365982, 0.3023267984390259]"
2025-09-04 13:50:11.664757,Neutral,"[0.1461329460144043, 0.014063115231692791, 0.18843628466129303, 0.04633580520749092, 0.2531856894493103, 0.07056874781847, 0.28127747774124146]"
2025-09-04 13:50:11.704376,Neutral,"[0.1470792144536972, 0.014326907694339752, 0.1909676045179367, 0.05010081082582474, 0.2571117579936981, 0.06729146838188171, 0.2731221318244934]"
2025-09-04 13:50:11.746098,Happy,"[0.1021733433008194, 0.011583720333874226, 0.12867170572280884, 0.2647370994091034, 0.13000527024269104, 0.13118386268615723, 0.23164500296115875]"
2025-09-04 13:50:11.866199,Sad,"[0.16475634276866913, 0.018757442012429237, 0.1583152562379837, 0.19690456986427307, 0.24032548069953918, 0.044452209025621414, 0.1764887124300003]"
2025-09-04 13:50:11.906586,Sad,"[0.17166833579540253, 0.017355341464281082, 0.20634865760803223, 0.05397632718086243, 0.3284812271595001, 0.024801287800073624, 0.19736884534358978]"
2025-09-04 13:50:11.948038,Sad,"[0.1704210638999939, 0.01611153967678547, 0.1342748999595642, 0.09457194805145264, 0.33237215876579285, 0.012130980379879475, 0.2401174008846283]"
2025-09-04 13:50:12.069013,Happy,"[0.13460944592952728, 0.015517170540988445, 0.1646987944841385, 0.23668228089809418, 0.19849635660648346, 0.06239061802625656, 0.1876053810119629]"
2025-09-04 13:50:12.108167,Sad,"[0.14645971357822418, 0.013514243066310883, 0.22024303674697876, 0.03472805768251419, 0.28069934248924255, 0.044216934591531754, 0.26013872027397156]"
2025-09-04 13:50:12.232046,Happy,"[0.13853347301483154, 0.016231723129749298, 0.16750793159008026, 0.24920645356178284, 0.19410212337970734, 0.06110527366399765, 0.1733129471540451]"
2025-09-04 13:50:12.272059,Neutral,"[0.11638930439949036, 0.01261010393500328, 0.17143093049526215, 0.1367977112531662, 0.15457679331302643, 0.16901472210884094, 0.23918046057224274]"
2025-09-04 13:50:12.314662,Sad,"[0.16383425891399384, 0.014457838609814644, 0.12504205107688904, 0.06479109078645706, 0.37313956022262573, 0.006394269876182079, 0.2523409128189087]"
2025-09-04 13:50:12.437101,Happy,"[0.09224800765514374, 0.010465222410857677, 0.14156213402748108, 0.26608121395111084, 0.11916282773017883, 0.15202458202838898, 0.21845600008964539]"
2025-09-04 13:50:12.479564,Sad,"[0.16306085884571075, 0.014608249068260193, 0.12658831477165222, 0.06935375928878784, 0.38477271795272827, 0.005405688192695379, 0.2362104207277298]"
2025-09-04 13:50:12.607557,Happy,"[0.08062498271465302, 0.008494566194713116, 0.1490095853805542, 0.28823938965797424, 0.08618935942649841, 0.19979260861873627, 0.18764953315258026]"
2025-09-04 13:50:12.733436,Happy,"[0.14482279121875763, 0.016558894887566566, 0.15746566653251648, 0.22169902920722961, 0.20317547023296356, 0.0661473274230957, 0.19013075530529022]"
2025-09-04 13:50:12.869938,Sad,"[0.19071881473064423, 0.022643091157078743, 0.1589803546667099, 0.2067568302154541, 0.24176540970802307, 0.039728228002786636, 0.13940724730491638]"
2025-09-04 13:50:12.910434,Fear,"[0.10214344412088394, 0.009889972396194935, 0.28264477849006653, 0.01937302015721798, 0.1786859780550003, 0.1816292256116867, 0.2256336659193039]"
2025-09-04 13:50:13.035505,Neutral,"[0.14101769030094147, 0.015079880133271217, 0.17735537886619568, 0.1338428258895874, 0.22128047049045563, 0.07353664189577103, 0.23788709938526154]"
2025-09-04 13:50:13.076167,Sad,"[0.17945538461208344, 0.01883600279688835, 0.151911199092865, 0.135721355676651, 0.3088463544845581, 0.017635149881243706, 0.18759457767009735]"
2025-09-04 13:50:13.117408,Sad,"[0.1682959645986557, 0.01683434285223484, 0.198318213224411, 0.052761998027563095, 0.3492591679096222, 0.017996804788708687, 0.19653351604938507]"
2025-09-04 13:50:13.156425,Neutral,"[0.11178000271320343, 0.010548199526965618, 0.21610809862613678, 0.026518872007727623, 0.19805380702018738, 0.14772629737854004, 0.28926464915275574]"
2025-09-04 13:50:13.294872,Sad,"[0.16135737299919128, 0.01840958558022976, 0.15419961512088776, 0.20402760803699493, 0.22250260412693024, 0.05724845081567764, 0.18225474655628204]"
2025-09-04 13:50:13.334735,Sad,"[0.14985331892967224, 0.014367790892720222, 0.218278706073761, 0.04239007085561752, 0.29131150245666504, 0.04052983224391937, 0.24326881766319275]"
2025-09-04 13:50:13.472259,Happy,"[0.09056024998426437, 0.010337160900235176, 0.12954579293727875, 0.30897989869117737, 0.10897251218557358, 0.14698836207389832, 0.20461609959602356]"
2025-09-04 13:50:13.514272,Sad,"[0.14816264808177948, 0.014362003654241562, 0.23246967792510986, 0.043778304010629654, 0.2782297134399414, 0.04804942384362221, 0.2349482774734497]"
2025-09-04 13:50:13.667719,Sad,"[0.17156565189361572, 0.017531679943203926, 0.1478206068277359, 0.128972128033638, 0.3038440942764282, 0.019129402935504913, 0.21113638579845428]"
2025-09-04 13:50:13.708761,Sad,"[0.15550805628299713, 0.0147596076130867, 0.21672093868255615, 0.04071219265460968, 0.31198880076408386, 0.029101185500621796, 0.23120923340320587]"
2025-09-04 13:50:13.837974,Sad,"[0.15292665362358093, 0.014142101630568504, 0.23793289065361023, 0.03725749999284744, 0.2930268347263336, 0.03355105593800545, 0.23116299510002136]"
2025-09-04 13:50:13.877731,Neutral,"[0.1570417582988739, 0.014559203758835793, 0.10917725414037704, 0.10204600542783737, 0.3007994294166565, 0.013077447190880775, 0.3032988905906677]"
2025-09-04 13:50:13.917456,Sad,"[0.1454319953918457, 0.01534111239016056, 0.19954609870910645, 0.08291294425725937, 0.24966773390769958, 0.07237254828214645, 0.2347276359796524]"
2025-09-04 13:50:14.073875,Sad,"[0.20987118780612946, 0.021293647587299347, 0.15406793355941772, 0.08605802059173584, 0.3492874801158905, 0.012188324704766273, 0.1672333925962448]"
2025-09-04 13:50:14.142542,Sad,"[0.17810265719890594, 0.01764865033328533, 0.1446073055267334, 0.09122680127620697, 0.39386749267578125, 0.005171681754291058, 0.16937538981437683]"
2025-09-04 13:50:14.189789,Sad,"[0.138135626912117, 0.012719306163489819, 0.25573283433914185, 0.03129442036151886, 0.2593114376068115, 0.05613081529736519, 0.2466755509376526]"
2025-09-04 13:50:14.304938,Sad,"[0.23344336450099945, 0.026718061417341232, 0.15355195105075836, 0.1295083463191986, 0.35242098569869995, 0.006798707880079746, 0.09755855798721313]"
2025-09-04 13:50:14.346739,Sad,"[0.17009508609771729, 0.017897866666316986, 0.20342519879341125, 0.05708871781826019, 0.3372773230075836, 0.019515911117196083, 0.19469991326332092]"
2025-09-04 13:50:14.388249,Happy,"[0.11299106478691101, 0.012792496010661125, 0.13370080292224884, 0.25064659118652344, 0.14062397181987762, 0.12661847472190857, 0.22262650728225708]"
2025-09-04 13:50:14.428728,Sad,"[0.15357649326324463, 0.015314707532525063, 0.18683069944381714, 0.06776796281337738, 0.2813958525657654, 0.04437113180756569, 0.2507431209087372]"
2025-09-04 13:50:14.570096,Sad,"[0.23126058280467987, 0.02645615115761757, 0.1541804075241089, 0.13722273707389832, 0.33709147572517395, 0.008847630582749844, 0.10494104772806168]"
2025-09-04 13:50:14.611760,Sad,"[0.19296476244926453, 0.020787518471479416, 0.15537527203559875, 0.11372930556535721, 0.38435885310173035, 0.005379047244787216, 0.12740527093410492]"
2025-09-04 13:50:14.652996,Sad,"[0.1591450423002243, 0.015400633215904236, 0.20474903285503387, 0.04514966160058975, 0.3317195475101471, 0.02428162656724453, 0.21955448389053345]"
2025-09-04 13:50:14.694837,Sad,"[0.15280593931674957, 0.01537828054279089, 0.1924334615468979, 0.0653473436832428, 0.2697957158088684, 0.05494897812604904, 0.24929025769233704]"
2025-09-04 13:50:14.845846,Sad,"[0.1827029287815094, 0.019755886867642403, 0.1953766644001007, 0.09017432481050491, 0.3195522427558899, 0.02384991943836212, 0.16858802735805511]"
2025-09-04 13:50:14.886077,Sad,"[0.21270868182182312, 0.02434919960796833, 0.15613903105258942, 0.16576774418354034, 0.2879079580307007, 0.020440490916371346, 0.13268694281578064]"
2025-09-04 13:50:14.927311,Sad,"[0.16640061140060425, 0.01735886186361313, 0.19774538278579712, 0.07677097618579865, 0.31460025906562805, 0.02790936268866062, 0.19921451807022095]"
2025-09-04 13:50:15.074238,Happy,"[0.14179502427577972, 0.014051605015993118, 0.16420438885688782, 0.24724729359149933, 0.11916044354438782, 0.15432621538639069, 0.1592150330543518]"
2025-09-04 13:50:15.113937,Sad,"[0.21851421892642975, 0.02350533753633499, 0.1448247879743576, 0.09646764397621155, 0.4100583493709564, 0.003169634146615863, 0.10346001386642456]"
2025-09-04 13:50:15.155345,Sad,"[0.18361148238182068, 0.021417735144495964, 0.1506890058517456, 0.20885971188545227, 0.21714544296264648, 0.05938214063644409, 0.15889449417591095]"
2025-09-04 13:50:15.285975,Sad,"[0.23152631521224976, 0.024523770436644554, 0.13747155666351318, 0.07056881487369537, 0.4521690309047699, 0.001519361394457519, 0.08222117274999619]"
2025-09-04 13:50:15.325593,Happy,"[0.12999151647090912, 0.015185892581939697, 0.1088562160730362, 0.3357808291912079, 0.17854806780815125, 0.03953021764755249, 0.19210723042488098]"
2025-09-04 13:50:15.366303,Sad,"[0.15282228589057922, 0.015061639249324799, 0.20813138782978058, 0.04598704352974892, 0.3188305199146271, 0.030113304033875465, 0.22905385494232178]"
2025-09-04 13:50:15.504156,Sad,"[0.2009185403585434, 0.024362502619624138, 0.17186248302459717, 0.16211093962192535, 0.3423852324485779, 0.007697759196162224, 0.09066252410411835]"
2025-09-04 13:50:15.545467,Sad,"[0.21235865354537964, 0.023707779124379158, 0.16920724511146545, 0.12130171805620193, 0.3269540071487427, 0.014466948807239532, 0.13200365006923676]"
2025-09-04 13:50:15.586520,Sad,"[0.18058860301971436, 0.018449237570166588, 0.1842135787010193, 0.07191217690706253, 0.3346410095691681, 0.01944584958255291, 0.19074949622154236]"
2025-09-04 13:50:15.710711,Sad,"[0.1788044571876526, 0.018404170870780945, 0.19456520676612854, 0.0569942444562912, 0.38778257369995117, 0.009322472847998142, 0.15412688255310059]"
2025-09-04 13:50:15.750358,Sad,"[0.2192717045545578, 0.025013437494635582, 0.15751004219055176, 0.13786013424396515, 0.3433777391910553, 0.008448055945336819, 0.10851883888244629]"
2025-09-04 13:50:15.791712,Sad,"[0.1577920764684677, 0.017412325367331505, 0.20318321883678436, 0.10976418107748032, 0.2742438316345215, 0.04761911928653717, 0.18998520076274872]"
2025-09-04 13:50:15.834404,Neutral,"[0.10714782774448395, 0.010439787991344929, 0.23654626309871674, 0.03553362190723419, 0.1706514060497284, 0.18618780374526978, 0.2534932792186737]"
2025-09-04 13:50:15.875650,Sad,"[0.1592879742383957, 0.016710681840777397, 0.2086768001317978, 0.07193194329738617, 0.3078601658344269, 0.03300151973962784, 0.20253100991249084]"
2025-09-04 13:50:16.000698,Sad,"[0.21948328614234924, 0.024654140695929527, 0.15405581891536713, 0.14489954710006714, 0.3166837990283966, 0.013322487473487854, 0.12690098583698273]"
2025-09-04 13:50:16.043274,Sad,"[0.15803353488445282, 0.01629977487027645, 0.21417993307113647, 0.05775066837668419, 0.2896147668361664, 0.04673821106553078, 0.21738307178020477]"
2025-09-04 13:50:16.171317,Sad,"[0.20966000854969025, 0.02362624928355217, 0.15471820533275604, 0.16016876697540283, 0.2902153730392456, 0.02046184241771698, 0.14114955067634583]"
2025-09-04 13:50:16.211786,Sad,"[0.16603849828243256, 0.018294034525752068, 0.16411447525024414, 0.16044317185878754, 0.3015831410884857, 0.01906820386648178, 0.17045843601226807]"
2025-09-04 13:50:16.333688,Sad,"[0.17236235737800598, 0.02013448439538479, 0.1627095341682434, 0.20394247770309448, 0.24757735431194305, 0.03831420838832855, 0.15495958924293518]"
2025-09-04 13:50:16.453601,Sad,"[0.16100285947322845, 0.0182074923068285, 0.1654912829399109, 0.18418435752391815, 0.27154284715652466, 0.028580378741025925, 0.17099080979824066]"
2025-09-04 13:50:16.607011,Sad,"[0.16569910943508148, 0.019725851714611053, 0.17738932371139526, 0.192663311958313, 0.29742002487182617, 0.01760578341782093, 0.12949660420417786]"
2025-09-04 13:50:16.648242,Sad,"[0.16606833040714264, 0.017833923920989037, 0.15708158910274506, 0.15491808950901031, 0.28789660334587097, 0.023760957643389702, 0.19244050979614258]"
2025-09-04 13:50:16.691879,Happy,"[0.10913785547018051, 0.012371615506708622, 0.14234177768230438, 0.2528463900089264, 0.1370721459388733, 0.13279014825820923, 0.21344010531902313]"
2025-09-04 13:50:16.732503,Sad,"[0.1624538153409958, 0.015570305287837982, 0.12601597607135773, 0.1069672554731369, 0.31886813044548035, 0.012638752348721027, 0.2574858069419861]"
2025-09-04 13:50:16.774112,Neutral,"[0.13331426680088043, 0.012619639746844769, 0.09318727999925613, 0.11934377998113632, 0.3017910122871399, 0.008079436607658863, 0.3316645920276642]"
2025-09-04 13:50:16.991933,Neutral,"[0.15306653082370758, 0.014946314506232738, 0.11167255789041519, 0.13092319667339325, 0.27656906843185425, 0.018215546384453773, 0.2946068048477173]"
2025-09-04 13:50:17.033083,Sad,"[0.16252116858959198, 0.01625506579875946, 0.2308715581893921, 0.05144912004470825, 0.30759888887405396, 0.03128973767161369, 0.20001450181007385]"
2025-09-04 13:50:17.073301,Sad,"[0.17922286689281464, 0.021762022748589516, 0.1769239455461502, 0.19147348403930664, 0.3040792942047119, 0.014803054742515087, 0.11173535883426666]"
2025-09-04 13:50:17.194554,Sad,"[0.16105835139751434, 0.016230689361691475, 0.24617648124694824, 0.04590393230319023, 0.3189891278743744, 0.027195291593670845, 0.18444615602493286]"
2025-09-04 13:50:17.234358,Sad,"[0.17240451276302338, 0.02000718005001545, 0.15746065974235535, 0.2059278041124344, 0.2325323224067688, 0.048266634345054626, 0.16340087354183197]"
2025-09-04 13:50:17.276073,Happy,"[0.14335514605045319, 0.01712147705256939, 0.12246958911418915, 0.27374377846717834, 0.21875883638858795, 0.031277161091566086, 0.19327397644519806]"
2025-09-04 13:50:17.383895,Sad,"[0.15381421148777008, 0.015257145278155804, 0.2582832872867584, 0.046072181314229965, 0.2796175181865692, 0.04480311647057533, 0.2021525353193283]"
2025-09-04 13:50:17.426461,Neutral,"[0.13416221737861633, 0.014033481478691101, 0.2043747752904892, 0.06099579483270645, 0.21412579715251923, 0.12751851975917816, 0.24478934705257416]"
2025-09-04 13:50:17.472513,Sad,"[0.1780741661787033, 0.020813213661313057, 0.1580914407968521, 0.20635710656642914, 0.2356383353471756, 0.04541982710361481, 0.15560594201087952]"
2025-09-04 13:50:17.588949,Sad,"[0.17560280859470367, 0.020155947655439377, 0.15873469412326813, 0.20326685905456543, 0.23002544045448303, 0.049485597759485245, 0.1627286672592163]"
2025-09-04 13:50:17.628787,Happy,"[0.1485147327184677, 0.017072468996047974, 0.11994338780641556, 0.24217183887958527, 0.19047018885612488, 0.06457984447479248, 0.21724744141101837]"
2025-09-04 13:50:17.773119,Sad,"[0.17423410713672638, 0.02057379111647606, 0.1680862009525299, 0.2009536474943161, 0.26547184586524963, 0.028736436739563942, 0.14194394648075104]"
2025-09-04 13:50:17.880976,Sad,"[0.17872662842273712, 0.021095219999551773, 0.1645241677761078, 0.20340096950531006, 0.2551908493041992, 0.033381395041942596, 0.14368075132369995]"
2025-09-04 13:50:17.922843,Sad,"[0.18881841003894806, 0.021713756024837494, 0.155957892537117, 0.1910102665424347, 0.2484908252954483, 0.03825987130403519, 0.15574894845485687]"
2025-09-04 13:50:18.050262,Happy,"[0.16093571484088898, 0.01825965754687786, 0.1462377905845642, 0.20535896718502045, 0.20268337428569794, 0.07622721791267395, 0.19029730558395386]"
2025-09-04 13:50:18.091501,Sad,"[0.17637790739536285, 0.020412787795066833, 0.15052835643291473, 0.2079460173845291, 0.21532225608825684, 0.061997830867767334, 0.1674148142337799]"
2025-09-04 13:50:18.224617,Sad,"[0.1754235029220581, 0.01721249893307686, 0.13347457349300385, 0.1210099309682846, 0.27086061239242554, 0.029738305136561394, 0.25228068232536316]"
2025-09-04 13:50:18.266758,Sad,"[0.16939762234687805, 0.02022233046591282, 0.14843280613422394, 0.22610066831111908, 0.2559889554977417, 0.026244109496474266, 0.15361347794532776]"
2025-09-04 13:50:18.307604,Sad,"[0.1741148680448532, 0.01981823891401291, 0.14453963935375214, 0.20058056712150574, 0.24623696506023407, 0.03544233739376068, 0.17926743626594543]"
2025-09-04 13:50:18.430822,Sad,"[0.17224374413490295, 0.01760128140449524, 0.15007171034812927, 0.12200728803873062, 0.3266560435295105, 0.013821778818964958, 0.1975981891155243]"
2025-09-04 13:50:18.470945,Sad,"[0.16123348474502563, 0.018371088430285454, 0.15135085582733154, 0.2052149474620819, 0.21471384167671204, 0.06405065208673477, 0.18506506085395813]"
2025-09-04 13:50:18.673725,Sad,"[0.14840415120124817, 0.014044475741684437, 0.25049424171447754, 0.04146317392587662, 0.2644314169883728, 0.05109170824289322, 0.23007087409496307]"
2025-09-04 13:50:18.789614,Sad,"[0.17712141573429108, 0.020193148404359818, 0.1695169061422348, 0.16014565527439117, 0.3250998556613922, 0.012613113038241863, 0.13530991971492767]"
2025-09-04 13:50:18.831321,Sad,"[0.1666613519191742, 0.017853546887636185, 0.13471925258636475, 0.13564029335975647, 0.37203723192214966, 0.005087779834866524, 0.16800053417682648]"
2025-09-04 13:50:18.872533,Happy,"[0.13369758427143097, 0.015103340148925781, 0.14078429341316223, 0.22654005885124207, 0.1604699045419693, 0.11640214920043945, 0.20700272917747498]"
2025-09-04 13:50:18.992767,Sad,"[0.1715443879365921, 0.017932677641510963, 0.14213207364082336, 0.15384292602539062, 0.24664796888828278, 0.04292993247509003, 0.2249700278043747]"
2025-09-04 13:50:19.033843,Sad,"[0.17250317335128784, 0.01742366887629032, 0.14211857318878174, 0.13015811145305634, 0.2825373411178589, 0.02575116977095604, 0.22950798273086548]"
2025-09-04 13:50:19.168710,Sad,"[0.18416234850883484, 0.021698949858546257, 0.1664002537727356, 0.19313843548297882, 0.2732849717140198, 0.025394445285201073, 0.13592061400413513]"
2025-09-04 13:50:19.209409,Happy,"[0.11940285563468933, 0.013495846651494503, 0.14045897126197815, 0.23868077993392944, 0.14513136446475983, 0.1308009922504425, 0.21202918887138367]"
2025-09-04 13:50:19.328167,Sad,"[0.2024923413991928, 0.02195592038333416, 0.15255281329154968, 0.13949106633663177, 0.31403470039367676, 0.015335495583713055, 0.15413762629032135]"
2025-09-04 13:50:19.368161,Sad,"[0.1649017333984375, 0.0162025298923254, 0.21250614523887634, 0.04371584579348564, 0.3271440863609314, 0.024197479709982872, 0.21133218705654144]"
2025-09-04 13:50:19.490281,Sad,"[0.19526255130767822, 0.020893029868602753, 0.16387227177619934, 0.11835186928510666, 0.31566375494003296, 0.018434807658195496, 0.167521670460701]"
2025-09-04 13:50:19.530161,Sad,"[0.1572202444076538, 0.014901292510330677, 0.22232148051261902, 0.03682343289256096, 0.3127295970916748, 0.029669182375073433, 0.22633476555347443]"
2025-09-04 13:50:19.677623,Sad,"[0.1687445193529129, 0.019345376640558243, 0.14897967875003815, 0.20685413479804993, 0.2102240025997162, 0.06771822273731232, 0.17813405394554138]"
2025-09-04 13:50:19.719280,Sad,"[0.20650577545166016, 0.022246193140745163, 0.16189219057559967, 0.11508673429489136, 0.32912516593933105, 0.014354778453707695, 0.15078915655612946]"
2025-09-04 13:50:19.760219,Sad,"[0.1564045548439026, 0.015560424886643887, 0.22469598054885864, 0.04192747548222542, 0.2964954078197479, 0.032860420644283295, 0.2320556640625]"
2025-09-04 13:50:19.901884,Sad,"[0.20416732132434845, 0.0227199736982584, 0.1587674915790558, 0.14840102195739746, 0.2961309552192688, 0.02062642201781273, 0.1491868793964386]"
2025-09-04 13:50:19.944021,Sad,"[0.15990278124809265, 0.01828281208872795, 0.15313085913658142, 0.20692503452301025, 0.22294148802757263, 0.05562640726566315, 0.18319064378738403]"
2025-09-04 13:50:20.066275,Sad,"[0.1734243631362915, 0.02021488919854164, 0.16016831994056702, 0.20512451231479645, 0.24037469923496246, 0.04271525517106056, 0.15797798335552216]"
2025-09-04 13:50:20.200474,Sad,"[0.16838125884532928, 0.019054561853408813, 0.15261821448802948, 0.19647257030010223, 0.22768115997314453, 0.0536428727209568, 0.18214936554431915]"
2025-09-04 13:50:20.335244,Sad,"[0.20163968205451965, 0.024512168020009995, 0.16470801830291748, 0.20235051214694977, 0.26522547006607056, 0.025779085233807564, 0.11578511446714401]"
2025-09-04 13:50:20.376636,Neutral,"[0.14110957086086273, 0.014218614436686039, 0.1724299043416977, 0.07359131425619125, 0.2079702764749527, 0.11542190611362457, 0.27525848150253296]"
2025-09-04 13:50:20.498728,Sad,"[0.19335928559303284, 0.023398401215672493, 0.1677273064851761, 0.20044578611850739, 0.27258244156837463, 0.02368115819990635, 0.11880551278591156]"
2025-09-04 13:50:20.619362,Sad,"[0.19267210364341736, 0.02163112722337246, 0.1566423773765564, 0.1693015992641449, 0.27710479497909546, 0.025891592726111412, 0.15675638616085052]"
2025-09-04 13:50:20.759068,Sad,"[0.18255090713500977, 0.021525537595152855, 0.16085976362228394, 0.20553982257843018, 0.24495060741901398, 0.03879414498806, 0.14577920734882355]"
2025-09-04 13:50:20.800222,Neutral,"[0.17208625376224518, 0.01677888259291649, 0.13781258463859558, 0.12558822333812714, 0.2202514410018921, 0.06577857583761215, 0.2617039978504181]"
2025-09-04 13:50:20.941268,Sad,"[0.19054687023162842, 0.022693727165460587, 0.16119493544101715, 0.2055804282426834, 0.24855874478816986, 0.03565088286995888, 0.1357743740081787]"
2025-09-04 13:50:21.066964,Sad,"[0.2129814326763153, 0.022336943075060844, 0.1444941908121109, 0.1223360225558281, 0.32280635833740234, 0.01349843293428421, 0.16154658794403076]"
2025-09-04 13:50:21.107012,Sad,"[0.19132421910762787, 0.02265821397304535, 0.15665334463119507, 0.20780953764915466, 0.23508116602897644, 0.044077835977077484, 0.14239563047885895]"
2025-09-04 13:50:21.148360,Surprise,"[0.10027161985635757, 0.00965429563075304, 0.22862455248832703, 0.0899323970079422, 0.09165021777153015, 0.3214991092681885, 0.15836778283119202]"
2025-09-04 13:50:21.188924,Sad,"[0.15682633221149445, 0.01489520724862814, 0.19555696845054626, 0.03935204818844795, 0.332136332988739, 0.02361930161714554, 0.23761382699012756]"
2025-09-04 13:50:21.329753,Sad,"[0.19367416203022003, 0.02290470339357853, 0.16183356940746307, 0.19331592321395874, 0.23393085598945618, 0.049714282155036926, 0.1446264684200287]"
2025-09-04 13:50:21.371600,Sad,"[0.215025395154953, 0.02251969277858734, 0.1434696614742279, 0.12255606800317764, 0.31919780373573303, 0.014188597910106182, 0.16304275393486023]"
2025-09-04 13:50:21.414081,Sad,"[0.15704473853111267, 0.014726193621754646, 0.19183191657066345, 0.042075395584106445, 0.2997860014438629, 0.03473058342933655, 0.25980526208877563]"
2025-09-04 13:50:21.458575,Sad,"[0.14441907405853271, 0.01294360775500536, 0.21543510258197784, 0.01727394387125969, 0.34595173597335815, 0.021435590460896492, 0.24254094064235687]"
2025-09-04 13:50:21.604520,Sad,"[0.21741314232349396, 0.02183176577091217, 0.14088556170463562, 0.0966181680560112, 0.335421621799469, 0.01214767899364233, 0.17568209767341614]"
2025-09-04 13:50:21.645954,Angry,"[0.25906166434288025, 0.022237692028284073, 0.24121502041816711, 0.19277913868427277, 0.12385407835245132, 0.09126044064760208, 0.06959201395511627]"
2025-09-04 13:50:21.688119,Sad,"[0.15566672384738922, 0.014476275071501732, 0.22648155689239502, 0.018121274188160896, 0.367837131023407, 0.016675671562552452, 0.2007414847612381]"
2025-09-04 13:50:21.727960,Happy,"[0.1418188214302063, 0.016774607822299004, 0.13146796822547913, 0.3367668688297272, 0.2005539983510971, 0.02839287742972374, 0.1442248374223709]"
2025-09-04 13:50:21.769863,Sad,"[0.16960643231868744, 0.017251716926693916, 0.14537465572357178, 0.12584933638572693, 0.24733605980873108, 0.04819285124540329, 0.24638891220092773]"
2025-09-04 13:50:21.909938,Sad,"[0.15805800259113312, 0.017828823998570442, 0.15517352521419525, 0.18047715723514557, 0.2037782371044159, 0.08668572455644608, 0.19799856841564178]"
2025-09-04 13:50:21.952241,Neutral,"[0.17558608949184418, 0.017456311732530594, 0.13146422803401947, 0.13117507100105286, 0.24751277267932892, 0.04161394387483597, 0.2551916837692261]"
2025-09-04 13:50:22.081048,Sad,"[0.16588599979877472, 0.018876371905207634, 0.15591734647750854, 0.18243947625160217, 0.20664966106414795, 0.0826629251241684, 0.18756821751594543]"
2025-09-04 13:50:22.121262,Neutral,"[0.15519939363002777, 0.013863925822079182, 0.14846733212471008, 0.0504705011844635, 0.28406062722206116, 0.03249320760369301, 0.31544506549835205]"
2025-09-04 13:50:22.161987,Sad,"[0.16453784704208374, 0.018342068418860435, 0.15264785289764404, 0.1887698620557785, 0.233710378408432, 0.05002691596746445, 0.1919649839401245]"
2025-09-04 13:50:22.201789,Sad,"[0.1763811856508255, 0.018112177029252052, 0.22156116366386414, 0.059645142406225204, 0.3322603702545166, 0.02062034048140049, 0.17141959071159363]"
2025-09-04 13:50:22.335352,Sad,"[0.18571622669696808, 0.021850891411304474, 0.15648393332958221, 0.20755891501903534, 0.23307329416275024, 0.04628118500113487, 0.14903557300567627]"
2025-09-04 13:50:22.376336,Sad,"[0.1715552806854248, 0.0200260728597641, 0.169703409075737, 0.19081132113933563, 0.2801225781440735, 0.02372313104569912, 0.14405818283557892]"
2025-09-04 13:50:22.418957,Happy,"[0.13274845480918884, 0.015030107460916042, 0.14414650201797485, 0.22933198511600494, 0.16426700353622437, 0.10858229547739029, 0.20589357614517212]"
2025-09-04 13:50:22.504631,Neutral,"[0.1704561561346054, 0.0171605683863163, 0.1386096179485321, 0.12495486438274384, 0.2329077422618866, 0.05783817172050476, 0.25807294249534607]"
2025-09-04 13:50:22.633103,Happy,"[0.13439689576625824, 0.015221570618450642, 0.1376408040523529, 0.23758259415626526, 0.16010534763336182, 0.11030595749616623, 0.20474690198898315]"
2025-09-04 13:50:22.674446,Happy,"[0.1137869730591774, 0.012999402359127998, 0.14885979890823364, 0.25790417194366455, 0.15969449281692505, 0.09247952699661255, 0.21427561342716217]"
2025-09-04 13:50:22.719567,Happy,"[0.1255250871181488, 0.014026099815964699, 0.14030678570270538, 0.22794172167778015, 0.15326015651226044, 0.12130194902420044, 0.21763822436332703]"
2025-09-04 13:50:22.761524,Neutral,"[0.1573875993490219, 0.016743527725338936, 0.1293158382177353, 0.17704607546329498, 0.23858387768268585, 0.03857271000742912, 0.24235039949417114]"
2025-09-04 13:50:22.801603,Neutral,"[0.15540984272956848, 0.016347389668226242, 0.12252926826477051, 0.17529098689556122, 0.23257890343666077, 0.03971545770764351, 0.2581280469894409]"
2025-09-04 13:50:22.843932,Neutral,"[0.16887864470481873, 0.01647435501217842, 0.12246666848659515, 0.12559862434864044, 0.2573276162147522, 0.03165462985634804, 0.27759942412376404]"
2025-09-04 13:50:23.006916,Neutral,"[0.13321810960769653, 0.015003937296569347, 0.14577166736125946, 0.21002306044101715, 0.16244955360889435, 0.12271082401275635, 0.21082286536693573]"
2025-09-04 13:50:23.049028,Neutral,"[0.13927225768566132, 0.015250180847942829, 0.11476181447505951, 0.21840552985668182, 0.18291950225830078, 0.07120843231678009, 0.25818225741386414]"
2025-09-04 13:50:23.090025,Sad,"[0.18279434740543365, 0.021786212921142578, 0.1828359216451645, 0.14740221202373505, 0.35699301958084106, 0.00755845895037055, 0.10062985122203827]"
2025-09-04 13:50:23.130355,Neutral,"[0.14220155775547028, 0.014885657466948032, 0.1087702140212059, 0.1832677572965622, 0.23580288887023926, 0.028717713430523872, 0.2863542437553406]"
2025-09-04 13:50:23.172248,Neutral,"[0.13214688003063202, 0.014463559724390507, 0.13939088582992554, 0.212291419506073, 0.1633206158876419, 0.10929940640926361, 0.22908717393875122]"
2025-09-04 13:50:23.212525,Neutral,"[0.14001785218715668, 0.014170034788548946, 0.10228873044252396, 0.1626334935426712, 0.2506398856639862, 0.020844213664531708, 0.3094058036804199]"
2025-09-04 13:50:23.252895,Neutral,"[0.13322168588638306, 0.01295979879796505, 0.08737368136644363, 0.14790815114974976, 0.24020563066005707, 0.018841776996850967, 0.3594892621040344]"
2025-09-04 13:50:23.393491,Sad,"[0.1780892014503479, 0.020828530192375183, 0.15860308706760406, 0.20617425441741943, 0.23709066212177277, 0.04441240057349205, 0.15480194985866547]"
2025-09-04 13:50:23.432787,Neutral,"[0.15353985130786896, 0.016523629426956177, 0.1371508091688156, 0.18708129227161407, 0.18897457420825958, 0.08748722076416016, 0.22924260795116425]"
2025-09-04 13:50:23.475423,Neutral,"[0.17676714062690735, 0.01723836176097393, 0.1242188811302185, 0.1253991276025772, 0.23397135734558105, 0.04934525489807129, 0.27305975556373596]"
2025-09-04 13:50:23.517393,Neutral,"[0.16412353515625, 0.01718812622129917, 0.12886831164360046, 0.16652780771255493, 0.22518093883991241, 0.05142752081155777, 0.24668383598327637]"
2025-09-04 13:50:23.559891,Happy,"[0.1429915428161621, 0.016162414103746414, 0.12511946260929108, 0.2285909652709961, 0.2137593775987625, 0.045777078717947006, 0.2275991141796112]"
2025-09-04 13:50:23.599748,Neutral,"[0.13656094670295715, 0.013628753833472729, 0.09483803063631058, 0.1596214771270752, 0.24164177477359772, 0.021162308752536774, 0.3325466811656952]"
2025-09-04 13:50:23.644558,Neutral,"[0.17147895693778992, 0.01779252663254738, 0.13172857463359833, 0.15661247074604034, 0.21439793705940247, 0.06716341525316238, 0.2408261001110077]"
2025-09-04 13:50:23.763779,Sad,"[0.1604098081588745, 0.018435366451740265, 0.16087281703948975, 0.20311051607131958, 0.2392943799495697, 0.04455959424376488, 0.17331743240356445]"
2025-09-04 13:50:23.804806,Neutral,"[0.16375544667243958, 0.016405366361141205, 0.11538061499595642, 0.1482580453157425, 0.21960760653018951, 0.05124958977103233, 0.28534337878227234]"
2025-09-04 13:50:23.844111,Sad,"[0.1531241089105606, 0.016548626124858856, 0.1315743327140808, 0.18559136986732483, 0.24785682559013367, 0.032064445316791534, 0.2332402616739273]"
2025-09-04 13:50:23.886267,Neutral,"[0.15351784229278564, 0.01626993902027607, 0.1231672465801239, 0.17997296154499054, 0.23501887917518616, 0.03745824843645096, 0.25459492206573486]"
2025-09-04 13:50:23.925487,Neutral,"[0.12583260238170624, 0.012712381780147552, 0.09136104583740234, 0.16676585376262665, 0.2603486180305481, 0.012962764129042625, 0.3300166726112366]"
2025-09-04 13:50:24.083768,Sad,"[0.17755384743213654, 0.01958583854138851, 0.15749768912792206, 0.1665210872888565, 0.2774884104728699, 0.026803648099303246, 0.1745494157075882]"
2025-09-04 13:50:24.124757,Happy,"[0.13085393607616425, 0.014854490756988525, 0.11891765892505646, 0.24644307792186737, 0.16704870760440826, 0.08700057864189148, 0.23488150537014008]"
2025-09-04 13:50:24.166849,Sad,"[0.17292389273643494, 0.02134525589644909, 0.17934755980968475, 0.19622275233268738, 0.32565876841545105, 0.008893782272934914, 0.09560795873403549]"
2025-09-04 13:50:24.208905,Neutral,"[0.15602673590183258, 0.015601785853505135, 0.11159724742174149, 0.14961788058280945, 0.23802609741687775, 0.033870771527290344, 0.2952595055103302]"
2025-09-04 13:50:24.249378,Sad,"[0.16674509644508362, 0.018253613263368607, 0.14875993132591248, 0.17940452694892883, 0.23384062945842743, 0.05064859241247177, 0.2023475617170334]"
2025-09-04 13:50:24.292007,Happy,"[0.14546950161457062, 0.01667632721364498, 0.16062161326408386, 0.2207350879907608, 0.2111772894859314, 0.05896037071943283, 0.18635976314544678]"
2025-09-04 13:50:24.332088,Neutral,"[0.15656320750713348, 0.016015803441405296, 0.12008052319288254, 0.15713579952716827, 0.2489715814590454, 0.030732126906514168, 0.27050095796585083]"
2025-09-04 13:50:24.372814,Neutral,"[0.15597443282604218, 0.015538327395915985, 0.13627742230892181, 0.1820375621318817, 0.18710871040821075, 0.0785629078745842, 0.24450071156024933]"
2025-09-04 13:50:24.415871,Sad,"[0.15830615162849426, 0.01675345189869404, 0.13223308324813843, 0.1701110303401947, 0.2525189220905304, 0.032283131033182144, 0.23779425024986267]"
2025-09-04 13:50:24.556618,Sad,"[0.18602298200130463, 0.02034454233944416, 0.16095346212387085, 0.13223683834075928, 0.35237178206443787, 0.008829501457512379, 0.13924084603786469]"
2025-09-04 13:50:24.596228,Neutral,"[0.14951291680335999, 0.016124285757541656, 0.12307266891002655, 0.19303780794143677, 0.23215845227241516, 0.037110649049282074, 0.2489832490682602]"
2025-09-04 13:50:24.638915,Neutral,"[0.13723362982273102, 0.014986219815909863, 0.13914458453655243, 0.207070454955101, 0.16916854679584503, 0.1041945070028305, 0.22820205986499786]"
2025-09-04 13:50:24.678670,Neutral,"[0.16121014952659607, 0.01710561476647854, 0.13942505419254303, 0.16310589015483856, 0.201810821890831, 0.08250246196985245, 0.2348400056362152]"
2025-09-04 13:50:24.827256,Happy,"[0.13727635145187378, 0.014242978766560555, 0.12656038999557495, 0.3509886860847473, 0.12784458696842194, 0.07773979753255844, 0.165347158908844]"
2025-09-04 13:50:24.870672,Sad,"[0.1663777232170105, 0.020093746483325958, 0.18183109164237976, 0.1864774525165558, 0.31945663690567017, 0.012113873846828938, 0.11364950239658356]"
2025-09-04 13:50:24.912007,Sad,"[0.16862857341766357, 0.016630327329039574, 0.14086610078811646, 0.10871589183807373, 0.3366774320602417, 0.011414864100515842, 0.21706677973270416]"
2025-09-04 13:50:24.952724,Happy,"[0.1278248280286789, 0.01432375330477953, 0.14045652747154236, 0.22744710743427277, 0.1553458720445633, 0.11983061581850052, 0.21477127075195312]"
2025-09-04 13:50:24.996298,Neutral,"[0.16590571403503418, 0.01699446700513363, 0.14457204937934875, 0.12452199310064316, 0.2219540923833847, 0.07264261692762375, 0.2534090578556061]"
2025-09-04 13:50:25.037607,Neutral,"[0.15514837205410004, 0.015187269076704979, 0.11481640487909317, 0.13006405532360077, 0.27953535318374634, 0.01839091256260872, 0.28685763478279114]"
2025-09-04 13:50:25.078873,Sad,"[0.1767348349094391, 0.01734800636768341, 0.19494590163230896, 0.03465370833873749, 0.41977444291114807, 0.006255730055272579, 0.15028737485408783]"
2025-09-04 13:50:25.119791,Neutral,"[0.16644127666950226, 0.016464360058307648, 0.13758088648319244, 0.11420845985412598, 0.25639843940734863, 0.039554037153720856, 0.2693525552749634]"
2025-09-04 13:50:25.271696,Happy,"[0.145254984498024, 0.016102029010653496, 0.12138018012046814, 0.22997695207595825, 0.18361912667751312, 0.07709408551454544, 0.22657263278961182]"
2025-09-04 13:50:25.311809,Sad,"[0.16134662926197052, 0.01901058480143547, 0.17567561566829681, 0.19452261924743652, 0.28811731934547424, 0.020800946280360222, 0.14052625000476837]"
2025-09-04 13:50:25.352942,Neutral,"[0.16276325285434723, 0.01583847589790821, 0.1159641370177269, 0.12855583429336548, 0.2587960362434387, 0.02744380198419094, 0.2906384766101837]"
2025-09-04 13:50:25.392534,Sad,"[0.17627671360969543, 0.019738437607884407, 0.2541443407535553, 0.08569841831922531, 0.30103105306625366, 0.02807394042611122, 0.13503704965114594]"
2025-09-04 13:50:25.441372,Happy,"[0.1299898773431778, 0.014872454106807709, 0.16032695770263672, 0.2357815057039261, 0.1860997974872589, 0.07525559514760971, 0.19767381250858307]"
2025-09-04 13:50:25.489961,Happy,"[0.13202130794525146, 0.01469078753143549, 0.14019030332565308, 0.22054840624332428, 0.16082976758480072, 0.1139322891831398, 0.21778720617294312]"
2025-09-04 13:50:25.533574,Neutral,"[0.16097350418567657, 0.016388505697250366, 0.12538275122642517, 0.1492815911769867, 0.25778672099113464, 0.029396258294582367, 0.2607905864715576]"
2025-09-04 13:50:25.576460,Neutral,"[0.17102940380573273, 0.016742901876568794, 0.13932277262210846, 0.10782907903194427, 0.25333741307258606, 0.04377075284719467, 0.26796767115592957]"
2025-09-04 13:50:25.713862,Sad,"[0.16883257031440735, 0.01798349618911743, 0.2618909478187561, 0.021506525576114655, 0.42133843898773193, 0.008193678222596645, 0.10025432705879211]"
2025-09-04 13:50:25.759626,Sad,"[0.17615805566310883, 0.01829218491911888, 0.15455211699008942, 0.11065853387117386, 0.3751634955406189, 0.006764151155948639, 0.15841148793697357]"
2025-09-04 13:50:25.803946,Sad,"[0.1540568321943283, 0.01806654781103134, 0.18602918088436127, 0.17798113822937012, 0.3008805811405182, 0.019317254424095154, 0.14366842806339264]"
2025-09-04 13:50:25.847417,Neutral,"[0.10585086047649384, 0.011973904445767403, 0.15139801800251007, 0.22429928183555603, 0.1480547934770584, 0.12423909455537796, 0.2341841161251068]"
2025-09-04 13:50:25.890775,Neutral,"[0.17106075584888458, 0.01781732775270939, 0.13217315077781677, 0.15865416824817657, 0.2132689505815506, 0.06826111674308777, 0.2387644201517105]"
2025-09-04 13:50:25.934141,Neutral,"[0.165225550532341, 0.01753166690468788, 0.14841210842132568, 0.14685553312301636, 0.2211630791425705, 0.07060472667217255, 0.23020733892917633]"
2025-09-04 13:50:25.981664,Sad,"[0.17775221168994904, 0.01706511527299881, 0.15107549726963043, 0.05655296891927719, 0.39517757296562195, 0.0063191126100718975, 0.1960574835538864]"
2025-09-04 13:50:26.114035,Sad,"[0.17812208831310272, 0.01867309957742691, 0.15494945645332336, 0.1236320286989212, 0.34448501467704773, 0.010530072264373302, 0.16960835456848145]"
2025-09-04 13:50:26.158676,Sad,"[0.16475532948970795, 0.019492732360959053, 0.17538540065288544, 0.1948041468858719, 0.28855353593826294, 0.020427411422133446, 0.1365814507007599]"
2025-09-04 13:50:26.204939,Sad,"[0.20143748819828033, 0.022548064589500427, 0.15626950562000275, 0.10162373632192612, 0.42903274297714233, 0.0023409684654325247, 0.08674748986959457]"
2025-09-04 13:50:26.246989,Neutral,"[0.15988488495349884, 0.01595628634095192, 0.15650562942028046, 0.09273821115493774, 0.23520341515541077, 0.06976485997438431, 0.26994678378105164]"
2025-09-04 13:50:26.286743,Sad,"[0.16021926701068878, 0.017528843134641647, 0.1384192258119583, 0.18896938860416412, 0.22665400803089142, 0.050213828682899475, 0.21799537539482117]"
2025-09-04 13:50:26.329446,Sad,"[0.1683032214641571, 0.016087887808680534, 0.2032192200422287, 0.03342391178011894, 0.37472978234291077, 0.012800833210349083, 0.19143514335155487]"
2025-09-04 13:50:26.371896,Sad,"[0.1694139689207077, 0.016105014830827713, 0.19301751255989075, 0.035314686596393585, 0.37221893668174744, 0.013106501661241055, 0.20082338154315948]"
2025-09-04 13:50:26.501333,Sad,"[0.184890016913414, 0.01915832981467247, 0.1513940542936325, 0.10130494087934494, 0.3949691653251648, 0.004928909707814455, 0.143354594707489]"
2025-09-04 13:50:26.539938,Neutral,"[0.1586172729730606, 0.017527960240840912, 0.13842272758483887, 0.19563759863376617, 0.19000458717346191, 0.09018095582723618, 0.20960883796215057]"
2025-09-04 13:50:26.580635,Sad,"[0.181228369474411, 0.01996174082159996, 0.1788954883813858, 0.12663395702838898, 0.2825874388217926, 0.033943865448236465, 0.17674915492534637]"
2025-09-04 13:50:26.620229,Sad,"[0.17980583012104034, 0.02004498802125454, 0.16565892100334167, 0.1459835320711136, 0.3383359909057617, 0.010721992701292038, 0.13944867253303528]"
2025-09-04 13:50:26.659745,Happy,"[0.08519124239683151, 0.009768420830368996, 0.132345512509346, 0.301715224981308, 0.12691588699817657, 0.10309328883886337, 0.2409704476594925]"
2025-09-04 13:50:26.700101,Neutral,"[0.15078873932361603, 0.016703076660633087, 0.12772957980632782, 0.20909781754016876, 0.2125404179096222, 0.052984364330768585, 0.2301560491323471]"
2025-09-04 13:50:26.741641,Sad,"[0.1804986149072647, 0.01763266511261463, 0.1856255680322647, 0.04736076295375824, 0.3634532392024994, 0.01383191253989935, 0.19159722328186035]"
2025-09-04 13:50:26.784874,Sad,"[0.18707503378391266, 0.019322149455547333, 0.1957571655511856, 0.05375877767801285, 0.3870103359222412, 0.009499846957623959, 0.14757664501667023]"
2025-09-04 13:50:26.932115,Sad,"[0.17859840393066406, 0.0184982568025589, 0.15333734452724457, 0.1096726804971695, 0.37415024638175964, 0.006844185758382082, 0.15889886021614075]"
2025-09-04 13:50:26.972922,Sad,"[0.17525772750377655, 0.020586920902132988, 0.1732976883649826, 0.18012936413288116, 0.3061106204986572, 0.0157775841653347, 0.12884004414081573]"
2025-09-04 13:50:27.013583,Sad,"[0.16193389892578125, 0.018968885764479637, 0.15673360228538513, 0.19175823032855988, 0.3152927756309509, 0.011455941945314407, 0.14385667443275452]"
2025-09-04 13:50:27.085107,Neutral,"[0.15549838542938232, 0.016127988696098328, 0.16317066550254822, 0.10385140776634216, 0.21898125112056732, 0.09091772139072418, 0.25145256519317627]"
2025-09-04 13:50:27.140416,Happy,"[0.12313687801361084, 0.014053188264369965, 0.1556377410888672, 0.2437865138053894, 0.16999699175357819, 0.08974269032478333, 0.2036460041999817]"
2025-09-04 13:50:27.187047,Sad,"[0.14945587515830994, 0.014552613720297813, 0.11788717657327652, 0.1180931031703949, 0.32363182306289673, 0.009609623812139034, 0.26676973700523376]"
2025-09-04 13:50:27.232603,Neutral,"[0.16268683969974518, 0.016737548634409904, 0.15342916548252106, 0.1159302145242691, 0.22778178751468658, 0.07230666279792786, 0.2511277198791504]"
2025-09-04 13:50:27.272385,Sad,"[0.16137146949768066, 0.017923934385180473, 0.14441491663455963, 0.19406695663928986, 0.22398750483989716, 0.05433294177055359, 0.20390233397483826]"
2025-09-04 13:50:27.311774,Sad,"[0.1699957698583603, 0.017916390672326088, 0.14129281044006348, 0.1579132080078125, 0.2299690842628479, 0.055677417665719986, 0.22723527252674103]"
2025-09-04 13:50:27.473031,Sad,"[0.17939229309558868, 0.020673515275120735, 0.17035222053527832, 0.16473640501499176, 0.32153674960136414, 0.012965389527380466, 0.1303434818983078]"
2025-09-04 13:50:27.512074,Sad,"[0.18715660274028778, 0.020012909546494484, 0.15681177377700806, 0.11957590281963348, 0.36666610836982727, 0.007305414415895939, 0.14247123897075653]"
2025-09-04 13:50:27.554034,Sad,"[0.16943509876728058, 0.020410923287272453, 0.17951039969921112, 0.18951424956321716, 0.309704452753067, 0.014104155823588371, 0.11732073873281479]"
2025-09-04 13:50:27.594830,Neutral,"[0.16782726347446442, 0.017347201704978943, 0.12876471877098083, 0.15759405493736267, 0.22389942407608032, 0.05463628098368645, 0.2499309927225113]"
2025-09-04 13:50:27.635451,Neutral,"[0.17782679200172424, 0.017240364104509354, 0.13134419918060303, 0.15581092238426208, 0.2127380073070526, 0.06068100407719612, 0.2443585991859436]"
2025-09-04 13:50:27.677145,Happy,"[0.15348945558071136, 0.017571216449141502, 0.14339739084243774, 0.21844236552715302, 0.21768325567245483, 0.05378454923629761, 0.19563180208206177]"
2025-09-04 13:50:27.717847,Sad,"[0.14864873886108398, 0.015855472534894943, 0.12558682262897491, 0.17984426021575928, 0.2594932019710541, 0.024559851735830307, 0.2460116446018219]"
2025-09-04 13:50:27.759359,Neutral,"[0.14108744263648987, 0.015152879059314728, 0.12987126410007477, 0.19967535138130188, 0.17969273030757904, 0.0860087051987648, 0.24851170182228088]"
2025-09-04 13:50:27.800539,Neutral,"[0.12810994684696198, 0.013497740961611271, 0.09232959896326065, 0.20466633141040802, 0.21048344671726227, 0.030530402436852455, 0.32038259506225586]"
2025-09-04 13:50:27.840268,Neutral,"[0.1620309054851532, 0.016090264543890953, 0.14853475987911224, 0.09719259291887283, 0.22644956409931183, 0.07472335547208786, 0.2749786376953125]"
2025-09-04 13:50:27.967306,Sad,"[0.18962770700454712, 0.023413049057126045, 0.17785577476024628, 0.17608053982257843, 0.3344281017780304, 0.008509933017194271, 0.09008494764566422]"
2025-09-04 13:50:28.008361,Sad,"[0.1726067215204239, 0.018422763794660568, 0.1578149050474167, 0.14117637276649475, 0.3161107301712036, 0.015833601355552673, 0.17803490161895752]"
2025-09-04 13:50:28.048579,Sad,"[0.17607848346233368, 0.021789049729704857, 0.17538918554782867, 0.20772017538547516, 0.31448420882225037, 0.009569494985044003, 0.09496945887804031]"
2025-09-04 13:50:28.090136,Sad,"[0.14596013724803925, 0.016842257231473923, 0.16567330062389374, 0.21946440637111664, 0.22273476421833038, 0.04928629472851753, 0.18003885447978973]"
2025-09-04 13:50:28.133416,Sad,"[0.1621738076210022, 0.01829373836517334, 0.1606753170490265, 0.18882066011428833, 0.25523099303245544, 0.03613411635160446, 0.17867134511470795]"
2025-09-04 13:50:28.175104,Sad,"[0.157221257686615, 0.015716256573796272, 0.12708806991577148, 0.12583377957344055, 0.3222896456718445, 0.011065914295613766, 0.24078509211540222]"
2025-09-04 13:50:28.215729,Neutral,"[0.1662619560956955, 0.016368940472602844, 0.12342830747365952, 0.12991516292095184, 0.2642735540866852, 0.027869917452335358, 0.27188214659690857]"
2025-09-04 13:50:28.256654,Neutral,"[0.13102275133132935, 0.013588132336735725, 0.10088266432285309, 0.17882363498210907, 0.25917983055114746, 0.01582193933427334, 0.30068105459213257]"
2025-09-04 13:50:28.299922,Sad,"[0.14666509628295898, 0.016214583069086075, 0.12946736812591553, 0.20500610768795013, 0.24155691266059875, 0.03185553476214409, 0.22923442721366882]"
2025-09-04 13:50:28.341196,Sad,"[0.15538208186626434, 0.017050962895154953, 0.13990060985088348, 0.1888372004032135, 0.25062599778175354, 0.032953087240457535, 0.21524998545646667]"
2025-09-04 13:50:28.381988,Neutral,"[0.16062498092651367, 0.015779707580804825, 0.15224970877170563, 0.08803131431341171, 0.2350979447364807, 0.06844688951969147, 0.2797694504261017]"
2025-09-04 13:50:28.529904,Sad,"[0.21330632269382477, 0.021592453122138977, 0.14566101133823395, 0.09950301796197891, 0.31998565793037415, 0.0162718053907156, 0.1836796998977661]"
2025-09-04 13:50:28.570159,Happy,"[0.1358490139245987, 0.015434077940881252, 0.11627312749624252, 0.24355927109718323, 0.17486286163330078, 0.07853993028402328, 0.23548170924186707]"
2025-09-04 13:50:28.610712,Sad,"[0.1711805760860443, 0.017295749858021736, 0.20746919512748718, 0.04771297425031662, 0.3572332262992859, 0.01689181849360466, 0.18221648037433624]"
2025-09-04 13:50:28.737441,Sad,"[0.2342984825372696, 0.027259433642029762, 0.1552700698375702, 0.1472567468881607, 0.32319217920303345, 0.010494950227439404, 0.10222811251878738]"
2025-09-04 13:50:28.777914,Neutral,"[0.15031568706035614, 0.01610800065100193, 0.16901659965515137, 0.1602756679058075, 0.17060893774032593, 0.13563776016235352, 0.19803734123706818]"
2025-09-04 13:50:28.819223,Sad,"[0.1612359583377838, 0.01837773434817791, 0.15175630152225494, 0.2051752805709839, 0.21569959819316864, 0.06313671171665192, 0.18461842834949493]"
2025-09-04 13:50:28.971908,Sad,"[0.23380941152572632, 0.026444490998983383, 0.15183860063552856, 0.12885664403438568, 0.3468576669692993, 0.007663932163268328, 0.10452919453382492]"
2025-09-04 13:50:29.010790,Sad,"[0.17270252108573914, 0.01988299749791622, 0.14899839460849762, 0.207538902759552, 0.21092981100082397, 0.06660198420286179, 0.17334534227848053]"
2025-09-04 13:50:29.050881,Sad,"[0.16030552983283997, 0.018510175868868828, 0.1646852195262909, 0.20164696872234344, 0.2502932846546173, 0.037726450711488724, 0.16683243215084076]"
2025-09-04 13:50:29.089952,Neutral,"[0.13659054040908813, 0.01454990915954113, 0.1577311009168625, 0.1403476446866989, 0.18149727582931519, 0.12038944661617279, 0.2488940954208374]"
2025-09-04 13:50:29.236795,Sad,"[0.18624651432037354, 0.02166815474629402, 0.20632410049438477, 0.10722365230321884, 0.34766480326652527, 0.013224735856056213, 0.11764802038669586]"
2025-09-04 13:50:29.400353,Happy,"[0.15327154099941254, 0.01733454503118992, 0.13119709491729736, 0.21624916791915894, 0.18521538376808167, 0.08805342763662338, 0.20867890119552612]"
2025-09-04 13:50:29.448420,Sad,"[0.18881657719612122, 0.0184475164860487, 0.14789390563964844, 0.08878687024116516, 0.30643129348754883, 0.021938934922218323, 0.2276848703622818]"
2025-09-04 13:50:29.490407,Sad,"[0.20501074194908142, 0.024058032780885696, 0.16564220190048218, 0.15826010704040527, 0.328487753868103, 0.010473012924194336, 0.10806814581155777]"
2025-09-04 13:50:29.619086,Sad,"[0.20585928857326508, 0.021003808826208115, 0.14103958010673523, 0.11540186405181885, 0.3219025433063507, 0.014073307625949383, 0.1807195544242859]"
2025-09-04 13:50:29.660901,Happy,"[0.11815404146909714, 0.013355353847146034, 0.14038977026939392, 0.23974278569221497, 0.14377737045288086, 0.13215097784996033, 0.2124296873807907]"
2025-09-04 13:50:29.702717,Sad,"[0.18274463713169098, 0.02104702778160572, 0.16935309767723083, 0.1625863015651703, 0.32332009077072144, 0.012559279799461365, 0.12838953733444214]"
2025-09-04 13:50:29.817306,Sad,"[0.22641606628894806, 0.024473337456583977, 0.15311963856220245, 0.10929662734270096, 0.35016265511512756, 0.009038117714226246, 0.12749354541301727]"
2025-09-04 13:50:29.857066,Happy,"[0.12178497016429901, 0.013761735521256924, 0.14019398391246796, 0.23543868958950043, 0.14839260280132294, 0.12739886343479156, 0.21302908658981323]"
2025-09-04 13:50:29.902334,Sad,"[0.1767331212759018, 0.017227010801434517, 0.14425452053546906, 0.09856092929840088, 0.30588987469673157, 0.020393764600157738, 0.23694077134132385]"
2025-09-04 13:50:30.062297,Sad,"[0.226743683218956, 0.02596965990960598, 0.1556873470544815, 0.13985681533813477, 0.33560627698898315, 0.009208441711962223, 0.1069277673959732]"
2025-09-04 13:50:30.100985,Happy,"[0.12721794843673706, 0.013994211331009865, 0.1455811709165573, 0.23843909800052643, 0.14294447004795074, 0.1323205828666687, 0.19950249791145325]"
2025-09-04 13:50:30.142395,Sad,"[0.1682693511247635, 0.016932696104049683, 0.14556342363357544, 0.11914855986833572, 0.26675090193748474, 0.035712067037820816, 0.2476230412721634]"
2025-09-04 13:50:30.287305,Sad,"[0.22341789305210114, 0.02446630783379078, 0.1518903523683548, 0.12719273567199707, 0.3289124071598053, 0.011806884780526161, 0.13231337070465088]"
2025-09-04 13:50:30.327468,Happy,"[0.1323164999485016, 0.013442786410450935, 0.15298040211200714, 0.2897281348705292, 0.11328642815351486, 0.14146845042705536, 0.1567772477865219]"
2025-09-04 13:50:30.459962,Happy,"[0.16020409762859344, 0.018106598407030106, 0.14132077991962433, 0.20490117371082306, 0.1917528659105301, 0.08907812088727951, 0.19463637471199036]"
2025-09-04 13:50:30.501619,Sad,"[0.22381585836410522, 0.024296358227729797, 0.15352429449558258, 0.11765042692422867, 0.33562102913856506, 0.0112801194190979, 0.13381190598011017]"
2025-09-04 13:50:30.543592,Sad,"[0.16399577260017395, 0.014489172026515007, 0.17729227244853973, 0.023548336699604988, 0.38945427536964417, 0.009376090951263905, 0.2218441516160965]"
2025-09-04 13:50:30.660112,Sad,"[0.22605204582214355, 0.025369448587298393, 0.15291918814182281, 0.13383810222148895, 0.3367670178413391, 0.009490057826042175, 0.11556410044431686]"
2025-09-04 13:50:30.702942,Angry,"[0.2410447746515274, 0.02614680305123329, 0.19957900047302246, 0.20898421108722687, 0.22849805653095245, 0.021384358406066895, 0.07436273247003555]"
2025-09-04 13:50:30.747510,Sad,"[0.1592530906200409, 0.017998944967985153, 0.15106357634067535, 0.19025446474552155, 0.2023158222436905, 0.0836804062128067, 0.19543376564979553]"
2025-09-04 13:50:30.786754,Neutral,"[0.14004576206207275, 0.01487946230918169, 0.1160895973443985, 0.19941534101963043, 0.18664522469043732, 0.06850205361843109, 0.2744225263595581]"
2025-09-04 13:50:30.828448,Sad,"[0.16604289412498474, 0.01585349068045616, 0.19902245700359344, 0.03311246633529663, 0.3812122046947479, 0.01184782199561596, 0.19290873408317566]"
2025-09-04 13:50:30.868802,Sad,"[0.17214588820934296, 0.016114570200443268, 0.18505366146564484, 0.03449205309152603, 0.3736436665058136, 0.012303291819989681, 0.20624695718288422]"
2025-09-04 13:50:31.022451,Sad,"[0.22085142135620117, 0.024493644014000893, 0.15235984325408936, 0.1349072903394699, 0.33005765080451965, 0.01100941002368927, 0.12632067501544952]"
2025-09-04 13:50:31.063429,Happy,"[0.15776263177394867, 0.01798964850604534, 0.15042313933372498, 0.2108534574508667, 0.20480211079120636, 0.07092095166444778, 0.187248095870018]"
2025-09-04 13:50:31.192664,Sad,"[0.23400065302848816, 0.026267994195222855, 0.150696262717247, 0.12638825178146362, 0.3478367030620575, 0.00766619062051177, 0.10714395344257355]"
2025-09-04 13:50:31.233085,Sad,"[0.17215406894683838, 0.019891608506441116, 0.15511542558670044, 0.20403403043746948, 0.2236626148223877, 0.05621520057320595, 0.16892698407173157]"
2025-09-04 13:50:31.273972,Sad,"[0.18218110501766205, 0.01810384728014469, 0.18221524357795715, 0.05724574625492096, 0.3580111265182495, 0.014173995703458786, 0.1880689561367035]"
2025-09-04 13:50:31.394402,Sad,"[0.16940121352672577, 0.019531138241291046, 0.1544925570487976, 0.2062351554632187, 0.22401295602321625, 0.055191606283187866, 0.17113527655601501]"
2025-09-04 13:50:31.435280,Sad,"[0.2290038764476776, 0.02640729583799839, 0.15602712333202362, 0.13822637498378754, 0.3413495123386383, 0.00816518533974886, 0.1008206456899643]"
2025-09-04 13:50:31.583940,Sad,"[0.1685241460800171, 0.019298886880278587, 0.14788542687892914, 0.20687410235404968, 0.20759980380535126, 0.07037890702486038, 0.17943868041038513]"
2025-09-04 13:50:31.625326,Sad,"[0.22182388603687286, 0.02510230801999569, 0.15522435307502747, 0.1405484974384308, 0.3302167057991028, 0.010518341325223446, 0.11656587570905685]"
2025-09-04 13:50:31.668628,Sad,"[0.176278755068779, 0.017754198983311653, 0.18758171796798706, 0.06545702368021011, 0.3444516956806183, 0.01844032295048237, 0.19003622233867645]"
2025-09-04 13:50:31.710705,Neutral,"[0.16978363692760468, 0.016625650227069855, 0.13936448097229004, 0.10832491517066956, 0.26423996686935425, 0.03640981763601303, 0.2652515172958374]"
2025-09-04 13:50:31.849501,Sad,"[0.21997110545635223, 0.024895552545785904, 0.15606822073459625, 0.13689447939395905, 0.34002169966697693, 0.009055263362824917, 0.11309362947940826]"
2025-09-04 13:50:31.891445,Sad,"[0.17271879315376282, 0.019942352548241615, 0.1571953296661377, 0.19789375364780426, 0.22323191165924072, 0.058936603367328644, 0.1700812578201294]"
2025-09-04 13:50:31.935210,Sad,"[0.17178945243358612, 0.016906756907701492, 0.13522827625274658, 0.11406365782022476, 0.31500759720802307, 0.014924864284694195, 0.23207949101924896]"
2025-09-04 13:50:32.085596,Sad,"[0.2255023568868637, 0.026379885151982307, 0.15903082489967346, 0.13828358054161072, 0.351747065782547, 0.006711478345096111, 0.09234482049942017]"
2025-09-04 13:50:32.134800,Sad,"[0.17734375596046448, 0.020633835345506668, 0.15484565496444702, 0.20725269615650177, 0.2265896201133728, 0.052245523780584335, 0.16108883917331696]"
2025-09-04 13:50:32.261252,Sad,"[0.17995071411132812, 0.02101553976535797, 0.15562286972999573, 0.2073337286710739, 0.22926850616931915, 0.0498468391597271, 0.1569618582725525]"
2025-09-04 13:50:32.303348,Sad,"[0.2215142697095871, 0.025492561981081963, 0.16087834537029266, 0.13060879707336426, 0.3541491627693176, 0.0072001125663518906, 0.1001567468047142]"
2025-09-04 13:50:32.423456,Sad,"[0.17804297804832458, 0.0207319688051939, 0.15488280355930328, 0.20732568204402924, 0.2268432229757309, 0.05196116492152214, 0.1602121889591217]"
2025-09-04 13:50:32.466210,Sad,"[0.2307891547679901, 0.026412714272737503, 0.1544322520494461, 0.1346045285463333, 0.343410849571228, 0.007986997254192829, 0.10236355662345886]"
2025-09-04 13:50:32.589259,Sad,"[0.2269355207681656, 0.025034530088305473, 0.1501658856868744, 0.1205231174826622, 0.35639798641204834, 0.00713353930041194, 0.11380939930677414]"
2025-09-04 13:50:32.630619,Sad,"[0.17191630601882935, 0.019908441230654716, 0.15604962408542633, 0.20625174045562744, 0.22861477732658386, 0.051265865564346313, 0.16599327325820923]"
2025-09-04 13:50:32.756160,Sad,"[0.22510294616222382, 0.02501509338617325, 0.15171560645103455, 0.1307300180196762, 0.3381841480731964, 0.009496611542999744, 0.1197555884718895]"
2025-09-04 13:50:32.796960,Sad,"[0.1776288002729416, 0.02069070376455784, 0.15560679137706757, 0.20708635449409485, 0.22868911921977997, 0.05057268589735031, 0.15972554683685303]"
2025-09-04 13:50:32.914516,Sad,"[0.17501698434352875, 0.020314466208219528, 0.1550053209066391, 0.2069242298603058, 0.22650660574436188, 0.05258161202073097, 0.1636507660150528]"
2025-09-04 13:50:32.954026,Sad,"[0.2243446260690689, 0.024913707748055458, 0.15177178382873535, 0.1317063570022583, 0.33596915006637573, 0.00987849198281765, 0.12141595035791397]"
2025-09-04 13:50:32.994410,Sad,"[0.15460191667079926, 0.014894755557179451, 0.21587678790092468, 0.05182194337248802, 0.28643977642059326, 0.03923376277089119, 0.2371310293674469]"
2025-09-04 13:50:33.125656,Sad,"[0.2247094064950943, 0.02618512138724327, 0.1586892008781433, 0.14652197062969208, 0.33326447010040283, 0.00922141782939434, 0.10140834003686905]"
2025-09-04 13:50:33.166177,Sad,"[0.19922193884849548, 0.023840198293328285, 0.15761715173721313, 0.20750552415847778, 0.2403484582901001, 0.03939487412571907, 0.13207191228866577]"
2025-09-04 13:50:33.205862,Sad,"[0.162875697016716, 0.015837643295526505, 0.15729551017284393, 0.08463388681411743, 0.28758567571640015, 0.03151215985417366, 0.2602594494819641]"
2025-09-04 13:50:33.353627,Sad,"[0.1952345371246338, 0.023241734132170677, 0.1572011560201645, 0.2076893448829651, 0.23783333599567413, 0.04163355007767677, 0.1371663212776184]"
2025-09-04 13:50:33.395228,Sad,"[0.22521476447582245, 0.025699997320771217, 0.15570926666259766, 0.1369367241859436, 0.340975284576416, 0.008570271544158459, 0.10689371824264526]"
2025-09-04 13:50:33.439521,Sad,"[0.1631966084241867, 0.015934567898511887, 0.1979551911354065, 0.04926641285419464, 0.3199132978916168, 0.02503720484673977, 0.22869671881198883]"
2025-09-04 13:50:33.480001,Sad,"[0.16601978242397308, 0.01708385720849037, 0.15721476078033447, 0.11994625627994537, 0.26434043049812317, 0.040842827409505844, 0.23455210030078888]"
2025-09-04 13:50:33.624604,Sad,"[0.21923041343688965, 0.024324947968125343, 0.15700256824493408, 0.12150854617357254, 0.35166093707084656, 0.008339107036590576, 0.11793350428342819]"
2025-09-04 13:50:33.666276,Sad,"[0.18530525267124176, 0.021922364830970764, 0.16089588403701782, 0.20564143359661102, 0.24590636789798737, 0.037879060953855515, 0.14244964718818665]"
2025-09-04 13:50:33.707250,Neutral,"[0.13277463614940643, 0.01348775252699852, 0.12143487483263016, 0.22757044434547424, 0.16478471457958221, 0.07861854881048203, 0.2613290548324585]"
2025-09-04 13:50:33.827124,Sad,"[0.22503694891929626, 0.026357783004641533, 0.1589445024728775, 0.1530747413635254, 0.32241877913475037, 0.010826782323420048, 0.10334045439958572]"
2025-09-04 13:50:33.868702,Sad,"[0.1876586675643921, 0.02227550931274891, 0.16127485036849976, 0.20550480484962463, 0.2478381097316742, 0.03643988072872162, 0.13900822401046753]"
2025-09-04 13:50:34.020797,Sad,"[0.19303768873214722, 0.02293953113257885, 0.15773871541023254, 0.2073984295129776, 0.23875972628593445, 0.04134263098239899, 0.1387833207845688]"
2025-09-04 13:50:34.062606,Sad,"[0.21148040890693665, 0.02292303927242756, 0.1536228209733963, 0.1231844425201416, 0.34224435687065125, 0.010057388804852962, 0.1364874690771103]"
2025-09-04 13:50:34.104311,Neutral,"[0.12804290652275085, 0.014210134744644165, 0.15593139827251434, 0.17555445432662964, 0.1633262187242508, 0.13791382312774658, 0.225021094083786]"
2025-09-04 13:50:34.258306,Sad,"[0.1839296668767929, 0.021754346787929535, 0.16182544827461243, 0.20510806143283844, 0.24834372103214264, 0.0366043783724308, 0.14243435859680176]"
2025-09-04 13:50:34.300595,Sad,"[0.18243449926376343, 0.02053876779973507, 0.19568167626857758, 0.11544228345155716, 0.2991785705089569, 0.02915605530142784, 0.15756817162036896]"
2025-09-04 13:50:34.342102,Neutral,"[0.1036137118935585, 0.011094766668975353, 0.18118686974048615, 0.1011267900466919, 0.15079276263713837, 0.19708192348480225, 0.25510311126708984]"
2025-09-04 13:50:34.383299,Sad,"[0.17394644021987915, 0.017633916810154915, 0.13751907646656036, 0.13794243335723877, 0.2556402087211609, 0.03759394586086273, 0.2397240847349167]"
2025-09-04 13:50:34.509820,Sad,"[0.21600113809108734, 0.02498328499495983, 0.15891355276107788, 0.15934357047080994, 0.30799734592437744, 0.014502482488751411, 0.11825861036777496]"
2025-09-04 13:50:34.550681,Sad,"[0.1785859614610672, 0.02076977863907814, 0.15315282344818115, 0.2077936977148056, 0.22241337597370148, 0.05549432709813118, 0.16179001331329346]"
2025-09-04 13:50:34.687515,Sad,"[0.22037120163440704, 0.024694321677088737, 0.1534147709608078, 0.14390723407268524, 0.3165140748023987, 0.013380481861531734, 0.1277179718017578]"
2025-09-04 13:50:34.728828,Sad,"[0.1835024505853653, 0.021511029452085495, 0.1554679572582245, 0.20771871507167816, 0.22969554364681244, 0.04906686395406723, 0.1530373990535736]"
2025-09-04 13:50:34.861938,Sad,"[0.22555045783519745, 0.025089506059885025, 0.15184804797172546, 0.12804143130779266, 0.3448866605758667, 0.008499598130583763, 0.11608430743217468]"
2025-09-04 13:50:34.903131,Sad,"[0.1684005707502365, 0.019347505643963814, 0.15193158388137817, 0.2064974308013916, 0.21734322607517242, 0.06103355064988136, 0.17544609308242798]"
2025-09-04 13:50:34.946100,Neutral,"[0.15718483924865723, 0.01601334661245346, 0.11744409054517746, 0.18021997809410095, 0.20221790671348572, 0.05909860134124756, 0.26782122254371643]"
2025-09-04 13:50:35.086950,Sad,"[0.22693020105361938, 0.02515369839966297, 0.15087684988975525, 0.12114831805229187, 0.35790371894836426, 0.006895927712321281, 0.11109132319688797]"
2025-09-04 13:50:35.127252,Sad,"[0.17512939870357513, 0.02036374621093273, 0.15651948750019073, 0.20653876662254333, 0.23058803379535675, 0.04941653832793236, 0.1614440381526947]"
2025-09-04 13:50:35.245552,Sad,"[0.17487415671348572, 0.02033253386616707, 0.15670481324195862, 0.2064548283815384, 0.23103344440460205, 0.0491112656891346, 0.16148898005485535]"
2025-09-04 13:50:35.286015,Sad,"[0.2332485318183899, 0.025843212381005287, 0.15151125192642212, 0.11468320339918137, 0.35949569940567017, 0.006832715589553118, 0.108385369181633]"
2025-09-04 13:50:35.413530,Sad,"[0.22094373404979706, 0.024435345083475113, 0.1560596525669098, 0.12318195402622223, 0.34328192472457886, 0.009555700235068798, 0.12254168093204498]"
2025-09-04 13:50:35.457707,Sad,"[0.17827440798282623, 0.02077368274331093, 0.15529970824718475, 0.20724281668663025, 0.22801001369953156, 0.051020197570323944, 0.15937915444374084]"
2025-09-04 13:50:35.502374,Sad,"[0.17501510679721832, 0.01782652735710144, 0.15014289319515228, 0.12070556730031967, 0.30401909351348877, 0.020241061225533485, 0.2120497226715088]"
2025-09-04 13:50:35.650777,Sad,"[0.2204001545906067, 0.024686429649591446, 0.15447117388248444, 0.13031944632530212, 0.34805330634117126, 0.008130052126944065, 0.11393942683935165]"
2025-09-04 13:50:35.690927,Sad,"[0.1698116809129715, 0.019574914127588272, 0.15385307371616364, 0.20642341673374176, 0.22244784235954285, 0.056453198194503784, 0.17143583297729492]"
2025-09-04 13:50:35.734116,Neutral,"[0.14381840825080872, 0.01297484990209341, 0.21793566644191742, 0.04099857062101364, 0.24960903823375702, 0.05721637234091759, 0.2774471938610077]"
2025-09-04 13:50:35.850571,Sad,"[0.22371163964271545, 0.02518516033887863, 0.15414509177207947, 0.13421501219272614, 0.33977648615837097, 0.009065939113497734, 0.11390066891908646]"
2025-09-04 13:50:35.891314,Sad,"[0.1834671050310135, 0.02148433029651642, 0.15458235144615173, 0.2079746127128601, 0.2272806316614151, 0.05092568323016167, 0.15428537130355835]"
2025-09-04 13:50:36.015551,Sad,"[0.18285487592220306, 0.021503668278455734, 0.15864570438861847, 0.2065402716398239, 0.23847857117652893, 0.042900316417217255, 0.14907655119895935]"
2025-09-04 13:50:36.056075,Sad,"[0.21806104481220245, 0.023779358714818954, 0.15849560499191284, 0.10546925663948059, 0.36795181035995483, 0.007091881241649389, 0.11915097385644913]"
2025-09-04 13:50:36.098843,Sad,"[0.16348549723625183, 0.0156391728669405, 0.15311667323112488, 0.08023329824209213, 0.2974052131175995, 0.026397114619612694, 0.2637229561805725]"
2025-09-04 13:50:36.214490,Sad,"[0.21963073313236237, 0.02520577982068062, 0.15825475752353668, 0.14020679891109467, 0.341635525226593, 0.008549634367227554, 0.10651679337024689]"
2025-09-04 13:50:36.255099,Sad,"[0.17458806931972504, 0.020391050726175308, 0.16066543757915497, 0.20504280924797058, 0.2421201765537262, 0.04146141931414604, 0.1557309627532959]"
2025-09-04 13:50:36.295889,Sad,"[0.17686310410499573, 0.017866257578134537, 0.15108183026313782, 0.11179547011852264, 0.3117571473121643, 0.0187132116407156, 0.21192298829555511]"
2025-09-04 13:50:36.416620,Sad,"[0.18754449486732483, 0.022266777232289314, 0.16150356829166412, 0.20537622272968292, 0.2485179454088211, 0.03605957329273224, 0.13873140513896942]"
2025-09-04 13:50:36.459383,Sad,"[0.22363165020942688, 0.026966707780957222, 0.16302330791950226, 0.16435697674751282, 0.3177008628845215, 0.010779215022921562, 0.09354129433631897]"
2025-09-04 13:50:36.502483,Sad,"[0.16919098794460297, 0.01679960824549198, 0.14803622663021088, 0.1095317006111145, 0.29268011450767517, 0.024857068434357643, 0.23890428245067596]"
2025-09-04 13:50:36.655330,Sad,"[0.22674499452114105, 0.025593725964426994, 0.15365715324878693, 0.13312996923923492, 0.3415479063987732, 0.008655237965285778, 0.1106710210442543]"
2025-09-04 13:50:36.695776,Happy,"[0.16488000750541687, 0.01876789890229702, 0.14485442638397217, 0.20617423951625824, 0.20010261237621307, 0.07877704501152039, 0.1864437460899353]"
2025-09-04 13:50:36.736515,Neutral,"[0.13929377496242523, 0.014982323162257671, 0.13865560293197632, 0.20206286013126373, 0.17184242606163025, 0.09982210397720337, 0.23334087431430817]"
2025-09-04 13:50:36.853377,Sad,"[0.22389067709445953, 0.024470334872603416, 0.14954616129398346, 0.12413898855447769, 0.3436216413974762, 0.009011862799525261, 0.12532038986682892]"
2025-09-04 13:50:36.894527,Sad,"[0.1743447482585907, 0.020148567855358124, 0.15134447813034058, 0.2075340300798416, 0.21696977317333221, 0.06073815003037453, 0.16892021894454956]"
2025-09-04 13:50:36.935941,Sad,"[0.18240439891815186, 0.018211882561445236, 0.1416231095790863, 0.11524833738803864, 0.3145522177219391, 0.016201037913560867, 0.21175909042358398]"
2025-09-04 13:50:37.057803,Sad,"[0.22266791760921478, 0.025022024288773537, 0.15400488674640656, 0.13698284327983856, 0.33300453424453735, 0.010180248878896236, 0.11813759058713913]"
2025-09-04 13:50:37.098972,Sad,"[0.17844970524311066, 0.02082604169845581, 0.1564858853816986, 0.2069217562675476, 0.23126821219921112, 0.04852542281150818, 0.15752296149730682]"
2025-09-04 13:50:37.140904,Sad,"[0.16023527085781097, 0.014465185813605785, 0.11370720714330673, 0.08397898077964783, 0.33499622344970703, 0.008853976614773273, 0.2837631404399872]"
2025-09-04 13:50:37.181694,Neutral,"[0.10384563356637955, 0.011473041027784348, 0.11299079656600952, 0.25916358828544617, 0.14115603268146515, 0.09603363275527954, 0.27533721923828125]"
2025-09-04 13:50:37.325457,Sad,"[0.1893155574798584, 0.0224340558052063, 0.15879617631435394, 0.20680385828018188, 0.2407824993133545, 0.040546733886003494, 0.1413210779428482]"
2025-09-04 13:50:37.367931,Sad,"[0.21312427520751953, 0.023559004068374634, 0.1525285840034485, 0.1451490819454193, 0.30817195773124695, 0.015911612659692764, 0.14155542850494385]"
2025-09-04 13:50:37.410131,Sad,"[0.17091956734657288, 0.017225082963705063, 0.14047321677207947, 0.1295979619026184, 0.28563541173934937, 0.024035794660449028, 0.23211294412612915]"
2025-09-04 13:50:37.548959,Sad,"[0.23090969026088715, 0.02593211829662323, 0.1516897827386856, 0.12715698778629303, 0.348773717880249, 0.007647359743714333, 0.107890285551548]"
2025-09-04 13:50:37.589708,Sad,"[0.168306365609169, 0.019484594464302063, 0.15151870250701904, 0.21444770693778992, 0.22413170337677002, 0.05144166946411133, 0.1706693172454834]"
2025-09-04 13:50:37.637289,Happy,"[0.1437920778989792, 0.016237745061516762, 0.14054276049137115, 0.21800819039344788, 0.1711280792951584, 0.10726787149906158, 0.20302323997020721]"
2025-09-04 13:50:37.790247,Sad,"[0.23080946505069733, 0.025543805211782455, 0.1507747769355774, 0.12429536879062653, 0.3418988287448883, 0.009011831134557724, 0.11766593903303146]"
2025-09-04 13:50:37.833300,Sad,"[0.18351879715919495, 0.021608052775263786, 0.15899085998535156, 0.20644058287143707, 0.2396683245897293, 0.042027778923511505, 0.14774566888809204]"
2025-09-04 13:50:37.897699,Neutral,"[0.103526271879673, 0.010917089879512787, 0.19523105025291443, 0.08832432329654694, 0.14267084002494812, 0.21979334950447083, 0.23953700065612793]"
2025-09-04 13:50:37.955032,Sad,"[0.17015200853347778, 0.01666755974292755, 0.15308517217636108, 0.09217808395624161, 0.30975815653800964, 0.021140825003385544, 0.2370181828737259]"
2025-09-04 13:50:38.094242,Sad,"[0.1769697517156601, 0.020578209310770035, 0.15468043088912964, 0.20724837481975555, 0.2260696142911911, 0.05270325392484665, 0.16175025701522827]"
2025-09-04 13:50:38.134048,Sad,"[0.23533065617084503, 0.026959514245390892, 0.15288178622722626, 0.12533500790596008, 0.36046329140663147, 0.005873154848814011, 0.09315658360719681]"
2025-09-04 13:50:38.175219,Sad,"[0.15859627723693848, 0.014804935082793236, 0.18284696340560913, 0.047538626939058304, 0.3074706792831421, 0.030188653618097305, 0.2585539221763611]"
2025-09-04 13:50:38.303936,Sad,"[0.22596950829029083, 0.025940125808119774, 0.16492484509944916, 0.12771128118038177, 0.33757275342941284, 0.01023135706782341, 0.10765011608600616]"
2025-09-04 13:50:38.344237,Happy,"[0.16309981048107147, 0.018482156097888947, 0.14057262241840363, 0.20547908544540405, 0.19050271809101105, 0.09044002741575241, 0.19142352044582367]"
2025-09-04 13:50:38.385294,Sad,"[0.15609270334243774, 0.015213537029922009, 0.1995590329170227, 0.04665999114513397, 0.3113376796245575, 0.03235466405749321, 0.2387823611497879]"
2025-09-04 13:50:38.426675,Sad,"[0.16896869242191315, 0.01657295785844326, 0.21230050921440125, 0.03341679275035858, 0.3742673993110657, 0.013948524370789528, 0.18052509427070618]"
2025-09-04 13:50:38.563287,Sad,"[0.22051545977592468, 0.024112503975629807, 0.16431382298469543, 0.09657257795333862, 0.3707999289035797, 0.007306861225515604, 0.11637886613607407]"
2025-09-04 13:50:38.604630,Sad,"[0.1625751554965973, 0.018595142289996147, 0.15401439368724823, 0.20514154434204102, 0.22152337431907654, 0.05787525698542595, 0.1802751123905182]"
2025-09-04 13:50:38.647540,Sad,"[0.13960054516792297, 0.012502674013376236, 0.21191270649433136, 0.019009677693247795, 0.33932170271873474, 0.022858716547489166, 0.25479400157928467]"
2025-09-04 13:50:38.689134,Sad,"[0.17119361460208893, 0.017244772985577583, 0.1448344737291336, 0.1242217943072319, 0.2892824113368988, 0.02416037768125534, 0.2290624976158142]"
2025-09-04 13:50:38.826701,Sad,"[0.16590741276741028, 0.018970763310790062, 0.14952030777931213, 0.20628905296325684, 0.21105565130710602, 0.0671692043542862, 0.18108759820461273]"
2025-09-04 13:50:38.866558,Sad,"[0.2072761207818985, 0.022329755127429962, 0.1706109642982483, 0.10262318700551987, 0.3293963670730591, 0.01614317111670971, 0.15162046253681183]"
2025-09-04 13:50:38.907763,Fear,"[0.13391198217868805, 0.012635965831577778, 0.2607538104057312, 0.03127439692616463, 0.2565601170063019, 0.06337257474660873, 0.24149110913276672]"
2025-09-04 13:50:38.948316,Sad,"[0.2068704515695572, 0.025565486401319504, 0.16839686036109924, 0.19719822704792023, 0.28326156735420227, 0.01823650859296322, 0.1004709005355835]"
2025-09-04 13:50:39.096817,Sad,"[0.2188718616962433, 0.024825071915984154, 0.16767969727516174, 0.1219429150223732, 0.34160104393959045, 0.01047845184803009, 0.11460086703300476]"
2025-09-04 13:50:39.138368,Sad,"[0.17900659143924713, 0.02084820531308651, 0.15407544374465942, 0.20763707160949707, 0.2249162793159485, 0.05338219180703163, 0.1601342111825943]"
2025-09-04 13:50:39.179589,Happy,"[0.1374732106924057, 0.015655692666769028, 0.14284466207027435, 0.23293334245681763, 0.18318912386894226, 0.08029325306415558, 0.20761078596115112]"
2025-09-04 13:50:39.220333,Sad,"[0.15470746159553528, 0.014543278142809868, 0.2028425633907318, 0.0307566337287426, 0.3618413805961609, 0.016852756962180138, 0.21845586597919464]"
2025-09-04 13:50:39.260340,Sad,"[0.17617231607437134, 0.016910923644900322, 0.13267311453819275, 0.1067989245057106, 0.28963032364845276, 0.022762713953852654, 0.2550516724586487]"
2025-09-04 13:50:39.391086,Happy,"[0.14775671064853668, 0.016714178025722504, 0.1429787278175354, 0.21585813164710999, 0.17966371774673462, 0.0971401184797287, 0.1998884230852127]"
2025-09-04 13:50:39.432682,Sad,"[0.21944855153560638, 0.024350011721253395, 0.15644456446170807, 0.1215275451540947, 0.3531634509563446, 0.008068026043474674, 0.1169978603720665]"
2025-09-04 13:50:39.473728,Sad,"[0.14445459842681885, 0.013746139593422413, 0.2309182584285736, 0.03417147323489189, 0.30224987864494324, 0.03648434579372406, 0.2379753738641739]"
2025-09-04 13:50:39.591545,Happy,"[0.11392518877983093, 0.012953519821166992, 0.1400732547044754, 0.26401299238204956, 0.14055798947811127, 0.12165997177362442, 0.20681704580783844]"
2025-09-04 13:50:39.633561,Sad,"[0.14338766038417816, 0.013522619381546974, 0.20202171802520752, 0.03603358939290047, 0.30471426248550415, 0.035849086940288544, 0.2644710838794708]"
2025-09-04 13:50:39.675202,Sad,"[0.17028184235095978, 0.016972027719020844, 0.14496256411075592, 0.11428260058164597, 0.26441746950149536, 0.03770535811781883, 0.25137820839881897]"
2025-09-04 13:50:39.829555,Happy,"[0.1574585735797882, 0.01796751655638218, 0.1509486585855484, 0.21151751279830933, 0.2051241099834442, 0.07022692263126373, 0.1867566853761673]"
2025-09-04 13:50:39.870492,Happy,"[0.12067323923110962, 0.013423148542642593, 0.139984130859375, 0.22969485819339752, 0.14860126376152039, 0.12492093443870544, 0.22270236909389496]"
2025-09-04 13:50:39.996677,Happy,"[0.11482878774404526, 0.013108122162520885, 0.13069751858711243, 0.28258371353149414, 0.14258812367916107, 0.10554610937833786, 0.21064765751361847]"
2025-09-04 13:50:40.036568,Sad,"[0.18115387856960297, 0.018854333087801933, 0.14968037605285645, 0.1327553391456604, 0.3058052659034729, 0.018515583127737045, 0.19323520362377167]"
2025-09-04 13:50:40.077163,Sad,"[0.17833849787712097, 0.018111953511834145, 0.14256888628005981, 0.13001681864261627, 0.2866561710834503, 0.024286339059472084, 0.22002126276493073]"
2025-09-04 13:50:40.117344,Neutral,"[0.14989738166332245, 0.015274307690560818, 0.14025487005710602, 0.2117622047662735, 0.1711302250623703, 0.09247363358736038, 0.21920733153820038]"
2025-09-04 13:50:40.157320,Sad,"[0.16146309673786163, 0.016786500811576843, 0.16704200208187103, 0.1128302812576294, 0.2584995627403259, 0.049121368676424026, 0.23425717651844025]"
2025-09-04 13:50:40.199965,Happy,"[0.11994002014398575, 0.013169580139219761, 0.13615107536315918, 0.24857836961746216, 0.143899068236351, 0.12054574489593506, 0.21771620213985443]"
2025-09-04 13:50:40.242813,Neutral,"[0.14744305610656738, 0.01561630330979824, 0.1625305861234665, 0.11702007055282593, 0.19830754399299622, 0.11393248289823532, 0.2451498955488205]"
2025-09-04 13:50:40.282480,Neutral,"[0.17192484438419342, 0.01654110476374626, 0.12609006464481354, 0.113619863986969, 0.2691460847854614, 0.028480786830186844, 0.27419722080230713]"
2025-09-04 13:50:40.428592,Sad,"[0.2107868641614914, 0.02422751858830452, 0.1591283231973648, 0.16077211499214172, 0.3043317198753357, 0.015811648219823837, 0.12494178861379623]"
2025-09-04 13:50:40.470029,Happy,"[0.12428648769855499, 0.014517327770590782, 0.09600542485713959, 0.35364848375320435, 0.16096042096614838, 0.04499176889657974, 0.20559008419513702]"
2025-09-04 13:50:40.510564,Happy,"[0.09791485220193863, 0.011126484721899033, 0.11917486041784286, 0.27824199199676514, 0.12846210598945618, 0.11899428069591522, 0.24608542025089264]"
2025-09-04 13:50:40.651783,Sad,"[0.23272860050201416, 0.02723807841539383, 0.15684902667999268, 0.14208266139030457, 0.33852753043174744, 0.008075815625488758, 0.09449829906225204]"
2025-09-04 13:50:40.691977,Happy,"[0.13475438952445984, 0.015743598341941833, 0.11255449801683426, 0.3413724899291992, 0.16687223315238953, 0.04967663064599037, 0.17902612686157227]"
2025-09-04 13:50:40.733535,Sad,"[0.16002607345581055, 0.015990374609827995, 0.21775564551353455, 0.05297888070344925, 0.3005532920360565, 0.036272209137678146, 0.21642349660396576]"
2025-09-04 13:50:40.858043,Sad,"[0.21170146763324738, 0.024270012974739075, 0.16522608697414398, 0.146445170044899, 0.3130647540092468, 0.015262159518897533, 0.12403028458356857]"
2025-09-04 13:50:40.898732,Happy,"[0.15832066535949707, 0.018089227378368378, 0.1447334587574005, 0.22380384802818298, 0.20580947399139404, 0.06394006311893463, 0.185303196310997]"
2025-09-04 13:50:40.939259,Sad,"[0.1693161576986313, 0.016225596889853477, 0.1388266533613205, 0.09427078813314438, 0.35223692655563354, 0.009340628981590271, 0.2197832316160202]"
2025-09-04 13:50:41.065880,Sad,"[0.21754254400730133, 0.024825362488627434, 0.15755444765090942, 0.14668525755405426, 0.325422078371048, 0.011310012079775333, 0.11666030436754227]"
2025-09-04 13:50:41.106455,Happy,"[0.13883475959300995, 0.01618598774075508, 0.11366427689790726, 0.3301336169242859, 0.17282316088676453, 0.04872835800051689, 0.17962989211082458]"
2025-09-04 13:50:41.261680,Sad,"[0.22435331344604492, 0.025378147140145302, 0.15473158657550812, 0.12959210574626923, 0.3527162969112396, 0.007258022669702768, 0.10597046464681625]"
2025-09-04 13:50:41.302832,Happy,"[0.16078868508338928, 0.01861715316772461, 0.1426774263381958, 0.2346470057964325, 0.21446314454078674, 0.05089845880866051, 0.17790809273719788]"
2025-09-04 13:50:41.343743,Sad,"[0.15403856337070465, 0.0157033558934927, 0.12198308110237122, 0.15070641040802002, 0.2719554305076599, 0.021463697776198387, 0.2641494870185852]"
2025-09-04 13:50:41.383633,Sad,"[0.17224997282028198, 0.017192870378494263, 0.14145290851593018, 0.12255851924419403, 0.29425668716430664, 0.02171904966235161, 0.230569988489151]"
2025-09-04 13:50:41.532311,Sad,"[0.22950196266174316, 0.026120183989405632, 0.15379498898983002, 0.12485957890748978, 0.36266154050827026, 0.005929067265242338, 0.09713268280029297]"
2025-09-04 13:50:41.574149,Happy,"[0.1702631711959839, 0.01974445767700672, 0.15147069096565247, 0.221549391746521, 0.21947817504405975, 0.052747681736946106, 0.16474635899066925]"
2025-09-04 13:50:41.619759,Sad,"[0.1457187533378601, 0.013691787607967854, 0.2328864485025406, 0.03656214103102684, 0.2851219177246094, 0.04215877875685692, 0.24386020004749298]"
2025-09-04 13:50:41.673681,Neutral,"[0.12755124270915985, 0.012827986851334572, 0.1909710019826889, 0.06065117195248604, 0.20686374604701996, 0.12240897119045258, 0.27872586250305176]"
2025-09-04 13:50:41.721916,Neutral,"[0.1184811145067215, 0.012830879539251328, 0.1687404066324234, 0.13265645503997803, 0.1617744117975235, 0.15978066623210907, 0.2457359880208969]"
2025-09-04 13:50:41.765971,Neutral,"[0.12935303151607513, 0.013363989070057869, 0.09519734233617783, 0.19540132582187653, 0.18809658288955688, 0.04826539382338524, 0.3303223252296448]"
2025-09-04 13:50:41.901920,Sad,"[0.18246394395828247, 0.02135949581861496, 0.15525592863559723, 0.20768792927265167, 0.2288663238286972, 0.04983355477452278, 0.15453286468982697]"
2025-09-04 13:50:41.949209,Sad,"[0.22307546436786652, 0.025254640728235245, 0.15870541334152222, 0.13172824680805206, 0.33789128065109253, 0.009817305020987988, 0.11352760344743729]"
2025-09-04 13:50:41.996405,Sad,"[0.17062965035438538, 0.01772994175553322, 0.14722037315368652, 0.14391259849071503, 0.2756713032722473, 0.028534796088933945, 0.21630141139030457]"
2025-09-04 13:50:42.166810,Sad,"[0.22404567897319794, 0.02447502128779888, 0.1495010107755661, 0.11874119192361832, 0.35663437843322754, 0.0073238261975348, 0.11927890032529831]"
2025-09-04 13:50:42.218222,Sad,"[0.18046948313713074, 0.02106805518269539, 0.1547670066356659, 0.20762531459331512, 0.2270810604095459, 0.051473286002874374, 0.15751582384109497]"
2025-09-04 13:50:42.272802,Sad,"[0.16150711476802826, 0.01642652601003647, 0.23877479135990143, 0.05734524503350258, 0.2841775715351105, 0.04293512925505638, 0.19883368909358978]"
2025-09-04 13:50:42.431077,Sad,"[0.17072997987270355, 0.01966044493019581, 0.1516963541507721, 0.20691953599452972, 0.21717782318592072, 0.06094839796423912, 0.1728675216436386]"
2025-09-04 13:50:42.478298,Sad,"[0.22076162695884705, 0.025409620255231857, 0.15836280584335327, 0.1379668414592743, 0.34729576110839844, 0.007708752993494272, 0.10249457508325577]"
2025-09-04 13:50:42.522854,Sad,"[0.1512213945388794, 0.014894168823957443, 0.22261205315589905, 0.04863807186484337, 0.28219786286354065, 0.04701123386621475, 0.23342518508434296]"
2025-09-04 13:50:42.564721,Neutral,"[0.14538176357746124, 0.016107743605971336, 0.1576298326253891, 0.12985847890377045, 0.19045408070087433, 0.10853095352649689, 0.25203707814216614]"
2025-09-04 13:50:42.606153,Neutral,"[0.15177232027053833, 0.016289331018924713, 0.1410788595676422, 0.17608897387981415, 0.18949389457702637, 0.09208124876022339, 0.23319530487060547]"
2025-09-04 13:50:42.767913,Sad,"[0.2283918410539627, 0.026462502777576447, 0.15673299133777618, 0.13244430720806122, 0.3566363751888275, 0.006278090178966522, 0.09305395185947418]"
2025-09-04 13:50:42.809137,Happy,"[0.163831427693367, 0.018943091854453087, 0.14248766005039215, 0.24515339732170105, 0.2017366886138916, 0.058919426053762436, 0.16892841458320618]"
2025-09-04 13:50:42.850288,Fear,"[0.13704022765159607, 0.012919471599161625, 0.2845069169998169, 0.02974317967891693, 0.25432825088500977, 0.06091035529971123, 0.22055160999298096]"
2025-09-04 13:50:42.890884,Sad,"[0.17468151450157166, 0.01784670166671276, 0.16525675356388092, 0.10025963187217712, 0.30103862285614014, 0.026091676205396652, 0.2148251235485077]"
2025-09-04 13:50:43.023237,Sad,"[0.22004549205303192, 0.02491804026067257, 0.15599945187568665, 0.1394123136997223, 0.3346417248249054, 0.009852057322859764, 0.11513093113899231]"
2025-09-04 13:50:43.064267,Happy,"[0.16464975476264954, 0.018815793097019196, 0.14687271416187286, 0.20840665698051453, 0.20799046754837036, 0.06896799057722092, 0.18429657816886902]"
2025-09-04 13:50:43.105465,Sad,"[0.16435843706130981, 0.01676023192703724, 0.16041429340839386, 0.10964486002922058, 0.26882708072662354, 0.04027877748012543, 0.2397163212299347]"
2025-09-04 13:50:43.231288,Sad,"[0.22608394920825958, 0.025564834475517273, 0.15400321781635284, 0.12496666610240936, 0.3615395426750183, 0.0062387604266405106, 0.10160309076309204]"
2025-09-04 13:50:43.272606,Sad,"[0.1631692498922348, 0.018769390881061554, 0.14674687385559082, 0.21408288180828094, 0.21725770831108093, 0.05698300153017044, 0.18299086391925812]"
2025-09-04 13:50:43.427188,Sad,"[0.22811536490917206, 0.02534257434308529, 0.1502273827791214, 0.11290674656629562, 0.37782901525497437, 0.004914738703519106, 0.10066414624452591]"
2025-09-04 13:50:43.496983,Sad,"[0.16123361885547638, 0.018371310085058212, 0.15136386454105377, 0.2052137702703476, 0.21474531292915344, 0.06402131915092468, 0.1850508749485016]"
2025-09-04 13:50:43.557007,Sad,"[0.15774138271808624, 0.015369978733360767, 0.2330598682165146, 0.04461950436234474, 0.2903781533241272, 0.03998600319027901, 0.21884512901306152]"
2025-09-04 13:50:43.709998,Sad,"[0.16104695200920105, 0.01832227036356926, 0.1506790667772293, 0.2035808563232422, 0.21168838441371918, 0.06765905022621155, 0.18702332675457]"
2025-09-04 13:50:43.751513,Sad,"[0.2228616625070572, 0.025487326085567474, 0.1567857414484024, 0.13379605114459991, 0.35098138451576233, 0.007315801456570625, 0.10277204215526581]"
2025-09-04 13:50:43.793992,Sad,"[0.153402641415596, 0.01503499411046505, 0.2531164884567261, 0.039959847927093506, 0.2876783311367035, 0.04228915274143219, 0.20851857960224152]"
2025-09-04 13:50:43.837422,Sad,"[0.16229788959026337, 0.01638583093881607, 0.21478518843650818, 0.048153433948755264, 0.31489184498786926, 0.032963186502456665, 0.2105225771665573]"
2025-09-04 13:50:43.879491,Neutral,"[0.10475805401802063, 0.011684625409543514, 0.11099302023649216, 0.265675812959671, 0.14216041564941406, 0.09352795034646988, 0.2712000906467438]"
2025-09-04 13:50:44.030534,Sad,"[0.2194492220878601, 0.023540787398815155, 0.14774881303310394, 0.11945466697216034, 0.34529075026512146, 0.009168337099254131, 0.135347381234169]"
2025-09-04 13:50:44.074586,Sad,"[0.16667407751083374, 0.019170915707945824, 0.15051773190498352, 0.21495011448860168, 0.21511408686637878, 0.059440262615680695, 0.1741328090429306]"
2025-09-04 13:50:44.115892,Sad,"[0.1832886040210724, 0.017782682552933693, 0.1402793824672699, 0.09308072179555893, 0.3497413098812103, 0.010003474541008472, 0.2058238983154297]"
2025-09-04 13:50:44.251835,Sad,"[0.22329704463481903, 0.02491435594856739, 0.15299177169799805, 0.12924282252788544, 0.34580519795417786, 0.008399620652198792, 0.11534915864467621]"
2025-09-04 13:50:44.292402,Happy,"[0.15576204657554626, 0.01779314875602722, 0.14249931275844574, 0.21648897230625153, 0.2112104594707489, 0.06066576763987541, 0.19558031857013702]"
2025-09-04 13:50:44.333097,Sad,"[0.13468390703201294, 0.012379883788526058, 0.25305411219596863, 0.023642389103770256, 0.29103073477745056, 0.0410943441092968, 0.24411462247371674]"
2025-09-04 13:50:44.456769,Sad,"[0.21976780891418457, 0.02422207221388817, 0.1520811766386032, 0.12787272036075592, 0.34353870153427124, 0.009034257382154465, 0.12348329275846481]"
2025-09-04 13:50:44.498545,Happy,"[0.16690360009670258, 0.019351989030838013, 0.1488509327173233, 0.23175306618213654, 0.21540986001491547, 0.05215335637331009, 0.16557717323303223]"
2025-09-04 13:50:44.541608,Sad,"[0.14360539615154266, 0.013690165244042873, 0.2564070224761963, 0.026522628962993622, 0.3088879883289337, 0.0344604067504406, 0.21642641723155975]"
2025-09-04 13:50:44.580722,Neutral,"[0.09750371426343918, 0.010882008820772171, 0.10263750702142715, 0.2781277894973755, 0.13663174211978912, 0.08688163757324219, 0.287335604429245]"
2025-09-04 13:50:44.724362,Sad,"[0.2130063772201538, 0.022106433287262917, 0.14313958585262299, 0.1158064529299736, 0.3323350250720978, 0.011763885617256165, 0.16184230148792267]"
2025-09-04 13:50:44.764747,Happy,"[0.150494784116745, 0.017345324158668518, 0.135010227560997, 0.2667914628982544, 0.19312134385108948, 0.057035062462091446, 0.18020178377628326]"
2025-09-04 13:50:44.806225,Fear,"[0.12320481240749359, 0.011213398538529873, 0.2810189425945282, 0.02141842432320118, 0.24819637835025787, 0.06751900911331177, 0.2474290132522583]"
2025-09-04 13:50:44.846702,Neutral,"[0.12790706753730774, 0.013834411278367043, 0.1205921620130539, 0.2193649262189865, 0.16863128542900085, 0.08392918109893799, 0.26574093103408813]"
2025-09-04 13:50:44.981596,Sad,"[0.21617187559604645, 0.024502146989107132, 0.15756045281887054, 0.13494570553302765, 0.34829041361808777, 0.008020549081265926, 0.11050882190465927]"
2025-09-04 13:50:45.020911,Sad,"[0.16452786326408386, 0.01876814477145672, 0.14797253906726837, 0.20644675195217133, 0.20748461782932281, 0.07067560404539108, 0.18412446975708008]"
2025-09-04 13:50:45.060429,Neutral,"[0.12862421572208405, 0.013821613974869251, 0.11375179886817932, 0.2173590511083603, 0.17347009479999542, 0.07367698103189468, 0.27929627895355225]"
2025-09-04 13:50:45.191517,Sad,"[0.2153320610523224, 0.02435280755162239, 0.15736211836338043, 0.13816699385643005, 0.34027180075645447, 0.009188910946249962, 0.11532527208328247]"
2025-09-04 13:50:45.232623,Happy,"[0.1537022739648819, 0.01775292307138443, 0.1413477659225464, 0.23781968653202057, 0.21750779449939728, 0.04673072323203087, 0.1851387470960617]"
2025-09-04 13:50:45.274084,Sad,"[0.15383879840373993, 0.015124560333788395, 0.22527532279491425, 0.041025396436452866, 0.3059643805027008, 0.03625193238258362, 0.22251959145069122]"
2025-09-04 13:50:45.421524,Sad,"[0.21930146217346191, 0.02403331734240055, 0.15114325284957886, 0.12878701090812683, 0.3375283479690552, 0.010044415481388569, 0.12916222214698792]"
2025-09-04 13:50:45.464207,Sad,"[0.16087567806243896, 0.018338488414883614, 0.14974719285964966, 0.20987820625305176, 0.21155202388763428, 0.06499898433685303, 0.1846095323562622]"
2025-09-04 13:50:45.506402,Sad,"[0.14356553554534912, 0.01312254462391138, 0.21789954602718353, 0.028692200779914856, 0.3018857538700104, 0.03482385724782944, 0.2600105404853821]"
2025-09-04 13:50:45.548574,Sad,"[0.18926486372947693, 0.01941913366317749, 0.18653981387615204, 0.05967284366488457, 0.3804240822792053, 0.009862159378826618, 0.1548171192407608]"
2025-09-04 13:50:45.590165,Neutral,"[0.11541619896888733, 0.012765546329319477, 0.1102842465043068, 0.24983462691307068, 0.15632539987564087, 0.08210663497447968, 0.27326732873916626]"
2025-09-04 13:50:45.730846,Sad,"[0.22634951770305634, 0.026331184431910515, 0.15780512988567352, 0.13200396299362183, 0.3611883521080017, 0.005808183457702398, 0.09051374346017838]"
2025-09-04 13:50:45.772765,Happy,"[0.16566424071788788, 0.019224703311920166, 0.15147776901721954, 0.23131228983402252, 0.2209298312664032, 0.047914981842041016, 0.1634761542081833]"
2025-09-04 13:50:45.812652,Sad,"[0.17040246725082397, 0.018087636679410934, 0.2296711802482605, 0.061824411153793335, 0.31685253977775574, 0.029583029448986053, 0.17357873916625977]"
2025-09-04 13:50:45.959613,Sad,"[0.22880123555660248, 0.026656147092580795, 0.1574634462594986, 0.1427406370639801, 0.3377823531627655, 0.008426823653280735, 0.09812935441732407]"
2025-09-04 13:50:46.000630,Happy,"[0.1547156423330307, 0.01773238740861416, 0.13895392417907715, 0.2404664307832718, 0.2005009949207306, 0.06114848330616951, 0.1864820420742035]"
2025-09-04 13:50:46.148570,Sad,"[0.22096291184425354, 0.024913346394896507, 0.15523764491081238, 0.13451708853244781, 0.3422089219093323, 0.00878374557942152, 0.11337633430957794]"
2025-09-04 13:50:46.188777,Happy,"[0.16920991241931915, 0.01970776543021202, 0.14740873873233795, 0.23105724155902863, 0.21808524429798126, 0.04978203400969505, 0.16474902629852295]"
2025-09-04 13:50:46.231595,Fear,"[0.12139475345611572, 0.011045207269489765, 0.2902815043926239, 0.018139047548174858, 0.26016974449157715, 0.06279908865690231, 0.2361706644296646]"
2025-09-04 13:50:46.447269,Neutral,"[0.10076051205396652, 0.011217356659471989, 0.10652229189872742, 0.2709451913833618, 0.1393246054649353, 0.08973715454339981, 0.28149285912513733]"
2025-09-04 13:50:46.589465,Sad,"[0.2300950139760971, 0.026286378502845764, 0.1541190892457962, 0.14137336611747742, 0.3280336260795593, 0.010332426056265831, 0.10976008325815201]"
2025-09-04 13:50:46.629902,Sad,"[0.17376287281513214, 0.020033223554491997, 0.1505405455827713, 0.20691341161727905, 0.21538658440113068, 0.06235434487462044, 0.17100895941257477]"
2025-09-04 13:50:46.757408,Sad,"[0.21706309914588928, 0.02384868822991848, 0.15046574175357819, 0.14181099832057953, 0.3083035945892334, 0.0158498864620924, 0.14265795052051544]"
2025-09-04 13:50:46.797074,Sad,"[0.16634297370910645, 0.01905619353055954, 0.1511959284543991, 0.20622098445892334, 0.21517466008663177, 0.06320695579051971, 0.17880243062973022]"
2025-09-04 13:50:46.838392,Sad,"[0.1626134216785431, 0.01616796664893627, 0.2252046912908554, 0.05224817618727684, 0.30349498987197876, 0.03295412287116051, 0.20731665194034576]"
2025-09-04 13:50:46.988250,Sad,"[0.1833958476781845, 0.021312909200787544, 0.1638524830341339, 0.18897345662117004, 0.27050715684890747, 0.027273433282971382, 0.14468471705913544]"
2025-09-04 13:50:47.028221,Sad,"[0.2261652946472168, 0.02392226830124855, 0.14360611140727997, 0.1075492650270462, 0.36174145340919495, 0.007012070622295141, 0.13000351190567017]"
2025-09-04 13:50:47.068836,Happy,"[0.10641239583492279, 0.01208620797842741, 0.11529705673456192, 0.27303409576416016, 0.14038987457752228, 0.10222212225198746, 0.2505582571029663]"
2025-09-04 13:50:47.233799,Sad,"[0.22430482506752014, 0.02500363066792488, 0.152568519115448, 0.12552937865257263, 0.35313528776168823, 0.007447924930602312, 0.1120104193687439]"
2025-09-04 13:50:47.280828,Sad,"[0.17630957067012787, 0.02057815156877041, 0.15858148038387299, 0.20600976049900055, 0.2365783452987671, 0.044966548681259155, 0.1569761335849762]"
2025-09-04 13:50:47.446915,Sad,"[0.2294396609067917, 0.026399724185466766, 0.15555499494075775, 0.1327691525220871, 0.35144495964050293, 0.006941760890185833, 0.09744977205991745]"
2025-09-04 13:50:47.491080,Sad,"[0.18186235427856445, 0.021343894302845, 0.15795841813087463, 0.2067355215549469, 0.2362363487482071, 0.04454921931028366, 0.15131421387195587]"
2025-09-04 13:50:47.531526,Sad,"[0.17288461327552795, 0.01762758381664753, 0.20144124329090118, 0.05607415735721588, 0.35233211517333984, 0.017164379358291626, 0.18247582018375397]"
2025-09-04 13:50:47.658319,Sad,"[0.22401297092437744, 0.025340210646390915, 0.15485115349292755, 0.1318068504333496, 0.34801778197288513, 0.007844432257115841, 0.10812661796808243]"
2025-09-04 13:50:47.701454,Sad,"[0.18720130622386932, 0.021948978304862976, 0.1599952131509781, 0.1994026005268097, 0.25023648142814636, 0.03608040511608124, 0.14513501524925232]"
2025-09-04 13:50:47.745377,Sad,"[0.17818887531757355, 0.018505699932575226, 0.20319095253944397, 0.05814690887928009, 0.3647882044315338, 0.013953050598502159, 0.16322632133960724]"
2025-09-04 13:50:47.881160,Sad,"[0.1793004274368286, 0.02103452943265438, 0.15989944338798523, 0.20576538145542145, 0.24115495383739471, 0.0415649376809597, 0.15128028392791748]"
2025-09-04 13:50:47.920638,Sad,"[0.22474396228790283, 0.025522692129015923, 0.1551758050918579, 0.13025453686714172, 0.3532429337501526, 0.007116650231182575, 0.10394350439310074]"
2025-09-04 13:50:48.053286,Sad,"[0.2250392735004425, 0.024965999647974968, 0.15146541595458984, 0.13038605451583862, 0.3378998339176178, 0.009572431445121765, 0.12067092210054398]"
2025-09-04 13:50:48.093169,Sad,"[0.1658097207546234, 0.01897711306810379, 0.15076203644275665, 0.2061668485403061, 0.21402858197689056, 0.06432498246431351, 0.1799306720495224]"
2025-09-04 13:50:48.134557,Happy,"[0.10623940080404282, 0.01192229799926281, 0.11382624506950378, 0.26647505164146423, 0.142102912068367, 0.09778378158807755, 0.26165029406547546]"
2025-09-04 13:50:48.173539,Sad,"[0.16377677023410797, 0.017423225566744804, 0.1843220442533493, 0.10588687658309937, 0.28213897347450256, 0.03855535015463829, 0.20789682865142822]"
2025-09-04 13:50:48.321397,Sad,"[0.22460973262786865, 0.02668539248406887, 0.1601303666830063, 0.16509753465652466, 0.3068341612815857, 0.01339617557823658, 0.10324664413928986]"
2025-09-04 13:50:48.362199,Happy,"[0.15615050494670868, 0.01782890409231186, 0.14497730135917664, 0.22887784242630005, 0.19780801236629486, 0.06991960853338242, 0.1844378262758255]"
2025-09-04 13:50:48.402490,Sad,"[0.1748395562171936, 0.01769639551639557, 0.14551101624965668, 0.12359171360731125, 0.3077552616596222, 0.018032973632216454, 0.21257302165031433]"
2025-09-04 13:50:48.557699,Sad,"[0.22023984789848328, 0.025534505024552345, 0.15900388360023499, 0.15135055780410767, 0.32353469729423523, 0.011117237620055676, 0.1092192530632019]"
2025-09-04 13:50:48.598073,Sad,"[0.1605958193540573, 0.018387321382761, 0.15367376804351807, 0.21168582141399384, 0.22165170311927795, 0.05505368486046791, 0.1789519339799881]"
2025-09-04 13:50:48.637767,Sad,"[0.17193663120269775, 0.017050957307219505, 0.13844752311706543, 0.12032142281532288, 0.29658639430999756, 0.020414315164089203, 0.23524269461631775]"
2025-09-04 13:50:48.784744,Sad,"[0.19403725862503052, 0.023154865950345993, 0.15978918969631195, 0.20637454092502594, 0.24532391130924225, 0.03707783296704292, 0.13424238562583923]"
2025-09-04 13:50:48.825186,Sad,"[0.22177977859973907, 0.02479436621069908, 0.15375712513923645, 0.12565022706985474, 0.35663315653800964, 0.007069415412843227, 0.1103159561753273]"
2025-09-04 13:50:48.993643,Sad,"[0.23040463030338287, 0.026354992762207985, 0.15966734290122986, 0.1286042481660843, 0.3405328691005707, 0.009156501851975918, 0.1052793562412262]"
2025-09-04 13:50:49.034245,Sad,"[0.1840408891439438, 0.020940857008099556, 0.15529964864253998, 0.18797925114631653, 0.24822723865509033, 0.039238475263118744, 0.16427364945411682]"
2025-09-04 13:50:49.075358,Sad,"[0.15683336555957794, 0.015406187623739243, 0.2046179622411728, 0.05313679948449135, 0.2982273995876312, 0.03662995621562004, 0.2351483553647995]"
2025-09-04 13:50:49.225401,Sad,"[0.21981960535049438, 0.023474784567952156, 0.14696232974529266, 0.11643381416797638, 0.34963321685791016, 0.008602730929851532, 0.1350734978914261]"
2025-09-04 13:50:49.265748,Sad,"[0.17464497685432434, 0.020162664353847504, 0.14984320104122162, 0.20776933431625366, 0.2133180946111679, 0.064078688621521, 0.1701829582452774]"
2025-09-04 13:50:49.307254,Sad,"[0.17345906794071198, 0.01705637387931347, 0.1377556025981903, 0.11716605722904205, 0.2924027144908905, 0.022058330476284027, 0.2401019036769867]"
2025-09-04 13:50:49.465389,Sad,"[0.2249910831451416, 0.025041613727808, 0.15210336446762085, 0.1283082664012909, 0.34506964683532715, 0.00848405808210373, 0.11600193381309509]"
2025-09-04 13:50:49.505182,Sad,"[0.17851164937019348, 0.02078891731798649, 0.1545107215642929, 0.2074737548828125, 0.2259582281112671, 0.05260620638728142, 0.16015055775642395]"
2025-09-04 13:50:49.548000,Sad,"[0.1683768928050995, 0.016824958845973015, 0.19467414915561676, 0.056037191301584244, 0.34150683879852295, 0.01967189833521843, 0.20290808379650116]"
2025-09-04 13:50:49.589360,Sad,"[0.17813609540462494, 0.01836017705500126, 0.16097934544086456, 0.10709980130195618, 0.3313960134983063, 0.014991117641329765, 0.1890375167131424]"
2025-09-04 13:50:49.766333,Sad,"[0.21124301850795746, 0.02209080196917057, 0.14751560986042023, 0.117966428399086, 0.3183259069919586, 0.015391825698316097, 0.1674664467573166]"
2025-09-04 13:50:49.808917,Sad,"[0.16896840929985046, 0.019358176738023758, 0.14783838391304016, 0.20695826411247253, 0.20755931735038757, 0.07037556916475296, 0.17894190549850464]"
2025-09-04 13:50:49.867052,Sad,"[0.165506049990654, 0.01656986027956009, 0.20958545804023743, 0.05014326423406601, 0.3304832875728607, 0.024478638544678688, 0.20323339104652405]"
2025-09-04 13:50:49.931212,Sad,"[0.16980504989624023, 0.017038006335496902, 0.14761501550674438, 0.11744549125432968, 0.2931089997291565, 0.02387581579387188, 0.23111167550086975]"
2025-09-04 13:50:50.113763,Sad,"[0.1843489110469818, 0.021119488403201103, 0.15270474553108215, 0.19540748000144958, 0.23412902653217316, 0.047688018530607224, 0.16460232436656952]"
2025-09-04 13:50:50.167341,Sad,"[0.23093852400779724, 0.02705100178718567, 0.15729254484176636, 0.1337154358625412, 0.3574475049972534, 0.005923565477132797, 0.08763148635625839]"
2025-09-04 13:50:50.216297,Sad,"[0.1525295376777649, 0.014832086861133575, 0.2495877742767334, 0.0427103191614151, 0.27931687235832214, 0.04522927850484848, 0.21579411625862122]"
2025-09-04 13:50:50.258664,Sad,"[0.16653478145599365, 0.016397742554545403, 0.152506485581398, 0.09816918522119522, 0.29203420877456665, 0.027132738381624222, 0.2472248524427414]"
2025-09-04 13:50:50.391127,Sad,"[0.21970216929912567, 0.02482922188937664, 0.15521909296512604, 0.1448136270046234, 0.32118740677833557, 0.012257155030965805, 0.1219913586974144]"
2025-09-04 13:50:50.430498,Sad,"[0.18275435268878937, 0.021359579637646675, 0.15353065729141235, 0.20817935466766357, 0.2243095487356186, 0.053388483822345734, 0.15647798776626587]"
2025-09-04 13:50:50.473421,Sad,"[0.16054637730121613, 0.015947449952363968, 0.22287042438983917, 0.04813345521688461, 0.30621248483657837, 0.0339033268392086, 0.21238647401332855]"
2025-09-04 13:50:50.621739,Sad,"[0.2157529890537262, 0.026512572541832924, 0.16367207467556, 0.19597820937633514, 0.2743598520755768, 0.020922647789120674, 0.1028015986084938]"
2025-09-04 13:50:50.662893,Sad,"[0.18505451083183289, 0.021627215668559074, 0.1563345342874527, 0.2038085162639618, 0.23583590984344482, 0.0450158454477787, 0.15232352912425995]"
2025-09-04 13:50:50.703624,Sad,"[0.16522449254989624, 0.01657784916460514, 0.2240651398897171, 0.053876593708992004, 0.30304399132728577, 0.03369636833667755, 0.20351552963256836]"
2025-09-04 13:50:50.856553,Sad,"[0.22608834505081177, 0.025378737598657608, 0.15308023989200592, 0.1289176195859909, 0.34822946786880493, 0.007885348983108997, 0.11042032390832901]"
2025-09-04 13:50:50.896415,Sad,"[0.1730865091085434, 0.019933728501200676, 0.14890168607234955, 0.2076101005077362, 0.21076306700706482, 0.06672143936157227, 0.17298345267772675]"
2025-09-04 13:50:50.938049,Fear,"[0.12961295247077942, 0.0123123899102211, 0.2828138768672943, 0.03222596272826195, 0.22431185841560364, 0.09068291634321213, 0.22804006934165955]"
2025-09-04 13:50:50.978442,Sad,"[0.16070957481861115, 0.015898147597908974, 0.2261766493320465, 0.05096106603741646, 0.30354535579681396, 0.032809700816869736, 0.20989950001239777]"
2025-09-04 13:50:51.120237,Sad,"[0.23627568781375885, 0.028303856030106544, 0.1585131734609604, 0.1418389081954956, 0.3475988209247589, 0.006335867568850517, 0.08113362640142441]"
2025-09-04 13:50:51.161770,Sad,"[0.17319729924201965, 0.019968952983617783, 0.150088831782341, 0.20751535892486572, 0.21365930140018463, 0.06392433494329453, 0.17164592444896698]"
2025-09-04 13:50:51.288000,Sad,"[0.23033086955547333, 0.02565670944750309, 0.1489938199520111, 0.1066991537809372, 0.3921050429344177, 0.003792783245444298, 0.09242164343595505]"
2025-09-04 13:50:51.328174,Happy,"[0.14413206279277802, 0.01662359945476055, 0.1251346617937088, 0.27385789155960083, 0.1918390989303589, 0.052918691188097, 0.19549396634101868]"
2025-09-04 13:50:51.368045,Sad,"[0.11542217433452606, 0.01096208393573761, 0.25957438349723816, 0.01860533468425274, 0.27803775668144226, 0.07540561258792877, 0.24199266731739044]"
2025-09-04 13:50:51.408530,Sad,"[0.17128419876098633, 0.01961134932935238, 0.16345900297164917, 0.1890314370393753, 0.2645813524723053, 0.03091905266046524, 0.1611136645078659]"
2025-09-04 13:50:51.457116,Sad,"[0.17041192948818207, 0.017497370019555092, 0.14718858897686005, 0.1350581794977188, 0.2900298535823822, 0.023283399641513824, 0.2165306657552719]"
2025-09-04 13:50:51.592139,Sad,"[0.22173234820365906, 0.02445852756500244, 0.15520645678043365, 0.096572645008564, 0.40193429589271545, 0.003761816304177046, 0.09633398056030273]"
2025-09-04 13:50:51.633094,Sad,"[0.1669161170721054, 0.019153717905282974, 0.15158502757549286, 0.20676292479038239, 0.21707262098789215, 0.061132341623306274, 0.17737731337547302]"
2025-09-04 13:50:51.678394,Sad,"[0.17703883349895477, 0.020964648574590683, 0.2002546340227127, 0.14577613770961761, 0.2867819368839264, 0.030647339299321175, 0.13853642344474792]"
2025-09-04 13:50:51.826809,Sad,"[0.23346002399921417, 0.026675716042518616, 0.1522044837474823, 0.11647844314575195, 0.37989646196365356, 0.0042953831143677235, 0.08698944747447968]"
2025-09-04 13:50:51.868346,Happy,"[0.16729550063610077, 0.01938738115131855, 0.15168362855911255, 0.22411970794200897, 0.2212231606245041, 0.050331126898527145, 0.16595950722694397]"
2025-09-04 13:50:51.910061,Sad,"[0.17203785479068756, 0.01731019653379917, 0.1426587998867035, 0.12665198743343353, 0.29053834080696106, 0.022977162152528763, 0.22782571613788605]"
2025-09-04 13:50:52.062010,Sad,"[0.2247346192598343, 0.024389350786805153, 0.15251938998699188, 0.10891503840684891, 0.3616536259651184, 0.007316342554986477, 0.12047157436609268]"
2025-09-04 13:50:52.105334,Sad,"[0.16118189692497253, 0.01835036277770996, 0.15020662546157837, 0.20570781826972961, 0.21201904118061066, 0.06642725318670273, 0.18610702455043793]"
2025-09-04 13:50:52.145039,Sad,"[0.14558061957359314, 0.013259794563055038, 0.23747417330741882, 0.029614556580781937, 0.2911393642425537, 0.03694664314389229, 0.24598489701747894]"
2025-09-04 13:50:52.183976,Fear,"[0.1446274369955063, 0.01419397909194231, 0.2712875008583069, 0.043504778295755386, 0.256862074136734, 0.05926138162612915, 0.21026283502578735]"
2025-09-04 13:50:52.308719,Sad,"[0.2279541939496994, 0.024964801967144012, 0.14860916137695312, 0.11483912914991379, 0.36487874388694763, 0.0062724510207772255, 0.11248157173395157]"
2025-09-04 13:50:52.349564,Sad,"[0.16014321148395538, 0.01823369972407818, 0.14862950146198273, 0.20724333822727203, 0.21121801435947418, 0.06622235476970673, 0.188309907913208]"
2025-09-04 13:50:52.390782,Sad,"[0.1758234202861786, 0.01760878786444664, 0.1418553739786148, 0.12215264141559601, 0.29799187183380127, 0.02061348780989647, 0.22395440936088562]"
2025-09-04 13:50:52.563216,Sad,"[0.2253422886133194, 0.02463245578110218, 0.14902429282665253, 0.113716721534729, 0.3685199022293091, 0.0060023111291229725, 0.11276207864284515]"
2025-09-04 13:50:52.603740,Sad,"[0.17030757665634155, 0.019682619720697403, 0.15584373474121094, 0.20607465505599976, 0.22772827744483948, 0.05211883783340454, 0.16824422776699066]"
2025-09-04 13:50:52.644217,Sad,"[0.171365424990654, 0.01781519502401352, 0.2122221291065216, 0.06755484640598297, 0.31987786293029785, 0.025998402386903763, 0.1851661503314972]"
2025-09-04 13:50:52.786908,Sad,"[0.2246362864971161, 0.02432708442211151, 0.1479433923959732, 0.11696939170360565, 0.35471367835998535, 0.007642765995115042, 0.1237674131989479]"
2025-09-04 13:50:52.825819,Sad,"[0.16497649252414703, 0.018986502662301064, 0.15096724033355713, 0.21014438569545746, 0.22187374532222748, 0.055049244314432144, 0.17800234258174896]"
2025-09-04 13:50:52.866424,Neutral,"[0.10403250902891159, 0.011018086224794388, 0.18778839707374573, 0.10788418352603912, 0.13812468945980072, 0.2093883752822876, 0.24176377058029175]"
2025-09-04 13:50:52.906556,Sad,"[0.17181332409381866, 0.01698487438261509, 0.14908483624458313, 0.10336153209209442, 0.3035246431827545, 0.021645380184054375, 0.23358534276485443]"
2025-09-04 13:50:53.073360,Sad,"[0.22603842616081238, 0.024622630327939987, 0.14843085408210754, 0.12153308093547821, 0.34612083435058594, 0.008635914884507656, 0.1246182769536972]"
2025-09-04 13:50:53.114894,Sad,"[0.16886447370052338, 0.019390195608139038, 0.15074436366558075, 0.20672106742858887, 0.21450181305408478, 0.06359442323446274, 0.1761837601661682]"
2025-09-04 13:50:53.157780,Sad,"[0.15778782963752747, 0.0140500757843256, 0.20447005331516266, 0.028280431404709816, 0.31253665685653687, 0.027122261002659798, 0.25575265288352966]"
2025-09-04 13:50:53.284168,Sad,"[0.21718506515026093, 0.024700092151761055, 0.1575547456741333, 0.14087747037410736, 0.3363911509513855, 0.009588873013854027, 0.11370251327753067]"
2025-09-04 13:50:53.325647,Sad,"[0.19163011014461517, 0.022723255679011345, 0.1573445349931717, 0.20753292739391327, 0.23717761039733887, 0.04259885102510452, 0.1409926563501358]"
2025-09-04 13:50:53.367874,Sad,"[0.1666574478149414, 0.016479523852467537, 0.19169414043426514, 0.05568448826670647, 0.3188524842262268, 0.027381030842661858, 0.22325097024440765]"
2025-09-04 13:50:53.410361,Neutral,"[0.14956597983837128, 0.013801590539515018, 0.18582846224308014, 0.04404556006193161, 0.28204041719436646, 0.04108665511012077, 0.28363123536109924]"
2025-09-04 13:50:53.552250,Sad,"[0.21984335780143738, 0.025521915405988693, 0.15979169309139252, 0.1444266438484192, 0.33927205204963684, 0.008614991791546345, 0.10252933204174042]"
2025-09-04 13:50:53.595784,Sad,"[0.18469631671905518, 0.021656585857272148, 0.1545434594154358, 0.20809732377529144, 0.22746741771697998, 0.05061355233192444, 0.15292538702487946]"
2025-09-04 13:50:53.638896,Sad,"[0.1798335760831833, 0.020426558330655098, 0.2140924334526062, 0.12386975437402725, 0.28910067677497864, 0.03147517144680023, 0.14120179414749146]"
2025-09-04 13:50:53.680422,Sad,"[0.16832230985164642, 0.01677454076707363, 0.15004022419452667, 0.10834663361310959, 0.27589842677116394, 0.033318955451250076, 0.24729883670806885]"
2025-09-04 13:50:53.834077,Sad,"[0.22786253690719604, 0.025954071432352066, 0.15455058217048645, 0.12786157429218292, 0.35777488350868225, 0.006466453894972801, 0.09952991455793381]"
2025-09-04 13:50:53.877455,Sad,"[0.18666444718837738, 0.02177838608622551, 0.15701723098754883, 0.20076295733451843, 0.24093776941299438, 0.041816212236881256, 0.15102295577526093]"
2025-09-04 13:50:53.921003,Sad,"[0.1556500643491745, 0.015137138776481152, 0.2032412588596344, 0.062278810888528824, 0.273537278175354, 0.045162785798311234, 0.24499264359474182]"
2025-09-04 13:50:54.060931,Sad,"[0.2226978838443756, 0.024573519825935364, 0.15148785710334778, 0.12406355887651443, 0.3513145446777344, 0.007876355201005936, 0.11798624694347382]"
2025-09-04 13:50:54.101822,Sad,"[0.18033850193023682, 0.020519251003861427, 0.14644336700439453, 0.1937848925590515, 0.25700852274894714, 0.030544167384505272, 0.17136123776435852]"
2025-09-04 13:50:54.144562,Neutral,"[0.11107916384935379, 0.009784373454749584, 0.21154870092868805, 0.018778160214424133, 0.21474167704582214, 0.1088741198182106, 0.325193852186203]"
2025-09-04 13:50:54.185215,Neutral,"[0.10196761786937714, 0.011278742924332619, 0.16949798166751862, 0.14559894800186157, 0.13929063081741333, 0.19564427435398102, 0.23672179877758026]"
2025-09-04 13:50:54.227787,Neutral,"[0.09573037922382355, 0.0075887893326580524, 0.2325400710105896, 0.008600604720413685, 0.2075037658214569, 0.09535267949104309, 0.3526837229728699]"
2025-09-04 13:50:54.272582,Neutral,"[0.08844853192567825, 0.009902764111757278, 0.15352046489715576, 0.1992540806531906, 0.11706562340259552, 0.19982104003429413, 0.23198756575584412]"
2025-09-04 13:50:54.422100,Sad,"[0.2146228700876236, 0.02322574518620968, 0.14984166622161865, 0.130639910697937, 0.3264593183994293, 0.012330666184425354, 0.14287985861301422]"
2025-09-04 13:50:54.464560,Sad,"[0.18556778132915497, 0.021375872194767, 0.15671966969966888, 0.1933494359254837, 0.24703072011470795, 0.039124567061662674, 0.1568319946527481]"
2025-09-04 13:50:54.507526,Sad,"[0.1581980139017105, 0.015952525660395622, 0.2038765698671341, 0.0631055012345314, 0.2894487977027893, 0.04139034077525139, 0.2280282974243164]"
2025-09-04 13:50:54.548684,Neutral,"[0.1229119673371315, 0.012907909229397774, 0.15007813274860382, 0.16103394329547882, 0.16445092856884003, 0.12178942561149597, 0.26682761311531067]"
2025-09-04 13:50:54.589258,Neutral,"[0.12949740886688232, 0.013897106982767582, 0.13829003274440765, 0.20462854206562042, 0.16320928931236267, 0.10617842525243759, 0.24429920315742493]"
2025-09-04 13:50:54.633940,Neutral,"[0.15160761773586273, 0.015330648981034756, 0.1440248042345047, 0.12746843695640564, 0.20393604040145874, 0.08372249454259872, 0.27390992641448975]"
2025-09-04 13:50:54.684913,Neutral,"[0.1296536922454834, 0.013344760052859783, 0.1616227924823761, 0.11474417895078659, 0.18194326758384705, 0.1224965900182724, 0.2761947810649872]"
2025-09-04 13:50:54.729232,Neutral,"[0.1222834661602974, 0.011956240981817245, 0.1879158914089203, 0.05310412496328354, 0.19014503061771393, 0.14310689270496368, 0.29148826003074646]"
2025-09-04 13:50:54.771611,Neutral,"[0.15565225481987, 0.016007158905267715, 0.16645950078964233, 0.0946832224726677, 0.22346913814544678, 0.08876735717058182, 0.2549612820148468]"
2025-09-04 13:50:54.910906,Sad,"[0.2108805775642395, 0.022035151720046997, 0.1443391889333725, 0.12173862010240555, 0.3226422667503357, 0.013637425377964973, 0.16472677886486053]"
2025-09-04 13:50:54.951706,Sad,"[0.16866666078567505, 0.019425077363848686, 0.15419770777225494, 0.2061760127544403, 0.22311095893383026, 0.056010130792856216, 0.17241351306438446]"
2025-09-04 13:50:55.084209,Sad,"[0.20997941493988037, 0.023001473397016525, 0.15177056193351746, 0.14323173463344574, 0.3075900971889496, 0.01639476604759693, 0.14803194999694824]"
2025-09-04 13:50:55.124826,Sad,"[0.162624329328537, 0.018568843603134155, 0.1520521342754364, 0.20541998744010925, 0.21664950251579285, 0.06216389313340187, 0.18252137303352356]"
2025-09-04 13:50:55.166384,Sad,"[0.15142212808132172, 0.014571884647011757, 0.25665420293807983, 0.044791627675294876, 0.2604354918003082, 0.05385201796889305, 0.21827270090579987]"
2025-09-04 13:50:55.326062,Sad,"[0.2242162823677063, 0.026012074202299118, 0.15826644003391266, 0.14458240568637848, 0.3351341784000397, 0.009071058593690395, 0.10271762311458588]"
2025-09-04 13:50:55.367187,Sad,"[0.17721249163150787, 0.020629938691854477, 0.15548554062843323, 0.20707128942012787, 0.22826899588108063, 0.05094623193144798, 0.16038554906845093]"
2025-09-04 13:50:55.523091,Sad,"[0.21939699351787567, 0.024857191368937492, 0.1563800424337387, 0.1378776580095291, 0.3389418125152588, 0.009210740216076374, 0.11333556473255157]"
2025-09-04 13:50:55.568802,Sad,"[0.1965813934803009, 0.02206278219819069, 0.15105776488780975, 0.17622019350528717, 0.25363779067993164, 0.0364006869494915, 0.16403941810131073]"
2025-09-04 13:50:55.734472,Sad,"[0.23711317777633667, 0.02738773450255394, 0.15158449113368988, 0.11300849914550781, 0.3893091678619385, 0.0034569764975458384, 0.07813999801874161]"
2025-09-04 13:50:55.785733,Sad,"[0.19795756042003632, 0.02314845845103264, 0.15869879722595215, 0.1909542828798294, 0.2592115104198456, 0.03122621402144432, 0.1388031244277954]"
2025-09-04 13:50:55.920989,Sad,"[0.18159069120883942, 0.021401643753051758, 0.16129837930202484, 0.20527642965316772, 0.24599307775497437, 0.03827434033155441, 0.14616544544696808]"
2025-09-04 13:50:55.961764,Sad,"[0.22442057728767395, 0.025979863479733467, 0.15798185765743256, 0.1361273229122162, 0.35155463218688965, 0.006971015129238367, 0.09696479886770248]"
2025-09-04 13:50:56.002498,Sad,"[0.17005763947963715, 0.016702458262443542, 0.14164124429225922, 0.11017992347478867, 0.32077130675315857, 0.01482648029923439, 0.22582091391086578]"
2025-09-04 13:50:56.152508,Sad,"[0.2235829085111618, 0.025521308183670044, 0.1561712622642517, 0.1289941519498825, 0.35982465744018555, 0.006340032443404198, 0.09956564754247665]"
2025-09-04 13:50:56.192237,Sad,"[0.18697984516620636, 0.022167058661580086, 0.16029252111911774, 0.20736704766750336, 0.2450699806213379, 0.03767066076397896, 0.14045290648937225]"
2025-09-04 13:50:56.232827,Neutral,"[0.1370716243982315, 0.014610259793698788, 0.11516135931015015, 0.20424120128154755, 0.18339161574840546, 0.06943221390247345, 0.27609172463417053]"
2025-09-04 13:50:56.356654,Sad,"[0.2273126244544983, 0.025797059759497643, 0.15385791659355164, 0.12176670879125595, 0.3696953058242798, 0.005369281396269798, 0.09620120376348495]"
2025-09-04 13:50:56.397471,Sad,"[0.1756913810968399, 0.020448679104447365, 0.156810462474823, 0.2065201699733734, 0.23150935769081116, 0.04866605997085571, 0.1603539139032364]"
2025-09-04 13:50:56.521462,Sad,"[0.22480596601963043, 0.02586597204208374, 0.15668804943561554, 0.12756110727787018, 0.3662002682685852, 0.005553406197577715, 0.093325175344944]"
2025-09-04 13:50:56.563478,Sad,"[0.19672107696533203, 0.023241857066750526, 0.16018322110176086, 0.19652925431728363, 0.256989449262619, 0.03166091814637184, 0.13467422127723694]"
2025-09-04 13:50:56.726040,Sad,"[0.1922621876001358, 0.022991957142949104, 0.1624213308095932, 0.2048107385635376, 0.253139466047287, 0.03288271278142929, 0.1314915269613266]"
2025-09-04 13:50:56.767750,Sad,"[0.23137755692005157, 0.026237938553094864, 0.1520765870809555, 0.11690517514944077, 0.37690404057502747, 0.004667709581553936, 0.09183098375797272]"
2025-09-04 13:50:56.807579,Sad,"[0.16488222777843475, 0.015476690605282784, 0.23347046971321106, 0.03156150132417679, 0.31206566095352173, 0.029327573254704475, 0.21321581304073334]"
2025-09-04 13:50:56.848363,Sad,"[0.17267699539661407, 0.017099227756261826, 0.13984303176403046, 0.11917765438556671, 0.29545873403549194, 0.02124878205358982, 0.23449552059173584]"
2025-09-04 13:50:56.980241,Sad,"[0.2229282706975937, 0.025404024869203568, 0.1558389514684677, 0.14350971579551697, 0.3273339867591858, 0.010800352320075035, 0.11418470740318298]"
2025-09-04 13:50:57.021107,Sad,"[0.17279775440692902, 0.020213449373841286, 0.1531522274017334, 0.21340304613113403, 0.23554223775863647, 0.042739856988191605, 0.16215147078037262]"
2025-09-04 13:50:57.061195,Sad,"[0.16012164950370789, 0.015396371483802795, 0.26026543974876404, 0.03036164678633213, 0.3057525157928467, 0.03280802443623543, 0.19529429078102112]"
2025-09-04 13:50:57.101140,Fear,"[0.11486320942640305, 0.01092298049479723, 0.3243124783039093, 0.0352274626493454, 0.18255864083766937, 0.12212716788053513, 0.20998810231685638]"
2025-09-04 13:50:57.247273,Sad,"[0.20916590094566345, 0.02284911647439003, 0.15141351521015167, 0.1428944170475006, 0.30659955739974976, 0.016735920682549477, 0.15034160017967224]"
2025-09-04 13:50:57.287135,Sad,"[0.17863307893276215, 0.0208785030990839, 0.15757137537002563, 0.20659072697162628, 0.23431813716888428, 0.04628608003258705, 0.15572208166122437]"
2025-09-04 13:50:57.423095,Sad,"[0.17161297798156738, 0.01984487473964691, 0.15501147508621216, 0.20645761489868164, 0.22580716013908386, 0.053509421646595, 0.1677563488483429]"
2025-09-04 13:50:57.465659,Sad,"[0.21729061007499695, 0.02416672371327877, 0.15342497825622559, 0.14017938077449799, 0.3221801221370697, 0.012538365088403225, 0.13021987676620483]"
2025-09-04 13:50:57.509637,Fear,"[0.13390600681304932, 0.011991090141236782, 0.2648833692073822, 0.023721221834421158, 0.243797168135643, 0.06800596415996552, 0.25369518995285034]"
2025-09-04 13:50:57.672033,Sad,"[0.21649034321308136, 0.02454720064997673, 0.15741777420043945, 0.13824672996997833, 0.3408755660057068, 0.009011331014335155, 0.11341111361980438]"
2025-09-04 13:50:57.718360,Sad,"[0.19246800243854523, 0.022898467257618904, 0.15901267528533936, 0.2067747861146927, 0.24241392314434052, 0.03907804936170578, 0.13735409080982208]"
2025-09-04 13:50:57.766723,Happy,"[0.12875112891197205, 0.014328080229461193, 0.14019086956977844, 0.22327345609664917, 0.1573004573583603, 0.11703532934188843, 0.21912066638469696]"
2025-09-04 13:50:57.811867,Sad,"[0.16843265295028687, 0.017767513170838356, 0.14511390030384064, 0.15170681476593018, 0.2307184934616089, 0.0579228401184082, 0.22833777964115143]"
2025-09-04 13:50:57.957817,Sad,"[0.22762709856033325, 0.025739328935742378, 0.1524040848016739, 0.11368376016616821, 0.3856613039970398, 0.004136129282414913, 0.09074823558330536]"
2025-09-04 13:50:58.011600,Sad,"[0.19127318263053894, 0.02263692021369934, 0.15617883205413818, 0.2079945057630539, 0.23370499908924103, 0.04505053907632828, 0.1431610882282257]"
2025-09-04 13:50:58.062187,Sad,"[0.17874057590961456, 0.019183266907930374, 0.22025160491466522, 0.05788000300526619, 0.35892221331596375, 0.016089653596282005, 0.14893272519111633]"
2025-09-04 13:50:58.108765,Neutral,"[0.12719066441059113, 0.013822288252413273, 0.11971046030521393, 0.22324678301811218, 0.16769206523895264, 0.08396977931261063, 0.2643679082393646]"
2025-09-04 13:50:58.247676,Sad,"[0.21652266383171082, 0.02391890622675419, 0.152948260307312, 0.13510015606880188, 0.33002927899360657, 0.011251984164118767, 0.13022871315479279]"
2025-09-04 13:50:58.294077,Sad,"[0.19106239080429077, 0.02265036851167679, 0.15764129161834717, 0.20738452672958374, 0.23788145184516907, 0.04220708832144737, 0.14117290079593658]"
2025-09-04 13:50:58.362122,Sad,"[0.16818881034851074, 0.016389567404985428, 0.1377270668745041, 0.108183853328228, 0.3227592706680298, 0.01383202150464058, 0.232919380068779]"
2025-09-04 13:50:58.490205,Sad,"[0.19345064461231232, 0.022991076111793518, 0.15747535228729248, 0.20752811431884766, 0.23810389637947083, 0.041716378182172775, 0.13873453438282013]"
2025-09-04 13:50:58.531123,Sad,"[0.21870316565036774, 0.023842308670282364, 0.15024138987064362, 0.12958571314811707, 0.33198049664497375, 0.011065452359616756, 0.13458146154880524]"
2025-09-04 13:50:58.574302,Sad,"[0.16427835822105408, 0.015907621011137962, 0.13059929013252258, 0.10956009477376938, 0.3188008964061737, 0.01335085928440094, 0.2475028932094574]"
2025-09-04 13:50:58.718814,Sad,"[0.20578446984291077, 0.02153702639043331, 0.14533460140228271, 0.12605947256088257, 0.31516897678375244, 0.015419987961649895, 0.17069542407989502]"
2025-09-04 13:50:58.757932,Sad,"[0.18651777505874634, 0.022105619311332703, 0.159216970205307, 0.2074831873178482, 0.2444661408662796, 0.03803122416138649, 0.14217916131019592]"
2025-09-04 13:50:58.800142,Neutral,"[0.11658156663179398, 0.012827313505113125, 0.11888325214385986, 0.24110963940620422, 0.15436026453971863, 0.0929756611585617, 0.2632623314857483]"
2025-09-04 13:50:58.930458,Sad,"[0.2163296639919281, 0.022854378446936607, 0.14470136165618896, 0.12509281933307648, 0.31906387209892273, 0.014079875312745571, 0.15787802636623383]"
2025-09-04 13:50:58.974391,Sad,"[0.18972308933734894, 0.0225219689309597, 0.1606530100107193, 0.204894557595253, 0.24750860035419464, 0.03651685267686844, 0.13818195462226868]"
2025-09-04 13:50:59.111314,Sad,"[0.19122327864170074, 0.02273588255047798, 0.1595683991909027, 0.20647308230400085, 0.2437133640050888, 0.03844340518116951, 0.13784265518188477]"
2025-09-04 13:50:59.150722,Sad,"[0.22648657858371735, 0.024608254432678223, 0.14788709580898285, 0.12076997756958008, 0.3458808958530426, 0.00868889968842268, 0.12567825615406036]"
2025-09-04 13:50:59.279759,Sad,"[0.22813870012760162, 0.02568063884973526, 0.15274417400360107, 0.1342340111732483, 0.3361791968345642, 0.009441339410841465, 0.11358191072940826]"
2025-09-04 13:50:59.320718,Sad,"[0.17207744717597961, 0.019925571978092194, 0.1558113992214203, 0.20633386075496674, 0.2280150055885315, 0.05171458050608635, 0.16612212359905243]"
2025-09-04 13:50:59.362585,Fear,"[0.13589289784431458, 0.012884066440165043, 0.26041725277900696, 0.031887952238321304, 0.2574096918106079, 0.06326887756586075, 0.23823930323123932]"
2025-09-04 13:50:59.520663,Sad,"[0.21521560847759247, 0.022746331989765167, 0.14593595266342163, 0.12035836279392242, 0.3338770568370819, 0.011270037852227688, 0.1505967080593109]"
2025-09-04 13:50:59.561647,Sad,"[0.16034765541553497, 0.01823762059211731, 0.14783498644828796, 0.20678871870040894, 0.2085985243320465, 0.06910005956888199, 0.1890924721956253]"
2025-09-04 13:50:59.604373,Sad,"[0.1346563845872879, 0.012501521967351437, 0.26227378845214844, 0.026920652016997337, 0.2701878249645233, 0.0524597093462944, 0.24100016057491302]"
2025-09-04 13:50:59.749277,Sad,"[0.2125317007303238, 0.02256626822054386, 0.14784087240695953, 0.11908596009016037, 0.34341850876808167, 0.009773118421435356, 0.144783616065979]"
2025-09-04 13:50:59.790184,Sad,"[0.1714927703142166, 0.020057927817106247, 0.15578830242156982, 0.22395090758800507, 0.23238465189933777, 0.04176266863942146, 0.1545628011226654]"
2025-09-04 13:50:59.834860,Sad,"[0.14634665846824646, 0.014229080639779568, 0.23994092643260956, 0.038581132888793945, 0.2863450348377228, 0.04550246521830559, 0.2290547788143158]"
2025-09-04 13:50:59.878676,Neutral,"[0.12123207747936249, 0.01264189649373293, 0.109365314245224, 0.2269170731306076, 0.16410104930400848, 0.07090190798044205, 0.2948406934738159]"
2025-09-04 13:51:00.020737,Sad,"[0.21880021691322327, 0.023468540981411934, 0.14799298346042633, 0.1178947389125824, 0.3498527705669403, 0.008557307533919811, 0.13343343138694763]"
2025-09-04 13:51:00.065591,Happy,"[0.15777316689491272, 0.018098074942827225, 0.1452161818742752, 0.22347542643547058, 0.21353983879089355, 0.056371115148067474, 0.18552622199058533]"
2025-09-04 13:51:00.214914,Sad,"[0.20728300511837006, 0.022244025021791458, 0.14985530078411102, 0.13270814716815948, 0.319210410118103, 0.01418362371623516, 0.15451546013355255]"
2025-09-04 13:51:00.255711,Sad,"[0.1664528250694275, 0.019350435584783554, 0.15594135224819183, 0.21902821958065033, 0.2337324172258377, 0.04265338554978371, 0.16284142434597015]"
2025-09-04 13:51:00.386343,Sad,"[0.22574667632579803, 0.024740880355238914, 0.1495153158903122, 0.11971291154623032, 0.3550545573234558, 0.00741678336635232, 0.11781281977891922]"
2025-09-04 13:51:00.427333,Happy,"[0.15724782645702362, 0.018301017582416534, 0.14143770933151245, 0.23469850420951843, 0.2255871444940567, 0.04156697914004326, 0.18116088211536407]"
2025-09-04 13:51:00.507760,Fear,"[0.14494584500789642, 0.014033203944563866, 0.2804882824420929, 0.03428078815340996, 0.2719409763813019, 0.049485426396131516, 0.20482546091079712]"
2025-09-04 13:51:00.553190,Neutral,"[0.1443321406841278, 0.015057627111673355, 0.1172003448009491, 0.18493333458900452, 0.1929396390914917, 0.0653156116604805, 0.28022125363349915]"
2025-09-04 13:51:00.715886,Sad,"[0.22213928401470184, 0.02540457434952259, 0.15693962574005127, 0.1394331306219101, 0.3392373323440552, 0.008876120671629906, 0.10796993225812912]"
2025-09-04 13:51:00.759836,Sad,"[0.15805207192897797, 0.018153484910726547, 0.14883765578269958, 0.21394725143909454, 0.22435249388217926, 0.05088892951607704, 0.18576809763908386]"
2025-09-04 13:51:00.799724,Sad,"[0.17465335130691528, 0.01853686012327671, 0.20290689170360565, 0.07580462843179703, 0.3237142562866211, 0.024819985032081604, 0.17956405878067017]"
2025-09-04 13:51:00.947890,Sad,"[0.2125321626663208, 0.02351597510278225, 0.1541270762681961, 0.13858133554458618, 0.3258168399333954, 0.012131225317716599, 0.13329535722732544]"
2025-09-04 13:51:00.990307,Sad,"[0.18615885078907013, 0.022057190537452698, 0.16124793887138367, 0.20548486709594727, 0.24726475775241852, 0.036964286118745804, 0.1408221423625946]"
2025-09-04 13:51:01.117314,Sad,"[0.22713151574134827, 0.024394441395998, 0.1455668807029724, 0.10661639273166656, 0.3739912807941437, 0.005611912813037634, 0.11668762564659119]"
2025-09-04 13:51:01.160542,Sad,"[0.18436583876609802, 0.021421773359179497, 0.15735338628292084, 0.19915173947811127, 0.24257075786590576, 0.04122130945324898, 0.1539151966571808]"
2025-09-04 13:51:01.205793,Sad,"[0.16138295829296112, 0.015805650502443314, 0.22551657259464264, 0.043761882930994034, 0.31685715913772583, 0.02838164195418358, 0.208294078707695]"
2025-09-04 13:51:01.340348,Sad,"[0.22122332453727722, 0.024740492925047874, 0.15361769497394562, 0.1190154030919075, 0.37264737486839294, 0.005453933030366898, 0.10330173373222351]"
2025-09-04 13:51:01.383279,Sad,"[0.18703056871891022, 0.022169211879372597, 0.1608230322599411, 0.20573285222053528, 0.24622875452041626, 0.03746947646141052, 0.1405460089445114]"
2025-09-04 13:51:01.518528,Sad,"[0.1828986257314682, 0.021521693095564842, 0.15906064212322235, 0.20637185871601105, 0.23969855904579163, 0.042085058987140656, 0.14836347103118896]"
2025-09-04 13:51:01.561463,Sad,"[0.22444257140159607, 0.02514379657804966, 0.15256811678409576, 0.11572423577308655, 0.37869900465011597, 0.004839353263378143, 0.09858284890651703]"
2025-09-04 13:51:01.606024,Sad,"[0.17457666993141174, 0.018048305064439774, 0.1991911232471466, 0.06508000195026398, 0.33924663066864014, 0.020069777965545654, 0.18378745019435883]"
2025-09-04 13:51:01.662313,Sad,"[0.17506143450737, 0.017285961657762527, 0.13477589190006256, 0.12366363406181335, 0.2703684866428375, 0.030105551704764366, 0.24873898923397064]"
2025-09-04 13:51:01.845830,Sad,"[0.18736788630485535, 0.021814053878188133, 0.1612636297941208, 0.1920296996831894, 0.26137039065361023, 0.030985739082098007, 0.14516866207122803]"
2025-09-04 13:51:01.910802,Sad,"[0.22871217131614685, 0.02612820826470852, 0.15405741333961487, 0.12044394016265869, 0.37490054965019226, 0.00480034202337265, 0.09095745533704758]"
2025-09-04 13:51:01.975509,Sad,"[0.1602799892425537, 0.01602385751903057, 0.23661068081855774, 0.04868154227733612, 0.30610617995262146, 0.032582953572273254, 0.199714794754982]"
2025-09-04 13:51:02.127070,Sad,"[0.18175387382507324, 0.02147364243865013, 0.1628180593252182, 0.20449107885360718, 0.2507500946521759, 0.03547980263829231, 0.14323346316814423]"
2025-09-04 13:51:02.169374,Sad,"[0.21114712953567505, 0.0233406163752079, 0.15521180629730225, 0.12837699055671692, 0.3510052263736725, 0.008238316513597965, 0.1226799488067627]"
2025-09-04 13:51:02.208965,Sad,"[0.17225585877895355, 0.017168881371617317, 0.14145974814891815, 0.12149638682603836, 0.2929929196834564, 0.02227122150361538, 0.23235490918159485]"
2025-09-04 13:51:02.331921,Sad,"[0.18358440697193146, 0.02175833471119404, 0.1634124219417572, 0.20420144498348236, 0.2532559931278229, 0.033882901072502136, 0.13990455865859985]"
2025-09-04 13:51:02.372038,Sad,"[0.21888235211372375, 0.025942040607333183, 0.16280189156532288, 0.1536523401737213, 0.3328809142112732, 0.009043990634381771, 0.09679649025201797]"
2025-09-04 13:51:02.413977,Sad,"[0.1731240451335907, 0.016943836584687233, 0.1380048543214798, 0.11247625201940536, 0.27400684356689453, 0.03039906732738018, 0.2550451159477234]"
2025-09-04 13:51:02.550225,Sad,"[0.2120874673128128, 0.024387987330555916, 0.16068874299526215, 0.14691661298274994, 0.33417168259620667, 0.009853553026914597, 0.11189396679401398]"
2025-09-04 13:51:02.591842,Sad,"[0.18278734385967255, 0.021488666534423828, 0.1584533303976059, 0.20661291480064392, 0.23790358006954193, 0.0432952456176281, 0.14945892989635468]"
2025-09-04 13:51:02.632468,Sad,"[0.1542883962392807, 0.015084867365658283, 0.24006517231464386, 0.04677482694387436, 0.28822413086891174, 0.03981936722993851, 0.21574318408966064]"
2025-09-04 13:51:02.675066,Sad,"[0.17423270642757416, 0.017495756968855858, 0.13741129636764526, 0.13180480897426605, 0.26494479179382324, 0.032851442694664, 0.24125924706459045]"
2025-09-04 13:51:02.718772,Sad,"[0.18270136415958405, 0.02020179107785225, 0.22095981240272522, 0.06905167549848557, 0.351947546005249, 0.01675369217991829, 0.1383841335773468]"
2025-09-04 13:51:02.844047,Sad,"[0.21494156122207642, 0.024423960596323013, 0.1583206206560135, 0.1327199786901474, 0.35572177171707153, 0.0071096718311309814, 0.10676239430904388]"
2025-09-04 13:51:02.885315,Sad,"[0.1850140243768692, 0.021867899224162102, 0.16050368547439575, 0.20582672953605652, 0.2446182370185852, 0.038697242736816406, 0.14347216486930847]"
2025-09-04 13:51:02.927031,Sad,"[0.16811075806617737, 0.01789979822933674, 0.24009740352630615, 0.06214764341711998, 0.31645524501800537, 0.02848249115049839, 0.16680671274662018]"
2025-09-04 13:51:03.055690,Sad,"[0.22327016294002533, 0.025197234004735947, 0.15438508987426758, 0.13926973938941956, 0.3301613926887512, 0.010533408261835575, 0.11718291789293289]"
2025-09-04 13:51:03.096180,Sad,"[0.16483935713768005, 0.019108040258288383, 0.14886066317558289, 0.21610701084136963, 0.22752119600772858, 0.04759473726153374, 0.17596907913684845]"
2025-09-04 13:51:03.139893,Sad,"[0.16028927266597748, 0.016613144427537918, 0.24173672497272491, 0.05475702881813049, 0.29831525683403015, 0.03845365718007088, 0.18983489274978638]"
2025-09-04 13:51:03.292055,Sad,"[0.22049710154533386, 0.023996522650122643, 0.1496962606906891, 0.11239022016525269, 0.3728102743625641, 0.0057662189938127995, 0.11484335362911224]"
2025-09-04 13:51:03.332076,Sad,"[0.18030352890491486, 0.021139245480298996, 0.158546581864357, 0.20638816058635712, 0.23750591278076172, 0.04386867582798004, 0.15224795043468475]"
2025-09-04 13:51:03.374249,Sad,"[0.1649516075849533, 0.017902426421642303, 0.23351915180683136, 0.06556308269500732, 0.32049381732940674, 0.029241342097520828, 0.16832850873470306]"
2025-09-04 13:51:03.515438,Sad,"[0.22173337638378143, 0.023968877270817757, 0.1482582539319992, 0.12317794561386108, 0.33960679173469543, 0.009839730337262154, 0.13341505825519562]"
2025-09-04 13:51:03.558714,Sad,"[0.17313413321971893, 0.020122915506362915, 0.15808454155921936, 0.20582585036754608, 0.23441797494888306, 0.04682708531618118, 0.16158749163150787]"
2025-09-04 13:51:03.600358,Happy,"[0.11759662628173828, 0.013314079493284225, 0.12430758029222488, 0.2541009485721588, 0.1499115228652954, 0.10562103241682053, 0.23514816164970398]"
2025-09-04 13:51:03.740647,Sad,"[0.21263648569583893, 0.023151610046625137, 0.1514367014169693, 0.13311277329921722, 0.32661172747612, 0.012275101616978645, 0.1407756209373474]"
2025-09-04 13:51:03.784459,Sad,"[0.16247659921646118, 0.01896567828953266, 0.1452048122882843, 0.22593718767166138, 0.23160326480865479, 0.04061570763587952, 0.1751967817544937]"
2025-09-04 13:51:03.826017,Happy,"[0.10736876726150513, 0.012015881016850471, 0.11750475317239761, 0.2612447738647461, 0.1421760469675064, 0.102277010679245, 0.25741273164749146]"
2025-09-04 13:51:03.973382,Sad,"[0.22747674584388733, 0.02549348585307598, 0.15241101384162903, 0.1291905641555786, 0.3455010950565338, 0.00822224747389555, 0.11170491576194763]"
2025-09-04 13:51:04.015540,Sad,"[0.16837389767169952, 0.019482381641864777, 0.15057280659675598, 0.21203167736530304, 0.22390949726104736, 0.052415162324905396, 0.17321458458900452]"
2025-09-04 13:51:04.057470,Sad,"[0.16738572716712952, 0.01672457344830036, 0.15111379325389862, 0.10742448270320892, 0.2652149796485901, 0.04005502164363861, 0.2520814538002014]"
2025-09-04 13:51:04.219244,Sad,"[0.16754426062107086, 0.019652187824249268, 0.15417957305908203, 0.21525944769382477, 0.2460455447435379, 0.03523930162191391, 0.16207966208457947]"
2025-09-04 13:51:04.260536,Sad,"[0.21640010178089142, 0.024110164493322372, 0.15419918298721313, 0.1392081081867218, 0.32655665278434753, 0.011707630008459091, 0.12781816720962524]"
2025-09-04 13:51:04.379188,Sad,"[0.22135363519191742, 0.02469121664762497, 0.153398796916008, 0.13298070430755615, 0.33835428953170776, 0.009536041878163815, 0.11968537420034409]"
2025-09-04 13:51:04.420113,Sad,"[0.17485497891902924, 0.020801696926355362, 0.15663528442382812, 0.21473325788974762, 0.25794053077697754, 0.028435559943318367, 0.1465987116098404]"
2025-09-04 13:51:04.584544,Sad,"[0.22797055542469025, 0.026978295296430588, 0.15980061888694763, 0.1448746770620346, 0.3424108326435089, 0.007482542656362057, 0.09048247337341309]"
2025-09-04 13:51:04.627271,Sad,"[0.1671220362186432, 0.01938725635409355, 0.15285107493400574, 0.2120140790939331, 0.23158906400203705, 0.046359408646821976, 0.17067699134349823]"
2025-09-04 13:51:04.671895,Sad,"[0.17298588156700134, 0.01687069609761238, 0.13729853928089142, 0.11205613613128662, 0.3013461232185364, 0.019331397488713264, 0.24011123180389404]"
2025-09-04 13:51:04.815395,Sad,"[0.22752107679843903, 0.025485191494226456, 0.15222834050655365, 0.12293320894241333, 0.35959774255752563, 0.006541676353663206, 0.10569270700216293]"
2025-09-04 13:51:04.859670,Sad,"[0.17110328376293182, 0.019815495237708092, 0.15693452954292297, 0.205906480550766, 0.23081278800964355, 0.04967460781335831, 0.16575290262699127]"
2025-09-04 13:51:04.902511,Sad,"[0.17251242697238922, 0.017639119178056717, 0.14239072799682617, 0.13843867182731628, 0.2696501314640045, 0.030990222468972206, 0.22837871313095093]"
2025-09-04 13:51:05.034995,Sad,"[0.21550484001636505, 0.024129100143909454, 0.15580140054225922, 0.13435938954353333, 0.34221023321151733, 0.009094960056245327, 0.11889998614788055]"
2025-09-04 13:51:05.075654,Sad,"[0.18642215430736542, 0.022083573043346405, 0.1608949601650238, 0.20567823946475983, 0.246256485581398, 0.03752974793314934, 0.1411348581314087]"
2025-09-04 13:51:05.117898,Sad,"[0.17011378705501556, 0.01766849122941494, 0.21039851009845734, 0.05660129338502884, 0.3588542342185974, 0.015984121710062027, 0.1703796088695526]"
2025-09-04 13:51:05.244165,Sad,"[0.22159437835216522, 0.024394817650318146, 0.15144360065460205, 0.1241866871714592, 0.3503102660179138, 0.008073392324149609, 0.11999685317277908]"
2025-09-04 13:51:05.286755,Sad,"[0.16710475087165833, 0.019351385533809662, 0.16076672077178955, 0.20414991676807404, 0.24052293598651886, 0.0432182215154171, 0.16488602757453918]"
2025-09-04 13:51:05.330834,Neutral,"[0.11240064352750778, 0.011806723661720753, 0.1802978813648224, 0.09922469407320023, 0.16032624244689941, 0.17508238554000854, 0.2608613967895508]"
2025-09-04 13:51:05.373346,Sad,"[0.18371668457984924, 0.018161341547966003, 0.1514265537261963, 0.08774512261152267, 0.3551304042339325, 0.010411891154944897, 0.19340798258781433]"
2025-09-04 13:51:05.512463,Sad,"[0.22864912450313568, 0.025459593161940575, 0.15092222392559052, 0.11941418051719666, 0.36339661478996277, 0.006194948218762875, 0.10596336424350739]"
2025-09-04 13:51:05.556749,Sad,"[0.16729697585105896, 0.019276997074484825, 0.15618638694286346, 0.20553593337535858, 0.22801579535007477, 0.05218023061752319, 0.1715077906847]"
2025-09-04 13:51:05.601898,Sad,"[0.17430728673934937, 0.01716151461005211, 0.13653011620044708, 0.11807116866111755, 0.29182901978492737, 0.021906357258558273, 0.24019457399845123]"
2025-09-04 13:51:05.737519,Sad,"[0.22959387302398682, 0.026140647009015083, 0.15396004915237427, 0.12745624780654907, 0.35708150267601013, 0.006495223380625248, 0.09927245229482651]"
2025-09-04 13:51:05.778365,Sad,"[0.18950355052947998, 0.022681552916765213, 0.16484656929969788, 0.20320142805576324, 0.260256290435791, 0.0295877642929554, 0.12992283701896667]"
2025-09-04 13:51:05.909766,Sad,"[0.2217467576265335, 0.024206073954701424, 0.15413342416286469, 0.11151940375566483, 0.3619694709777832, 0.007271784357726574, 0.11915306001901627]"
2025-09-04 13:51:05.952480,Sad,"[0.17638364434242249, 0.0207628533244133, 0.16211636364459991, 0.20576594769954681, 0.25139299035072327, 0.03501001000404358, 0.14856818318367004]"
2025-09-04 13:51:05.995448,Fear,"[0.1377982646226883, 0.013095119036734104, 0.26508450508117676, 0.03438754752278328, 0.2532338798046112, 0.06407998502254486, 0.23232071101665497]"
2025-09-04 13:51:06.037384,Sad,"[0.15055997669696808, 0.016201432794332504, 0.22786308825016022, 0.07327389717102051, 0.29370835423469543, 0.042231108993291855, 0.19616208970546722]"
2025-09-04 13:51:06.080329,Neutral,"[0.13247953355312347, 0.013896482065320015, 0.11456932127475739, 0.19901897013187408, 0.18018554151058197, 0.06924813985824585, 0.29060202836990356]"
2025-09-04 13:51:06.214988,Sad,"[0.2274290770292282, 0.025697102770209312, 0.15362776815891266, 0.13187946379184723, 0.344475656747818, 0.008212271146476269, 0.10867861658334732]"
2025-09-04 13:51:06.256187,Sad,"[0.17919208109378815, 0.021201297640800476, 0.1656409353017807, 0.2027222067117691, 0.25901171565055847, 0.031357795000076294, 0.1408739686012268]"
2025-09-04 13:51:06.405988,Sad,"[0.22478914260864258, 0.025201817974448204, 0.15328511595726013, 0.1294364035129547, 0.34727782011032104, 0.008072310127317905, 0.11193747818470001]"
2025-09-04 13:51:06.451515,Sad,"[0.17518103122711182, 0.020491022616624832, 0.1590270698070526, 0.21022413671016693, 0.23885701596736908, 0.04185411334037781, 0.15436556935310364]"
2025-09-04 13:51:06.495742,Sad,"[0.15119117498397827, 0.014624242670834064, 0.2416554093360901, 0.038241930305957794, 0.2913835346698761, 0.04098173603415489, 0.22192198038101196]"
2025-09-04 13:51:06.648618,Sad,"[0.2174120396375656, 0.02325746975839138, 0.14729449152946472, 0.1248125210404396, 0.3301900625228882, 0.011704208329319954, 0.14532923698425293]"
2025-09-04 13:51:06.690692,Sad,"[0.16113293170928955, 0.018419679254293442, 0.15509635210037231, 0.20468419790267944, 0.22401435673236847, 0.055893540382385254, 0.18075904250144958]"
2025-09-04 13:51:06.739247,Neutral,"[0.16387642920017242, 0.017341850325465202, 0.12746253609657288, 0.17358745634555817, 0.20664983987808228, 0.06868049502372742, 0.2424013465642929]"
2025-09-04 13:51:06.876871,Sad,"[0.22401727735996246, 0.024626342579722404, 0.1504848450422287, 0.12417427450418472, 0.347481906414032, 0.008387589827179909, 0.12082776427268982]"
2025-09-04 13:51:06.919599,Sad,"[0.16800405085086823, 0.019511936232447624, 0.15559712052345276, 0.20975357294082642, 0.23582907021045685, 0.04420403763651848, 0.1671002060174942]"
2025-09-04 13:51:06.959877,Sad,"[0.17388588190078735, 0.017918182536959648, 0.19864177703857422, 0.0645071342587471, 0.3379700183868408, 0.020486339926719666, 0.18659056723117828]"
2025-09-04 13:51:07.112410,Sad,"[0.2221643179655075, 0.02447955496609211, 0.15085826814174652, 0.1333184689283371, 0.3280770778656006, 0.011432928033173084, 0.1296694129705429]"
2025-09-04 13:51:07.154164,Sad,"[0.16877827048301697, 0.01951421983540058, 0.15780548751354218, 0.20533820986747742, 0.2326640635728836, 0.04852750152349472, 0.16737215220928192]"
2025-09-04 13:51:07.304196,Sad,"[0.2283872663974762, 0.02652505598962307, 0.15720051527023315, 0.1383528858423233, 0.34553468227386475, 0.00749602634459734, 0.09650355577468872]"
2025-09-04 13:51:07.347459,Sad,"[0.18623504042625427, 0.021938320249319077, 0.15698015689849854, 0.20741312205791473, 0.23461392521858215, 0.04511519521474838, 0.14770427346229553]"
2025-09-04 13:51:07.388836,Sad,"[0.18054653704166412, 0.019386051222682, 0.15418843924999237, 0.14913643896579742, 0.29383647441864014, 0.021605664864182472, 0.1813003420829773]"
2025-09-04 13:51:07.525891,Sad,"[0.22575464844703674, 0.024220364168286324, 0.14923205971717834, 0.11354832351207733, 0.3437924087047577, 0.009688018821179867, 0.1337641477584839]"
2025-09-04 13:51:07.568075,Sad,"[0.1783248633146286, 0.02076750621199608, 0.1547166109085083, 0.2074005901813507, 0.22646355628967285, 0.05222713202238083, 0.16009970009326935]"
2025-09-04 13:51:07.609155,Sad,"[0.1763562262058258, 0.01828676648437977, 0.20643867552280426, 0.05668693035840988, 0.35782843828201294, 0.015947559848427773, 0.16845539212226868]"
2025-09-04 13:51:07.779516,Sad,"[0.1825847327709198, 0.021360870450735092, 0.15460745990276337, 0.20788340270519257, 0.2271413505077362, 0.05115199834108353, 0.15527014434337616]"
2025-09-04 13:51:07.834689,Sad,"[0.22996209561824799, 0.026267817243933678, 0.1544131636619568, 0.13219311833381653, 0.34822702407836914, 0.007442574482411146, 0.10149422287940979]"
2025-09-04 13:51:07.883193,Sad,"[0.15248344838619232, 0.014748802408576012, 0.22349366545677185, 0.04107731953263283, 0.3085733652114868, 0.032656729221343994, 0.2269667088985443]"
2025-09-04 13:51:07.926990,Sad,"[0.16308026015758514, 0.016770852729678154, 0.16420108079910278, 0.11063290387392044, 0.26932087540626526, 0.0408884733915329, 0.23510561883449554]"
2025-09-04 13:51:08.092297,Sad,"[0.22331945598125458, 0.02386196330189705, 0.1461193859577179, 0.11224491149187088, 0.35857313871383667, 0.007366498000919819, 0.12851467728614807]"
2025-09-04 13:51:08.132863,Sad,"[0.17245830595493317, 0.01998402178287506, 0.1560855209827423, 0.20631633698940277, 0.22882719337940216, 0.05104537680745125, 0.16528327763080597]"
2025-09-04 13:51:08.176259,Sad,"[0.15388087928295135, 0.015116363763809204, 0.2394917905330658, 0.04073045775294304, 0.31585660576820374, 0.029340483248233795, 0.20558346807956696]"
2025-09-04 13:51:08.216693,Neutral,"[0.15265043079853058, 0.016277464106678963, 0.11993379890918732, 0.18929286301136017, 0.19803890585899353, 0.06690173596143723, 0.25690484046936035]"
2025-09-04 13:51:08.344980,Sad,"[0.21504727005958557, 0.02411390282213688, 0.1552089899778366, 0.1446526199579239, 0.3194539546966553, 0.01297974307090044, 0.12854348123073578]"
2025-09-04 13:51:08.384618,Sad,"[0.1681627333164215, 0.019355714321136475, 0.15416570007801056, 0.20610018074512482, 0.222932368516922, 0.05620714649558067, 0.17307615280151367]"
2025-09-04 13:51:08.427382,Sad,"[0.1555309295654297, 0.016443312168121338, 0.1424822062253952, 0.15330159664154053, 0.3030672073364258, 0.015999704599380493, 0.21317508816719055]"
2025-09-04 13:51:08.467977,Happy,"[0.11464662104845047, 0.011893349699676037, 0.12547314167022705, 0.27543362975120544, 0.13538752496242523, 0.1045500785112381, 0.2326156198978424]"
2025-09-04 13:51:08.509303,Sad,"[0.1754455268383026, 0.019152071326971054, 0.15540382266044617, 0.16401106119155884, 0.27375075221061707, 0.02862878516316414, 0.18360795080661774]"
2025-09-04 13:51:08.643989,Sad,"[0.22024831175804138, 0.02430821768939495, 0.15206514298915863, 0.12985819578170776, 0.33928561210632324, 0.009622451849281788, 0.12461206316947937]"
2025-09-04 13:51:08.686377,Sad,"[0.16134001314640045, 0.018358314409852028, 0.14954380691051483, 0.20537327229976654, 0.210402250289917, 0.06818186491727829, 0.18680046498775482]"
2025-09-04 13:51:08.727052,Neutral,"[0.12585821747779846, 0.013700256124138832, 0.11919942498207092, 0.22571122646331787, 0.16621311008930206, 0.08447833359241486, 0.2648395001888275]"
2025-09-04 13:51:08.766122,Sad,"[0.18339933454990387, 0.01970834657549858, 0.15520012378692627, 0.1443168818950653, 0.30645158886909485, 0.017911210656166077, 0.17301249504089355]"
2025-09-04 13:51:08.909826,Sad,"[0.2226920872926712, 0.024421818554401398, 0.1499408632516861, 0.13171689212322235, 0.32805120944976807, 0.011504431255161762, 0.1316727101802826]"
2025-09-04 13:51:08.950942,Sad,"[0.16883417963981628, 0.019455382600426674, 0.15458354353904724, 0.20612750947475433, 0.22413702309131622, 0.055144548416137695, 0.17171768844127655]"
2025-09-04 13:51:08.991318,Sad,"[0.17791235446929932, 0.018219180405139923, 0.1618777960538864, 0.10389667004346848, 0.3161652982234955, 0.019657621160149574, 0.20227104425430298]"
2025-09-04 13:51:09.115300,Sad,"[0.22002215683460236, 0.02466207556426525, 0.1545664221048355, 0.13441593945026398, 0.33931806683540344, 0.009346316568553448, 0.11766910552978516]"
2025-09-04 13:51:09.156821,Sad,"[0.16209979355335236, 0.0185600183904171, 0.15564081072807312, 0.20476336777210236, 0.22558806836605072, 0.05453864857554436, 0.17880934476852417]"
2025-09-04 13:51:09.198498,Neutral,"[0.09992990642786026, 0.011057049036026001, 0.15661770105361938, 0.18359476327896118, 0.1323869526386261, 0.17833565175533295, 0.23807795345783234]"
2025-09-04 13:51:09.239721,Neutral,"[0.12539397180080414, 0.013944143429398537, 0.1279710829257965, 0.23406890034675598, 0.1591843217611313, 0.10100077092647552, 0.2384367734193802]"
2025-09-04 13:51:09.279565,Sad,"[0.16331550478935242, 0.01713128387928009, 0.16485807299613953, 0.12338628619909286, 0.26439976692199707, 0.0424685962498188, 0.22444047033786774]"
2025-09-04 13:51:09.407097,Sad,"[0.23051877319812775, 0.025718579068779945, 0.15083448588848114, 0.12504984438419342, 0.34992715716362, 0.007625652477145195, 0.11032547801733017]"
2025-09-04 13:51:09.454124,Sad,"[0.16489431262016296, 0.01895098201930523, 0.15627163648605347, 0.2051239013671875, 0.2277616709470749, 0.05258811637759209, 0.17440934479236603]"
2025-09-04 13:51:09.612352,Sad,"[0.23077164590358734, 0.02660730667412281, 0.15546414256095886, 0.13692143559455872, 0.3426569402217865, 0.007933291606605053, 0.09964524954557419]"
2025-09-04 13:51:09.655540,Sad,"[0.18207485973834991, 0.02140815369784832, 0.1591893434524536, 0.20626342296600342, 0.23984503746032715, 0.042090024799108505, 0.14912915229797363]"
2025-09-04 13:51:09.696426,Sad,"[0.17375874519348145, 0.018081452697515488, 0.2162330001592636, 0.0634348914027214, 0.3301267921924591, 0.022549333050847054, 0.17581573128700256]"
2025-09-04 13:51:09.737619,Sad,"[0.1691724956035614, 0.017010852694511414, 0.15849806368350983, 0.10233266651630402, 0.2947477698326111, 0.027043933048844337, 0.2311941534280777]"
2025-09-04 13:51:09.872758,Sad,"[0.22131605446338654, 0.02524574100971222, 0.15690119564533234, 0.13561192154884338, 0.3467109203338623, 0.007941952906548977, 0.10627227276563644]"
2025-09-04 13:51:09.915872,Sad,"[0.177182137966156, 0.020633438602089882, 0.15582367777824402, 0.20697550475597382, 0.2291722446680069, 0.05025482550263405, 0.1599581390619278]"
2025-09-04 13:51:09.956330,Sad,"[0.1521819680929184, 0.014752429910004139, 0.23756884038448334, 0.04136758670210838, 0.2942946255207062, 0.0384160652756691, 0.22141849994659424]"
2025-09-04 13:51:09.998375,Sad,"[0.15270324051380157, 0.017389360815286636, 0.2332259714603424, 0.10584201663732529, 0.27094054222106934, 0.05005219951272011, 0.16984665393829346]"
2025-09-04 13:51:10.142230,Sad,"[0.2267095148563385, 0.02554243989288807, 0.15342050790786743, 0.12768130004405975, 0.3528136610984802, 0.007239821832627058, 0.10659270733594894]"
2025-09-04 13:51:10.183808,Sad,"[0.18336357176303864, 0.021529341116547585, 0.15694300830364227, 0.20722199976444244, 0.23375339806079865, 0.046104151755571365, 0.1510845571756363]"
2025-09-04 13:51:10.227510,Sad,"[0.15757405757904053, 0.015503847040235996, 0.23320798575878143, 0.04496920853853226, 0.30830904841423035, 0.03171369805932045, 0.20872221887111664]"
2025-09-04 13:51:10.268982,Neutral,"[0.11864287406206131, 0.013237562030553818, 0.12101813405752182, 0.24651557207107544, 0.1542557179927826, 0.09682881832122803, 0.24950139224529266]"
2025-09-04 13:51:10.311726,Sad,"[0.16889235377311707, 0.017512286081910133, 0.1500285118818283, 0.13537748157978058, 0.2560873031616211, 0.041890423744916916, 0.23021161556243896]"
2025-09-04 13:51:10.458071,Sad,"[0.2332155704498291, 0.02702406793832779, 0.1552947461605072, 0.13300994038581848, 0.35169804096221924, 0.006660123355686665, 0.09309756010770798]"
2025-09-04 13:51:10.499988,Sad,"[0.17144227027893066, 0.019942836835980415, 0.16034846007823944, 0.2048393189907074, 0.2403901070356369, 0.04290393367409706, 0.1601330041885376]"
2025-09-04 13:51:10.622318,Sad,"[0.23277954757213593, 0.026840515434741974, 0.1546136736869812, 0.1285940706729889, 0.3588200807571411, 0.0060072001069784164, 0.09234485775232315]"
2025-09-04 13:51:10.665182,Sad,"[0.175819531083107, 0.02046959102153778, 0.15694095194339752, 0.2064957618713379, 0.23189616203308105, 0.048365626484155655, 0.1600124090909958]"
2025-09-04 13:51:10.710159,Neutral,"[0.10508693009614944, 0.011639134027063847, 0.11417082697153091, 0.2588922083377838, 0.1419219970703125, 0.09718026220798492, 0.27110862731933594]"
2025-09-04 13:51:10.841652,Sad,"[0.1731436550617218, 0.02007761225104332, 0.15603460371494293, 0.20642094314098358, 0.2288396954536438, 0.05096311494708061, 0.16452036798000336]"
2025-09-04 13:51:10.883184,Sad,"[0.2308168113231659, 0.026203781366348267, 0.15290135145187378, 0.12210604548454285, 0.3663688898086548, 0.005573468282818794, 0.09602966904640198]"
2025-09-04 13:51:10.924080,Sad,"[0.1486390382051468, 0.014573526568710804, 0.2481187880039215, 0.04510151594877243, 0.27020731568336487, 0.052318692207336426, 0.22104114294052124]"
2025-09-04 13:51:10.964152,Neutral,"[0.12280348688364029, 0.01346768718212843, 0.1178581640124321, 0.23373812437057495, 0.1624695211648941, 0.08600705116987228, 0.26365599036216736]"
2025-09-04 13:51:11.107154,Sad,"[0.2270454615354538, 0.025103263556957245, 0.1503613144159317, 0.11806318908929825, 0.3636341691017151, 0.006309490650892258, 0.10948313027620316]"
2025-09-04 13:51:11.147216,Sad,"[0.1713370829820633, 0.019811434671282768, 0.15523019433021545, 0.20636817812919617, 0.2263241559267044, 0.05312422662973404, 0.16780471801757812]"
2025-09-04 13:51:11.190598,Sad,"[0.17107363045215607, 0.017878085374832153, 0.14533112943172455, 0.1503400057554245, 0.2605891227722168, 0.03529207035899162, 0.21949589252471924]"
2025-09-04 13:51:11.337457,Sad,"[0.22624552249908447, 0.02538367547094822, 0.15281371772289276, 0.1337631344795227, 0.33659350872039795, 0.009515143930912018, 0.1156853586435318]"
2025-09-04 13:51:11.378749,Sad,"[0.1864926964044571, 0.021951839327812195, 0.15613189339637756, 0.20773661136627197, 0.23228766024112701, 0.04674353450536728, 0.1486557424068451]"
2025-09-04 13:51:11.418487,Happy,"[0.10789802670478821, 0.012082919478416443, 0.11788954585790634, 0.2608952522277832, 0.1425769180059433, 0.1025049090385437, 0.256152480840683]"
2025-09-04 13:51:11.565154,Sad,"[0.22762909531593323, 0.025116771459579468, 0.1506173461675644, 0.11930927634239197, 0.35682398080825806, 0.00713594863191247, 0.11336759477853775]"
2025-09-04 13:51:11.609105,Sad,"[0.1832221895456314, 0.021494315937161446, 0.1563684344291687, 0.20740726590156555, 0.23211082816123962, 0.04730929434299469, 0.1520877182483673]"
2025-09-04 13:51:11.652346,Sad,"[0.17590230703353882, 0.018343498930335045, 0.20600900053977966, 0.058667950332164764, 0.36360064148902893, 0.01436071190983057, 0.16311593353748322]"
2025-09-04 13:51:11.695424,Neutral,"[0.11789901554584503, 0.013033238239586353, 0.11590784043073654, 0.24433891475200653, 0.1567443162202835, 0.08824589848518372, 0.2638307511806488]"
2025-09-04 13:51:11.856329,Sad,"[0.2264716774225235, 0.025063952431082726, 0.1507737934589386, 0.12692855298519135, 0.3434288799762726, 0.008754367008805275, 0.11857879161834717]"
2025-09-04 13:51:11.897975,Sad,"[0.19019636511802673, 0.022637665271759033, 0.1610596477985382, 0.20565618574619293, 0.24801123142242432, 0.03601279482245445, 0.13642610609531403]"
2025-09-04 13:51:12.044020,Sad,"[0.22108757495880127, 0.024878554046154022, 0.15468458831310272, 0.13783644139766693, 0.33320152759552, 0.01017826423048973, 0.11813309788703918]"
2025-09-04 13:51:12.085768,Sad,"[0.18714746832847595, 0.022098947316408157, 0.15803681313991547, 0.2070472091436386, 0.23790736496448517, 0.0427284799516201, 0.14503376185894012]"
2025-09-04 13:51:12.130951,Sad,"[0.1767338067293167, 0.01862657070159912, 0.20576496422290802, 0.0632200837135315, 0.3598930835723877, 0.014769330620765686, 0.16099222004413605]"
2025-09-04 13:51:12.178582,Neutral,"[0.11236608773469925, 0.01164914295077324, 0.21492020785808563, 0.04849518463015556, 0.17424675822257996, 0.1981724500656128, 0.2401500940322876]"
2025-09-04 13:51:12.220606,Neutral,"[0.11688576638698578, 0.012318281456828117, 0.1994367092847824, 0.06451313197612762, 0.1816568672657013, 0.1749216914176941, 0.25026753544807434]"
2025-09-04 13:51:12.265976,Sad,"[0.17802226543426514, 0.017339516431093216, 0.14191773533821106, 0.10019803792238235, 0.3179204761981964, 0.016351129859685898, 0.22825084626674652]"
2025-09-04 13:51:12.308817,Neutral,"[0.10585949569940567, 0.01163636613637209, 0.11012842506170273, 0.2553907036781311, 0.14539574086666107, 0.08875586837530136, 0.28283342719078064]"
2025-09-04 13:51:12.477606,Sad,"[0.17777569591999054, 0.02089829556643963, 0.1626358926296234, 0.20439134538173676, 0.2489333599805832, 0.0369613915681839, 0.14840392768383026]"
2025-09-04 13:51:12.524537,Sad,"[0.2256275713443756, 0.025837209075689316, 0.15597081184387207, 0.1292528510093689, 0.35941097140312195, 0.006271942984312773, 0.09762872755527496]"
2025-09-04 13:51:12.572244,Surprise,"[0.0726708248257637, 0.007078990340232849, 0.23933371901512146, 0.03307298943400383, 0.09114573895931244, 0.3822520971298218, 0.17444561421871185]"
2025-09-04 13:51:12.615433,Neutral,"[0.1315385401248932, 0.0138572221621871, 0.10553213953971863, 0.20447282493114471, 0.18319503962993622, 0.06000685319304466, 0.30139729380607605]"
2025-09-04 13:51:12.756328,Sad,"[0.22929486632347107, 0.02676468901336193, 0.1575428694486618, 0.13723868131637573, 0.34978434443473816, 0.006858527660369873, 0.09251593053340912]"
2025-09-04 13:51:12.797504,Sad,"[0.17265109717845917, 0.020115546882152557, 0.16050712764263153, 0.2049112468957901, 0.24115392565727234, 0.042284175753593445, 0.15837690234184265]"
2025-09-04 13:51:12.839542,Sad,"[0.16452740132808685, 0.016547290608286858, 0.20964881777763367, 0.05481225252151489, 0.3207944333553314, 0.02730240672826767, 0.2063673883676529]"
2025-09-04 13:51:12.881537,Sad,"[0.16600623726844788, 0.017316482961177826, 0.1547243595123291, 0.13480879366397858, 0.31417205929756165, 0.016536783427000046, 0.19643528759479523]"
2025-09-04 13:51:12.922238,Fear,"[0.1072080135345459, 0.01029262412339449, 0.25104352831840515, 0.029619485139846802, 0.17451359331607819, 0.18058185279369354, 0.24674092233181]"
2025-09-04 13:51:12.963840,Neutral,"[0.13059954345226288, 0.013833106495440006, 0.10842040181159973, 0.20811550319194794, 0.18001799285411835, 0.06434955447912216, 0.2946639060974121]"
2025-09-04 13:51:13.107203,Sad,"[0.234430730342865, 0.026298504322767258, 0.14997096359729767, 0.11664991080760956, 0.3694421350955963, 0.0053536235354840755, 0.09785407781600952]"
2025-09-04 13:51:13.149032,Happy,"[0.15953800082206726, 0.01818597875535488, 0.14478899538516998, 0.21993255615234375, 0.2025177776813507, 0.06929315626621246, 0.1857435256242752]"
2025-09-04 13:51:13.191407,Happy,"[0.11424699425697327, 0.012886334210634232, 0.12179475277662277, 0.2567233145236969, 0.1475854516029358, 0.1040317639708519, 0.24273137748241425]"
2025-09-04 13:51:13.336269,Sad,"[0.2302779108285904, 0.026045724749565125, 0.15222984552383423, 0.12158630043268204, 0.3669986128807068, 0.005622894037514925, 0.09723871201276779]"
2025-09-04 13:51:13.376778,Sad,"[0.16162316501140594, 0.018372414633631706, 0.14785431325435638, 0.20549945533275604, 0.2064870297908783, 0.07212700694799423, 0.18803659081459045]"
2025-09-04 13:51:13.418433,Sad,"[0.15488767623901367, 0.017003076151013374, 0.2112620323896408, 0.10092531889677048, 0.2789020240306854, 0.047526903450489044, 0.18949289619922638]"
2025-09-04 13:51:13.467189,Neutral,"[0.11849468946456909, 0.012777463532984257, 0.1083948090672493, 0.23100830614566803, 0.16365128755569458, 0.07374736666679382, 0.2919260263442993]"
2025-09-04 13:51:13.607582,Sad,"[0.2223307192325592, 0.02485455758869648, 0.15324760973453522, 0.13619862496852875, 0.331511527299881, 0.010546312667429447, 0.12131070345640182]"
2025-09-04 13:51:13.652714,Sad,"[0.17920860648155212, 0.020836740732192993, 0.15221916139125824, 0.2080574780702591, 0.22013647854328156, 0.05735013633966446, 0.16219140589237213]"
2025-09-04 13:51:13.698564,Neutral,"[0.14228634536266327, 0.013159639202058315, 0.22808776795864105, 0.03761153668165207, 0.26048141717910767, 0.05574742704629898, 0.2626258134841919]"
2025-09-04 13:51:13.744842,Sad,"[0.16085368394851685, 0.018087053671479225, 0.230510875582695, 0.08531592041254044, 0.31572771072387695, 0.029310761019587517, 0.1601940542459488]"
2025-09-04 13:51:13.791382,Fear,"[0.10287191718816757, 0.0099780960008502, 0.2790300250053406, 0.022522997111082077, 0.17902211844921112, 0.17835122346878052, 0.22822365164756775]"
2025-09-04 13:51:13.834432,Happy,"[0.10852005332708359, 0.012251135893166065, 0.11722710728645325, 0.2658264935016632, 0.14273469150066376, 0.1022530049085617, 0.2511875331401825]"
2025-09-04 13:51:13.998841,Sad,"[0.2311425805091858, 0.025061173364520073, 0.14624613523483276, 0.11536433547735214, 0.3545292317867279, 0.007444689981639385, 0.12021185457706451]"
2025-09-04 13:51:14.066298,Sad,"[0.17159032821655273, 0.019731154665350914, 0.14896975457668304, 0.2073546200990677, 0.21067209541797638, 0.06697849929332733, 0.17470355331897736]"
2025-09-04 13:51:14.226787,Sad,"[0.22307366132736206, 0.024810390546917915, 0.15234069526195526, 0.1330936998128891, 0.3347131013870239, 0.010096021927893162, 0.1218724325299263]"
2025-09-04 13:51:14.278927,Sad,"[0.1807163953781128, 0.021014081314206123, 0.15063928067684174, 0.20851869881153107, 0.2164357304573059, 0.060421913862228394, 0.1622539460659027]"
2025-09-04 13:51:14.336517,Sad,"[0.15706278383731842, 0.016706159338355064, 0.17690318822860718, 0.11428914219141006, 0.2501457929611206, 0.05900627374649048, 0.22588664293289185]"
2025-09-04 13:51:14.480917,Sad,"[0.17951162159442902, 0.02088191546499729, 0.15236976742744446, 0.20806625485420227, 0.22058533132076263, 0.05692530423402786, 0.16165977716445923]"
2025-09-04 13:51:14.526087,Sad,"[0.23008859157562256, 0.026331696659326553, 0.15446209907531738, 0.14050613343715668, 0.33104875683784485, 0.009799818508327007, 0.1077629029750824]"
2025-09-04 13:51:14.569514,Sad,"[0.14836733043193817, 0.014283737167716026, 0.2222384661436081, 0.04425394907593727, 0.2765659987926483, 0.04704846441745758, 0.24724209308624268]"
2025-09-04 13:51:14.712061,Happy,"[0.16104108095169067, 0.018287967890501022, 0.14734236896038055, 0.20538271963596344, 0.20522183179855347, 0.07349448651075363, 0.1892295777797699]"
2025-09-04 13:51:14.755609,Sad,"[0.22792015969753265, 0.025244146585464478, 0.15047988295555115, 0.12126389890909195, 0.3563776910305023, 0.007049393840134144, 0.111664779484272]"
2025-09-04 13:51:14.797275,Neutral,"[0.11848637461662292, 0.012671731412410736, 0.1025005355477333, 0.22727175056934357, 0.16735772788524628, 0.06521342694759369, 0.3064984083175659]"
2025-09-04 13:51:14.840258,Sad,"[0.18225929141044617, 0.017453568056225777, 0.15213195979595184, 0.06990469992160797, 0.3589112460613251, 0.010698441416025162, 0.20864076912403107]"
2025-09-04 13:51:14.981715,Sad,"[0.22232098877429962, 0.025223538279533386, 0.1558026373386383, 0.1314765214920044, 0.3518576920032501, 0.007371407002210617, 0.10594721883535385]"
2025-09-04 13:51:15.026911,Happy,"[0.1622140258550644, 0.01865713857114315, 0.14808551967144012, 0.2238508015871048, 0.21382306516170502, 0.05662573128938675, 0.1767437607049942]"
2025-09-04 13:51:15.069223,Neutral,"[0.136171355843544, 0.014543209224939346, 0.12030568718910217, 0.20457102358341217, 0.17958258092403412, 0.07634754478931427, 0.268478661775589]"
2025-09-04 13:51:15.216845,Sad,"[0.22264473140239716, 0.024685263633728027, 0.1517973691225052, 0.13430240750312805, 0.3299001157283783, 0.010973679833114147, 0.1256963610649109]"
2025-09-04 13:51:15.258696,Sad,"[0.16817715764045715, 0.01940462924540043, 0.1533866971731186, 0.2122456580400467, 0.22217293083667755, 0.05431739240884781, 0.1702956110239029]"
2025-09-04 13:51:15.301783,Neutral,"[0.14829544723033905, 0.015494129620492458, 0.13162578642368317, 0.19909623265266418, 0.1820390671491623, 0.08235238492488861, 0.24109692871570587]"
2025-09-04 13:51:15.462922,Sad,"[0.22186927497386932, 0.02470722235739231, 0.153133362531662, 0.12857942283153534, 0.34721338748931885, 0.00829081516712904, 0.11620655655860901]"
2025-09-04 13:51:15.505243,Sad,"[0.1586599349975586, 0.018222888931632042, 0.14828993380069733, 0.21410870552062988, 0.22282767295837402, 0.05207010731101036, 0.18582071363925934]"
2025-09-04 13:51:15.549019,Happy,"[0.11008282005786896, 0.012403992004692554, 0.11503088474273682, 0.2645602822303772, 0.14576378464698792, 0.09679939597845078, 0.2553587555885315]"
2025-09-04 13:51:15.590690,Neutral,"[0.14189930260181427, 0.015136840753257275, 0.1289304494857788, 0.1956542283296585, 0.1818312555551529, 0.08325950056314468, 0.25328850746154785]"
2025-09-04 13:51:15.721864,Sad,"[0.22582119703292847, 0.024502187967300415, 0.15077486634254456, 0.11058203130960464, 0.3612065017223358, 0.007173691410571337, 0.11993943899869919]"
2025-09-04 13:51:15.762236,Happy,"[0.16084757447242737, 0.018238183110952377, 0.14545369148254395, 0.2053242176771164, 0.20090053975582123, 0.07820140570402145, 0.1910344660282135]"
2025-09-04 13:51:15.805616,Fear,"[0.1390712559223175, 0.013022367842495441, 0.25964632630348206, 0.03317384794354439, 0.2560183107852936, 0.060311540961265564, 0.23875640332698822]"
2025-09-04 13:51:15.949330,Sad,"[0.22600488364696503, 0.024684539064764977, 0.14885111153125763, 0.12276173382997513, 0.34493449330329895, 0.008763764053583145, 0.12399943172931671]"
2025-09-04 13:51:15.992017,Happy,"[0.16047631204128265, 0.018158743157982826, 0.1428474336862564, 0.2051037698984146, 0.19508454203605652, 0.08496806025505066, 0.19336117804050446]"
2025-09-04 13:51:16.031839,Fear,"[0.14101453125476837, 0.013040749356150627, 0.2702077627182007, 0.028183339163661003, 0.2677580714225769, 0.05048682168126106, 0.22930873930454254]"
2025-09-04 13:51:16.076916,Sad,"[0.13985620439052582, 0.01194311399012804, 0.184226393699646, 0.01902198977768421, 0.3271194100379944, 0.02275732532143593, 0.2950756251811981]"
2025-09-04 13:51:16.118144,Sad,"[0.15319092571735382, 0.01438007690012455, 0.20427151024341583, 0.03136303648352623, 0.32166439294815063, 0.02922411449253559, 0.24590593576431274]"
2025-09-04 13:51:16.159980,Happy,"[0.09309705346822739, 0.010577857494354248, 0.10515601933002472, 0.29367783665657043, 0.12818966805934906, 0.09869078546762466, 0.2706107497215271]"
2025-09-04 13:51:16.203661,Sad,"[0.15263330936431885, 0.013570603914558887, 0.19336923956871033, 0.02227853611111641, 0.33851659297943115, 0.02150495909154415, 0.2581266760826111]"
2025-09-04 13:51:16.332255,Sad,"[0.23567679524421692, 0.028536690399050713, 0.16001279652118683, 0.14629007875919342, 0.3443729281425476, 0.0064668492414057255, 0.07864391058683395]"
2025-09-04 13:51:16.374598,Happy,"[0.1608043611049652, 0.018228158354759216, 0.14510124921798706, 0.20530377328395844, 0.20010432600975037, 0.07909795641899109, 0.19136014580726624]"
2025-09-04 13:51:16.416155,Neutral,"[0.13812905550003052, 0.012480407021939754, 0.24559766054153442, 0.028980281203985214, 0.24797821044921875, 0.06477013230323792, 0.26206427812576294]"
2025-09-04 13:51:16.458066,Neutral,"[0.12026971578598022, 0.010138078592717648, 0.23440027236938477, 0.015742842108011246, 0.2207675576210022, 0.0896332710981369, 0.30904829502105713]"
2025-09-04 13:51:16.611920,Sad,"[0.22415569424629211, 0.025665799155831337, 0.1563938558101654, 0.14138132333755493, 0.334130197763443, 0.00953433196991682, 0.10873880237340927]"
2025-09-04 13:51:16.653460,Happy,"[0.16028453409671783, 0.018189972266554832, 0.14353404939174652, 0.21167653799057007, 0.19737093150615692, 0.07896754145622253, 0.18997646868228912]"
2025-09-04 13:51:16.694644,Sad,"[0.14922814071178436, 0.014254676178097725, 0.23431798815727234, 0.03932296857237816, 0.2922959625720978, 0.03887765109539032, 0.2317025512456894]"
2025-09-04 13:51:16.735966,Neutral,"[0.07194541394710541, 0.005783725995570421, 0.24887831509113312, 0.008291120640933514, 0.13339726626873016, 0.21722285449504852, 0.31448131799697876]"
2025-09-04 13:51:16.780792,Neutral,"[0.10576113313436508, 0.011055802926421165, 0.20441144704818726, 0.06431180983781815, 0.15370774269104004, 0.22050932049751282, 0.24024271965026855]"
2025-09-04 13:51:16.822306,Sad,"[0.1697169840335846, 0.01800447888672352, 0.1479843705892563, 0.15801718831062317, 0.25758615136146545, 0.03673653304576874, 0.21195432543754578]"
2025-09-04 13:51:16.953773,Sad,"[0.21689656376838684, 0.0246262289583683, 0.15541595220565796, 0.1549120992422104, 0.30342012643814087, 0.01616833359003067, 0.12856066226959229]"
2025-09-04 13:51:16.995687,Happy,"[0.1594577431678772, 0.018087463453412056, 0.1435513198375702, 0.20776832103729248, 0.20019906759262085, 0.07728453725576401, 0.19365157186985016]"
2025-09-04 13:51:17.039570,Sad,"[0.1575722098350525, 0.015874339267611504, 0.2199442982673645, 0.05546334385871887, 0.29420560598373413, 0.03988860175013542, 0.21705162525177002]"
2025-09-04 13:51:17.184072,Sad,"[0.2299136370420456, 0.027673611417412758, 0.16127222776412964, 0.15070751309394836, 0.33787423372268677, 0.007572153117507696, 0.08498658239841461]"
2025-09-04 13:51:17.229498,Happy,"[0.15381227433681488, 0.017437156289815903, 0.14066143333911896, 0.21386829018592834, 0.19197358191013336, 0.08259439468383789, 0.19965291023254395]"
2025-09-04 13:51:17.271356,Sad,"[0.15046265721321106, 0.014628767035901546, 0.2564106285572052, 0.04384796693921089, 0.2601287364959717, 0.057135023176670074, 0.2173861712217331]"
2025-09-04 13:51:17.412146,Sad,"[0.23141159117221832, 0.02730036899447441, 0.15823844075202942, 0.14766499400138855, 0.3324939012527466, 0.008767405524849892, 0.09412340074777603]"
2025-09-04 13:51:17.461490,Sad,"[0.1621166318655014, 0.018526865169405937, 0.15363849699497223, 0.20511212944984436, 0.22049808502197266, 0.05879003554582596, 0.18131771683692932]"
2025-09-04 13:51:17.503581,Sad,"[0.17225381731987, 0.017597800120711327, 0.1542731523513794, 0.11790002882480621, 0.30348607897758484, 0.021359382197260857, 0.21312974393367767]"
2025-09-04 13:51:17.645340,Sad,"[0.24483223259449005, 0.02987172268331051, 0.15599936246871948, 0.1272946149110794, 0.37540411949157715, 0.0034645874984562397, 0.06313329935073853]"
2025-09-04 13:51:17.688810,Happy,"[0.14828237891197205, 0.016870558261871338, 0.1276293843984604, 0.23132456839084625, 0.19022797048091888, 0.07238855212926865, 0.21327653527259827]"
2025-09-04 13:51:17.730622,Sad,"[0.15670987963676453, 0.015421728603541851, 0.23904992640018463, 0.041048817336559296, 0.31246548891067505, 0.030835559591650963, 0.20446857810020447]"
2025-09-04 13:51:17.869275,Sad,"[0.22639518976211548, 0.025845201686024666, 0.1554274708032608, 0.1322399079799652, 0.35059231519699097, 0.007283927407115698, 0.10221599042415619]"
2025-09-04 13:51:17.911795,Happy,"[0.1608118712902069, 0.018229879438877106, 0.1451612114906311, 0.2053074687719345, 0.20023952424526215, 0.07894507050514221, 0.191305011510849]"
2025-09-04 13:51:17.960449,Neutral,"[0.14582981169223785, 0.015668705105781555, 0.1251721829175949, 0.19772247970104218, 0.18708686530590057, 0.07738602161407471, 0.25113388895988464]"
2025-09-04 13:51:18.002693,Sad,"[0.17875517904758453, 0.018314843997359276, 0.16848136484622955, 0.09402180463075638, 0.3238537907600403, 0.019015995785593987, 0.1975569725036621]"
2025-09-04 13:51:18.137588,Sad,"[0.16117964684963226, 0.018335454165935516, 0.14944450557231903, 0.2053450644016266, 0.21014326810836792, 0.06844957917928696, 0.18710248172283173]"
2025-09-04 13:51:18.181083,Sad,"[0.22404584288597107, 0.024762729182839394, 0.1513260155916214, 0.1219322681427002, 0.35647132992744446, 0.007187042385339737, 0.1142747551202774]"
2025-09-04 13:51:18.225591,Sad,"[0.1727495938539505, 0.017797958105802536, 0.1480388194322586, 0.13453251123428345, 0.2792704701423645, 0.028194505721330643, 0.21941615641117096]"
2025-09-04 13:51:18.374765,Sad,"[0.22779126465320587, 0.025527698919177055, 0.15232007205486298, 0.12756314873695374, 0.34899118542671204, 0.007760417647659779, 0.11004627496004105]"
2025-09-04 13:51:18.415510,Sad,"[0.16101954877376556, 0.01834310218691826, 0.1504112333059311, 0.20653358101844788, 0.21297720074653625, 0.06509000808000565, 0.18562527000904083]"
2025-09-04 13:51:18.458766,Neutral,"[0.09785012900829315, 0.010931488126516342, 0.10892517119646072, 0.2748742997646332, 0.13429661095142365, 0.0972234308719635, 0.2758987843990326]"
2025-09-04 13:51:18.628667,Sad,"[0.1644221991300583, 0.018802981823682785, 0.14854727685451508, 0.20857852697372437, 0.21109595894813538, 0.06588269770145416, 0.18267035484313965]"
2025-09-04 13:51:18.693456,Sad,"[0.21664036810398102, 0.02546546421945095, 0.16127657890319824, 0.1631343513727188, 0.3104320466518402, 0.013377930037677288, 0.10967326909303665]"
2025-09-04 13:51:18.752143,Sad,"[0.1783047616481781, 0.01831342838704586, 0.15424253046512604, 0.11663293093442917, 0.3178409934043884, 0.017002351582050323, 0.1976630687713623]"
2025-09-04 13:51:18.911647,Sad,"[0.16228953003883362, 0.01853056438267231, 0.15246638655662537, 0.2053050845861435, 0.2176130712032318, 0.06131866201758385, 0.18247663974761963]"
2025-09-04 13:51:18.955839,Sad,"[0.22129136323928833, 0.024773776531219482, 0.1539435088634491, 0.13464239239692688, 0.3369672894477844, 0.009681085124611855, 0.11870057880878448]"
2025-09-04 13:51:19.117727,Sad,"[0.21686092019081116, 0.024502834305167198, 0.1591973602771759, 0.14029306173324585, 0.32289302349090576, 0.012685430236160755, 0.12356738746166229]"
2025-09-04 13:51:19.159587,Sad,"[0.16120533645153046, 0.01834815926849842, 0.15008145570755005, 0.20531189441680908, 0.21165868639945984, 0.06696125864982605, 0.18643328547477722]"
2025-09-04 13:51:19.201946,Sad,"[0.17745615541934967, 0.018927620723843575, 0.21691690385341644, 0.06068814918398857, 0.3471418619155884, 0.01914258860051632, 0.15972663462162018]"
2025-09-04 13:51:19.340037,Sad,"[0.22931130230426788, 0.026110302656888962, 0.1540209949016571, 0.1267784982919693, 0.3588334918022156, 0.00631670979782939, 0.0986286923289299]"
2025-09-04 13:51:19.382279,Sad,"[0.16108816862106323, 0.018302131444215775, 0.14793162047863007, 0.20538319647312164, 0.2065892368555069, 0.0720597431063652, 0.18864591419696808]"
2025-09-04 13:51:19.517582,Sad,"[0.1612301766872406, 0.01839110627770424, 0.15264245867729187, 0.20507371425628662, 0.2178715467453003, 0.06116523593664169, 0.183625727891922]"
2025-09-04 13:51:19.562780,Sad,"[0.2301105260848999, 0.025389796122908592, 0.14923135936260223, 0.11914932727813721, 0.35734865069389343, 0.006923711858689785, 0.11184666305780411]"
2025-09-04 13:51:19.606162,Neutral,"[0.12159459292888641, 0.013135015033185482, 0.11030468344688416, 0.2284933626651764, 0.16627709567546844, 0.07444122433662415, 0.28575399518013]"
2025-09-04 13:51:19.743087,Sad,"[0.16094300150871277, 0.01836179755628109, 0.15096381306648254, 0.20657049119472504, 0.2160649448633194, 0.06200681999325752, 0.18508920073509216]"
2025-09-04 13:51:19.787282,Sad,"[0.22906900942325592, 0.026818061247467995, 0.1580527424812317, 0.1409655064344406, 0.3438688814640045, 0.007507850416004658, 0.09371792525053024]"
2025-09-04 13:51:19.829459,Sad,"[0.18700243532657623, 0.018773043528199196, 0.19594807922840118, 0.035631291568279266, 0.42492690682411194, 0.005561649799346924, 0.1321565955877304]"
2025-09-04 13:51:19.969526,Sad,"[0.1634318232536316, 0.01877535507082939, 0.1503695398569107, 0.21028576791286469, 0.2206573784351349, 0.0559922493994236, 0.18048785626888275]"
2025-09-04 13:51:20.011819,Sad,"[0.21134059131145477, 0.022739559412002563, 0.14949774742126465, 0.1311400681734085, 0.32273170351982117, 0.01326732523739338, 0.14928299188613892]"
2025-09-04 13:51:20.051982,Neutral,"[0.1380832940340042, 0.015289463102817535, 0.13569743931293488, 0.21578453481197357, 0.16998441517353058, 0.10115231573581696, 0.22400853037834167]"
2025-09-04 13:51:20.205427,Sad,"[0.21539470553398132, 0.023064875975251198, 0.14852088689804077, 0.12089728564023972, 0.34317293763160706, 0.00962898414582014, 0.1393202692270279]"
2025-09-04 13:51:20.249752,Sad,"[0.17415234446525574, 0.020208267495036125, 0.15562742948532104, 0.2066577821969986, 0.22797167301177979, 0.05152597278356552, 0.16385653614997864]"
2025-09-04 13:51:20.293190,Happy,"[0.10540030896663666, 0.011677427217364311, 0.12069611996412277, 0.2750839293003082, 0.13409000635147095, 0.11090093851089478, 0.24215123057365417]"
2025-09-04 13:51:20.436848,Sad,"[0.2304036021232605, 0.026705073192715645, 0.1561509221792221, 0.13223528861999512, 0.35567405819892883, 0.006312369368970394, 0.09251867979764938]"
2025-09-04 13:51:20.478686,Sad,"[0.18409432470798492, 0.02161354385316372, 0.160061776638031, 0.20259183645248413, 0.24621820449829102, 0.0383349172770977, 0.14708545804023743]"
2025-09-04 13:51:20.519226,Sad,"[0.16352830827236176, 0.01639438606798649, 0.23017409443855286, 0.043772995471954346, 0.3386878967285156, 0.021598704159259796, 0.18584361672401428]"
2025-09-04 13:51:20.564493,Sad,"[0.17723314464092255, 0.01828358694911003, 0.14343374967575073, 0.12718906998634338, 0.3265261650085449, 0.012661288492381573, 0.19467300176620483]"
2025-09-04 13:51:20.608001,Sad,"[0.19099606573581696, 0.019414495676755905, 0.18262100219726562, 0.06722693890333176, 0.3484185039997101, 0.015239886939525604, 0.17608313262462616]"
2025-09-04 13:51:20.648960,Happy,"[0.10107482224702835, 0.01123036164790392, 0.11485004425048828, 0.27416518330574036, 0.1339145302772522, 0.1043587401509285, 0.2604062855243683]"
2025-09-04 13:51:20.778213,Sad,"[0.1752646416425705, 0.020340604707598686, 0.15462559461593628, 0.20704662799835205, 0.22555777430534363, 0.05331162363290787, 0.16385318338871002]"
2025-09-04 13:51:20.818905,Sad,"[0.2216295599937439, 0.026581550016999245, 0.16354012489318848, 0.15292268991470337, 0.3383964002132416, 0.007874979637563229, 0.08905468136072159]"
2025-09-04 13:51:20.975125,Sad,"[0.22375865280628204, 0.025556044653058052, 0.15631002187728882, 0.1363271176815033, 0.34397709369659424, 0.00819462537765503, 0.10587643831968307]"
2025-09-04 13:51:21.017353,Sad,"[0.1710679978132248, 0.019730301573872566, 0.15298797190189362, 0.20677490532398224, 0.2204839140176773, 0.057997580617666245, 0.1709572672843933]"
2025-09-04 13:51:21.059406,Sad,"[0.1767498403787613, 0.01784018613398075, 0.20836034417152405, 0.04011423513293266, 0.3888044059276581, 0.010550063103437424, 0.1575808972120285]"
2025-09-04 13:51:21.209867,Sad,"[0.22491233050823212, 0.025225114077329636, 0.15294499695301056, 0.1370113641023636, 0.3298375904560089, 0.010660020634531975, 0.119408518075943]"
2025-09-04 13:51:21.251805,Happy,"[0.15981878340244293, 0.018037529662251472, 0.13945917785167694, 0.20458237826824188, 0.1877615749835968, 0.09423637390136719, 0.1961042284965515]"
2025-09-04 13:51:21.413479,Sad,"[0.22941015660762787, 0.025866851210594177, 0.15272770822048187, 0.13012734055519104, 0.34560731053352356, 0.008033083751797676, 0.10822753608226776]"
2025-09-04 13:51:21.459138,Happy,"[0.16096825897693634, 0.018268028274178505, 0.14655528962612152, 0.20536881685256958, 0.20340976119041443, 0.07543591409921646, 0.18999390304088593]"
2025-09-04 13:51:21.611594,Sad,"[0.23028384149074554, 0.025967305526137352, 0.152354896068573, 0.12418222427368164, 0.3584338426589966, 0.006483030039817095, 0.10229475796222687]"
2025-09-04 13:51:21.656804,Happy,"[0.16392245888710022, 0.01863851770758629, 0.14473015069961548, 0.2059691995382309, 0.19969236850738525, 0.07932300865650177, 0.1877242922782898]"
2025-09-04 13:51:21.699486,Sad,"[0.16962237656116486, 0.017337782308459282, 0.22472192347049713, 0.03503413498401642, 0.3956408202648163, 0.010169953107833862, 0.14747296273708344]"
2025-09-04 13:51:21.838555,Sad,"[0.23148620128631592, 0.02637353539466858, 0.15347421169281006, 0.12738634645938873, 0.3561084568500519, 0.0065311831422150135, 0.09864012151956558]"
2025-09-04 13:51:21.881543,Happy,"[0.16368286311626434, 0.018619703128933907, 0.14577233791351318, 0.20594389736652374, 0.20200742781162262, 0.07675713300704956, 0.18721666932106018]"
2025-09-04 13:51:22.011551,Sad,"[0.23053181171417236, 0.02751254476606846, 0.15904119610786438, 0.13094092905521393, 0.3716350793838501, 0.004383935127407312, 0.07595454156398773]"
2025-09-04 13:51:22.057686,Happy,"[0.16024619340896606, 0.018114442005753517, 0.14154306054115295, 0.2049339860677719, 0.1922345906496048, 0.08847297728061676, 0.19445472955703735]"
2025-09-04 13:51:22.216255,Happy,"[0.16305974125862122, 0.018554186448454857, 0.14711657166481018, 0.20581524074077606, 0.20498979091644287, 0.07358752936124802, 0.18687692284584045]"
2025-09-04 13:51:22.263062,Sad,"[0.22480253875255585, 0.024909667670726776, 0.15139451622962952, 0.12919695675373077, 0.3401111662387848, 0.009270329028367996, 0.12031485140323639]"
2025-09-04 13:51:22.308344,Fear,"[0.13686859607696533, 0.012443842366337776, 0.2575772702693939, 0.031172290444374084, 0.2532632648944855, 0.05774490535259247, 0.2509297728538513]"
2025-09-04 13:51:22.439252,Sad,"[0.23091694712638855, 0.02633596770465374, 0.1539038121700287, 0.1338592767715454, 0.3429233133792877, 0.008116326294839382, 0.10394439846277237]"
2025-09-04 13:51:22.482220,Sad,"[0.16396325826644897, 0.018725942820310593, 0.1506085991859436, 0.20582795143127441, 0.21335551142692566, 0.06511896848678589, 0.18239979445934296]"
2025-09-04 13:51:22.525858,Sad,"[0.14925576746463776, 0.01415239181369543, 0.24212923645973206, 0.03638255596160889, 0.29736605286598206, 0.03539155423641205, 0.2253224402666092]"
2025-09-04 13:51:22.670263,Sad,"[0.22235362231731415, 0.024727465584874153, 0.15248706936836243, 0.13385438919067383, 0.33337777853012085, 0.010341083630919456, 0.1228586733341217]"
2025-09-04 13:51:22.714026,Sad,"[0.16578780114650726, 0.019055623561143875, 0.15539611876010895, 0.20546355843544006, 0.2256501317024231, 0.05419088900089264, 0.17445585131645203]"
2025-09-04 13:51:22.868219,Sad,"[0.22750252485275269, 0.025617199018597603, 0.15273761749267578, 0.13806377351284027, 0.3280688226222992, 0.010771369561553001, 0.11723868548870087]"
2025-09-04 13:51:22.910563,Sad,"[0.17091210186481476, 0.019667044281959534, 0.15065604448318481, 0.20707999169826508, 0.21464258432388306, 0.0632532387971878, 0.1737890988588333]"
2025-09-04 13:51:22.951952,Sad,"[0.1793082058429718, 0.01825125515460968, 0.2191993147134781, 0.03329065814614296, 0.3986321985721588, 0.009474199265241623, 0.14184419810771942]"
2025-09-04 13:51:23.100154,Sad,"[0.22901876270771027, 0.027331069111824036, 0.16044946014881134, 0.14344057440757751, 0.3485041856765747, 0.006547896657139063, 0.08470804989337921]"
2025-09-04 13:51:23.141732,Neutral,"[0.1584826111793518, 0.017580483108758926, 0.1571122109889984, 0.1632232666015625, 0.20782272517681122, 0.08733386546373367, 0.20844484865665436]"
2025-09-04 13:51:23.188566,Sad,"[0.15126916766166687, 0.014266074635088444, 0.22870802879333496, 0.038035545498132706, 0.2990535795688629, 0.0344553217291832, 0.23421229422092438]"
2025-09-04 13:51:23.342237,Sad,"[0.22882242500782013, 0.025913655757904053, 0.15192902088165283, 0.11325398087501526, 0.38702118396759033, 0.004017166793346405, 0.08904264122247696]"
2025-09-04 13:51:23.385715,Happy,"[0.17003104090690613, 0.01947614550590515, 0.14608609676361084, 0.2072005271911621, 0.20364996790885925, 0.07436695694923401, 0.1791892945766449]"
2025-09-04 13:51:23.514046,Sad,"[0.22674588859081268, 0.026261476799845695, 0.15534605085849762, 0.14249341189861298, 0.34289678931236267, 0.008265242911875248, 0.09799117594957352]"
2025-09-04 13:51:23.559002,Sad,"[0.17643947899341583, 0.020433051511645317, 0.15115872025489807, 0.20786623656749725, 0.21690332889556885, 0.06054898723959923, 0.16665013134479523]"
2025-09-04 13:51:23.605698,Sad,"[0.1552901417016983, 0.014898266643285751, 0.21846112608909607, 0.03988150507211685, 0.3172045350074768, 0.028499964624643326, 0.2257644236087799]"
2025-09-04 13:51:23.735516,Sad,"[0.22510725259780884, 0.0245052520185709, 0.14842142164707184, 0.11225054413080215, 0.3697604238986969, 0.005932797212153673, 0.11402234435081482]"
2025-09-04 13:51:23.776249,Happy,"[0.17594727873802185, 0.020268427208065987, 0.14539329707622528, 0.20824488997459412, 0.2029753476381302, 0.07439745962619781, 0.1727733314037323]"
2025-09-04 13:51:23.822586,Sad,"[0.15593507885932922, 0.014946738258004189, 0.22875724732875824, 0.03792130574584007, 0.31764015555381775, 0.02783205360174179, 0.2169674187898636]"
2025-09-04 13:51:23.981543,Sad,"[0.2286883443593979, 0.02639852836728096, 0.15627600252628326, 0.13635465502738953, 0.3461689352989197, 0.007533159106969833, 0.09858036041259766]"
2025-09-04 13:51:24.026104,Sad,"[0.18396545946598053, 0.02149810642004013, 0.15214096009731293, 0.20862199366092682, 0.22093957662582397, 0.05602380260825157, 0.15681014955043793]"
2025-09-04 13:51:24.071447,Sad,"[0.15484783053398132, 0.014845897443592548, 0.238390251994133, 0.041431378573179245, 0.28264835476875305, 0.043008044362068176, 0.22482819855213165]"
2025-09-04 13:51:24.204224,Sad,"[0.2124793380498886, 0.022961122915148735, 0.15034031867980957, 0.1297057867050171, 0.32940226793289185, 0.011882117949426174, 0.14322909712791443]"
2025-09-04 13:51:24.247550,Sad,"[0.18756449222564697, 0.02202770672738552, 0.15314699709415436, 0.20872648060321808, 0.22439715266227722, 0.05264178663492203, 0.15149538218975067]"
2025-09-04 13:51:24.371845,Sad,"[0.21572571992874146, 0.023283960297703743, 0.14950838685035706, 0.12623630464076996, 0.3350628912448883, 0.010798688046634197, 0.1393839716911316]"
2025-09-04 13:51:24.420333,Sad,"[0.19057819247245789, 0.022475624457001686, 0.15394079685211182, 0.20872783660888672, 0.22727183997631073, 0.0499199740588665, 0.14708572626113892]"
2025-09-04 13:51:24.472238,Sad,"[0.1769319772720337, 0.017326749861240387, 0.13839676976203918, 0.11057904362678528, 0.3098214566707611, 0.01722331903874874, 0.22972068190574646]"
2025-09-04 13:51:24.607139,Happy,"[0.17786748707294464, 0.020545290783047676, 0.14634191989898682, 0.20852796733379364, 0.20549599826335907, 0.07146322727203369, 0.16975811123847961]"
2025-09-04 13:51:24.650252,Sad,"[0.21715830266475677, 0.023678617551922798, 0.1524267941713333, 0.12330693006515503, 0.344436913728714, 0.009357580915093422, 0.129634827375412]"
2025-09-04 13:51:24.692467,Sad,"[0.14448398351669312, 0.01539008691906929, 0.23527579009532928, 0.08681595325469971, 0.24899181723594666, 0.07384799420833588, 0.1951943188905716]"
2025-09-04 13:51:24.734552,Sad,"[0.1442086100578308, 0.013630270026624203, 0.2331259697675705, 0.03011256642639637, 0.3032100796699524, 0.03705458343029022, 0.23865792155265808]"
2025-09-04 13:51:24.860956,Happy,"[0.16818872094154358, 0.019183017313480377, 0.14260876178741455, 0.20674389600753784, 0.19556458294391632, 0.08372683078050613, 0.18398417532444]"
2025-09-04 13:51:24.924888,Sad,"[0.229913592338562, 0.02554212138056755, 0.14980053901672363, 0.1136467307806015, 0.3746628165245056, 0.005134608596563339, 0.10129960626363754]"
2025-09-04 13:51:24.976798,Sad,"[0.14925508201122284, 0.014248020946979523, 0.22527927160263062, 0.03613200783729553, 0.29593706130981445, 0.0384916216135025, 0.24065691232681274]"
2025-09-04 13:51:25.034404,Sad,"[0.14345376193523407, 0.013196898624300957, 0.24352560937404633, 0.028957266360521317, 0.27834662795066833, 0.046115510165691376, 0.24640432000160217]"
2025-09-04 13:51:25.085828,Sad,"[0.16757206618785858, 0.017646072432398796, 0.15698765218257904, 0.13564886152744293, 0.3212398290634155, 0.014881343580782413, 0.18602408468723297]"
2025-09-04 13:51:25.238362,Sad,"[0.18411095440387726, 0.021462438628077507, 0.1494549810886383, 0.20910924673080444, 0.21414965391159058, 0.06204276904463768, 0.1596699208021164]"
2025-09-04 13:51:25.279627,Sad,"[0.22628243267536163, 0.025452470406889915, 0.15330959856510162, 0.12730197608470917, 0.35302799940109253, 0.007255040109157562, 0.10737050324678421]"
2025-09-04 13:51:25.324266,Sad,"[0.18932464718818665, 0.02116953581571579, 0.22278694808483124, 0.06842373311519623, 0.35209545493125916, 0.016463780775666237, 0.12973588705062866]"
2025-09-04 13:51:25.366922,Sad,"[0.1524992734193802, 0.01694485731422901, 0.2160690277814865, 0.11044057458639145, 0.2558045983314514, 0.06117092818021774, 0.18707072734832764]"
2025-09-04 13:51:25.410625,Sad,"[0.17388495802879333, 0.017703114077448845, 0.1492646336555481, 0.11894676089286804, 0.33129653334617615, 0.012915465049445629, 0.1959884911775589]"
2025-09-04 13:51:25.540433,Sad,"[0.19230540096759796, 0.02270601876080036, 0.1533230096101761, 0.20902450382709503, 0.22602230310440063, 0.05063110217452049, 0.14598770439624786]"
2025-09-04 13:51:25.582331,Sad,"[0.22944392263889313, 0.026324326172471046, 0.15495054423809052, 0.12743520736694336, 0.36135464906692505, 0.0059338645078241825, 0.09455746412277222]"
2025-09-04 13:51:25.721691,Sad,"[0.2168055772781372, 0.023865438997745514, 0.15227246284484863, 0.13405446708202362, 0.32969313859939575, 0.011366949416697025, 0.13194194436073303]"
2025-09-04 13:51:25.766276,Sad,"[0.19543953239917755, 0.0232236348092556, 0.15567894279956818, 0.20834821462631226, 0.2334478795528412, 0.04460829496383667, 0.1392534375190735]"
2025-09-04 13:51:25.806697,Happy,"[0.09786251932382584, 0.011109397746622562, 0.12342377007007599, 0.27389493584632874, 0.1268102377653122, 0.12707564234733582, 0.23982352018356323]"
2025-09-04 13:51:25.851389,Sad,"[0.1710173636674881, 0.018407639116048813, 0.21361026167869568, 0.0734296515583992, 0.32857745885849, 0.024143146350979805, 0.17081452906131744]"
2025-09-04 13:51:26.007393,Sad,"[0.2325531393289566, 0.02820715680718422, 0.1612703800201416, 0.15589013695716858, 0.3296608626842499, 0.00836225040256977, 0.08405609428882599]"
2025-09-04 13:51:26.049424,Sad,"[0.18271760642528534, 0.02127145603299141, 0.14959798753261566, 0.2089208960533142, 0.21423044800758362, 0.06216835230588913, 0.16109319031238556]"
2025-09-04 13:51:26.177085,Happy,"[0.16502995789051056, 0.018761850893497467, 0.1426929533481598, 0.20609675347805023, 0.19532857835292816, 0.08431296050548553, 0.1877768486738205]"
2025-09-04 13:51:26.219999,Sad,"[0.2093273550271988, 0.021866315975785255, 0.1436687856912613, 0.1261097490787506, 0.3102714419364929, 0.01646929793059826, 0.1722870022058487]"
2025-09-04 13:51:26.344358,Sad,"[0.23500682413578033, 0.02718511037528515, 0.15438011288642883, 0.12955442070960999, 0.3566668927669525, 0.006103459745645523, 0.09110315144062042]"
2025-09-04 13:51:26.385413,Happy,"[0.1649932563304901, 0.018751000985503197, 0.1421709954738617, 0.20604923367500305, 0.19418394565582275, 0.08569740504026413, 0.1881542056798935]"
2025-09-04 13:51:26.537429,Sad,"[0.22634392976760864, 0.024982541799545288, 0.15041738748550415, 0.12536343932151794, 0.34549733996391296, 0.008515912108123302, 0.11887935549020767]"
2025-09-04 13:51:26.579991,Happy,"[0.16017845273017883, 0.018101850524544716, 0.14118754863739014, 0.204880952835083, 0.1914646327495575, 0.0894419476389885, 0.19474460184574127]"
2025-09-04 13:51:26.621268,Sad,"[0.1730531007051468, 0.01728854700922966, 0.14520560204982758, 0.11640973389148712, 0.29350921511650085, 0.02338198386132717, 0.23115190863609314]"
2025-09-04 13:51:26.768124,Sad,"[0.2243766486644745, 0.025290805846452713, 0.15420787036418915, 0.12890353798866272, 0.3521289825439453, 0.007387353572994471, 0.10770474374294281]"
2025-09-04 13:51:26.813546,Happy,"[0.16076304018497467, 0.01821882091462612, 0.14477995038032532, 0.2052825689315796, 0.19938112795352936, 0.07992033660411835, 0.1916540414094925]"
2025-09-04 13:51:26.858026,Neutral,"[0.14715376496315002, 0.015735382214188576, 0.12605734169483185, 0.20345602929592133, 0.18503068387508392, 0.07823080569505692, 0.24433596432209015]"
2025-09-04 13:51:27.003239,Sad,"[0.22725191712379456, 0.02496911957859993, 0.149469256401062, 0.1223742812871933, 0.3490208089351654, 0.008084761910140514, 0.11882980167865753]"
2025-09-04 13:51:27.043896,Happy,"[0.16418775916099548, 0.018708545714616776, 0.14737309515476227, 0.20604459941387177, 0.2057458907365799, 0.0726984515786171, 0.18524169921875]"
2025-09-04 13:51:27.085855,Sad,"[0.15455593168735504, 0.017302555963397026, 0.23891089856624603, 0.08552771061658859, 0.28127405047416687, 0.04827011749148369, 0.17415876686573029]"
2025-09-04 13:51:27.127574,Neutral,"[0.14854992926120758, 0.01529539655894041, 0.12568768858909607, 0.20081672072410583, 0.18417342007160187, 0.0741557627916336, 0.25132110714912415]"
2025-09-04 13:51:27.169348,Sad,"[0.1708373725414276, 0.017887568101286888, 0.14597558975219727, 0.15095989406108856, 0.2615741789340973, 0.034802064299583435, 0.21796323359012604]"
2025-09-04 13:51:27.306141,Sad,"[0.23197312653064728, 0.026965392753481865, 0.15617242455482483, 0.14113737642765045, 0.33737391233444214, 0.008419805206358433, 0.09795796126127243]"
2025-09-04 13:51:27.346682,Sad,"[0.18420086801052094, 0.02153988555073738, 0.15253707766532898, 0.20856022834777832, 0.22202177345752716, 0.05507778376340866, 0.1560622900724411]"
2025-09-04 13:51:27.388857,Sad,"[0.1625566929578781, 0.018893230706453323, 0.22171106934547424, 0.11458149552345276, 0.2873007655143738, 0.039004191756248474, 0.15595252811908722]"
2025-09-04 13:51:27.536390,Sad,"[0.18237894773483276, 0.02128244936466217, 0.15242570638656616, 0.20839032530784607, 0.22133506834506989, 0.05590733513236046, 0.15828020870685577]"
2025-09-04 13:51:27.578992,Sad,"[0.22585982084274292, 0.025502098724246025, 0.15359386801719666, 0.13982011377811432, 0.3271902799606323, 0.010927557945251465, 0.11710615456104279]"
2025-09-04 13:51:27.623553,Sad,"[0.17106544971466064, 0.017315467819571495, 0.2044687718153, 0.050586529076099396, 0.3585212230682373, 0.01615762896835804, 0.18188491463661194]"
2025-09-04 13:51:27.672580,Happy,"[0.1074254959821701, 0.01210322417318821, 0.14559614658355713, 0.2265622317790985, 0.13456548750400543, 0.15344062447547913, 0.220306858420372]"
2025-09-04 13:51:27.720070,Sad,"[0.13769277930259705, 0.01201177854090929, 0.1856832653284073, 0.023060183972120285, 0.3053879141807556, 0.03144868090748787, 0.30471545457839966]"
2025-09-04 13:51:27.766887,Neutral,"[0.14047110080718994, 0.014139190316200256, 0.17683595418930054, 0.06588727235794067, 0.21010306477546692, 0.11939605325460434, 0.2731674015522003]"
2025-09-04 13:51:27.812524,Happy,"[0.1095685213804245, 0.012328675016760826, 0.12139463424682617, 0.25986191630363464, 0.1425478309392929, 0.10758963972330093, 0.24670876562595367]"
2025-09-04 13:51:27.856586,Sad,"[0.17879147827625275, 0.018274253234267235, 0.15898293256759644, 0.10492721199989319, 0.32728612422943115, 0.01597529835999012, 0.19576270878314972]"
2025-09-04 13:51:28.000190,Sad,"[0.22685767710208893, 0.025698209181427956, 0.15509602427482605, 0.1259278655052185, 0.35676899552345276, 0.006807484198361635, 0.10284380614757538]"
2025-09-04 13:51:28.042657,Sad,"[0.1855475902557373, 0.021654127165675163, 0.14902310073375702, 0.20933645963668823, 0.21336176991462708, 0.06256578862667084, 0.15851116180419922]"
2025-09-04 13:51:28.086589,Sad,"[0.1488644927740097, 0.013975859619677067, 0.25012898445129395, 0.03161461278796196, 0.2849562466144562, 0.04253854602575302, 0.2279212474822998]"
2025-09-04 13:51:28.129664,Sad,"[0.16341590881347656, 0.017106736078858376, 0.2294735163450241, 0.0713096335530281, 0.2815777063369751, 0.04403381422162056, 0.19308264553546906]"
2025-09-04 13:51:28.266066,Sad,"[0.2224043309688568, 0.024234186857938766, 0.1494658887386322, 0.12400335818529129, 0.3429323136806488, 0.009206333197653294, 0.1277535855770111]"
2025-09-04 13:51:28.310301,Happy,"[0.18048837780952454, 0.020923499017953873, 0.1474425494670868, 0.20885342359542847, 0.20855747163295746, 0.06796680390834808, 0.16576780378818512]"
2025-09-04 13:51:28.356040,Sad,"[0.12980778515338898, 0.012010261416435242, 0.27621835470199585, 0.018657144159078598, 0.29845696687698364, 0.03929806128144264, 0.22555150091648102]"
2025-09-04 13:51:28.403277,Sad,"[0.15418964624404907, 0.01648523472249508, 0.23805402219295502, 0.056754518300294876, 0.3221537172794342, 0.030868425965309143, 0.18149442970752716]"
2025-09-04 13:51:28.542774,Sad,"[0.21991503238677979, 0.024271268397569656, 0.1566423922777176, 0.11682935804128647, 0.3567841947078705, 0.0078258216381073, 0.1177319660782814]"
2025-09-04 13:51:28.587112,Sad,"[0.1857631951570511, 0.021689582616090775, 0.14929187297821045, 0.2093234360218048, 0.21407325565814972, 0.061868637800216675, 0.1579899787902832]"
2025-09-04 13:51:28.630065,Neutral,"[0.1141877993941307, 0.01242721825838089, 0.11790410429239273, 0.23705890774726868, 0.15313248336315155, 0.09172192960977554, 0.2735675573348999]"
2025-09-04 13:51:28.768524,Sad,"[0.21589237451553345, 0.02461083233356476, 0.15830114483833313, 0.14197298884391785, 0.33647918701171875, 0.009568319655954838, 0.1131751537322998]"
2025-09-04 13:51:28.812165,Sad,"[0.18520787358283997, 0.02162463404238224, 0.14991395175457, 0.20916740596294403, 0.2155175805091858, 0.06062120571732521, 0.15794743597507477]"
2025-09-04 13:51:28.855627,Sad,"[0.12540721893310547, 0.011753975413739681, 0.2612372636795044, 0.021610474213957787, 0.2960221469402313, 0.046328432857990265, 0.23764054477214813]"
2025-09-04 13:51:28.999933,Sad,"[0.21946083009243011, 0.02410580962896347, 0.15112416446208954, 0.13300380110740662, 0.3285844922065735, 0.011504633352160454, 0.13221623003482819]"
2025-09-04 13:51:29.042309,Sad,"[0.19172823429107666, 0.02268747240304947, 0.15566395223140717, 0.20821069180965424, 0.23236574232578278, 0.04594073072075844, 0.14340312778949738]"
2025-09-04 13:51:29.086005,Sad,"[0.15989693999290466, 0.016496414318680763, 0.2063312828540802, 0.04637159779667854, 0.3293800354003906, 0.022861896082758904, 0.21866177022457123]"
2025-09-04 13:51:29.132809,Neutral,"[0.14838244020938873, 0.01582631655037403, 0.12254052609205246, 0.19234508275985718, 0.19206136465072632, 0.0719369500875473, 0.25690731406211853]"
2025-09-04 13:51:29.272878,Sad,"[0.18756726384162903, 0.022125286981463432, 0.15686608850955963, 0.20753790438175201, 0.23464882373809814, 0.04490945115685463, 0.14634519815444946]"
2025-09-04 13:51:29.316399,Sad,"[0.2291126847267151, 0.026596050709486008, 0.15644632279872894, 0.12822292745113373, 0.36584267020225525, 0.005332536529749632, 0.08844675868749619]"
2025-09-04 13:51:29.358446,Sad,"[0.14928804337978363, 0.014854948036372662, 0.23721052706241608, 0.036463115364313126, 0.312845915555954, 0.035663750022649765, 0.21367371082305908]"
2025-09-04 13:51:29.507493,Sad,"[0.22584503889083862, 0.02457861788570881, 0.14799410104751587, 0.12674887478351593, 0.3323153555393219, 0.010767070576548576, 0.13175097107887268]"
2025-09-04 13:51:29.555880,Sad,"[0.1960044950246811, 0.02335914596915245, 0.15735621750354767, 0.20762835443019867, 0.23853206634521484, 0.04105682671070099, 0.1360628753900528]"
2025-09-04 13:51:29.711258,Sad,"[0.22094888985157013, 0.02380482293665409, 0.148088738322258, 0.11964298039674759, 0.3469337522983551, 0.008836016990244389, 0.131744846701622]"
2025-09-04 13:51:29.758813,Sad,"[0.18775369226932526, 0.022118881344795227, 0.1556684374809265, 0.20798201858997345, 0.2313195914030075, 0.047275930643081665, 0.14788147807121277]"
2025-09-04 13:51:29.923853,Happy,"[0.15981878340244293, 0.018037529662251472, 0.13945917785167694, 0.20458237826824188, 0.1877615749835968, 0.09423637390136719, 0.1961042284965515]"
2025-09-04 13:51:29.971514,Sad,"[0.21879038214683533, 0.023442119359970093, 0.1519615799188614, 0.11001117527484894, 0.35480087995529175, 0.00848403386771679, 0.13250981271266937]"
2025-09-04 13:51:30.016441,Sad,"[0.1519402116537094, 0.015124518424272537, 0.23021572828292847, 0.03818259388208389, 0.3167746365070343, 0.03360053896903992, 0.21416185796260834]"
2025-09-04 13:51:30.067217,Neutral,"[0.10852362960577011, 0.01204211637377739, 0.11328040063381195, 0.25726842880249023, 0.1463027000427246, 0.09283217787742615, 0.26975056529045105]"
2025-09-04 13:51:30.115354,Sad,"[0.167867049574852, 0.01733103021979332, 0.15378372371196747, 0.12803201377391815, 0.2687073051929474, 0.03599311783909798, 0.2282857596874237]"
2025-09-04 13:51:30.291051,Happy,"[0.15981878340244293, 0.018037529662251472, 0.13945917785167694, 0.20458237826824188, 0.1877615749835968, 0.09423637390136719, 0.1961042284965515]"
2025-09-04 13:51:30.360093,Sad,"[0.22121626138687134, 0.023483604192733765, 0.14523601531982422, 0.11894594877958298, 0.33693060278892517, 0.010504689067602158, 0.1436828225851059]"
2025-09-04 13:51:30.414203,Happy,"[0.10283839702606201, 0.011550307273864746, 0.1180829405784607, 0.2673477232456207, 0.13609041273593903, 0.10874875634908676, 0.25534141063690186]"
2025-09-04 13:51:30.560650,Happy,"[0.15981878340244293, 0.018037529662251472, 0.13945917785167694, 0.20458237826824188, 0.1877615749835968, 0.09423637390136719, 0.1961042284965515]"
2025-09-04 13:51:30.602132,Sad,"[0.2256712019443512, 0.025056613609194756, 0.15105949342250824, 0.13481968641281128, 0.3273017108440399, 0.01128147542476654, 0.1248098611831665]"
2025-09-04 13:51:30.644324,Sad,"[0.1521991789340973, 0.014676537364721298, 0.2460525929927826, 0.036372385919094086, 0.3127211630344391, 0.029546480625867844, 0.20843172073364258]"
2025-09-04 13:51:30.684153,Sad,"[0.16974054276943207, 0.017229733988642693, 0.14569158852100372, 0.12451034784317017, 0.2508120536804199, 0.04584259167313576, 0.24617315828800201]"
2025-09-04 13:51:30.826262,Sad,"[0.22687175869941711, 0.025259390473365784, 0.15146559476852417, 0.13121752440929413, 0.3369244635105133, 0.009588596411049366, 0.11867263168096542]"
2025-09-04 13:51:30.869083,Happy,"[0.15981878340244293, 0.018037529662251472, 0.13945917785167694, 0.20458237826824188, 0.1877615749835968, 0.09423637390136719, 0.1961042284965515]"
2025-09-04 13:51:30.910433,Sad,"[0.16479365527629852, 0.01652853935956955, 0.2186574786901474, 0.049016281962394714, 0.3281950056552887, 0.024997878819704056, 0.197811096906662]"
2025-09-04 13:51:31.036575,Happy,"[0.1601790338754654, 0.018096089363098145, 0.14060568809509277, 0.2048151195049286, 0.19022423028945923, 0.09101516008377075, 0.19506458938121796]"
2025-09-04 13:51:31.077681,Sad,"[0.22589075565338135, 0.02633202262222767, 0.15848395228385925, 0.1396179348230362, 0.34684866666793823, 0.00733987195417285, 0.09548678249120712]"
2025-09-04 13:51:31.118151,Sad,"[0.16895878314971924, 0.017371421679854393, 0.2103293091058731, 0.0537140890955925, 0.35329023003578186, 0.017708521336317062, 0.17862769961357117]"
2025-09-04 13:51:31.161063,Sad,"[0.1681719422340393, 0.016795827075839043, 0.14615991711616516, 0.1150326058268547, 0.3257286846637726, 0.013972209766507149, 0.21413888037204742]"
2025-09-04 13:51:31.202449,Neutral,"[0.12818755209445953, 0.01390817016363144, 0.11496684700250626, 0.22326700389385223, 0.1712934970855713, 0.07681149244308472, 0.2715654969215393]"
2025-09-04 13:51:31.329899,Sad,"[0.21813423931598663, 0.023860258981585503, 0.15013276040554047, 0.1365642100572586, 0.3172231912612915, 0.013864296488463879, 0.14022110402584076]"
2025-09-04 13:51:31.372487,Happy,"[0.1638464629650116, 0.018583789467811584, 0.14081934094429016, 0.2056722193956375, 0.19112126529216766, 0.08959303796291351, 0.19036388397216797]"
2025-09-04 13:51:31.415399,Sad,"[0.16071921586990356, 0.015877680853009224, 0.2029370218515396, 0.05010795593261719, 0.3178410828113556, 0.02917846478521824, 0.22333863377571106]"
2025-09-04 13:51:31.564670,Sad,"[0.22505134344100952, 0.025863617658615112, 0.15664637088775635, 0.14227092266082764, 0.33376649022102356, 0.009470866061747074, 0.10693039745092392]"
2025-09-04 13:51:31.606107,Happy,"[0.16017597913742065, 0.018101390451192856, 0.14117474853992462, 0.20487898588180542, 0.19143696129322052, 0.08947692066431046, 0.1947549730539322]"
2025-09-04 13:51:31.653219,Sad,"[0.15652859210968018, 0.015391392633318901, 0.22281979024410248, 0.046048056334257126, 0.31145939230918884, 0.031136486679315567, 0.21661631762981415]"
2025-09-04 13:51:31.804529,Sad,"[0.22045795619487762, 0.025447765365242958, 0.1588478684425354, 0.14054912328720093, 0.3436802625656128, 0.008123574778437614, 0.10289345681667328]"
2025-09-04 13:51:31.849152,Sad,"[0.18080346286296844, 0.020988866686820984, 0.1486755609512329, 0.20878560841083527, 0.2115946263074875, 0.06493408232927322, 0.1642177551984787]"
2025-09-04 13:51:31.891728,Sad,"[0.15792697668075562, 0.015469517558813095, 0.22445932030677795, 0.04110594838857651, 0.3339923322200775, 0.022974388673901558, 0.2040715515613556]"
2025-09-04 13:51:31.931625,Neutral,"[0.12789784371852875, 0.014095669612288475, 0.12264341115951538, 0.22958366572856903, 0.16550731658935547, 0.08969470858573914, 0.2505774199962616]"
2025-09-04 13:51:32.061749,Happy,"[0.17317597568035126, 0.019901050254702568, 0.1460316926240921, 0.20776565372943878, 0.2040112167596817, 0.07362519949674606, 0.1754891723394394]"
2025-09-04 13:51:32.103464,Sad,"[0.2224038541316986, 0.024359064176678658, 0.15095935761928558, 0.12483802437782288, 0.3420843183994293, 0.00936072412878275, 0.12599468231201172]"
2025-09-04 13:51:32.144097,Sad,"[0.14750978350639343, 0.013880196027457714, 0.2441461682319641, 0.03291773423552513, 0.2990610599517822, 0.03508317098021507, 0.22740183770656586]"
2025-09-04 13:51:32.185141,Neutral,"[0.11715514957904816, 0.012875550426542759, 0.11664814502000809, 0.24101227521896362, 0.15617115795612335, 0.08899389207363129, 0.2671439051628113]"
2025-09-04 13:51:32.337368,Sad,"[0.18605589866638184, 0.021941065788269043, 0.1579805314540863, 0.20701123774051666, 0.23743663728237152, 0.04319089278578758, 0.14638376235961914]"
2025-09-04 13:51:32.379630,Sad,"[0.22601677477359772, 0.0251313503831625, 0.15137670934200287, 0.11755365133285522, 0.36901354789733887, 0.005735347047448158, 0.10517258942127228]"
2025-09-04 13:51:32.535149,Sad,"[0.22922076284885406, 0.025289004668593407, 0.14951464533805847, 0.12073758989572525, 0.35414814949035645, 0.007324152160435915, 0.11376573145389557]"
2025-09-04 13:51:32.579404,Sad,"[0.1818145513534546, 0.02124125510454178, 0.15411312878131866, 0.2079368382692337, 0.22564174234867096, 0.05243951454758644, 0.15681304037570953]"
2025-09-04 13:51:32.734648,Sad,"[0.2218388020992279, 0.02525806985795498, 0.15644659101963043, 0.13624142110347748, 0.34378594160079956, 0.008346364833414555, 0.10808274894952774]"
2025-09-04 13:51:32.776708,Sad,"[0.17082194983959198, 0.01965455152094364, 0.15064319968223572, 0.2070663869380951, 0.2145952433347702, 0.06330686062574387, 0.17391178011894226]"
2025-09-04 13:51:32.930895,Sad,"[0.22472703456878662, 0.02537650428712368, 0.1541181355714798, 0.13801752030849457, 0.3322743773460388, 0.010116704739630222, 0.11536972224712372]"
2025-09-04 13:51:32.973749,Happy,"[0.17386315762996674, 0.02001238241791725, 0.14721302688121796, 0.20784561336040497, 0.20687799155712128, 0.07053442299365997, 0.1736534684896469]"
2025-09-04 13:51:33.017967,Happy,"[0.11489908397197723, 0.01302221231162548, 0.12504899501800537, 0.2566392123699188, 0.1463746726512909, 0.10969214886426926, 0.23432360589504242]"
2025-09-04 13:51:33.170678,Sad,"[0.2255706787109375, 0.026013076305389404, 0.15687373280525208, 0.14491558074951172, 0.32977038621902466, 0.009994728490710258, 0.10686178505420685]"
2025-09-04 13:51:33.212037,Sad,"[0.17958715558052063, 0.020956022664904594, 0.15525677800178528, 0.2073986977338791, 0.22819435596466064, 0.050716646015644073, 0.15789033472537994]"
2025-09-04 13:51:33.253437,Happy,"[0.09714963287115097, 0.011041716672480106, 0.11839979141950607, 0.27971285581588745, 0.12782022356987, 0.11853359639644623, 0.24734216928482056]"
2025-09-04 13:51:33.389474,Sad,"[0.22444382309913635, 0.02626584842801094, 0.15915343165397644, 0.15123791992664337, 0.3261796832084656, 0.010234907269477844, 0.10248439013957977]"
2025-09-04 13:51:33.439477,Sad,"[0.16393804550170898, 0.01874789409339428, 0.15218566358089447, 0.20565763115882874, 0.21719765663146973, 0.061562974005937576, 0.1807100921869278]"
2025-09-04 13:51:33.487255,Sad,"[0.17772023379802704, 0.01821194402873516, 0.1973959356546402, 0.056432172656059265, 0.37245631217956543, 0.012175040319561958, 0.16560836136341095]"
2025-09-04 13:51:33.625724,Sad,"[0.22185231745243073, 0.025862548500299454, 0.15975326299667358, 0.14426618814468384, 0.3404158651828766, 0.008294445462524891, 0.09955532103776932]"
2025-09-04 13:51:33.669566,Sad,"[0.1760280877351761, 0.020405199378728867, 0.1526431441307068, 0.20756205916404724, 0.22057558596134186, 0.057364992797374725, 0.16542093455791473]"
2025-09-04 13:51:33.709809,Neutral,"[0.1172381266951561, 0.012874702922999859, 0.12438257038593292, 0.23621708154678345, 0.15290027856826782, 0.10045046359300613, 0.25593680143356323]"
2025-09-04 13:51:33.867206,Sad,"[0.2213820070028305, 0.024974385276436806, 0.1552562266588211, 0.1314581036567688, 0.34918415546417236, 0.007829680107533932, 0.10991543531417847]"
2025-09-04 13:51:33.909030,Sad,"[0.1715625673532486, 0.019783731549978256, 0.15222491323947906, 0.206976056098938, 0.21865184605121613, 0.05954505130648613, 0.17125579714775085]"
2025-09-04 13:51:33.953253,Neutral,"[0.13003893196582794, 0.014225494116544724, 0.11933326721191406, 0.2247394621372223, 0.17036733031272888, 0.08248913288116455, 0.25880640745162964]"
2025-09-04 13:51:34.098104,Sad,"[0.21891528367996216, 0.024240219965577126, 0.15306356549263, 0.12959419190883636, 0.34325969219207764, 0.009026940912008286, 0.12190011143684387]"
2025-09-04 13:51:34.139737,Happy,"[0.1607246994972229, 0.01821034960448742, 0.14449375867843628, 0.20526163280010223, 0.19873909652233124, 0.08065696060657501, 0.191913440823555]"
2025-09-04 13:51:34.182702,Neutral,"[0.16916051506996155, 0.017725510522723198, 0.13192862272262573, 0.16310924291610718, 0.2107745110988617, 0.06961813569068909, 0.2376834601163864]"
2025-09-04 13:51:34.225058,Neutral,"[0.16193918883800507, 0.01774745061993599, 0.13397125899791718, 0.19076403975486755, 0.1967160999774933, 0.08159977197647095, 0.21726228296756744]"
2025-09-04 13:51:34.369829,Sad,"[0.21600688993930817, 0.02446417137980461, 0.15648819506168365, 0.14767047762870789, 0.3190653622150421, 0.012768334709107876, 0.1235366016626358]"
2025-09-04 13:51:34.415539,Sad,"[0.17324481904506683, 0.02006678469479084, 0.15487456321716309, 0.20671874284744263, 0.22578632831573486, 0.05335291847586632, 0.1659558266401291]"
2025-09-04 13:51:34.458311,Neutral,"[0.13899363577365875, 0.01540842279791832, 0.12423353642225266, 0.22193996608257294, 0.17633695900440216, 0.08499804884195328, 0.2380894422531128]"
2025-09-04 13:51:34.502467,Sad,"[0.17209970951080322, 0.01766369119286537, 0.16610278189182281, 0.10315092653036118, 0.31010812520980835, 0.022371578961610794, 0.20850315690040588]"
2025-09-04 13:51:34.636308,Sad,"[0.18653181195259094, 0.021951323375105858, 0.15590503811836243, 0.2078174650669098, 0.2316635549068451, 0.04719351604580879, 0.14893729984760284]"
2025-09-04 13:51:34.681523,Sad,"[0.21868427097797394, 0.026008453220129013, 0.16314400732517242, 0.15781503915786743, 0.32670360803604126, 0.009901273995637894, 0.09774333238601685]"
2025-09-04 13:51:34.725398,Sad,"[0.1538883000612259, 0.014674343168735504, 0.21615970134735107, 0.03837204724550247, 0.2952742874622345, 0.03614543005824089, 0.2454858422279358]"
2025-09-04 13:51:34.867354,Sad,"[0.2248498797416687, 0.025860760360956192, 0.1540079265832901, 0.1434227079153061, 0.3415488302707672, 0.008844991214573383, 0.10146491974592209]"
2025-09-04 13:51:34.908669,Sad,"[0.17587758600711823, 0.020306766033172607, 0.14840973913669586, 0.20809553563594818, 0.21006371080875397, 0.06707592308521271, 0.17017073929309845]"
2025-09-04 13:51:34.952018,Sad,"[0.15219739079475403, 0.014704261906445026, 0.23661646246910095, 0.03663047403097153, 0.29935652017593384, 0.034069180488586426, 0.22642569243907928]"
2025-09-04 13:51:34.992344,Neutral,"[0.13732905685901642, 0.01481460127979517, 0.11500240862369537, 0.2112053781747818, 0.182383731007576, 0.07064030319452286, 0.26862451434135437]"
2025-09-04 13:51:35.123682,Sad,"[0.1747487336397171, 0.02015318162739277, 0.14845651388168335, 0.2079142928123474, 0.20998018980026245, 0.06729661673307419, 0.17145051062107086]"
2025-09-04 13:51:35.165642,Sad,"[0.22432836890220642, 0.02726515382528305, 0.16411983966827393, 0.14786867797374725, 0.35200396180152893, 0.005924695171415806, 0.07848934084177017]"
2025-09-04 13:51:35.208070,Sad,"[0.16034619510173798, 0.015258868224918842, 0.20447196066379547, 0.04313543438911438, 0.3187331557273865, 0.02652195654809475, 0.23153240978717804]"
2025-09-04 13:51:35.360766,Sad,"[0.22649715840816498, 0.026913724839687347, 0.16079631447792053, 0.14734554290771484, 0.34075236320495605, 0.0076431105844676495, 0.09005183726549149]"
2025-09-04 13:51:35.401450,Happy,"[0.17390669882297516, 0.02001821994781494, 0.14720740914344788, 0.20785315334796906, 0.20687195658683777, 0.07053545117378235, 0.17360714077949524]"
2025-09-04 13:51:35.531330,Sad,"[0.22107869386672974, 0.024365073069930077, 0.1517098844051361, 0.1269596964120865, 0.3447062075138092, 0.0088264225050807, 0.12235402315855026]"
2025-09-04 13:51:35.574348,Sad,"[0.1715901792049408, 0.019748639315366745, 0.1500254124403, 0.20726047456264496, 0.21322160959243774, 0.06451720744371414, 0.1736365407705307]"
2025-09-04 13:51:35.614826,Sad,"[0.1517716944217682, 0.014536172151565552, 0.23417939245700836, 0.04013669118285179, 0.2921477258205414, 0.038810472935438156, 0.22841788828372955]"
2025-09-04 13:51:35.663793,Neutral,"[0.12128838151693344, 0.012425905093550682, 0.1787581443786621, 0.08068174868822098, 0.18079523742198944, 0.14899477362632751, 0.2770557701587677]"
2025-09-04 13:51:35.792856,Sad,"[0.22145430743694305, 0.023393524810671806, 0.1443140208721161, 0.11744927614927292, 0.3368126451969147, 0.010566695593297482, 0.14600950479507446]"
2025-09-04 13:51:35.835117,Sad,"[0.16752739250659943, 0.019184555858373642, 0.14921605587005615, 0.2066149115562439, 0.21059009432792664, 0.06747614592313766, 0.17939084768295288]"
2025-09-04 13:51:35.989779,Sad,"[0.2180248200893402, 0.023134244605898857, 0.14634709060192108, 0.1172659769654274, 0.3431645333766937, 0.009666037745773792, 0.14239729940891266]"
2025-09-04 13:51:36.032837,Happy,"[0.1600908488035202, 0.018085816875100136, 0.14074359834194183, 0.20481069386005402, 0.19050712883472443, 0.0906601995229721, 0.19510169327259064]"
2025-09-04 13:51:36.187667,Happy,"[0.16375592350959778, 0.018571453168988228, 0.14078955352306366, 0.2056490182876587, 0.1910463571548462, 0.08969543129205704, 0.19049227237701416]"
2025-09-04 13:51:36.246277,Sad,"[0.21287977695465088, 0.022447599098086357, 0.14664563536643982, 0.11538174748420715, 0.3477611243724823, 0.00919357780367136, 0.14569057524204254]"
2025-09-04 13:51:36.401024,Sad,"[0.19292089343070984, 0.02277027629315853, 0.15240773558616638, 0.20932485163211823, 0.22370442748069763, 0.052384983748197556, 0.14648690819740295]"
2025-09-04 13:51:36.443711,Sad,"[0.21736986935138702, 0.02366017922759056, 0.15070544183254242, 0.12550614774227142, 0.34223347902297974, 0.009493271820247173, 0.13103166222572327]"
2025-09-04 13:51:36.484441,Sad,"[0.1580917239189148, 0.015294334851205349, 0.2075905054807663, 0.03873511776328087, 0.3291368782520294, 0.026137078180909157, 0.225014328956604]"
2025-09-04 13:51:36.616677,Sad,"[0.22188423573970795, 0.024101968854665756, 0.14917542040348053, 0.11513213813304901, 0.3635943830013275, 0.00667231110855937, 0.11943958699703217]"
2025-09-04 13:51:36.657944,Happy,"[0.15994803607463837, 0.018054990097880363, 0.13950395584106445, 0.20461919903755188, 0.18787029385566711, 0.0940844938158989, 0.19591909646987915]"
2025-09-04 13:51:36.801369,Sad,"[0.22805653512477875, 0.02630268596112728, 0.15632838010787964, 0.13954918086528778, 0.3393738269805908, 0.008463701233267784, 0.10192570090293884]"
2025-09-04 13:51:36.845321,Happy,"[0.18075674772262573, 0.020959964022040367, 0.14741240441799164, 0.20889347791671753, 0.2085331827402115, 0.06795357912778854, 0.16549065709114075]"
2025-09-04 13:51:36.886068,Sad,"[0.14833781123161316, 0.013660382479429245, 0.23083415627479553, 0.031367842108011246, 0.2990990877151489, 0.03423794358968735, 0.24246275424957275]"
2025-09-04 13:51:37.024865,Sad,"[0.22184140980243683, 0.02465250715613365, 0.1527927964925766, 0.12269453704357147, 0.3597894608974457, 0.006801089737564325, 0.1114281639456749]"
2025-09-04 13:51:37.066847,Happy,"[0.17136456072330475, 0.01963960938155651, 0.14489565789699554, 0.20744501054286957, 0.20112834870815277, 0.0769767165184021, 0.1785500943660736]"
2025-09-04 13:51:37.106583,Sad,"[0.15584571659564972, 0.015444537624716759, 0.24225525557994843, 0.048048701137304306, 0.2906500995159149, 0.03948485851287842, 0.20827078819274902]"
2025-09-04 13:51:37.258050,Sad,"[0.2173178344964981, 0.02478908561170101, 0.15749198198318481, 0.14721649885177612, 0.32411840558052063, 0.011565287597477436, 0.11750094592571259]"
2025-09-04 13:51:37.298987,Happy,"[0.1761423498392105, 0.02032816782593727, 0.14751537144184113, 0.2081996351480484, 0.20797373354434967, 0.0691344290971756, 0.17070631682872772]"
2025-09-04 13:51:37.339279,Fear,"[0.13937461376190186, 0.012983474880456924, 0.27246108651161194, 0.033475544303655624, 0.24141332507133484, 0.06865359097719193, 0.2316383570432663]"
2025-09-04 13:51:37.379496,Neutral,"[0.16555815935134888, 0.017707062885165215, 0.13213850557804108, 0.17609138786792755, 0.2044830024242401, 0.07422181218862534, 0.2298000007867813]"
2025-09-04 13:51:37.528038,Sad,"[0.21766988933086395, 0.023780282586812973, 0.15026366710662842, 0.13508543372154236, 0.32038483023643494, 0.013246176764369011, 0.13956962525844574]"
2025-09-04 13:51:37.569735,Happy,"[0.17219890654087067, 0.0197571013122797, 0.14523203670978546, 0.20759901404380798, 0.20202088356018066, 0.07589588314294815, 0.17729613184928894]"
2025-09-04 13:51:37.612713,Sad,"[0.15851815044879913, 0.01807568408548832, 0.20717814564704895, 0.12239981442689896, 0.26675790548324585, 0.050357572734355927, 0.1767127364873886]"
2025-09-04 13:51:37.757856,Sad,"[0.2109406590461731, 0.022452790290117264, 0.1468777060508728, 0.1314341276884079, 0.31221458315849304, 0.015736917033791542, 0.16034311056137085]"
2025-09-04 13:51:37.800033,Happy,"[0.17196668684482574, 0.019732600077986717, 0.145719975233078, 0.20755620300769806, 0.20310400426387787, 0.07474198192358017, 0.1771785467863083]"
2025-09-04 13:51:37.840078,Sad,"[0.1530284434556961, 0.014786507934331894, 0.24684809148311615, 0.04228271543979645, 0.28533628582954407, 0.04097692295908928, 0.21674107015132904]"
2025-09-04 13:51:37.881743,Neutral,"[0.11406448483467102, 0.012619176879525185, 0.11993992328643799, 0.246247336268425, 0.1503278613090515, 0.09774257987737656, 0.2590586245059967]"
2025-09-04 13:51:38.031369,Happy,"[0.17492038011550903, 0.02011329121887684, 0.14432625472545624, 0.20807071030139923, 0.20037205517292023, 0.07739392668008804, 0.17480331659317017]"
2025-09-04 13:51:38.071724,Sad,"[0.21448959410190582, 0.022600768133997917, 0.14528733491897583, 0.12160900235176086, 0.3281448781490326, 0.012356853112578392, 0.15551155805587769]"
2025-09-04 13:51:38.114585,Neutral,"[0.10034015774726868, 0.010233207605779171, 0.22584988176822662, 0.0404183529317379, 0.15596966445446014, 0.23146504163742065, 0.23572364449501038]"
2025-09-04 13:51:38.259443,Sad,"[0.22564032673835754, 0.025100158527493477, 0.15179581940174103, 0.12213487923145294, 0.35877662897109985, 0.006787138991057873, 0.10976503044366837]"
2025-09-04 13:51:38.299683,Sad,"[0.1894143670797348, 0.022256214171648026, 0.15175746381282806, 0.20922495424747467, 0.22115370631217957, 0.055041711777448654, 0.15115149319171906]"
2025-09-04 13:51:38.342646,Sad,"[0.1658049076795578, 0.016482554376125336, 0.21885448694229126, 0.046348150819540024, 0.3363226652145386, 0.021789181977510452, 0.19439809024333954]"
2025-09-04 13:51:38.493962,Sad,"[0.22430391609668732, 0.024249263107776642, 0.14775092899799347, 0.11784662306308746, 0.3515017330646515, 0.008076085709035397, 0.12627144157886505]"
2025-09-04 13:51:38.537214,Sad,"[0.19036607444286346, 0.02239101193845272, 0.151760071516037, 0.20930299162864685, 0.22137917578220367, 0.05470503121614456, 0.15009558200836182]"
2025-09-04 13:51:38.581499,Sad,"[0.15629015862941742, 0.015208667144179344, 0.22995924949645996, 0.03907427191734314, 0.3264690637588501, 0.025396496057510376, 0.2076021134853363]"
2025-09-04 13:51:38.715682,Sad,"[0.22539952397346497, 0.02453630045056343, 0.14855152368545532, 0.11874529719352722, 0.35318073630332947, 0.007743737194687128, 0.1218428984284401]"
2025-09-04 13:51:38.757543,Happy,"[0.18597012758255005, 0.021674869582057, 0.14702516794204712, 0.20960880815982819, 0.20855578780174255, 0.06715676933526993, 0.160008504986763]"
2025-09-04 13:51:38.801112,Sad,"[0.1596270501613617, 0.01597028784453869, 0.23628003895282745, 0.04852721095085144, 0.3013480603694916, 0.03537755832076073, 0.20286978781223297]"
2025-09-04 13:51:38.932390,Sad,"[0.22409385442733765, 0.024300159886479378, 0.14798113703727722, 0.10974183678627014, 0.3744271993637085, 0.005561853758990765, 0.11389392614364624]"
2025-09-04 13:51:38.976633,Sad,"[0.18928909301757812, 0.02219776064157486, 0.14995330572128296, 0.20958369970321655, 0.21646949648857117, 0.05913574993610382, 0.15337087213993073]"
2025-09-04 13:51:39.019398,Fear,"[0.13951146602630615, 0.012793589383363724, 0.27408868074417114, 0.026963764801621437, 0.264255553483963, 0.05160665139555931, 0.23078028857707977]"
2025-09-04 13:51:39.158336,Sad,"[0.211393341422081, 0.021706288680434227, 0.14212118089199066, 0.10890322923660278, 0.3447391092777252, 0.009846863336861134, 0.16128996014595032]"
2025-09-04 13:51:39.198874,Sad,"[0.19107480347156525, 0.022553110495209694, 0.15419061481952667, 0.20868168771266937, 0.22808218002319336, 0.04922128841280937, 0.1461963653564453]"
2025-09-04 13:51:39.326962,Sad,"[0.22103044390678406, 0.02471432089805603, 0.15397879481315613, 0.13124755024909973, 0.34428244829177856, 0.008645621128380299, 0.11610075831413269]"
2025-09-04 13:51:39.367274,Sad,"[0.19285380840301514, 0.022677788510918617, 0.1489006131887436, 0.21009136736392975, 0.21456457674503326, 0.060282398015260696, 0.15062952041625977]"
2025-09-04 13:51:39.417381,Sad,"[0.17099100351333618, 0.017377842217683792, 0.1460614949464798, 0.12858642637729645, 0.27867263555526733, 0.028615009039640427, 0.22969557344913483]"
2025-09-04 13:51:39.562995,Sad,"[0.2177598774433136, 0.023375513032078743, 0.14824916422367096, 0.12143316119909286, 0.34186220169067383, 0.009720254689455032, 0.1375999003648758]"
2025-09-04 13:51:39.606061,Sad,"[0.19120082259178162, 0.022522753104567528, 0.15230692923069, 0.2092319130897522, 0.22302068769931793, 0.05321325734257698, 0.14850367605686188]"
2025-09-04 13:51:39.658220,Happy,"[0.10056515783071518, 0.011346152052283287, 0.10910157859325409, 0.27864816784858704, 0.1366156041622162, 0.09643684327602386, 0.267286479473114]"
2025-09-04 13:51:39.805616,Sad,"[0.22799132764339447, 0.026598667725920677, 0.15790574252605438, 0.1433078944683075, 0.3380144238471985, 0.008391212671995163, 0.09779071062803268]"
2025-09-04 13:51:39.848587,Sad,"[0.19922582805156708, 0.023774197325110435, 0.15565316379070282, 0.2084355652332306, 0.23448649048805237, 0.04328867420554161, 0.13513603806495667]"
2025-09-04 13:51:39.892952,Sad,"[0.1728714257478714, 0.017702754586935043, 0.20098409056663513, 0.05846292898058891, 0.3512871563434601, 0.017230307683348656, 0.1814613789319992]"
2025-09-04 13:51:39.934216,Sad,"[0.1474144458770752, 0.014164697378873825, 0.24284613132476807, 0.03438539803028107, 0.2968825101852417, 0.039079438894987106, 0.22522737085819244]"
2025-09-04 13:51:40.059862,Sad,"[0.22177693247795105, 0.025413809344172478, 0.15740808844566345, 0.13454173505306244, 0.3513472080230713, 0.0072688753716647625, 0.10224335640668869]"
2025-09-04 13:51:40.100523,Sad,"[0.1958826184272766, 0.02337372489273548, 0.15831470489501953, 0.20715776085853577, 0.24138511717319489, 0.03923662379384041, 0.13464944064617157]"
2025-09-04 13:51:40.145469,Neutral,"[0.150772824883461, 0.015249557793140411, 0.11066433787345886, 0.16362330317497253, 0.2070135772228241, 0.05264856666326523, 0.30002784729003906]"
2025-09-04 13:51:40.268358,Happy,"[0.15918730199337006, 0.018929563462734222, 0.12676428258419037, 0.2975534498691559, 0.2026185244321823, 0.03693098947405815, 0.15801595151424408]"
2025-09-04 13:51:40.312269,Sad,"[0.2252422571182251, 0.025417711585760117, 0.1540604531764984, 0.1267402470111847, 0.357035368680954, 0.006775924935936928, 0.10472800582647324]"
2025-09-04 13:51:40.357390,Sad,"[0.14520998299121857, 0.013790255412459373, 0.24236808717250824, 0.039210859686136246, 0.26092851161956787, 0.05787840858101845, 0.24061386287212372]"
2025-09-04 13:51:40.399503,Sad,"[0.18016566336154938, 0.01814936101436615, 0.14774750173091888, 0.11174826323986053, 0.3238261640071869, 0.014944865368306637, 0.2034180909395218]"
2025-09-04 13:51:40.536633,Sad,"[0.22318382561206818, 0.024622861295938492, 0.15127387642860413, 0.120322085916996, 0.3598676323890686, 0.006852197460830212, 0.11387752741575241]"
2025-09-04 13:51:40.580624,Sad,"[0.1815004050731659, 0.02120227739214897, 0.15433087944984436, 0.20784814655780792, 0.22615040838718414, 0.05207534506917, 0.15689250826835632]"
2025-09-04 13:51:40.624141,Sad,"[0.16043366491794586, 0.01604173146188259, 0.22308599948883057, 0.05098449066281319, 0.313253253698349, 0.03009454533457756, 0.20610632002353668]"
2025-09-04 13:51:40.667285,Neutral,"[0.12864920496940613, 0.013620586134493351, 0.11698209494352341, 0.2072686105966568, 0.17355866730213165, 0.0756693109869957, 0.28425151109695435]"
2025-09-04 13:51:40.710180,Sad,"[0.17363987863063812, 0.017013316974043846, 0.13956989347934723, 0.11054451763629913, 0.31360694766044617, 0.016340242698788643, 0.22928528487682343]"
2025-09-04 13:51:40.870438,Sad,"[0.20289349555969238, 0.02229759283363819, 0.15333184599876404, 0.14970020949840546, 0.2991879880428314, 0.018835118040442467, 0.15375366806983948]"
2025-09-04 13:51:40.911370,Happy,"[0.16631965339183807, 0.019260207191109657, 0.1417856514453888, 0.23217172920703888, 0.20748813450336456, 0.05825621262192726, 0.17471836507320404]"
2025-09-04 13:51:40.951508,Sad,"[0.1478838175535202, 0.013815960846841335, 0.21971085667610168, 0.036056578159332275, 0.2975868880748749, 0.03600640222430229, 0.24893955886363983]"
2025-09-04 13:51:40.992202,Sad,"[0.14087171852588654, 0.013001685030758381, 0.23695197701454163, 0.024866217747330666, 0.3059130311012268, 0.0348089300096035, 0.2435864359140396]"
2025-09-04 13:51:41.037771,Happy,"[0.09038159251213074, 0.01020672358572483, 0.1402755230665207, 0.24961937963962555, 0.11429020017385483, 0.1730784773826599, 0.2221481055021286]"
2025-09-04 13:51:41.167043,Happy,"[0.1741262674331665, 0.020448099821805954, 0.14492826163768768, 0.24089424312114716, 0.21530857682228088, 0.0479416623711586, 0.15635280311107635]"
2025-09-04 13:51:41.209427,Sad,"[0.22300322353839874, 0.025212334468960762, 0.15465186536312103, 0.1408538669347763, 0.3279634714126587, 0.010877207852900028, 0.11743800342082977]"
2025-09-04 13:51:41.339220,Sad,"[0.16846035420894623, 0.019320592284202576, 0.14984174072742462, 0.20673681795597076, 0.21224340796470642, 0.06577645242214203, 0.17762064933776855]"
2025-09-04 13:51:41.381955,Sad,"[0.22283215820789337, 0.026100710034370422, 0.16003981232643127, 0.14715296030044556, 0.3363712430000305, 0.008707159198820591, 0.09879593551158905]"
2025-09-04 13:51:41.424153,Sad,"[0.14125552773475647, 0.013130273669958115, 0.22240526974201202, 0.032970868051052094, 0.28454193472862244, 0.04661847651004791, 0.25907763838768005]"
2025-09-04 13:51:41.563791,Sad,"[0.2224135845899582, 0.024880606681108475, 0.1534632295370102, 0.1345893293619156, 0.3356988728046417, 0.009852292947471142, 0.1191021054983139]"
2025-09-04 13:51:41.605755,Happy,"[0.17709597945213318, 0.02061324566602707, 0.14885537326335907, 0.22083625197410583, 0.21371327340602875, 0.05774545669555664, 0.16114048659801483]"
2025-09-04 13:51:41.692479,Sad,"[0.1546616554260254, 0.014510841108858585, 0.1959022432565689, 0.03887949138879776, 0.3116881549358368, 0.0304942075163126, 0.2538633346557617]"
2025-09-04 13:51:41.745156,Neutral,"[0.14450320601463318, 0.015272501856088638, 0.1185975968837738, 0.1917669177055359, 0.19093163311481476, 0.06835178285837173, 0.27057644724845886]"
2025-09-04 13:51:41.902139,Happy,"[0.15519027411937714, 0.017809223383665085, 0.13208837807178497, 0.2506221532821655, 0.1886834353208542, 0.06823348253965378, 0.18737302720546722]"
2025-09-04 13:51:41.944416,Sad,"[0.214013934135437, 0.02424786612391472, 0.15694770216941833, 0.14961117506027222, 0.31644248962402344, 0.013373587280511856, 0.12536323070526123]"
2025-09-04 13:51:41.987744,Sad,"[0.15069299936294556, 0.014088855125010014, 0.21174807846546173, 0.039610136300325394, 0.28957611322402954, 0.039281200617551804, 0.25500261783599854]"
2025-09-04 13:51:42.124270,Sad,"[0.19113998115062714, 0.02200801856815815, 0.14967180788516998, 0.19766707718372345, 0.22644969820976257, 0.052563901990652084, 0.16049957275390625]"
2025-09-04 13:51:42.166033,Sad,"[0.2264718860387802, 0.025882381945848465, 0.1555030345916748, 0.1382228434085846, 0.33807605504989624, 0.008904055692255497, 0.10693977773189545]"
2025-09-04 13:51:42.207910,Sad,"[0.16479595005512238, 0.016762593761086464, 0.21439506113529205, 0.05300510674715042, 0.32091274857521057, 0.028823941946029663, 0.20130455493927002]"
2025-09-04 13:51:42.368132,Sad,"[0.2309996634721756, 0.026770954951643944, 0.1560843139886856, 0.1394806206226349, 0.3399325907230377, 0.008174797520041466, 0.0985570028424263]"
2025-09-04 13:51:42.409168,Sad,"[0.19799396395683289, 0.022882238030433655, 0.1513136327266693, 0.19421996176242828, 0.23595476150512695, 0.04509960114955902, 0.1525358408689499]"
2025-09-04 13:51:42.450971,Neutral,"[0.13250143826007843, 0.014456783421337605, 0.12190551310777664, 0.21975432336330414, 0.17221634089946747, 0.0838327556848526, 0.2553328275680542]"
2025-09-04 13:51:42.589143,Sad,"[0.2264433652162552, 0.026596182957291603, 0.1593094766139984, 0.14436174929141998, 0.34072133898735046, 0.007924744859337807, 0.09464312344789505]"
2025-09-04 13:51:42.630699,Sad,"[0.18062782287597656, 0.021016405895352364, 0.15137000381946564, 0.20838773250579834, 0.21826189756393433, 0.05880094692111015, 0.16153523325920105]"
2025-09-04 13:51:42.671270,Neutral,"[0.11795898526906967, 0.013027483597397804, 0.1255502700805664, 0.23822955787181854, 0.15259601175785065, 0.10264082998037338, 0.2499968707561493]"
2025-09-04 13:51:42.830648,Sad,"[0.22747395932674408, 0.025475887581706047, 0.1523159146308899, 0.1285514533519745, 0.34655532240867615, 0.00809497106820345, 0.11153250932693481]"
2025-09-04 13:51:42.872588,Sad,"[0.19309157133102417, 0.02270432375371456, 0.14857569336891174, 0.21016576886177063, 0.21379590034484863, 0.06095035374164581, 0.15071643888950348]"
2025-09-04 13:51:42.917072,Fear,"[0.1412777155637741, 0.01363757811486721, 0.2612780034542084, 0.03688650205731392, 0.2590247094631195, 0.061460960656404495, 0.226434588432312]"
2025-09-04 13:51:42.959620,Sad,"[0.18491172790527344, 0.020352507010102272, 0.2114780843257904, 0.09599009901285172, 0.31845974922180176, 0.022001851350069046, 0.1468060165643692]"
2025-09-04 13:51:43.094264,Happy,"[0.18533921241760254, 0.021584508940577507, 0.14687742292881012, 0.20954318344593048, 0.20808275043964386, 0.0677291750907898, 0.16084372997283936]"
2025-09-04 13:51:43.136723,Sad,"[0.22461578249931335, 0.02633487991988659, 0.15965306758880615, 0.14478537440299988, 0.3403426706790924, 0.008078082464635372, 0.0961902067065239]"
2025-09-04 13:51:43.303161,Sad,"[0.22349552810192108, 0.025401104241609573, 0.15471012890338898, 0.1179129034280777, 0.38199156522750854, 0.0044372305274009705, 0.09205149859189987]"
2025-09-04 13:51:43.345470,Sad,"[0.1911269873380661, 0.02247897908091545, 0.15091755986213684, 0.20955625176429749, 0.2193519026041031, 0.05630934238433838, 0.15025892853736877]"
2025-09-04 13:51:43.386764,Sad,"[0.1722356528043747, 0.01733722724020481, 0.14237476885318756, 0.1273447722196579, 0.28795838356018066, 0.023853039368987083, 0.2288961112499237]"
2025-09-04 13:51:43.525968,Happy,"[0.1856292486190796, 0.021626032888889313, 0.14694556593894958, 0.2095736712217331, 0.20830038189888, 0.06746555864810944, 0.1604595184326172]"
2025-09-04 13:51:43.566179,Sad,"[0.23036082088947296, 0.027073916047811508, 0.15809136629104614, 0.14648711681365967, 0.33366861939430237, 0.008735217154026031, 0.09558289498090744]"
2025-09-04 13:51:43.607218,Sad,"[0.1712876260280609, 0.017773250117897987, 0.14543402194976807, 0.14515870809555054, 0.26844844222068787, 0.031592756509780884, 0.22030521929264069]"
2025-09-04 13:51:43.756187,Sad,"[0.21568788588047028, 0.02369980700314045, 0.15256349742412567, 0.1311955451965332, 0.3363020718097687, 0.010321490466594696, 0.130229651927948]"
2025-09-04 13:51:43.799594,Sad,"[0.18998852372169495, 0.022343836724758148, 0.15202517807483673, 0.20920896530151367, 0.22198952734470367, 0.0542532280087471, 0.15019066631793976]"
2025-09-04 13:51:43.841987,Sad,"[0.1490096151828766, 0.014297202229499817, 0.2283192276954651, 0.038334883749485016, 0.3088158965110779, 0.032295532524585724, 0.22892765700817108]"
2025-09-04 13:51:43.996158,Sad,"[0.22950062155723572, 0.02563539892435074, 0.1497717648744583, 0.10826268047094345, 0.3904988765716553, 0.0038898701313883066, 0.09244084358215332]"
2025-09-04 13:51:44.039148,Happy,"[0.18224802613258362, 0.02137932926416397, 0.14661362767219543, 0.23005202412605286, 0.2108025699853897, 0.05599289387464523, 0.15291143953800201]"
2025-09-04 13:51:44.080595,Sad,"[0.15410764515399933, 0.01511088665574789, 0.2237228900194168, 0.04700201004743576, 0.2973620891571045, 0.037523701786994934, 0.2251707762479782]"
2025-09-04 13:51:44.121872,Surprise,"[0.10250364243984222, 0.010296023450791836, 0.2362613081932068, 0.04313408583402634, 0.14642338454723358, 0.23849162459373474, 0.22288991510868073]"
2025-09-04 13:51:44.256258,Sad,"[0.23186416923999786, 0.02555217407643795, 0.14857594668865204, 0.12082967162132263, 0.3511301279067993, 0.007619611453264952, 0.1144283339381218]"
2025-09-04 13:51:44.297628,Sad,"[0.17782069742679596, 0.02056736871600151, 0.14806997776031494, 0.2084181010723114, 0.2095886766910553, 0.06729845702648163, 0.16823676228523254]"
2025-09-04 13:51:44.338650,Sad,"[0.1734827309846878, 0.017765482887625694, 0.14496441185474396, 0.13505980372428894, 0.283913254737854, 0.025349516421556473, 0.21946483850479126]"
2025-09-04 13:51:44.381452,Neutral,"[0.1090708002448082, 0.011952090077102184, 0.1125517338514328, 0.24898426234722137, 0.148598313331604, 0.08916454762220383, 0.27967822551727295]"
2025-09-04 13:51:44.535288,Sad,"[0.2319028526544571, 0.02649109438061714, 0.15380670130252838, 0.13083522021770477, 0.34969598054885864, 0.0071997386403381824, 0.10006842762231827]"
2025-09-04 13:51:44.577373,Happy,"[0.1804041564464569, 0.02088228426873684, 0.14566311240196228, 0.20893728733062744, 0.20433326065540314, 0.07233767956495285, 0.16744227707386017]"
2025-09-04 13:51:44.617754,Neutral,"[0.09066284447908401, 0.00892255175858736, 0.24209479987621307, 0.035221781581640244, 0.14380811154842377, 0.23590999841690063, 0.24337992072105408]"
2025-09-04 13:51:44.661542,Neutral,"[0.12484707683324814, 0.013321898877620697, 0.11952663213014603, 0.21446792781352997, 0.16708461940288544, 0.0826149433851242, 0.27813687920570374]"
2025-09-04 13:51:44.818158,Sad,"[0.22452031075954437, 0.024176623672246933, 0.1497049629688263, 0.1106945127248764, 0.35752251744270325, 0.007710891310125589, 0.12567023932933807]"
2025-09-04 13:51:44.859463,Sad,"[0.18114332854747772, 0.02108697220683098, 0.15131792426109314, 0.20845992863178253, 0.2182345986366272, 0.05875594541430473, 0.1610012650489807]"
2025-09-04 13:51:45.000850,Sad,"[0.17842765152454376, 0.02031022682785988, 0.1485685408115387, 0.19820082187652588, 0.21937629580497742, 0.059729523956775665, 0.1753869205713272]"
2025-09-04 13:51:45.041182,Sad,"[0.2154051959514618, 0.023698683828115463, 0.16956667602062225, 0.1056952103972435, 0.34457188844680786, 0.011629034765064716, 0.12943324446678162]"
2025-09-04 13:51:45.185294,Sad,"[0.21618260443210602, 0.023522745817899704, 0.15083804726600647, 0.12764714658260345, 0.33742234110832214, 0.010280255228281021, 0.13410687446594238]"
2025-09-04 13:51:45.226598,Happy,"[0.13741739094257355, 0.015717612579464912, 0.11786069720983505, 0.2786216735839844, 0.16428127884864807, 0.07906877249479294, 0.20703250169754028]"
2025-09-04 13:51:45.267758,Sad,"[0.14917375147342682, 0.014468858018517494, 0.2256411910057068, 0.0351213701069355, 0.3184581995010376, 0.0313270203769207, 0.22580958902835846]"
2025-09-04 13:51:45.313875,Surprise,"[0.08218462765216827, 0.008375123143196106, 0.24623838067054749, 0.042470283806324005, 0.12899954617023468, 0.26918792724609375, 0.2225441187620163]"
2025-09-04 13:51:45.461696,Sad,"[0.22228524088859558, 0.025179335847496986, 0.15549403429031372, 0.1365162581205368, 0.3396252989768982, 0.009015211835503578, 0.11188457161188126]"
2025-09-04 13:51:45.507461,Happy,"[0.16806155443191528, 0.019160740077495575, 0.14216601848602295, 0.20668713748455048, 0.1945764124393463, 0.08492651581764221, 0.18442167341709137]"
2025-09-04 13:51:45.653788,Happy,"[0.1686420738697052, 0.019258061423897743, 0.14376617968082428, 0.20689648389816284, 0.19819077849388123, 0.080597884953022, 0.18264847993850708]"
2025-09-04 13:51:45.708217,Sad,"[0.2189081311225891, 0.024105727672576904, 0.1522640883922577, 0.1258459836244583, 0.34853124618530273, 0.00838707759976387, 0.12195780873298645]"
2025-09-04 13:51:45.757306,Fear,"[0.12968803942203522, 0.012188022956252098, 0.2880348265171051, 0.025665881112217903, 0.2548326253890991, 0.06327987462282181, 0.22631070017814636]"
2025-09-04 13:51:45.897042,Sad,"[0.2229938805103302, 0.024682052433490753, 0.15186552703380585, 0.1226479783654213, 0.3564964234828949, 0.007195550482720137, 0.11411862075328827]"
2025-09-04 13:51:45.943745,Sad,"[0.17307008802890778, 0.019910935312509537, 0.14762596786022186, 0.20769216120243073, 0.20772100985050201, 0.06976377964019775, 0.17421604692935944]"
2025-09-04 13:51:45.989276,Sad,"[0.1819128394126892, 0.019442906603217125, 0.15968722105026245, 0.1329880654811859, 0.3149111270904541, 0.01702776923775673, 0.1740301102399826]"
2025-09-04 13:51:46.133249,Sad,"[0.2114305943250656, 0.02256539650261402, 0.1486952155828476, 0.1242857277393341, 0.33429038524627686, 0.011218499392271042, 0.14751414954662323]"
2025-09-04 13:51:46.181591,Sad,"[0.17412017285823822, 0.02009793557226658, 0.15024733543395996, 0.2076425850391388, 0.21421314775943756, 0.06329778581857681, 0.1703810691833496]"
2025-09-04 13:51:46.228504,Happy,"[0.12717939913272858, 0.014271636493504047, 0.1283891350030899, 0.23739740252494812, 0.15990668535232544, 0.10175363719463348, 0.2311021089553833]"
2025-09-04 13:51:46.387450,Sad,"[0.22535282373428345, 0.026005052030086517, 0.1570650041103363, 0.14468346536159515, 0.33084362745285034, 0.00981502328068018, 0.10623495280742645]"
2025-09-04 13:51:46.428627,Happy,"[0.16318704187870026, 0.018585409969091415, 0.1381104588508606, 0.21172839403152466, 0.19277194142341614, 0.08336883038282394, 0.19224782288074493]"
2025-09-04 13:51:46.470771,Sad,"[0.14572401344776154, 0.014207963831722736, 0.22800347208976746, 0.034500475972890854, 0.31387215852737427, 0.034577883780002594, 0.2291140854358673]"
2025-09-04 13:51:46.619465,Sad,"[0.22732894122600555, 0.0253597404807806, 0.15110275149345398, 0.11439564824104309, 0.3772227466106415, 0.004937733989208937, 0.09965242445468903]"
2025-09-04 13:51:46.664530,Sad,"[0.16077928245067596, 0.018276121467351913, 0.1479412317276001, 0.2059825360774994, 0.20755712687969208, 0.0706731528043747, 0.18879052996635437]"
2025-09-04 13:51:46.705394,Sad,"[0.15240633487701416, 0.014978357590734959, 0.2305467575788498, 0.039005715399980545, 0.3112172782421112, 0.03390683978796005, 0.21793875098228455]"
2025-09-04 13:51:46.746644,Neutral,"[0.1497049182653427, 0.01604718714952469, 0.1372014731168747, 0.18816524744033813, 0.1854899376630783, 0.08932894468307495, 0.23406226933002472]"
2025-09-04 13:51:46.874246,Sad,"[0.18678498268127441, 0.021471455693244934, 0.1529638022184372, 0.19585545361042023, 0.2351561039686203, 0.04663845896720886, 0.16112969815731049]"
2025-09-04 13:51:46.916578,Sad,"[0.21668946743011475, 0.024856436997652054, 0.1589917093515396, 0.1434323489665985, 0.336628794670105, 0.009378766641020775, 0.11002242565155029]"
2025-09-04 13:51:46.959653,Sad,"[0.14637765288352966, 0.01384111400693655, 0.2562614381313324, 0.03570050746202469, 0.2797079384326935, 0.04349679499864578, 0.22461450099945068]"
2025-09-04 13:51:47.001652,Neutral,"[0.15189827978610992, 0.016268311068415642, 0.12067732214927673, 0.19215749204158783, 0.19630800187587738, 0.06861358880996704, 0.25407707691192627]"
2025-09-04 13:51:47.044390,Sad,"[0.169239342212677, 0.017069609835743904, 0.14961424469947815, 0.11787426471710205, 0.2811947464942932, 0.029466111212968826, 0.23554174602031708]"
2025-09-04 13:51:47.178214,Sad,"[0.22703760862350464, 0.026548372581601143, 0.15767109394073486, 0.12668368220329285, 0.3740880787372589, 0.004584124311804771, 0.08338697999715805]"
2025-09-04 13:51:47.220573,Sad,"[0.1709177941083908, 0.019419148564338684, 0.1479688137769699, 0.20102167129516602, 0.2132350206375122, 0.0655345767736435, 0.18190297484397888]"
2025-09-04 13:51:47.260790,Fear,"[0.12725892663002014, 0.011973160319030285, 0.2719951272010803, 0.03375718742609024, 0.22544828057289124, 0.08795203268527985, 0.24161526560783386]"
2025-09-04 13:51:47.301004,Neutral,"[0.13155312836170197, 0.014173569157719612, 0.12856101989746094, 0.21022772789001465, 0.1694646030664444, 0.0914476066827774, 0.2545723617076874]"
2025-09-04 13:51:47.438506,Sad,"[0.18083398044109344, 0.019705167040228844, 0.14087188243865967, 0.17616583406925201, 0.22108976542949677, 0.06053352355957031, 0.2007998675107956]"
2025-09-04 13:51:47.481653,Sad,"[0.23273247480392456, 0.026851743459701538, 0.1552055925130844, 0.13154268264770508, 0.3519444465637207, 0.00676767248660326, 0.09495536237955093]"
2025-09-04 13:51:47.624040,Sad,"[0.22311687469482422, 0.023459119722247124, 0.14504630863666534, 0.1118469387292862, 0.3395925760269165, 0.010440817102789879, 0.14649727940559387]"
2025-09-04 13:51:47.667799,Sad,"[0.17133566737174988, 0.019672246649861336, 0.14819638431072235, 0.20700040459632874, 0.20907074213027954, 0.06865513324737549, 0.17606940865516663]"
2025-09-04 13:51:47.795349,Sad,"[0.21220572292804718, 0.02547418139874935, 0.16139882802963257, 0.1894407719373703, 0.27375328540802, 0.02280735783278942, 0.11491981148719788]"
2025-09-04 13:51:47.836629,Happy,"[0.1787904053926468, 0.02060578018426895, 0.1455029398202896, 0.20721688866615295, 0.20482005178928375, 0.07232507318258286, 0.17073889076709747]"
2025-09-04 13:51:47.878573,Neutral,"[0.16224943101406097, 0.016914118081331253, 0.12209907174110413, 0.168572336435318, 0.20972488820552826, 0.06217404082417488, 0.2582662105560303]"
2025-09-04 13:51:48.059757,Sad,"[0.2330770641565323, 0.026633838191628456, 0.15340085327625275, 0.1280040144920349, 0.35512006282806396, 0.00653867470100522, 0.09722543507814407]"
2025-09-04 13:51:48.119805,Happy,"[0.17421863973140717, 0.020083818584680557, 0.14497727155685425, 0.21423174440860748, 0.20266969501972198, 0.0718473494052887, 0.1719714105129242]"
2025-09-04 13:51:48.182623,Sad,"[0.15563346445560455, 0.014890122227370739, 0.2175675481557846, 0.0452207550406456, 0.28514915704727173, 0.03847185894846916, 0.24306708574295044]"
2025-09-04 13:51:48.236446,Sad,"[0.1730678379535675, 0.017862075939774513, 0.159260556101799, 0.1167580708861351, 0.30350884795188904, 0.022328196093440056, 0.20721435546875]"
2025-09-04 13:51:48.413227,Sad,"[0.18581004440784454, 0.021824540570378304, 0.1549670696258545, 0.20806601643562317, 0.22889019548892975, 0.04936521500349045, 0.15107686817646027]"
2025-09-04 13:51:48.458443,Sad,"[0.2211630493402481, 0.024896249175071716, 0.1542833000421524, 0.1423640251159668, 0.3228974938392639, 0.011967851780354977, 0.1224280521273613]"
2025-09-04 13:51:48.500865,Fear,"[0.1401205062866211, 0.01348526868969202, 0.2806069254875183, 0.03606005012989044, 0.2522752285003662, 0.06262873113155365, 0.21482332050800323]"
2025-09-04 13:51:48.542758,Neutral,"[0.12847036123275757, 0.014104675501585007, 0.1209348812699318, 0.2276245504617691, 0.16740523278713226, 0.08629673719406128, 0.25516360998153687]"
2025-09-04 13:51:48.686288,Sad,"[0.22235175967216492, 0.02458828315138817, 0.15173079073429108, 0.1303575187921524, 0.33781498670578003, 0.009739845991134644, 0.12341684848070145]"
2025-09-04 13:51:48.726089,Sad,"[0.18039660155773163, 0.020966576412320137, 0.150477334856987, 0.20850247144699097, 0.2159668356180191, 0.060890644788742065, 0.16279955208301544]"
2025-09-04 13:51:48.768594,Happy,"[0.11523447930812836, 0.013076038099825382, 0.12336374074220657, 0.25829997658729553, 0.14735859632492065, 0.10678175091743469, 0.2358853816986084]"
2025-09-04 13:51:48.810558,Sad,"[0.17875990271568298, 0.01799844205379486, 0.14898961782455444, 0.11132226139307022, 0.3156568706035614, 0.017296237871050835, 0.2099766582250595]"
2025-09-04 13:51:48.854377,Sad,"[0.16214504837989807, 0.017672648653388023, 0.23151254653930664, 0.06760717183351517, 0.31906694173812866, 0.030418401584029198, 0.1715773046016693]"
2025-09-04 13:51:48.985433,Sad,"[0.22504593431949615, 0.02579095959663391, 0.15889622271060944, 0.12589633464813232, 0.3598476052284241, 0.006509426981210709, 0.09801356494426727]"
2025-09-04 13:51:49.028222,Sad,"[0.18277209997177124, 0.021313315257430077, 0.15129828453063965, 0.20865607261657715, 0.21851982176303864, 0.05828171223402023, 0.1591586321592331]"
2025-09-04 13:51:49.069126,Neutral,"[0.14458273351192474, 0.0149046890437603, 0.11175399273633957, 0.17905302345752716, 0.1973951905965805, 0.05816994979977608, 0.29414039850234985]"
2025-09-04 13:51:49.238262,Sad,"[0.19109532237052917, 0.02258501760661602, 0.15525329113006592, 0.20832721889019012, 0.23103755712509155, 0.04700122028589249, 0.14470039308071136]"
2025-09-04 13:51:49.284858,Sad,"[0.2329239398241043, 0.025647075846791267, 0.14797870814800262, 0.11564747989177704, 0.3623228371143341, 0.006324987858533859, 0.10915493965148926]"
2025-09-04 13:51:49.327053,Sad,"[0.17025204002857208, 0.01793629676103592, 0.2013665735721588, 0.11337300390005112, 0.2801947295665741, 0.036066312342882156, 0.18081097304821014]"
2025-09-04 13:51:49.459973,Sad,"[0.19151289761066437, 0.022031480446457863, 0.15072830021381378, 0.1958835870027542, 0.23087549209594727, 0.04933394119143486, 0.15963424742221832]"
2025-09-04 13:51:49.504059,Sad,"[0.22272780537605286, 0.024562334641814232, 0.15130199491977692, 0.12730196118354797, 0.3430258631706238, 0.008998671546578407, 0.12208137661218643]"
2025-09-04 13:51:49.545708,Sad,"[0.13369140028953552, 0.012546557001769543, 0.2682030498981476, 0.025957679376006126, 0.2695837616920471, 0.055048223584890366, 0.23496924340724945]"
2025-09-04 13:51:49.586875,Sad,"[0.15061038732528687, 0.01498776488006115, 0.23486854135990143, 0.052567996084690094, 0.255414754152298, 0.06493131816387177, 0.22661924362182617]"
2025-09-04 13:51:49.725097,Sad,"[0.18328005075454712, 0.021341875195503235, 0.1491997092962265, 0.20904339849948883, 0.213353231549263, 0.06290842592716217, 0.16087333858013153]"
2025-09-04 13:51:49.767159,Sad,"[0.2289397269487381, 0.025632375851273537, 0.15143556892871857, 0.11801433563232422, 0.36956629157066345, 0.005517804995179176, 0.10089394450187683]"
2025-09-04 13:51:49.910258,Sad,"[0.22818924486637115, 0.025651754811406136, 0.15198205411434174, 0.11652900278568268, 0.37576067447662354, 0.0049467808566987514, 0.09694048017263412]"
2025-09-04 13:51:49.951579,Happy,"[0.17629000544548035, 0.020303016528487206, 0.14457082748413086, 0.20830510556697845, 0.20114099979400635, 0.07636132836341858, 0.17302879691123962]"
2025-09-04 13:51:50.091287,Sad,"[0.21541288495063782, 0.024259312078356743, 0.15658891201019287, 0.13852813839912415, 0.33656781911849976, 0.009829503484070301, 0.11881346255540848]"
2025-09-04 13:51:50.131866,Sad,"[0.1839270293712616, 0.021458040922880173, 0.15050876140594482, 0.20892615616321564, 0.21675434708595276, 0.059687696397304535, 0.15873797237873077]"
2025-09-04 13:51:50.174927,Sad,"[0.17361368238925934, 0.017170265316963196, 0.323714941740036, 0.02733188308775425, 0.34299325942993164, 0.014261513948440552, 0.10091448575258255]"
2025-09-04 13:51:50.327669,Sad,"[0.2260054349899292, 0.025996005162596703, 0.15585973858833313, 0.12292253971099854, 0.3750346004962921, 0.004764909390360117, 0.08941677212715149]"
2025-09-04 13:51:50.372878,Sad,"[0.1889369785785675, 0.02220837026834488, 0.1525861620903015, 0.2089845836162567, 0.22322779893875122, 0.053390149027109146, 0.15066590905189514]"
2025-09-04 13:51:50.418570,Neutral,"[0.13997770845890045, 0.014674387872219086, 0.12571249902248383, 0.1888834834098816, 0.18328744173049927, 0.07796797156333923, 0.26949653029441833]"
2025-09-04 13:51:50.548942,Sad,"[0.21788889169692993, 0.02460399456322193, 0.1564730852842331, 0.1306259036064148, 0.3543647527694702, 0.007288202177733183, 0.1087552160024643]"
2025-09-04 13:51:50.591814,Sad,"[0.1906033456325531, 0.021702740341424942, 0.15206098556518555, 0.18837802112102509, 0.2413361519575119, 0.0430467389523983, 0.16287203133106232]"
2025-09-04 13:51:50.723138,Sad,"[0.22605736553668976, 0.025537462905049324, 0.15369635820388794, 0.12198919802904129, 0.3677188456058502, 0.005647070240229368, 0.09935369342565536]"
2025-09-04 13:51:50.765645,Sad,"[0.18224000930786133, 0.021233929321169853, 0.15104438364505768, 0.20863904058933258, 0.21776454150676727, 0.05902266502380371, 0.16005542874336243]"
2025-09-04 13:51:50.807561,Sad,"[0.1627805083990097, 0.01637786068022251, 0.203058660030365, 0.054966021329164505, 0.3278839588165283, 0.025274576619267464, 0.20965838432312012]"
2025-09-04 13:51:50.951361,Sad,"[0.22471101582050323, 0.025930751115083694, 0.1573774218559265, 0.13277333974838257, 0.356704980134964, 0.006451495457440615, 0.09605102241039276]"
2025-09-04 13:51:50.990750,Happy,"[0.177690327167511, 0.02040671743452549, 0.14541199803352356, 0.20569314062595367, 0.2054721564054489, 0.07202542573213577, 0.17330022156238556]"
2025-09-04 13:51:51.032160,Sad,"[0.15799595415592194, 0.015799492597579956, 0.23179934918880463, 0.052627258002758026, 0.3011583387851715, 0.0343056358397007, 0.20631398260593414]"
2025-09-04 13:51:51.190154,Sad,"[0.22709819674491882, 0.024739699438214302, 0.1479129195213318, 0.1116071492433548, 0.3702678680419922, 0.005822998005896807, 0.11255121976137161]"
2025-09-04 13:51:51.231747,Sad,"[0.18642687797546387, 0.02178400382399559, 0.14937502145767212, 0.20938509702682495, 0.2144148349761963, 0.06145142391324043, 0.15716278553009033]"
2025-09-04 13:51:51.273234,Sad,"[0.1428004503250122, 0.013033130206167698, 0.20122753083705902, 0.02706110291182995, 0.3208265006542206, 0.028384217992424965, 0.26666712760925293]"
2025-09-04 13:51:51.316917,Sad,"[0.18248842656612396, 0.01901356503367424, 0.14955224096775055, 0.13261045515537262, 0.307756245136261, 0.017902687191963196, 0.19067639112472534]"
2025-09-04 13:51:51.457680,Happy,"[0.1380903273820877, 0.016175584867596626, 0.10620265454053879, 0.3396867513656616, 0.1629248708486557, 0.052911896258592606, 0.18400782346725464]"
2025-09-04 13:51:51.500861,Sad,"[0.2182721644639969, 0.025245647877454758, 0.15978452563285828, 0.1431540697813034, 0.34101003408432007, 0.008510900661349297, 0.10402262955904007]"
2025-09-04 13:51:51.542149,Neutral,"[0.09227927774190903, 0.007955352775752544, 0.2546844184398651, 0.013364149257540703, 0.1882891207933426, 0.13162118196487427, 0.3118065297603607]"
2025-09-04 13:51:51.590098,Happy,"[0.13119448721408844, 0.014821951277554035, 0.14078636467456818, 0.22866229712963104, 0.15780501067638397, 0.11879223585128784, 0.20793773233890533]"
2025-09-04 13:51:51.735935,Happy,"[0.1680201143026352, 0.019155040383338928, 0.14215315878391266, 0.20667777955532074, 0.1945427656173706, 0.08497143536806107, 0.1844797432422638]"
2025-09-04 13:51:51.776695,Sad,"[0.22518254816532135, 0.025003328919410706, 0.15170465409755707, 0.12382745742797852, 0.35399314761161804, 0.007377199362963438, 0.11291176825761795]"
2025-09-04 13:51:51.817586,Sad,"[0.15629945695400238, 0.01546303927898407, 0.24902017414569855, 0.045724786818027496, 0.2890492379665375, 0.040148116648197174, 0.20429518818855286]"
2025-09-04 13:51:51.860632,Surprise,"[0.08648935705423355, 0.008091641589999199, 0.24207818508148193, 0.053350601345300674, 0.08530287444591522, 0.37259551882743835, 0.1520918607711792]"
2025-09-04 13:51:51.906329,Surprise,"[0.06123881787061691, 0.005733456928282976, 0.23932425677776337, 0.030057229101657867, 0.06717187911272049, 0.4557895064353943, 0.14068487286567688]"
2025-09-04 13:51:52.062220,Sad,"[0.22315695881843567, 0.025434227660298347, 0.15606139600276947, 0.1280742734670639, 0.361337810754776, 0.006220013368874788, 0.09971538186073303]"
2025-09-04 13:51:52.110484,Happy,"[0.17359009385108948, 0.019980793818831444, 0.14756855368614197, 0.2077825367450714, 0.20767121016979218, 0.06975376605987549, 0.17365315556526184]"
2025-09-04 13:51:52.155712,Neutral,"[0.08565983921289444, 0.007599052041769028, 0.27791497111320496, 0.016834663227200508, 0.19126568734645844, 0.1384943425655365, 0.2822314202785492]"
2025-09-04 13:51:52.195674,Neutral,"[0.11860359460115433, 0.013135204091668129, 0.11050113290548325, 0.24738357961177826, 0.1598901003599167, 0.0802510529756546, 0.27023541927337646]"
2025-09-04 13:51:52.329444,Sad,"[0.19823303818702698, 0.023504968732595444, 0.15738146007061005, 0.20256635546684265, 0.24399782717227936, 0.03810979798436165, 0.13620659708976746]"
2025-09-04 13:51:52.373284,Sad,"[0.23089516162872314, 0.026796409860253334, 0.15619300305843353, 0.1330517679452896, 0.3542366325855255, 0.00642685079947114, 0.0924002006649971]"
2025-09-04 13:51:52.417067,Neutral,"[0.10210109502077103, 0.009800301864743233, 0.2457687109708786, 0.02693823352456093, 0.19878841936588287, 0.13758118450641632, 0.27902212738990784]"
2025-09-04 13:51:52.460877,Happy,"[0.10640702396631241, 0.01196790300309658, 0.11091801524162292, 0.26955944299697876, 0.14333584904670715, 0.09325865656137466, 0.26455312967300415]"
2025-09-04 13:51:52.586176,Sad,"[0.21686163544654846, 0.024812374264001846, 0.15862709283828735, 0.14129707217216492, 0.33954837918281555, 0.009000984951853752, 0.10985244065523148]"
2025-09-04 13:51:52.627339,Sad,"[0.18910051882266998, 0.022181948646903038, 0.15044288337230682, 0.2094750553369522, 0.21767842769622803, 0.0580890066921711, 0.15303222835063934]"
2025-09-04 13:51:52.670422,Fear,"[0.10691361874341965, 0.01079849898815155, 0.28077226877212524, 0.03565192595124245, 0.1853841096162796, 0.15648363530635834, 0.2239958941936493]"
2025-09-04 13:51:52.712326,Happy,"[0.11217936873435974, 0.012614338658750057, 0.11646261811256409, 0.2603147625923157, 0.1478501558303833, 0.09680812805891037, 0.25377070903778076]"
2025-09-04 13:51:52.855238,Sad,"[0.22912098467350006, 0.02541763335466385, 0.14936186373233795, 0.109624944627285, 0.3840215504169464, 0.004421593155711889, 0.0980314165353775]"
2025-09-04 13:51:52.895606,Happy,"[0.18554162979125977, 0.021613486111164093, 0.14692501723766327, 0.20956452190876007, 0.20823466777801514, 0.06754510849714279, 0.16057553887367249]"
2025-09-04 13:51:53.024687,Happy,"[0.17971989512443542, 0.020785557106137276, 0.1454865038394928, 0.20884020626544952, 0.20380648970603943, 0.07299527525901794, 0.16836613416671753]"
2025-09-04 13:51:53.066162,Sad,"[0.2160225808620453, 0.023516932502388954, 0.15103638172149658, 0.12700270116329193, 0.3395712673664093, 0.009939860552549362, 0.1329103410243988]"
2025-09-04 13:51:53.233310,Sad,"[0.22259151935577393, 0.024873176589608192, 0.15658752620220184, 0.12309617549180984, 0.35150423645973206, 0.00806973036378622, 0.1132776141166687]"
2025-09-04 13:51:53.274493,Sad,"[0.1928977519273758, 0.02275310456752777, 0.15185624361038208, 0.2094689905643463, 0.2222280204296112, 0.05359772592782974, 0.1471981555223465]"
2025-09-04 13:51:53.315591,Sad,"[0.17111949622631073, 0.017609164118766785, 0.21013760566711426, 0.05281475931406021, 0.35741350054740906, 0.0166312288492918, 0.17427422106266022]"
2025-09-04 13:51:53.464149,Sad,"[0.2231285125017166, 0.02504001371562481, 0.15384231507778168, 0.13341692090034485, 0.34000086784362793, 0.00911487266421318, 0.1154564842581749]"
2025-09-04 13:51:53.508712,Sad,"[0.19101844727993011, 0.02245905064046383, 0.15072032809257507, 0.2095893770456314, 0.21881608664989471, 0.05679008364677429, 0.15060658752918243]"
2025-09-04 13:51:53.553600,Sad,"[0.166489839553833, 0.01673983596265316, 0.21296516060829163, 0.05562591180205345, 0.3218569755554199, 0.02591410093009472, 0.2004081904888153]"
2025-09-04 13:51:53.701841,Sad,"[0.22529236972332, 0.024225594475865364, 0.14650291204452515, 0.11051619797945023, 0.36602073907852173, 0.006427044048905373, 0.12101516127586365]"
2025-09-04 13:51:53.745537,Sad,"[0.19239020347595215, 0.022682270035147667, 0.15191498398780823, 0.2094184309244156, 0.22226284444332123, 0.053650062531232834, 0.14768120646476746]"
2025-09-04 13:51:53.884273,Happy,"[0.17828892171382904, 0.020583774894475937, 0.14511063694953918, 0.20862679183483124, 0.20269951224327087, 0.07438535243272781, 0.17030499875545502]"
2025-09-04 13:51:53.949169,Sad,"[0.21779277920722961, 0.023974262177944183, 0.15153226256370544, 0.1372053623199463, 0.32105034589767456, 0.012959284707903862, 0.1354857087135315]"
2025-09-04 13:51:53.998417,Sad,"[0.15182805061340332, 0.014863570220768452, 0.22992560267448425, 0.04127638041973114, 0.3068002760410309, 0.03448859229683876, 0.2208174616098404]"
2025-09-04 13:51:54.052001,Happy,"[0.09581953287124634, 0.010903130285441875, 0.11368118226528168, 0.2855948209762573, 0.12796847522258759, 0.1114843413233757, 0.2545485198497772]"
2025-09-04 13:51:54.203856,Sad,"[0.2221435010433197, 0.025690793991088867, 0.15853999555110931, 0.14250069856643677, 0.3393201231956482, 0.00861726887524128, 0.10318762809038162]"
2025-09-04 13:51:54.248541,Sad,"[0.19319383800029755, 0.022846009582281113, 0.15380428731441498, 0.2089279443025589, 0.22756436467170715, 0.04929407313466072, 0.1443694829940796]"
2025-09-04 13:51:54.291702,Sad,"[0.17381922900676727, 0.018142422661185265, 0.2089492231607437, 0.05828826129436493, 0.3586256504058838, 0.01578547991812229, 0.1663898080587387]"
2025-09-04 13:51:54.448467,Sad,"[0.22578716278076172, 0.02533235214650631, 0.15304940938949585, 0.13156293332576752, 0.34205183386802673, 0.008732384070754051, 0.11348391324281693]"
2025-09-04 13:51:54.489480,Sad,"[0.2047480344772339, 0.02462354302406311, 0.15664076805114746, 0.20791471004486084, 0.23920883238315582, 0.0392521470785141, 0.1276119500398636]"
2025-09-04 13:51:54.529899,Sad,"[0.15934278070926666, 0.0157729834318161, 0.22159533202648163, 0.046841811388731, 0.31509315967559814, 0.029957521706819534, 0.21139636635780334]"
2025-09-04 13:51:54.571216,Sad,"[0.17803902924060822, 0.017840003594756126, 0.1566915661096573, 0.09503503888845444, 0.33568623661994934, 0.01435046922415495, 0.20235764980316162]"
2025-09-04 13:51:54.710986,Sad,"[0.22575531899929047, 0.02405066043138504, 0.144937202334404, 0.11176855117082596, 0.3557950556278229, 0.007653492037206888, 0.13003964722156525]"
2025-09-04 13:51:54.752444,Happy,"[0.18489839136600494, 0.02162492275238037, 0.14904431998729706, 0.2146318107843399, 0.21433699131011963, 0.059284862130880356, 0.15617862343788147]"
2025-09-04 13:51:54.794994,Sad,"[0.1651732474565506, 0.01684362255036831, 0.21578019857406616, 0.0563858225941658, 0.3118429481983185, 0.031765688210725784, 0.20220854878425598]"
2025-09-04 13:51:54.920304,Sad,"[0.21129317581653595, 0.022408148273825645, 0.14479121565818787, 0.12915638089179993, 0.31723886728286743, 0.0143421096727252, 0.1607700139284134]"
2025-09-04 13:51:54.962782,Happy,"[0.13725832104682922, 0.015503562986850739, 0.14074085652828217, 0.22352516651153564, 0.16424567997455597, 0.11309029906988144, 0.20563603937625885]"
2025-09-04 13:51:55.006140,Sad,"[0.144123375415802, 0.01351586077362299, 0.22419914603233337, 0.03059033304452896, 0.3018689751625061, 0.037261057645082474, 0.2484412044286728]"
2025-09-04 13:51:55.153555,Sad,"[0.2241515815258026, 0.026227563619613647, 0.15903156995773315, 0.13084419071674347, 0.3681207597255707, 0.005135783459991217, 0.0864885151386261]"
2025-09-04 13:51:55.194913,Happy,"[0.14833562076091766, 0.01674814149737358, 0.1403188407421112, 0.21418525278568268, 0.1758793294429779, 0.10340127348899841, 0.20113155245780945]"
2025-09-04 13:51:55.235884,Sad,"[0.15275250375270844, 0.01482666190713644, 0.23485684394836426, 0.04512283205986023, 0.27943873405456543, 0.04593713581562042, 0.2270652800798416]"
2025-09-04 13:51:55.277747,Neutral,"[0.16828808188438416, 0.0173955075442791, 0.1300755888223648, 0.15763702988624573, 0.21297729015350342, 0.06601832062005997, 0.24760818481445312]"
2025-09-04 13:51:55.420642,Happy,"[0.1676483303308487, 0.01564878039062023, 0.17403586208820343, 0.244621142745018, 0.11687178909778595, 0.1469232141971588, 0.13425086438655853]"
2025-09-04 13:51:55.461608,Sad,"[0.21263672411441803, 0.023862618952989578, 0.15399104356765747, 0.15518811345100403, 0.2964876592159271, 0.018592026084661484, 0.13924190402030945]"
2025-09-04 13:51:55.504736,Sad,"[0.18650460243225098, 0.019036225974559784, 0.19665256142616272, 0.05402519181370735, 0.3586696684360504, 0.015203411690890789, 0.1699082851409912]"
2025-09-04 13:51:55.546160,Sad,"[0.17292478680610657, 0.017285512760281563, 0.21525877714157104, 0.0526827797293663, 0.33238711953163147, 0.021333418786525726, 0.18812769651412964]"
2025-09-04 13:51:55.689847,Sad,"[0.22507651150226593, 0.025252465158700943, 0.15291385352611542, 0.13749493658542633, 0.3288227617740631, 0.010819138959050179, 0.11962033063173294]"
2025-09-04 13:51:55.732304,Neutral,"[0.13555490970611572, 0.01445738784968853, 0.11360778659582138, 0.2064276784658432, 0.18238060176372528, 0.06852656602859497, 0.27904510498046875]"
2025-09-04 13:51:55.863495,Sad,"[0.22512677311897278, 0.02517799474298954, 0.15172134339809418, 0.12825237214565277, 0.352143257856369, 0.0076821246184408665, 0.10989617556333542]"
2025-09-04 13:51:55.908079,Happy,"[0.1744118481874466, 0.016629980877041817, 0.17505499720573425, 0.2197088748216629, 0.13119950890541077, 0.14001746475696564, 0.14297731220722198]"
2025-09-04 13:51:56.050257,Happy,"[0.1715836524963379, 0.01729986071586609, 0.1762618124485016, 0.1861686259508133, 0.15923482179641724, 0.12467774748802185, 0.16477350890636444]"
2025-09-04 13:51:56.091815,Sad,"[0.230337455868721, 0.025735946372151375, 0.15094390511512756, 0.12044966965913773, 0.3616642951965332, 0.006276262924075127, 0.10459247976541519]"
2025-09-04 13:51:56.133370,Sad,"[0.1508103460073471, 0.014092128723859787, 0.2207435965538025, 0.03876374289393425, 0.2805625796318054, 0.04395640641450882, 0.25107115507125854]"
2025-09-04 13:51:56.294318,Sad,"[0.2229057103395462, 0.024206489324569702, 0.1483382135629654, 0.12802504003047943, 0.329662948846817, 0.011375046335160732, 0.13548654317855835]"
2025-09-04 13:51:56.335642,Sad,"[0.15055106580257416, 0.01413461659103632, 0.21221062541007996, 0.04157000780105591, 0.2780020833015442, 0.04464639723300934, 0.25888529419898987]"
2025-09-04 13:51:56.494465,Sad,"[0.23014166951179504, 0.026005122810602188, 0.1526685208082199, 0.13563036918640137, 0.3338714838027954, 0.009640050120651722, 0.11204271018505096]"
2025-09-04 13:51:56.538441,Sad,"[0.18290020525455475, 0.021333733573555946, 0.1545228213071823, 0.20280534029006958, 0.22163622081279755, 0.057768914848566055, 0.15903282165527344]"
2025-09-04 13:51:56.685705,Happy,"[0.1355329155921936, 0.012971076183021069, 0.17540068924427032, 0.24185070395469666, 0.10368410497903824, 0.1822787970304489, 0.1482817381620407]"
2025-09-04 13:51:56.727839,Sad,"[0.22539737820625305, 0.024372359737753868, 0.1462538242340088, 0.10148312896490097, 0.39277446269989014, 0.00410476652905345, 0.10561417788267136]"
2025-09-04 13:51:56.771073,Neutral,"[0.11371991038322449, 0.012231463566422462, 0.11705324053764343, 0.2305435687303543, 0.15417610108852386, 0.08893423527479172, 0.28334149718284607]"
2025-09-04 13:51:56.931618,Sad,"[0.17434191703796387, 0.020203161984682083, 0.1541534960269928, 0.20702967047691345, 0.2241285890340805, 0.05457678809762001, 0.16556642949581146]"
2025-09-04 13:51:56.974101,Sad,"[0.2193876951932907, 0.022773105651140213, 0.1421389877796173, 0.10847446322441101, 0.34954601526260376, 0.008866529911756516, 0.14881321787834167]"
2025-09-04 13:51:57.118386,Sad,"[0.17239747941493988, 0.019869737327098846, 0.15066364407539368, 0.20732183754444122, 0.21492542326450348, 0.06282942742109299, 0.17199251055717468]"
2025-09-04 13:51:57.161653,Sad,"[0.2205195128917694, 0.02445298247039318, 0.1528749018907547, 0.12787014245986938, 0.34713175892829895, 0.008414654061198235, 0.11873607337474823]"
2025-09-04 13:51:57.202175,Happy,"[0.10981881618499756, 0.012302402406930923, 0.11596184968948364, 0.2605282664299011, 0.1456722915172577, 0.09753787517547607, 0.25817856192588806]"
2025-09-04 13:51:57.349545,Sad,"[0.22854991257190704, 0.02455536648631096, 0.1454547792673111, 0.11763390153646469, 0.3442055583000183, 0.008997134864330292, 0.13060343265533447]"
2025-09-04 13:51:57.390955,Happy,"[0.12795637547969818, 0.013258387334644794, 0.14499306678771973, 0.3169606029987335, 0.11175155639648438, 0.1298929899930954, 0.15518707036972046]"
2025-09-04 13:51:57.435826,Neutral,"[0.11567968875169754, 0.01284753531217575, 0.11146412789821625, 0.25169435143470764, 0.15564320981502533, 0.08422687649726868, 0.2684442102909088]"
2025-09-04 13:51:57.492030,Neutral,"[0.13544467091560364, 0.014322598464787006, 0.10960067808628082, 0.2023741602897644, 0.18525798618793488, 0.06299607455730438, 0.29000380635261536]"
2025-09-04 13:51:57.660460,Sad,"[0.2231016755104065, 0.024315452203154564, 0.14939415454864502, 0.1213037297129631, 0.3493613600730896, 0.008289750665426254, 0.1242339089512825]"
2025-09-04 13:51:57.707871,Happy,"[0.16028235852718353, 0.01826620101928711, 0.14548079669475555, 0.21599243581295013, 0.19958452880382538, 0.0743027776479721, 0.18609093129634857]"
2025-09-04 13:51:57.751992,Neutral,"[0.1265678107738495, 0.013860367238521576, 0.12261463701725006, 0.22703595459461212, 0.16474848985671997, 0.08962336927652359, 0.25554946064949036]"
2025-09-04 13:51:57.885547,Sad,"[0.22405776381492615, 0.02359868958592415, 0.14294172823429108, 0.11735415458679199, 0.33251991868019104, 0.011223890818655491, 0.14830385148525238]"
2025-09-04 13:51:57.930711,Sad,"[0.17170991003513336, 0.017618423327803612, 0.20360082387924194, 0.05936506390571594, 0.3334287405014038, 0.022982897236943245, 0.19129414856433868]"
2025-09-04 13:51:57.979423,Neutral,"[0.13354672491550446, 0.014071180485188961, 0.11421240866184235, 0.2008199691772461, 0.18111461400985718, 0.06880351901054382, 0.287431538105011]"
2025-09-04 13:51:58.113718,Sad,"[0.22555407881736755, 0.024482600390911102, 0.1478676199913025, 0.12328319996595383, 0.33945924043655396, 0.009668905287981033, 0.1296844333410263]"
2025-09-04 13:51:58.157128,Happy,"[0.15532070398330688, 0.017774978652596474, 0.1439734399318695, 0.2874034345149994, 0.173517107963562, 0.06571991741657257, 0.15629038214683533]"
2025-09-04 13:51:58.203565,Sad,"[0.1458916813135147, 0.014004499651491642, 0.2133733034133911, 0.03969696909189224, 0.29371213912963867, 0.04168865457177162, 0.2516327500343323]"
2025-09-04 13:51:58.245817,Happy,"[0.11736128479242325, 0.013189814053475857, 0.1148829236626625, 0.2558242678642273, 0.15473240613937378, 0.0898006409406662, 0.25420859456062317]"
2025-09-04 13:51:58.390203,Sad,"[0.22804716229438782, 0.025049416348338127, 0.1488194465637207, 0.12948007881641388, 0.3306383788585663, 0.010808855295181274, 0.12715661525726318]"
2025-09-04 13:51:58.434268,Happy,"[0.14909490942955017, 0.01729351468384266, 0.14010725915431976, 0.2700420618057251, 0.17230923473834991, 0.07820922136306763, 0.1729438304901123]"
2025-09-04 13:51:58.480363,Happy,"[0.10445614904165268, 0.011871913447976112, 0.11778681725263596, 0.27349263429641724, 0.1369125097990036, 0.10873030871152878, 0.24674959480762482]"
2025-09-04 13:51:58.619096,Sad,"[0.2296544462442398, 0.025718234479427338, 0.15160557627677917, 0.1302681863307953, 0.34080860018730164, 0.008804351091384888, 0.11314059048891068]"
2025-09-04 13:51:58.661686,Happy,"[0.10580825805664062, 0.012318155728280544, 0.10679271817207336, 0.37862589955329895, 0.12813349068164825, 0.07356418669223785, 0.19475732743740082]"
2025-09-04 13:51:58.703541,Happy,"[0.10394568741321564, 0.011795367114245892, 0.12458924204111099, 0.2674577832221985, 0.13365252315998077, 0.12134316563606262, 0.23721617460250854]"
2025-09-04 13:51:58.845614,Sad,"[0.22795744240283966, 0.024465152993798256, 0.14541353285312653, 0.11805658042430878, 0.3427361249923706, 0.00924341008067131, 0.13212774693965912]"
2025-09-04 13:51:58.886762,Happy,"[0.151765838265419, 0.017337743192911148, 0.12788833677768707, 0.2635057866573334, 0.17187857627868652, 0.08224798738956451, 0.18537560105323792]"
2025-09-04 13:51:58.928131,Neutral,"[0.11779802292585373, 0.012606541626155376, 0.10126008093357086, 0.22867928445339203, 0.16705141961574554, 0.06417156755924225, 0.30843305587768555]"
2025-09-04 13:51:59.082684,Sad,"[0.22860945761203766, 0.024549100548028946, 0.1452587991952896, 0.11920470744371414, 0.33960583806037903, 0.00968049094080925, 0.13309158384799957]"
2025-09-04 13:51:59.123668,Happy,"[0.11652260273694992, 0.013424341566860676, 0.11877338588237762, 0.3372998535633087, 0.132914736866951, 0.09324916452169418, 0.18781602382659912]"
2025-09-04 13:51:59.165139,Sad,"[0.13024109601974487, 0.011930429376661777, 0.26407766342163086, 0.022206539288163185, 0.28197842836380005, 0.04557208716869354, 0.24399371445178986]"
2025-09-04 13:51:59.319059,Happy,"[0.1385282576084137, 0.0156765878200531, 0.13917095959186554, 0.2310326248407364, 0.16418860852718353, 0.10909739136695862, 0.20230557024478912]"
2025-09-04 13:51:59.367118,Sad,"[0.2323368638753891, 0.026104051619768143, 0.1506895273923874, 0.11609668284654617, 0.3731940984725952, 0.0050622206181287766, 0.09651656448841095]"
2025-09-04 13:51:59.539174,Sad,"[0.2245059311389923, 0.02473396621644497, 0.1506040245294571, 0.11814896762371063, 0.36320847272872925, 0.006471745204180479, 0.11232687532901764]"
2025-09-04 13:51:59.580677,Happy,"[0.16820834577083588, 0.01918967440724373, 0.14294293522834778, 0.2067687213420868, 0.1963035613298416, 0.08284709602594376, 0.18373963236808777]"
2025-09-04 13:51:59.725936,Happy,"[0.11390440911054611, 0.013106485828757286, 0.11738660931587219, 0.3325600028038025, 0.13277293741703033, 0.09407434612512589, 0.19619521498680115]"
2025-09-04 13:51:59.770031,Sad,"[0.22139590978622437, 0.023248732089996338, 0.14333480596542358, 0.0997423529624939, 0.38202613592147827, 0.005216066259890795, 0.12503601610660553]"
2025-09-04 13:51:59.813196,Sad,"[0.16184061765670776, 0.016205530613660812, 0.21811573207378387, 0.05087610334157944, 0.3149646818637848, 0.030091894790530205, 0.20790550112724304]"
2025-09-04 13:51:59.892232,Happy,"[0.11016064882278442, 0.012138244695961475, 0.11716300994157791, 0.25956350564956665, 0.14444923400878906, 0.09766465425491333, 0.25886070728302]"
2025-09-04 13:52:00.048723,Sad,"[0.22219599783420563, 0.02513246424496174, 0.15458104014396667, 0.1446535587310791, 0.32019415497779846, 0.012324686162173748, 0.12091811746358871]"
2025-09-04 13:52:00.102678,Happy,"[0.15981878340244293, 0.018037529662251472, 0.13945917785167694, 0.20458237826824188, 0.1877615749835968, 0.09423637390136719, 0.1961042284965515]"
2025-09-04 13:52:00.260174,Happy,"[0.12865380942821503, 0.014623396098613739, 0.13578228652477264, 0.25873053073883057, 0.15104086697101593, 0.11157355457544327, 0.19959555566310883]"
2025-09-04 13:52:00.314438,Sad,"[0.21522395312786102, 0.02428579516708851, 0.15255902707576752, 0.15484943985939026, 0.3243732750415802, 0.010076631791889668, 0.11863191425800323]"
2025-09-04 13:52:00.484198,Sad,"[0.21185946464538574, 0.023416731506586075, 0.15303993225097656, 0.144664466381073, 0.31031525135040283, 0.015453348867595196, 0.14125090837478638]"
2025-09-04 13:52:00.527087,Happy,"[0.15428386628627777, 0.017622999846935272, 0.13806100189685822, 0.23859313130378723, 0.17827512323856354, 0.08749911934137344, 0.18566474318504333]"
2025-09-04 13:52:00.659203,Happy,"[0.16033105552196503, 0.018290549516677856, 0.1390472948551178, 0.23104922473430634, 0.18994487822055817, 0.07780671119689941, 0.18353025615215302]"
2025-09-04 13:52:00.704286,Sad,"[0.22410501539707184, 0.02478385902941227, 0.15106193721294403, 0.132159024477005, 0.3321077227592468, 0.010590769350528717, 0.12519174814224243]"
2025-09-04 13:52:00.745520,Fear,"[0.14289125800132751, 0.013443851843476295, 0.26435038447380066, 0.034699901938438416, 0.25881412625312805, 0.05669787526130676, 0.22910259664058685]"
2025-09-04 13:52:00.885512,Happy,"[0.1284511685371399, 0.014485007151961327, 0.14402051270008087, 0.21974489092826843, 0.1564408540725708, 0.1254679411649704, 0.21138961613178253]"
2025-09-04 13:52:00.930813,Sad,"[0.2266012281179428, 0.024473993107676506, 0.14680598676204681, 0.12075389176607132, 0.3414636552333832, 0.009398456662893295, 0.13050271570682526]"
2025-09-04 13:52:00.973505,Sad,"[0.17278455197811127, 0.02044895477592945, 0.20522502064704895, 0.14076104760169983, 0.2951035499572754, 0.02790554240345955, 0.13777132332324982]"
2025-09-04 13:52:01.015381,Sad,"[0.16801796853542328, 0.01902194693684578, 0.18634089827537537, 0.1436866968870163, 0.2802525758743286, 0.03370632603764534, 0.16897358000278473]"
2025-09-04 13:52:01.057415,Sad,"[0.16997137665748596, 0.01905820332467556, 0.22518819570541382, 0.08612004667520523, 0.3049921989440918, 0.031384605914354324, 0.16328537464141846]"
2025-09-04 13:52:01.101956,Sad,"[0.16826149821281433, 0.015757638961076736, 0.17323659360408783, 0.0468730591237545, 0.33055511116981506, 0.020875757560133934, 0.24444033205509186]"
2025-09-04 13:52:01.144981,Sad,"[0.16867554187774658, 0.016735421493649483, 0.1510549932718277, 0.10395592451095581, 0.28206485509872437, 0.03091534599661827, 0.24659790098667145]"
2025-09-04 13:52:01.285256,Sad,"[0.2293986678123474, 0.025855684652924538, 0.1526115983724594, 0.1255064457654953, 0.35587069392204285, 0.006797794718295336, 0.1039591059088707]"
2025-09-04 13:52:01.329937,Happy,"[0.15897813439369202, 0.01812233403325081, 0.13968820869922638, 0.22353540360927582, 0.18355946242809296, 0.08905854821205139, 0.18705785274505615]"
2025-09-04 13:52:01.371908,Fear,"[0.12060975283384323, 0.011154606007039547, 0.2922895550727844, 0.027741162106394768, 0.19975532591342926, 0.11558119207620621, 0.23286837339401245]"
2025-09-04 13:52:01.412756,Sad,"[0.16391621530056, 0.018934238702058792, 0.23948818445205688, 0.08914435654878616, 0.3047102987766266, 0.03461297228932381, 0.14919374883174896]"
2025-09-04 13:52:01.458367,Fear,"[0.07202628254890442, 0.005829931236803532, 0.3015690743923187, 0.0074243503622710705, 0.14578978717327118, 0.17990291118621826, 0.2874576449394226]"
2025-09-04 13:52:01.591259,Happy,"[0.14434227347373962, 0.01626632735133171, 0.14385353028774261, 0.20647592842578888, 0.1735011786222458, 0.1103692501783371, 0.20519156754016876]"
2025-09-04 13:52:01.638491,Sad,"[0.22610953450202942, 0.026642099022865295, 0.15983229875564575, 0.14283695816993713, 0.3457318842411041, 0.007236580830067396, 0.09161067008972168]"
2025-09-04 13:52:01.684883,Sad,"[0.15562210977077484, 0.015100168995559216, 0.116063691675663, 0.12260078638792038, 0.29239022731781006, 0.015556861646473408, 0.2826661467552185]"
2025-09-04 13:52:01.826963,Happy,"[0.13739843666553497, 0.015519308857619762, 0.14073821902275085, 0.22340665757656097, 0.16439387202262878, 0.11296205967664719, 0.2055814266204834]"
2025-09-04 13:52:01.870629,Sad,"[0.22605864703655243, 0.026380211114883423, 0.15857601165771484, 0.1423807442188263, 0.3415967524051666, 0.007971588522195816, 0.09703606367111206]"
2025-09-04 13:52:02.026173,Sad,"[0.22359228134155273, 0.025506090372800827, 0.16178841888904572, 0.1336282342672348, 0.3304796814918518, 0.011257111094892025, 0.11374819278717041]"
2025-09-04 13:52:02.075805,Happy,"[0.1373945027589798, 0.015518871136009693, 0.14073829352855682, 0.2234100103378296, 0.1643897294998169, 0.1129656583070755, 0.20558297634124756]"
2025-09-04 13:52:02.127918,Happy,"[0.11120370030403137, 0.012579559348523617, 0.13763576745986938, 0.2480406016111374, 0.1370602399110794, 0.13586674630641937, 0.21761339902877808]"
2025-09-04 13:52:02.291190,Sad,"[0.22513790428638458, 0.02590068057179451, 0.15683884918689728, 0.14098910987377167, 0.33710014820098877, 0.008946919813752174, 0.10508637875318527]"
2025-09-04 13:52:02.334147,Happy,"[0.12530097365379333, 0.014153505675494671, 0.13557642698287964, 0.2280300259590149, 0.15713337063789368, 0.1149943619966507, 0.22481128573417664]"
2025-09-04 13:52:02.374410,Sad,"[0.18667776882648468, 0.01981167495250702, 0.19785869121551514, 0.07140782475471497, 0.34900593757629395, 0.016306420788168907, 0.1589316874742508]"
2025-09-04 13:52:02.415505,Surprise,"[0.08102282136678696, 0.007841049693524837, 0.24499951303005219, 0.023297259584069252, 0.11740231513977051, 0.31893253326416016, 0.20650453865528107]"
2025-09-04 13:52:02.547637,Happy,"[0.15516716241836548, 0.017515316605567932, 0.13985641300678253, 0.20846134424209595, 0.18296995759010315, 0.09784872829914093, 0.19818104803562164]"
2025-09-04 13:52:02.589493,Sad,"[0.21343466639518738, 0.024002013728022575, 0.15549877285957336, 0.14973652362823486, 0.3108519911766052, 0.014823236502707005, 0.13165274262428284]"
2025-09-04 13:52:02.629975,Sad,"[0.18014010787010193, 0.01828073523938656, 0.19770817458629608, 0.05362708494067192, 0.35724711418151855, 0.015748631209135056, 0.17724820971488953]"
2025-09-04 13:52:02.670713,Fear,"[0.10513491183519363, 0.010428866371512413, 0.2645414471626282, 0.03089946135878563, 0.16794094443321228, 0.19822095334529877, 0.22283338010311127]"
2025-09-04 13:52:02.711624,Fear,"[0.14820683002471924, 0.015185900963842869, 0.30970898270606995, 0.0432807058095932, 0.26526641845703125, 0.05055515468120575, 0.16779597103595734]"
2025-09-04 13:52:02.844498,Sad,"[0.22195540368556976, 0.025578239932656288, 0.15759395062923431, 0.14913250505924225, 0.3230697214603424, 0.011300085112452507, 0.11137008666992188]"
2025-09-04 13:52:02.886764,Happy,"[0.13430900871753693, 0.01517206896096468, 0.14078018069267273, 0.22602196037769318, 0.1611195206642151, 0.11582615971565247, 0.20677103102207184]"
2025-09-04 13:52:03.043990,Happy,"[0.1585686355829239, 0.017993997782468796, 0.1371905654668808, 0.22491951286792755, 0.18503116071224213, 0.08670365065336227, 0.1895924210548401]"
2025-09-04 13:52:03.088215,Sad,"[0.21938671171665192, 0.024558531120419502, 0.15426105260849, 0.13811010122299194, 0.33026552200317383, 0.010839726775884628, 0.12257830053567886]"
2025-09-04 13:52:03.212904,Sad,"[0.21899056434631348, 0.02444816567003727, 0.15315137803554535, 0.14348727464675903, 0.3157455027103424, 0.0136937964707613, 0.1304832249879837]"
2025-09-04 13:52:03.255478,Happy,"[0.13307572901248932, 0.015033443458378315, 0.1407870054244995, 0.2270670235157013, 0.1598087102174759, 0.11699101328849792, 0.20723699033260345]"
2025-09-04 13:52:03.299673,Fear,"[0.10824915766716003, 0.010312004946172237, 0.2747977077960968, 0.02287953346967697, 0.18591633439064026, 0.1607414036989212, 0.2371038943529129]"
2025-09-04 13:52:03.462057,Sad,"[0.2251524180173874, 0.025540625676512718, 0.15428155660629272, 0.1436067819595337, 0.3222738206386566, 0.011730566620826721, 0.11741418391466141]"
2025-09-04 13:52:03.505035,Happy,"[0.14060723781585693, 0.015084860846400261, 0.15829521417617798, 0.20383094251155853, 0.15201076865196228, 0.13650082051753998, 0.1936701238155365]"
2025-09-04 13:52:03.548810,Sad,"[0.142340749502182, 0.013151256367564201, 0.2149273306131363, 0.03277929499745369, 0.2878345549106598, 0.04071596637368202, 0.26825082302093506]"
2025-09-04 13:52:03.589958,Sad,"[0.15480704605579376, 0.01476500928401947, 0.2104726880788803, 0.03237626701593399, 0.33313867449760437, 0.025516273453831673, 0.2289239913225174]"
2025-09-04 13:52:03.726409,Neutral,"[0.13142065703868866, 0.014722317457199097, 0.15443235635757446, 0.18289004266262054, 0.16491098701953888, 0.13463160395622253, 0.21699205040931702]"
2025-09-04 13:52:03.768274,Sad,"[0.2081146538257599, 0.022201357409358025, 0.1612694412469864, 0.10999049991369247, 0.3260977864265442, 0.015526128932833672, 0.15680010616779327]"
2025-09-04 13:52:03.909533,Neutral,"[0.14433492720127106, 0.01625150255858898, 0.14524541795253754, 0.2019106149673462, 0.17425085604190826, 0.11185981333255768, 0.20614688098430634]"
2025-09-04 13:52:03.952200,Sad,"[0.23296691477298737, 0.02681664004921913, 0.15415087342262268, 0.125655859708786, 0.36407217383384705, 0.005520199425518513, 0.09081737697124481]"
2025-09-04 13:52:03.995289,Sad,"[0.15976524353027344, 0.014927476644515991, 0.20955058932304382, 0.04074719175696373, 0.3028053939342499, 0.031534694135189056, 0.24066942930221558]"
2025-09-04 13:52:04.150125,Sad,"[0.2307281345129013, 0.02683247998356819, 0.15664327144622803, 0.13867604732513428, 0.343731552362442, 0.0076137725263834, 0.09577466547489166]"
2025-09-04 13:52:04.193795,Neutral,"[0.1501433104276657, 0.0169169120490551, 0.14349141716957092, 0.20190730690956116, 0.17960235476493835, 0.10526003688573837, 0.20267868041992188]"
2025-09-04 13:52:04.345815,Happy,"[0.1545693725347519, 0.017448199912905693, 0.13990271091461182, 0.20896095037460327, 0.18235203623771667, 0.09832259267568588, 0.19844406843185425]"
2025-09-04 13:52:04.389305,Sad,"[0.21684958040714264, 0.024670302867889404, 0.15740735828876495, 0.14486147463321686, 0.3279588222503662, 0.01096568163484335, 0.1172867864370346]"
2025-09-04 13:52:04.434518,Sad,"[0.1631973385810852, 0.016218500211834908, 0.20798812806606293, 0.05528118088841438, 0.30578041076660156, 0.0326944924890995, 0.21883995831012726]"
2025-09-04 13:52:04.478306,Happy,"[0.08822362869977951, 0.010043226182460785, 0.1123993918299675, 0.29399582743644714, 0.11893434077501297, 0.1190609559416771, 0.2573426365852356]"
2025-09-04 13:52:04.533956,Sad,"[0.1717817485332489, 0.017238035798072815, 0.143469899892807, 0.1229301169514656, 0.278167188167572, 0.02881748229265213, 0.2375955432653427]"
2025-09-04 13:52:04.689041,Sad,"[0.2120029330253601, 0.023127634078264236, 0.15105968713760376, 0.13887472450733185, 0.3137491047382355, 0.014932575635612011, 0.14625339210033417]"
2025-09-04 13:52:04.731389,Happy,"[0.14967651665210724, 0.0168987438082695, 0.14023979008197784, 0.21305938065052032, 0.1772761195898056, 0.10228727757930756, 0.2005622237920761]"
2025-09-04 13:52:04.865366,Happy,"[0.1465337872505188, 0.016563553363084793, 0.14194875955581665, 0.21643324196338654, 0.17650526762008667, 0.10095459967851639, 0.2010607123374939]"
2025-09-04 13:52:04.905887,Sad,"[0.21710200607776642, 0.024922559037804604, 0.15892605483531952, 0.14437106251716614, 0.3347413241863251, 0.009633766487240791, 0.11030329018831253]"
2025-09-04 13:52:04.951557,Neutral,"[0.12047749757766724, 0.011632752604782581, 0.24160641431808472, 0.04002494737505913, 0.23431560397148132, 0.08245709538459778, 0.26948562264442444]"
2025-09-04 13:52:05.110234,Sad,"[0.21924228966236115, 0.024341044947504997, 0.15334051847457886, 0.13122287392616272, 0.3409392237663269, 0.009307559579610825, 0.12160647660493851]"
2025-09-04 13:52:05.154054,Happy,"[0.1539279669523239, 0.017434777691960335, 0.1411229819059372, 0.21255357563495636, 0.181208536028862, 0.09767299145460129, 0.19607914984226227]"
2025-09-04 13:52:05.283663,Happy,"[0.12270521372556686, 0.01390256080776453, 0.12905937433242798, 0.246441051363945, 0.15347920358181, 0.10860882699489594, 0.22580377757549286]"
2025-09-04 13:52:05.325983,Sad,"[0.21651189029216766, 0.02336846850812435, 0.14924442768096924, 0.1264154314994812, 0.3339694142341614, 0.010955610312521458, 0.13953471183776855]"
2025-09-04 13:52:05.459711,Happy,"[0.13364700973033905, 0.015305858105421066, 0.138897106051445, 0.2600460350513458, 0.15556374192237854, 0.10460348427295685, 0.1919367015361786]"
2025-09-04 13:52:05.501018,Sad,"[0.2291734367609024, 0.02532038651406765, 0.14962494373321533, 0.12802207469940186, 0.3375091552734375, 0.009551206603646278, 0.12079872936010361]"
2025-09-04 13:52:05.546109,Neutral,"[0.1074502095580101, 0.009648261591792107, 0.2542143762111664, 0.01925160363316536, 0.1903771162033081, 0.1412573605775833, 0.2778010368347168]"
2025-09-04 13:52:05.710139,Happy,"[0.1340421587228775, 0.015142074786126614, 0.1407821625471115, 0.226248100399971, 0.16083607077598572, 0.11607721447944641, 0.20687232911586761]"
2025-09-04 13:52:05.767765,Sad,"[0.21668629348278046, 0.022948551923036575, 0.14628306031227112, 0.11686041951179504, 0.3442889451980591, 0.009539551101624966, 0.1433931291103363]"
2025-09-04 13:52:05.824165,Sad,"[0.1468835324048996, 0.014088298194110394, 0.2578226327896118, 0.038545768707990646, 0.2700432240962982, 0.05055025964975357, 0.2220662534236908]"
2025-09-04 13:52:05.880674,Sad,"[0.1717507243156433, 0.016694195568561554, 0.13300691545009613, 0.11365479230880737, 0.2900298535823822, 0.021942997351288795, 0.2529204785823822]"
2025-09-04 13:52:06.073947,Sad,"[0.18758505582809448, 0.02138441801071167, 0.1491115689277649, 0.193968266248703, 0.22731325030326843, 0.05283401533961296, 0.16780343651771545]"
2025-09-04 13:52:06.117180,Sad,"[0.21878737211227417, 0.023874890059232712, 0.1498846858739853, 0.1336473673582077, 0.3222677707672119, 0.012843387201428413, 0.13869456946849823]"
2025-09-04 13:52:06.160020,Fear,"[0.116805300116539, 0.010502777062356472, 0.29280439019203186, 0.018726345151662827, 0.22317437827587128, 0.0900481566786766, 0.24793864786624908]"
2025-09-04 13:52:06.202759,Sad,"[0.1686110943555832, 0.01740117184817791, 0.21632049977779388, 0.060688138008117676, 0.320909708738327, 0.026954449713230133, 0.18911489844322205]"
2025-09-04 13:52:06.244501,Neutral,"[0.07970700412988663, 0.00670967809855938, 0.2723255753517151, 0.008574205450713634, 0.1795666515827179, 0.17780493199825287, 0.2753119468688965]"
2025-09-04 13:52:06.286888,Neutral,"[0.07946192473173141, 0.006847882177680731, 0.26690417528152466, 0.013730574399232864, 0.17151576280593872, 0.17410123348236084, 0.28743839263916016]"
2025-09-04 13:52:06.424787,Sad,"[0.18280290067195892, 0.021273769438266754, 0.14910365641117096, 0.20899637043476105, 0.21302354335784912, 0.06328790634870529, 0.16151179373264313]"
2025-09-04 13:52:06.467091,Sad,"[0.22141911089420319, 0.024382129311561584, 0.15086433291435242, 0.1342039704322815, 0.3259843587875366, 0.011855634860694408, 0.13129037618637085]"
2025-09-04 13:52:06.506248,Sad,"[0.14648228883743286, 0.014366697520017624, 0.25963616371154785, 0.03966138884425163, 0.27818021178245544, 0.04931514337658882, 0.21235813200473785]"
2025-09-04 13:52:06.547090,Fear,"[0.14092150330543518, 0.01346813514828682, 0.2571849822998047, 0.04238084703683853, 0.22942620515823364, 0.08301356434822083, 0.23360471427440643]"
2025-09-04 13:52:06.588748,Fear,"[0.07994290441274643, 0.0065780687145888805, 0.286297470331192, 0.008415532298386097, 0.17992742359638214, 0.15955881774425507, 0.27927979826927185]"
2025-09-04 13:52:06.726103,Sad,"[0.22643306851387024, 0.02558152563869953, 0.1550685316324234, 0.13173788785934448, 0.34168028831481934, 0.008804893121123314, 0.11069377511739731]"
2025-09-04 13:52:06.767664,Happy,"[0.1648065149784088, 0.018734507262706757, 0.142904132604599, 0.206063911318779, 0.19576235115528107, 0.08381465822458267, 0.18791386485099792]"
2025-09-04 13:52:06.810854,Sad,"[0.16304832696914673, 0.016458047553896904, 0.20653611421585083, 0.06266867369413376, 0.28863832354545593, 0.041447944939136505, 0.22120262682437897]"
2025-09-04 13:52:06.948299,Happy,"[0.14707526564598083, 0.016693061217665672, 0.12711188197135925, 0.23505288362503052, 0.17832159996032715, 0.08537881821393967, 0.21036647260189056]"
2025-09-04 13:52:06.990280,Sad,"[0.22345829010009766, 0.025900468230247498, 0.16030891239643097, 0.14569148421287537, 0.32594865560531616, 0.01097732875496149, 0.10771485418081284]"
2025-09-04 13:52:07.118512,Happy,"[0.1631273627281189, 0.018569255247712135, 0.14212734997272491, 0.2094370424747467, 0.18984860181808472, 0.08895359933376312, 0.18793681263923645]"
2025-09-04 13:52:07.159168,Sad,"[0.21288546919822693, 0.022240715101361275, 0.16033674776554108, 0.09251464158296585, 0.3448035717010498, 0.012290979735553265, 0.15492789447307587]"
2025-09-04 13:52:07.201521,Sad,"[0.1604759842157364, 0.01604580692946911, 0.22062340378761292, 0.047935280948877335, 0.3144225776195526, 0.03123445436358452, 0.20926256477832794]"
2025-09-04 13:52:07.344075,Happy,"[0.17109425365924835, 0.01957925409078598, 0.14308668673038483, 0.20733888447284698, 0.19702370464801788, 0.08168743550777435, 0.18018977344036102]"
2025-09-04 13:52:07.385536,Sad,"[0.2144089639186859, 0.02321634069085121, 0.16426247358322144, 0.10376914590597153, 0.34910252690315247, 0.010681618936359882, 0.1345590353012085]"
2025-09-04 13:52:07.426077,Sad,"[0.16629768908023834, 0.016944335773587227, 0.21401914954185486, 0.05469859391450882, 0.3304976522922516, 0.024235807359218597, 0.1933068037033081]"
2025-09-04 13:52:07.585205,Happy,"[0.15377527475357056, 0.017367513850331306, 0.13763026893138885, 0.21132075786590576, 0.18263599276542664, 0.09591575711965561, 0.20135444402694702]"
2025-09-04 13:52:07.627463,Sad,"[0.21511583030223846, 0.022431327030062675, 0.14835743606090546, 0.10605357587337494, 0.34535831212997437, 0.010280008427798748, 0.15240353345870972]"
2025-09-04 13:52:07.759498,Sad,"[0.22410772740840912, 0.026283403858542442, 0.15968726575374603, 0.1498851478099823, 0.3304902911186218, 0.009498855099081993, 0.1000472754240036]"
2025-09-04 13:52:07.802848,Happy,"[0.15712974965572357, 0.017844554036855698, 0.14094458520412445, 0.21201267838478088, 0.2004433274269104, 0.07409122586250305, 0.19753389060497284]"
2025-09-04 13:52:07.943096,Happy,"[0.16187399625778198, 0.0186710674315691, 0.14556758105754852, 0.230706587433815, 0.21222588419914246, 0.054981399327516556, 0.17597341537475586]"
2025-09-04 13:52:07.983492,Sad,"[0.21368511021137238, 0.02347070351243019, 0.15225905179977417, 0.1380031853914261, 0.32048487663269043, 0.013279139995574951, 0.13881787657737732]"
2025-09-04 13:52:08.113078,Sad,"[0.220436692237854, 0.025451535359025, 0.15836316347122192, 0.14984892308712006, 0.323945552110672, 0.011151716113090515, 0.11080240458250046]"
2025-09-04 13:52:08.154921,Sad,"[0.18342408537864685, 0.02031601592898369, 0.21720463037490845, 0.07084832340478897, 0.3610037565231323, 0.014043520204722881, 0.13315966725349426]"
2025-09-04 13:52:08.196667,Sad,"[0.17051784694194794, 0.01644575595855713, 0.2045440524816513, 0.045895930379629135, 0.3211006820201874, 0.025444133207201958, 0.21605156362056732]"
2025-09-04 13:52:08.237752,Sad,"[0.1770906150341034, 0.018108244985342026, 0.2087039351463318, 0.036311984062194824, 0.4248148500919342, 0.00587171595543623, 0.12909868359565735]"
2025-09-04 13:52:08.388335,Happy,"[0.13580137491226196, 0.015605094842612743, 0.11659961193799973, 0.259902685880661, 0.1942911148071289, 0.051165301352739334, 0.22663487493991852]"
2025-09-04 13:52:08.432256,Sad,"[0.17064131796360016, 0.017157074064016342, 0.205531045794487, 0.04969903826713562, 0.3382558226585388, 0.022202158346772194, 0.19651351869106293]"
2025-09-04 13:52:08.489761,Sad,"[0.17750854790210724, 0.019819749519228935, 0.17560997605323792, 0.1409144252538681, 0.25486892461776733, 0.049411024898290634, 0.18186745047569275]"
2025-09-04 13:52:08.532855,Sad,"[0.17236942052841187, 0.01815863512456417, 0.24372656643390656, 0.033713843673467636, 0.38300883769989014, 0.01284028496593237, 0.13618247210979462]"
2025-09-04 13:52:08.674311,Happy,"[0.07435403019189835, 0.008784276433289051, 0.06244903430342674, 0.4482763111591339, 0.1185167133808136, 0.029682433232665062, 0.2579372227191925]"
2025-09-04 13:52:08.718103,Fear,"[0.1003553718328476, 0.0106251435354352, 0.2612590193748474, 0.08636554330587387, 0.19919994473457336, 0.11912135779857635, 0.22307366132736206]"
2025-09-04 13:52:08.760284,Sad,"[0.1085485965013504, 0.010506236925721169, 0.23320429027080536, 0.018789095804095268, 0.31569069623947144, 0.06505671888589859, 0.24820435047149658]"
2025-09-04 13:52:08.897383,Sad,"[0.2070983648300171, 0.02256852760910988, 0.14838387072086334, 0.15185432136058807, 0.2810670733451843, 0.024711837992072105, 0.16431602835655212]"
2025-09-04 13:52:08.938744,Sad,"[0.1822109818458557, 0.021876800805330276, 0.17788974940776825, 0.18567486107349396, 0.285561740398407, 0.02215815894305706, 0.12462770193815231]"
2025-09-04 13:52:08.979175,Sad,"[0.16425420343875885, 0.018516939133405685, 0.16100822389125824, 0.18318873643875122, 0.2404460608959198, 0.048107169568538666, 0.18447868525981903]"
2025-09-04 13:52:09.020256,Happy,"[0.1088724359869957, 0.01240893267095089, 0.13394486904144287, 0.285788893699646, 0.13002310693264008, 0.12627273797988892, 0.2026890367269516]"
2025-09-04 13:52:09.063782,Sad,"[0.17134125530719757, 0.01758122816681862, 0.19939479231834412, 0.06579477339982986, 0.3224625289440155, 0.025631416589021683, 0.19779403507709503]"
2025-09-04 13:52:09.109772,Neutral,"[0.11286557465791702, 0.009801384061574936, 0.232215017080307, 0.01228549424558878, 0.26015710830688477, 0.06548700481653214, 0.3071884214878082]"
2025-09-04 13:52:09.254518,Sad,"[0.21659544110298157, 0.022408243268728256, 0.14825043082237244, 0.10040483623743057, 0.3475053310394287, 0.010221871547400951, 0.15461373329162598]"
2025-09-04 13:52:09.294623,Sad,"[0.16239674389362335, 0.015994269400835037, 0.21542617678642273, 0.05761725828051567, 0.28875407576560974, 0.0389614962041378, 0.22084994614124298]"
2025-09-04 13:52:09.431067,Sad,"[0.22205877304077148, 0.023756463080644608, 0.14349587261676788, 0.13542784750461578, 0.29674091935157776, 0.019227847456932068, 0.1592923402786255]"
2025-09-04 13:52:09.497876,Sad,"[0.18863455951213837, 0.02044469118118286, 0.15791988372802734, 0.13463102281093597, 0.3369477391242981, 0.011210977099835873, 0.1502111405134201]"
2025-09-04 13:52:09.546381,Sad,"[0.15119193494319916, 0.014933718368411064, 0.22437898814678192, 0.04649075120687485, 0.3029612600803375, 0.03340959548950195, 0.22663381695747375]"
2025-09-04 13:52:09.587317,Sad,"[0.19815444946289062, 0.023855406790971756, 0.16207101941108704, 0.20482094585895538, 0.2542596757411957, 0.03150737285614014, 0.12533114850521088]"
2025-09-04 13:52:09.748063,Sad,"[0.22152814269065857, 0.024574145674705505, 0.1501786857843399, 0.14659930765628815, 0.30074143409729004, 0.017326397821307182, 0.1390518695116043]"
2025-09-04 13:52:09.788623,Sad,"[0.18960033357143402, 0.019533108919858932, 0.14757992327213287, 0.1197931170463562, 0.33029747009277344, 0.012817653827369213, 0.18037833273410797]"
2025-09-04 13:52:09.833906,Neutral,"[0.07974329590797424, 0.00735584506765008, 0.26650992035865784, 0.017892450094223022, 0.16785015165805817, 0.19075313210487366, 0.2698952257633209]"
2025-09-04 13:52:09.875414,Neutral,"[0.129688560962677, 0.012775888666510582, 0.19018760323524475, 0.04679488390684128, 0.20953942835330963, 0.1282099187374115, 0.2828036844730377]"
2025-09-04 13:52:10.022365,Sad,"[0.21632276475429535, 0.02408517152070999, 0.15311673283576965, 0.14529547095298767, 0.31129568815231323, 0.014859281480312347, 0.13502484560012817]"
2025-09-04 13:52:10.066704,Happy,"[0.14917217195034027, 0.01689562201499939, 0.12633244693279266, 0.22358617186546326, 0.183864027261734, 0.0837264358997345, 0.21642309427261353]"
2025-09-04 13:52:10.107367,Sad,"[0.17210084199905396, 0.017029669135808945, 0.1965225338935852, 0.056421950459480286, 0.31663545966148376, 0.027192741632461548, 0.2140968143939972]"
2025-09-04 13:52:10.150095,Neutral,"[0.1245858371257782, 0.012714198790490627, 0.20383435487747192, 0.05581238493323326, 0.18054425716400146, 0.1763421595096588, 0.24616685509681702]"
2025-09-04 13:52:10.282132,Happy,"[0.14848047494888306, 0.016764409840106964, 0.14031058549880981, 0.21406355500221252, 0.17603035271167755, 0.10328033566474915, 0.20107027888298035]"
2025-09-04 13:52:10.326904,Sad,"[0.20852024853229523, 0.022686386480927467, 0.1512133777141571, 0.14033091068267822, 0.3102065324783325, 0.01595276966691017, 0.15108980238437653]"
2025-09-04 13:52:10.373431,Sad,"[0.16270475089550018, 0.01595728099346161, 0.19295723736286163, 0.05294240638613701, 0.3091059625148773, 0.031846001744270325, 0.234486386179924]"
2025-09-04 13:52:10.520940,Happy,"[0.09600687772035599, 0.011271490715444088, 0.0773225873708725, 0.44388705492019653, 0.11976214498281479, 0.04718722403049469, 0.20456252992153168]"
2025-09-04 13:52:10.562272,Neutral,"[0.1693350225687027, 0.017102006822824478, 0.13002119958400726, 0.1415087878704071, 0.2501572072505951, 0.03723117709159851, 0.25464460253715515]"
2025-09-04 13:52:10.605464,Sad,"[0.15644106268882751, 0.014810062013566494, 0.2134021520614624, 0.027825038880109787, 0.3512755036354065, 0.019988268613815308, 0.21625789999961853]"
2025-09-04 13:52:10.774232,Happy,"[0.11455464363098145, 0.013211728073656559, 0.10634437203407288, 0.34083399176597595, 0.13814352452754974, 0.07778530567884445, 0.2091265171766281]"
2025-09-04 13:52:10.828255,Sad,"[0.19220300018787384, 0.020641842857003212, 0.1528467833995819, 0.14395351707935333, 0.2864532172679901, 0.024764418601989746, 0.17913718521595]"
2025-09-04 13:52:10.882197,Sad,"[0.14828693866729736, 0.013784831389784813, 0.23153473436832428, 0.026958180591464043, 0.3089633285999298, 0.03343623876571655, 0.23703570663928986]"
2025-09-04 13:52:10.932073,Neutral,"[0.1230640783905983, 0.012535224668681622, 0.21909570693969727, 0.04850301891565323, 0.20070259273052216, 0.14639265835285187, 0.24970673024654388]"
2025-09-04 13:52:10.985282,Sad,"[0.17765070497989655, 0.01760096289217472, 0.19368484616279602, 0.04741877317428589, 0.36437392234802246, 0.014218568801879883, 0.18505211174488068]"
2025-09-04 13:52:11.124750,Happy,"[0.14240485429763794, 0.016406547278165817, 0.11512134224176407, 0.2751789093017578, 0.179637148976326, 0.06160855293273926, 0.20964260399341583]"
2025-09-04 13:52:11.166001,Sad,"[0.20979994535446167, 0.02212541364133358, 0.145967036485672, 0.12661147117614746, 0.31805238127708435, 0.014561863616108894, 0.16288189589977264]"
2025-09-04 13:52:11.210874,Sad,"[0.15279527008533478, 0.014806488528847694, 0.22600539028644562, 0.03781277313828468, 0.30636104941368103, 0.03542440012097359, 0.22679461538791656]"
2025-09-04 13:52:11.359935,Sad,"[0.2050206959247589, 0.02122086100280285, 0.1428779810667038, 0.12441045790910721, 0.30907517671585083, 0.016981162130832672, 0.1804136335849762]"
2025-09-04 13:52:11.403015,Happy,"[0.16191981732845306, 0.0183913242071867, 0.14148244261741638, 0.20849944651126862, 0.1889563351869583, 0.09056079387664795, 0.19018986821174622]"
2025-09-04 13:52:11.454927,Sad,"[0.1314724236726761, 0.012193668633699417, 0.2636253237724304, 0.022558551281690598, 0.31281793117523193, 0.03579249978065491, 0.22153958678245544]"
2025-09-04 13:52:11.498651,Sad,"[0.1944807767868042, 0.022193044424057007, 0.20639339089393616, 0.08094798773527145, 0.380907267332077, 0.008459762670099735, 0.1066177561879158]"
2025-09-04 13:52:11.650805,Sad,"[0.21787934005260468, 0.02449747547507286, 0.1556616574525833, 0.13634663820266724, 0.33858704566955566, 0.009469256736338139, 0.11755853146314621]"
2025-09-04 13:52:11.693422,Sad,"[0.18717214465141296, 0.02196810208261013, 0.15297381579875946, 0.20873750746250153, 0.2238447219133377, 0.05314734950661659, 0.15215639770030975]"
2025-09-04 13:52:11.736546,Sad,"[0.1476786881685257, 0.014152473770081997, 0.24888752400875092, 0.03670293837785721, 0.2820870280265808, 0.045057233422994614, 0.22543403506278992]"
2025-09-04 13:52:11.776985,Sad,"[0.19046901166439056, 0.02274249866604805, 0.22469717264175415, 0.0870552659034729, 0.36980336904525757, 0.009912614710628986, 0.09532006829977036]"
2025-09-04 13:52:11.906470,Happy,"[0.15345606207847595, 0.017641780897974968, 0.12439402937889099, 0.265827476978302, 0.17695777118206024, 0.07344987243413925, 0.18827299773693085]"
2025-09-04 13:52:11.946573,Sad,"[0.21275192499160767, 0.022338364273309708, 0.14454658329486847, 0.12379521131515503, 0.31976738572120667, 0.014128441922366619, 0.16267213225364685]"
2025-09-04 13:52:11.986930,Sad,"[0.17811687290668488, 0.020234430208802223, 0.2251848727464676, 0.0668722614645958, 0.3931828439235687, 0.008203554898500443, 0.10820513218641281]"
2025-09-04 13:52:12.028936,Sad,"[0.17242176830768585, 0.017344718798995018, 0.14515215158462524, 0.1217278316617012, 0.2824350893497467, 0.02743442915380001, 0.23348405957221985]"
2025-09-04 13:52:12.185785,Sad,"[0.21540026366710663, 0.023032084107398987, 0.14829915761947632, 0.12006859481334686, 0.34424400329589844, 0.009486597962677479, 0.13946934044361115]"
2025-09-04 13:52:12.232760,Happy,"[0.10669732838869095, 0.01251881942152977, 0.11048121750354767, 0.3980032503604889, 0.13244721293449402, 0.06104332208633423, 0.17880879342556]"
2025-09-04 13:52:12.404772,Sad,"[0.22401060163974762, 0.026290198788046837, 0.15970009565353394, 0.15191085636615753, 0.3268137574195862, 0.010067138820886612, 0.10120731592178345]"
2025-09-04 13:52:12.447717,Happy,"[0.17256280779838562, 0.01978295110166073, 0.14351806044578552, 0.20763114094734192, 0.1981971263885498, 0.08015379309654236, 0.1781541258096695]"
2025-09-04 13:52:12.489496,Sad,"[0.16228726506233215, 0.01576165482401848, 0.2083687037229538, 0.042296696454286575, 0.32206013798713684, 0.026437193155288696, 0.2227882593870163]"
2025-09-04 13:52:12.535120,Sad,"[0.16147059202194214, 0.018487807363271713, 0.21715645492076874, 0.11086060106754303, 0.29859036207199097, 0.036604128777980804, 0.1568300724029541]"
2025-09-04 13:52:12.575158,Sad,"[0.17609192430973053, 0.019731316715478897, 0.2336098998785019, 0.06257771700620651, 0.36971840262413025, 0.013200532644987106, 0.1250702440738678]"
2025-09-04 13:52:12.715685,Sad,"[0.22720393538475037, 0.025476714596152306, 0.1525047868490219, 0.13200275599956512, 0.33954930305480957, 0.009050525724887848, 0.11421201378107071]"
2025-09-04 13:52:12.754895,Sad,"[0.19206565618515015, 0.021621691063046455, 0.14947155117988586, 0.1831585168838501, 0.24021632969379425, 0.04434817284345627, 0.16911806166172028]"
2025-09-04 13:52:12.798092,Sad,"[0.13839572668075562, 0.01301904022693634, 0.23620285093784332, 0.0340593196451664, 0.2664201855659485, 0.05673305690288544, 0.2551697790622711]"
2025-09-04 13:52:12.838782,Neutral,"[0.13326428830623627, 0.014111011289060116, 0.10998456925153732, 0.20510360598564148, 0.18237844109535217, 0.06469928473234177, 0.29045888781547546]"
2025-09-04 13:52:12.991312,Sad,"[0.1884719431400299, 0.021255306899547577, 0.14825765788555145, 0.18758434057235718, 0.23142722249031067, 0.050431281328201294, 0.17257225513458252]"
2025-09-04 13:52:13.033073,Sad,"[0.2045803666114807, 0.021952657029032707, 0.14970433712005615, 0.1394355744123459, 0.2941381633281708, 0.021350566297769547, 0.16883833706378937]"
2025-09-04 13:52:13.073225,Sad,"[0.14451810717582703, 0.013623454608023167, 0.23288388550281525, 0.03313738852739334, 0.2937259376049042, 0.039921171963214874, 0.2421901375055313]"
2025-09-04 13:52:13.114216,Sad,"[0.19242385029792786, 0.02210051566362381, 0.23055894672870636, 0.08374325186014175, 0.3361317217350006, 0.0169769749045372, 0.1180647537112236]"
2025-09-04 13:52:13.286751,Sad,"[0.21961747109889984, 0.02461148053407669, 0.1559489369392395, 0.12551027536392212, 0.3569020926952362, 0.007708992809057236, 0.10970067977905273]"
2025-09-04 13:52:13.327664,Happy,"[0.17602606117725372, 0.020270176231861115, 0.14478395879268646, 0.20826157927513123, 0.20158718526363373, 0.07590287923812866, 0.17316818237304688]"
2025-09-04 13:52:13.369528,Sad,"[0.13429497182369232, 0.012657825835049152, 0.2567084729671478, 0.029484976083040237, 0.2632756531238556, 0.059987518936395645, 0.24359063804149628]"
2025-09-04 13:52:13.410980,Sad,"[0.194367915391922, 0.021537141874432564, 0.1781477928161621, 0.09567324072122574, 0.3905797302722931, 0.00600033113732934, 0.11369391530752182]"
2025-09-04 13:52:13.541270,Sad,"[0.21692977845668793, 0.02383546717464924, 0.1522531509399414, 0.1302025318145752, 0.3377786874771118, 0.010044426657259464, 0.12895594537258148]"
2025-09-04 13:52:13.581383,Sad,"[0.18507836759090424, 0.021714182570576668, 0.15469218790531158, 0.2080875039100647, 0.2279624044895172, 0.050177622586488724, 0.15228770673274994]"
2025-09-04 13:52:13.624260,Neutral,"[0.09760545194149017, 0.00942565780133009, 0.24731597304344177, 0.03214152902364731, 0.1553536355495453, 0.2095177173614502, 0.2486400157213211]"
2025-09-04 13:52:13.770525,Sad,"[0.2057485431432724, 0.02264871820807457, 0.15455974638462067, 0.1425458937883377, 0.3169882595539093, 0.014268063008785248, 0.1432407945394516]"
2025-09-04 13:52:13.814786,Sad,"[0.19703422486782074, 0.023537930101156235, 0.15817663073539734, 0.20722892880439758, 0.2413387894630432, 0.03909630328416824, 0.13358724117279053]"
2025-09-04 13:52:13.858715,Sad,"[0.1330704391002655, 0.012737144716084003, 0.26924973726272583, 0.028080901131033897, 0.26936212182044983, 0.05929776281118393, 0.22820185124874115]"
2025-09-04 13:52:14.007055,Sad,"[0.2014700323343277, 0.021796761080622673, 0.14739197492599487, 0.14519590139389038, 0.3023965656757355, 0.017580805346369743, 0.16416797041893005]"
2025-09-04 13:52:14.049629,Sad,"[0.19818015396595, 0.023680809885263443, 0.15744347870349884, 0.20759792625904083, 0.23948222398757935, 0.04010948911309242, 0.1335059255361557]"
2025-09-04 13:52:14.092125,Neutral,"[0.1225661188364029, 0.013417627662420273, 0.1769290715456009, 0.11634853482246399, 0.16831529140472412, 0.16818851232528687, 0.23423488438129425]"
2025-09-04 13:52:14.134534,Neutral,"[0.1227186769247055, 0.013280774466693401, 0.18229885399341583, 0.10016924887895584, 0.17207807302474976, 0.1709584891796112, 0.23849588632583618]"
2025-09-04 13:52:14.180203,Neutral,"[0.10497839003801346, 0.010980905964970589, 0.20681644976139069, 0.06327037513256073, 0.15111005306243896, 0.22710414230823517, 0.23573970794677734]"
2025-09-04 13:52:14.223302,Happy,"[0.09507298469543457, 0.010804138146340847, 0.11915760487318039, 0.28078770637512207, 0.12499458342790604, 0.12271115928888321, 0.24647176265716553]"
2025-09-04 13:52:14.266654,Sad,"[0.1721256524324417, 0.017192194238305092, 0.15813614428043365, 0.09640030562877655, 0.31475546956062317, 0.020106052979826927, 0.2212841510772705]"
2025-09-04 13:52:14.421502,Sad,"[0.21175909042358398, 0.0224150363355875, 0.14694495499134064, 0.1230032667517662, 0.3303969204425812, 0.011987968347966671, 0.1534927487373352]"
2025-09-04 13:52:14.462949,Happy,"[0.18396930396556854, 0.02201341651380062, 0.14598768949508667, 0.25995007157325745, 0.21730907261371613, 0.038729432970285416, 0.13204091787338257]"
2025-09-04 13:52:14.507879,Sad,"[0.14236539602279663, 0.013703395612537861, 0.19388021528720856, 0.03575288876891136, 0.3173331916332245, 0.040595702826976776, 0.2563692331314087]"
2025-09-04 13:52:14.553805,Neutral,"[0.11511092633008957, 0.01279669813811779, 0.12073562294244766, 0.24776577949523926, 0.1506773978471756, 0.09889036417007446, 0.2540232241153717]"
2025-09-04 13:52:14.676814,Sad,"[0.2102828323841095, 0.02285708487033844, 0.15173406898975372, 0.13367681205272675, 0.3255768120288849, 0.012584181502461433, 0.14328819513320923]"
2025-09-04 13:52:14.718751,Happy,"[0.18248948454856873, 0.02165471389889717, 0.1467064768075943, 0.2486068308353424, 0.2156188189983368, 0.044348083436489105, 0.1405755579471588]"
2025-09-04 13:52:14.762135,Fear,"[0.120919369161129, 0.011239171028137207, 0.29473018646240234, 0.024523096159100533, 0.21782363951206207, 0.09767486900091171, 0.2330896258354187]"
2025-09-04 13:52:14.804189,Fear,"[0.10325338691473007, 0.010009332560002804, 0.26536545157432556, 0.025897204875946045, 0.16738399863243103, 0.1986595094203949, 0.22943115234375]"
2025-09-04 13:52:14.848938,Happy,"[0.0887727439403534, 0.010107256472110748, 0.1117592602968216, 0.294155478477478, 0.11986194550991058, 0.11703374981880188, 0.2583095133304596]"
2025-09-04 13:52:15.003561,Sad,"[0.21980983018875122, 0.023510411381721497, 0.14710812270641327, 0.11918851733207703, 0.3434385359287262, 0.009459856897592545, 0.13748472929000854]"
2025-09-04 13:52:15.045275,Sad,"[0.18636637926101685, 0.021839600056409836, 0.15233758091926575, 0.2088184505701065, 0.22198253870010376, 0.054801616817712784, 0.1538539081811905]"
2025-09-04 13:52:15.085777,Sad,"[0.16217750310897827, 0.016315774992108345, 0.22051723301410675, 0.05533728376030922, 0.30067721009254456, 0.03554514795541763, 0.20942983031272888]"
2025-09-04 13:52:15.127959,Neutral,"[0.11318710446357727, 0.012341567315161228, 0.12043041735887527, 0.23782268166542053, 0.15063028037548065, 0.09675993025302887, 0.26882806420326233]"
2025-09-04 13:52:15.274080,Sad,"[0.21266187727451324, 0.02320975437760353, 0.15156352519989014, 0.1356193721294403, 0.3220929801464081, 0.013112860731780529, 0.141739621758461]"
2025-09-04 13:52:15.314481,Sad,"[0.18207915127277374, 0.021212482824921608, 0.15109026432037354, 0.20861200988292694, 0.2178480327129364, 0.05897073075175285, 0.16018728911876678]"
2025-09-04 13:52:15.359099,Sad,"[0.15118108689785004, 0.014853367581963539, 0.26720425486564636, 0.03991905227303505, 0.26786136627197266, 0.05367656797170639, 0.20530427992343903]"
2025-09-04 13:52:15.539268,Sad,"[0.20773932337760925, 0.022705215960741043, 0.15346504747867584, 0.13567209243774414, 0.32697078585624695, 0.01231331005692482, 0.14113429188728333]"
2025-09-04 13:52:15.585556,Sad,"[0.18780672550201416, 0.0221220962703228, 0.15550684928894043, 0.20804040133953094, 0.23088309168815613, 0.047590311616659164, 0.14805053174495697]"
2025-09-04 13:52:15.631419,Happy,"[0.09237240254878998, 0.010513401590287685, 0.11296280473470688, 0.2895689010620117, 0.1239476352930069, 0.11450948566198349, 0.25612545013427734]"
2025-09-04 13:52:15.778996,Sad,"[0.17495761811733246, 0.020192231982946396, 0.1490790694952011, 0.2078946977853775, 0.21151582896709442, 0.06576789170503616, 0.17059268057346344]"
2025-09-04 13:52:15.820553,Sad,"[0.18757499754428864, 0.01993718557059765, 0.13781221210956573, 0.15172386169433594, 0.28517019748687744, 0.02140245959162712, 0.19637899100780487]"
2025-09-04 13:52:15.950653,Sad,"[0.17745104432106018, 0.020548546686768532, 0.14988075196743011, 0.2081826627254486, 0.2139233946800232, 0.06316401809453964, 0.16684961318969727]"
2025-09-04 13:52:15.990163,Sad,"[0.20727932453155518, 0.022324606776237488, 0.14994841814041138, 0.1364169716835022, 0.31238681077957153, 0.015660760924220085, 0.155983105301857]"
2025-09-04 13:52:16.032454,Sad,"[0.16374437510967255, 0.01842505857348442, 0.21407708525657654, 0.10267176479101181, 0.2916576862335205, 0.04094735160470009, 0.16847668588161469]"
2025-09-04 13:52:16.072624,Neutral,"[0.13188081979751587, 0.014521227218210697, 0.1789747178554535, 0.11004579812288284, 0.17942053079605103, 0.15981805324554443, 0.2253388911485672]"
2025-09-04 13:52:16.201141,Sad,"[0.20945195853710175, 0.022143948823213577, 0.15043982863426208, 0.12044678628444672, 0.3224574625492096, 0.014454979449510574, 0.16060499846935272]"
2025-09-04 13:52:16.242118,Sad,"[0.1830226182937622, 0.02140287682414055, 0.1537778079509735, 0.20814529061317444, 0.22502495348453522, 0.05277356877923012, 0.15585292875766754]"
2025-09-04 13:52:16.284582,Neutral,"[0.123171366751194, 0.011028088629245758, 0.21484605967998505, 0.019288474693894386, 0.28761065006256104, 0.05504366382956505, 0.28901180624961853]"
2025-09-04 13:52:16.416035,Happy,"[0.17625650763511658, 0.02032254822552204, 0.14618034660816193, 0.20827853679656982, 0.20485129952430725, 0.07235211879014969, 0.1717587113380432]"
2025-09-04 13:52:16.456872,Sad,"[0.20871131122112274, 0.02202262356877327, 0.1476353108882904, 0.1241164430975914, 0.3222346007823944, 0.013935649767518044, 0.16134415566921234]"
2025-09-04 13:52:16.606673,Happy,"[0.1755702942609787, 0.020483607426285744, 0.14793097972869873, 0.22996091842651367, 0.2129627764225006, 0.054631296545267105, 0.1584601253271103]"
2025-09-04 13:52:16.647955,Sad,"[0.20740650594234467, 0.022142108529806137, 0.14861908555030823, 0.1321648806333542, 0.31576210260391235, 0.015009794384241104, 0.15889547765254974]"
2025-09-04 13:52:16.689585,Fear,"[0.07897039502859116, 0.00644573662430048, 0.27956274151802063, 0.008485537022352219, 0.1450301557779312, 0.2045881152153015, 0.27691733837127686]"
2025-09-04 13:52:16.733677,Surprise,"[0.10594315826892853, 0.010795914568006992, 0.21602313220500946, 0.059047993272542953, 0.14364291727542877, 0.23606044054031372, 0.22848641872406006]"
2025-09-04 13:52:16.878090,Sad,"[0.22059202194213867, 0.025043603032827377, 0.15612417459487915, 0.14132480323314667, 0.3315817713737488, 0.010265607386827469, 0.11506793648004532]"
2025-09-04 13:52:16.919392,Happy,"[0.16771285235881805, 0.019577624276280403, 0.14126159250736237, 0.2576206922531128, 0.19569313526153564, 0.0590914785861969, 0.1590425670146942]"
2025-09-04 13:52:17.053991,Happy,"[0.17503298819065094, 0.020406166091561317, 0.14775581657886505, 0.23001649975776672, 0.2124256193637848, 0.055120062083005905, 0.15924285352230072]"
2025-09-04 13:52:17.094749,Sad,"[0.20758789777755737, 0.02235092781484127, 0.16388031840324402, 0.10875106602907181, 0.3390386700630188, 0.012646249495446682, 0.14574484527111053]"
2025-09-04 13:52:17.135552,Sad,"[0.17656472325325012, 0.017772287130355835, 0.14382532238960266, 0.12149105221033096, 0.3067314922809601, 0.018246645107865334, 0.21536850929260254]"
2025-09-04 13:52:17.281986,Sad,"[0.21648308634757996, 0.024889936670660973, 0.15905329585075378, 0.1487012803554535, 0.32679325342178345, 0.01091629359871149, 0.11316277086734772]"
2025-09-04 13:52:17.325208,Sad,"[0.16594278812408447, 0.018966181203722954, 0.15170787274837494, 0.2046404778957367, 0.2175585776567459, 0.061276644468307495, 0.17990742623806]"
2025-09-04 13:52:17.366983,Fear,"[0.14945891499519348, 0.015173948369920254, 0.2514953911304474, 0.0534646138548851, 0.2509642243385315, 0.06935955584049225, 0.21008332073688507]"
2025-09-04 13:52:17.411023,Neutral,"[0.11554093658924103, 0.010268987156450748, 0.23317185044288635, 0.018248265609145164, 0.2376657873392105, 0.08376608788967133, 0.3013380765914917]"
2025-09-04 13:52:17.457644,Neutral,"[0.12882059812545776, 0.013595249503850937, 0.19483761489391327, 0.06829582154750824, 0.18667727708816528, 0.16850364208221436, 0.23926977813243866]"
2025-09-04 13:52:17.617087,Sad,"[0.2199460119009018, 0.024377290159463882, 0.152950718998909, 0.12846842408180237, 0.3458101153373718, 0.008620514534413815, 0.11982697993516922]"
2025-09-04 13:52:17.665445,Sad,"[0.17109908163547516, 0.019004253670573235, 0.14885298907756805, 0.18641382455825806, 0.22854751348495483, 0.05394935607910156, 0.19213290512561798]"
2025-09-04 13:52:17.711681,Neutral,"[0.10443032532930374, 0.009023242630064487, 0.25596603751182556, 0.01411528792232275, 0.23254139721393585, 0.09161679446697235, 0.29230692982673645]"
2025-09-04 13:52:17.885798,Sad,"[0.21548737585544586, 0.024526027962565422, 0.15988129377365112, 0.1450248807668686, 0.32084715366363525, 0.0128026707097888, 0.12143062055110931]"
2025-09-04 13:52:17.929494,Sad,"[0.18754293024539948, 0.021601835265755653, 0.15866024792194366, 0.18676522374153137, 0.24273154139518738, 0.04407729208469391, 0.15862087905406952]"
2025-09-04 13:52:17.972887,Neutral,"[0.10290620476007462, 0.008881717920303345, 0.23562215268611908, 0.015326173976063728, 0.21253295242786407, 0.1154058426618576, 0.3093249797821045]"
2025-09-04 13:52:18.116915,Sad,"[0.21301987767219543, 0.02346257120370865, 0.15320126712322235, 0.13719986379146576, 0.32526639103889465, 0.012307393364608288, 0.1355426013469696]"
2025-09-04 13:52:18.168443,Sad,"[0.1865386664867401, 0.02164335548877716, 0.15497617423534393, 0.19973428547382355, 0.2366076409816742, 0.045000240206718445, 0.1554996520280838]"
2025-09-04 13:52:18.214541,Neutral,"[0.11448302865028381, 0.010154923424124718, 0.21970291435718536, 0.021201767027378082, 0.21805332601070404, 0.10274376720190048, 0.31366023421287537]"
2025-09-04 13:52:18.372632,Sad,"[0.2193249762058258, 0.024433020502328873, 0.1539582759141922, 0.129220113158226, 0.3479248285293579, 0.008272206410765648, 0.1168665960431099]"
2025-09-04 13:52:18.412865,Sad,"[0.18248017132282257, 0.02021200954914093, 0.14529907703399658, 0.18206065893173218, 0.22727645933628082, 0.054774198681116104, 0.1878974288702011]"
2025-09-04 13:52:18.455313,Neutral,"[0.08636602759361267, 0.007145996205508709, 0.26995888352394104, 0.011681508272886276, 0.15826576948165894, 0.17274098098278046, 0.29384082555770874]"
2025-09-04 13:52:18.496549,Fear,"[0.1097358763217926, 0.010864095762372017, 0.25401872396469116, 0.033247705549001694, 0.1753329038619995, 0.18554887175559998, 0.2312518060207367]"
2025-09-04 13:52:18.537697,Sad,"[0.18044358491897583, 0.01792016439139843, 0.14973114430904388, 0.09864117205142975, 0.33015185594558716, 0.01457323506474495, 0.20853883028030396]"
2025-09-04 13:52:18.672237,Sad,"[0.2253301441669464, 0.02498500607907772, 0.15143974125385284, 0.12636403739452362, 0.3469432592391968, 0.008282502181828022, 0.11665529757738113]"
2025-09-04 13:52:18.712294,Sad,"[0.19191856682300568, 0.021048253402113914, 0.1455690711736679, 0.1708609163761139, 0.24277274310588837, 0.04392324760556221, 0.1839071363210678]"
2025-09-04 13:52:18.752809,Sad,"[0.16913488507270813, 0.017133679240942, 0.2017984837293625, 0.05566934868693352, 0.34139469265937805, 0.02043532021343708, 0.1944335699081421]"
2025-09-04 13:52:18.882103,Sad,"[0.2248242348432541, 0.02602098137140274, 0.1578548103570938, 0.1386612504720688, 0.3457832932472229, 0.007654865272343159, 0.09920055419206619]"
2025-09-04 13:52:18.921943,Sad,"[0.18653586506843567, 0.02186775580048561, 0.15252326428890228, 0.2087908834218979, 0.22250817716121674, 0.05433906614780426, 0.15343500673770905]"
2025-09-04 13:52:18.964784,Sad,"[0.1617642641067505, 0.017839180305600166, 0.19619734585285187, 0.11285768449306488, 0.27772125601768494, 0.04829193279147148, 0.1853283792734146]"
2025-09-04 13:52:19.006160,Neutral,"[0.11786826699972153, 0.01123677846044302, 0.20795786380767822, 0.03887740895152092, 0.18670503795146942, 0.15099377930164337, 0.28636083006858826]"
2025-09-04 13:52:19.050534,Neutral,"[0.11770113557577133, 0.012169736437499523, 0.20236803591251373, 0.05899151414632797, 0.17347495257854462, 0.1886458843946457, 0.2466488480567932]"
2025-09-04 13:52:19.092637,Neutral,"[0.13738568127155304, 0.013446095399558544, 0.1774819791316986, 0.053741130977869034, 0.21400459110736847, 0.11450070142745972, 0.2894398272037506]"
2025-09-04 13:52:19.133886,Sad,"[0.17410407960414886, 0.016940508037805557, 0.14792047441005707, 0.09296572208404541, 0.31475913524627686, 0.018668221309781075, 0.23464182019233704]"
2025-09-04 13:52:19.268732,Sad,"[0.22737003862857819, 0.025682317093014717, 0.15401262044906616, 0.13302788138389587, 0.34024280309677124, 0.008872022852301598, 0.11079231649637222]"
2025-09-04 13:52:19.310196,Happy,"[0.1690884828567505, 0.019335919991135597, 0.145133376121521, 0.20702096819877625, 0.20133166015148163, 0.07699841260910034, 0.18109120428562164]"
2025-09-04 13:52:19.353041,Sad,"[0.1740422546863556, 0.01810530759394169, 0.20470736920833588, 0.06014062464237213, 0.36048173904418945, 0.014954738318920135, 0.16756796836853027]"
2025-09-04 13:52:19.512486,Neutral,"[0.15838932991027832, 0.017828375101089478, 0.1439426988363266, 0.19174611568450928, 0.18888600170612335, 0.09949799627065659, 0.1997094750404358]"
2025-09-04 13:52:19.557384,Sad,"[0.21808341145515442, 0.024084456264972687, 0.16910268366336823, 0.10786745697259903, 0.33988553285598755, 0.01234082318842411, 0.12863564491271973]"
2025-09-04 13:52:19.598987,Surprise,"[0.10626234114170074, 0.010585497133433819, 0.22622476518154144, 0.044120363891124725, 0.14722774922847748, 0.23659802973270416, 0.22898125648498535]"
2025-09-04 13:52:19.760382,Sad,"[0.20770908892154694, 0.020970651879906654, 0.14965638518333435, 0.09355023503303528, 0.3319387137889862, 0.014291878789663315, 0.1818830519914627]"
2025-09-04 13:52:19.805508,Happy,"[0.1634649932384491, 0.01860235631465912, 0.13868588209152222, 0.21429525315761566, 0.19008541107177734, 0.08587221801280975, 0.18899382650852203]"
2025-09-04 13:52:19.856977,Neutral,"[0.1213962584733963, 0.01297770719975233, 0.18570420145988464, 0.08665738254785538, 0.17550303041934967, 0.17190703749656677, 0.24585433304309845]"
2025-09-04 13:52:19.911317,Surprise,"[0.09510938078165054, 0.00949846487492323, 0.22991874814033508, 0.044101499021053314, 0.12824150919914246, 0.27617183327674866, 0.21695859730243683]"
2025-09-04 13:52:20.061506,Sad,"[0.212326318025589, 0.02140844240784645, 0.15700173377990723, 0.0740494504570961, 0.3661114275455475, 0.009379955939948559, 0.15972264111042023]"
2025-09-04 13:52:20.108750,Happy,"[0.1803964376449585, 0.020894480869174004, 0.1464759111404419, 0.2089015245437622, 0.20624196529388428, 0.07033955305814743, 0.16675011813640594]"
2025-09-04 13:52:20.252254,Sad,"[0.21248087286949158, 0.023213742300868034, 0.15766164660453796, 0.12760502099990845, 0.3199624717235565, 0.01493002288043499, 0.1441461592912674]"
2025-09-04 13:52:20.296713,Sad,"[0.1861410290002823, 0.021776629611849785, 0.15093205869197845, 0.2090911567211151, 0.21829381585121155, 0.05799681693315506, 0.1557684689760208]"
2025-09-04 13:52:20.470583,Sad,"[0.1881214827299118, 0.021988142281770706, 0.14772868156433105, 0.20978878438472748, 0.21067790687084198, 0.06472683697938919, 0.1569681018590927]"
2025-09-04 13:52:20.525834,Sad,"[0.19829240441322327, 0.020562298595905304, 0.14293865859508514, 0.13177074491977692, 0.2925495207309723, 0.02187158167362213, 0.19201472401618958]"
2025-09-04 13:52:20.699907,Sad,"[0.19186998903751373, 0.022546008229255676, 0.1492323875427246, 0.20994827151298523, 0.21519286930561066, 0.05987268313765526, 0.15133780241012573]"
2025-09-04 13:52:20.753513,Sad,"[0.19717569649219513, 0.020450672134757042, 0.1432834416627884, 0.1320151537656784, 0.2928825616836548, 0.021802058443427086, 0.19239038228988647]"
2025-09-04 13:52:20.793990,Neutral,"[0.12231911718845367, 0.009791671298444271, 0.18565204739570618, 0.010095071978867054, 0.3014988899230957, 0.029915323480963707, 0.34072786569595337]"
2025-09-04 13:52:20.952903,Sad,"[0.2103956788778305, 0.023005589842796326, 0.1509483903646469, 0.14403627812862396, 0.3034730851650238, 0.01747220754623413, 0.1506686955690384]"
2025-09-04 13:52:20.995080,Happy,"[0.17435424029827118, 0.02004813775420189, 0.1451490968465805, 0.20797796547412872, 0.2021627426147461, 0.07548263669013977, 0.17482520639896393]"
2025-09-04 13:52:21.036608,Sad,"[0.1650966852903366, 0.018338633701205254, 0.21947304904460907, 0.08756911754608154, 0.3216833770275116, 0.025775503367185593, 0.1620636135339737]"
2025-09-04 13:52:21.078309,Neutral,"[0.08293715119361877, 0.0073740724474191666, 0.2429291158914566, 0.01582758128643036, 0.16269922256469727, 0.17890220880508423, 0.30933064222335815]"
2025-09-04 13:52:21.219803,Happy,"[0.15579566359519958, 0.01833960972726345, 0.13903146982192993, 0.2843882143497467, 0.18417121469974518, 0.058096300810575485, 0.16017743945121765]"
2025-09-04 13:52:21.264321,Sad,"[0.19490577280521393, 0.02108478546142578, 0.15215714275836945, 0.14745721220970154, 0.2957214415073395, 0.020489105954766273, 0.1681845784187317]"
2025-09-04 13:52:21.305581,Sad,"[0.16869696974754333, 0.01724017783999443, 0.15160201489925385, 0.12410438060760498, 0.2738516330718994, 0.03300381079316139, 0.231501042842865]"
2025-09-04 13:52:21.441553,Sad,"[0.21240673959255219, 0.02221524342894554, 0.15266053378582, 0.10442177951335907, 0.3415701687335968, 0.011516488157212734, 0.15520910918712616]"
2025-09-04 13:52:21.490706,Happy,"[0.17233821749687195, 0.020083732903003693, 0.1397320181131363, 0.24888738989830017, 0.1934853494167328, 0.06505487114191055, 0.1604185253381729]"
2025-09-04 13:52:21.621258,Sad,"[0.21054597198963165, 0.02247127704322338, 0.15167906880378723, 0.123081736266613, 0.3243206739425659, 0.013826488517224789, 0.1540747731924057]"
2025-09-04 13:52:21.663816,Happy,"[0.1478235274553299, 0.016862189397215843, 0.13836568593978882, 0.24038183689117432, 0.171011283993721, 0.09543727338314056, 0.19011817872524261]"
2025-09-04 13:52:21.706498,Neutral,"[0.13328881561756134, 0.013815385289490223, 0.1259862184524536, 0.21026034653186798, 0.16952838003635406, 0.0837237760424614, 0.26339706778526306]"
2025-09-04 13:52:21.839071,Happy,"[0.12396766245365143, 0.014048364944756031, 0.13726264238357544, 0.2477148324251175, 0.1489849090576172, 0.11961615830659866, 0.2084055095911026]"
2025-09-04 13:52:21.882609,Sad,"[0.21459677815437317, 0.023406799882650375, 0.15071351826190948, 0.13611994683742523, 0.31877052783966064, 0.013733422383666039, 0.1426590085029602]"
2025-09-04 13:52:21.925883,Sad,"[0.1519351601600647, 0.01491489727050066, 0.25167685747146606, 0.04294642433524132, 0.28207194805145264, 0.04472172260284424, 0.21173305809497833]"
2025-09-04 13:52:22.066778,Sad,"[0.21993626654148102, 0.023908190429210663, 0.14881394803524017, 0.13278962671756744, 0.3204078674316406, 0.013240567408502102, 0.1409035176038742]"
2025-09-04 13:52:22.109127,Happy,"[0.1503545492887497, 0.017067085951566696, 0.14479003846645355, 0.2165425717830658, 0.18380576372146606, 0.09159931540489197, 0.19584070146083832]"
2025-09-04 13:52:22.247334,Happy,"[0.13659586012363434, 0.0154371103271842, 0.1403430849313736, 0.2263820320367813, 0.16317401826381683, 0.1129295602440834, 0.20513835549354553]"
2025-09-04 13:52:22.288970,Sad,"[0.21881631016731262, 0.024677932262420654, 0.15545149147510529, 0.14193235337734222, 0.32706576585769653, 0.011254159733653069, 0.1208018884062767]"
2025-09-04 13:52:22.333898,Neutral,"[0.09020965546369553, 0.007470935583114624, 0.28269097208976746, 0.00998994056135416, 0.18851876258850098, 0.129846453666687, 0.2912733256816864]"
2025-09-04 13:52:22.477626,Happy,"[0.12212666869163513, 0.01394194271415472, 0.13655976951122284, 0.27127400040626526, 0.15266083180904388, 0.09909767657518387, 0.20433910191059113]"
2025-09-04 13:52:22.520530,Sad,"[0.21437649428844452, 0.024950310587882996, 0.1615942418575287, 0.15174473822116852, 0.3296857178211212, 0.010185652412474155, 0.10746288299560547]"
2025-09-04 13:52:22.562679,Sad,"[0.15726245939731598, 0.015605918131768703, 0.2430625557899475, 0.051589880138635635, 0.2804972231388092, 0.04372500255703926, 0.2082570344209671]"
2025-09-04 13:52:22.696323,Sad,"[0.21725688874721527, 0.02334081567823887, 0.14870426058769226, 0.11877202987670898, 0.34994643926620483, 0.008573904633522034, 0.1334056705236435]"
2025-09-04 13:52:22.739434,Happy,"[0.16101330518722534, 0.01828012987971306, 0.1470276564359665, 0.2053789496421814, 0.2044953852891922, 0.07426726073026657, 0.18953724205493927]"
2025-09-04 13:52:22.785947,Sad,"[0.17011617124080658, 0.017025185748934746, 0.21415627002716064, 0.06034798547625542, 0.3106357753276825, 0.027844175696372986, 0.19987446069717407]"
2025-09-04 13:52:22.834831,Neutral,"[0.11589506268501282, 0.010200263932347298, 0.20440523326396942, 0.022525154054164886, 0.2579820454120636, 0.057216495275497437, 0.3317757248878479]"
2025-09-04 13:52:22.990610,Neutral,"[0.12567420303821564, 0.014059162698686123, 0.16131757199764252, 0.17369090020656586, 0.1636052131652832, 0.14049947261810303, 0.22115352749824524]"
2025-09-04 13:52:23.042788,Sad,"[0.21391329169273376, 0.023982012644410133, 0.15595172345638275, 0.14160504937171936, 0.3273973762989044, 0.011512759141623974, 0.1256377398967743]"
2025-09-04 13:52:23.094431,Sad,"[0.2089652419090271, 0.023724328726530075, 0.17925278842449188, 0.2092842161655426, 0.23995912075042725, 0.02996378391981125, 0.10885050892829895]"
2025-09-04 13:52:23.154555,Sad,"[0.1758878380060196, 0.0185146015137434, 0.19998596608638763, 0.07404273748397827, 0.32294318079948425, 0.02503020502626896, 0.1835954189300537]"
2025-09-04 13:52:23.211830,Sad,"[0.11950493603944778, 0.010426539927721024, 0.2337375432252884, 0.017616529017686844, 0.2880098521709442, 0.04423739016056061, 0.28646722435951233]"
2025-09-04 13:52:23.273341,Fear,"[0.09696546941995621, 0.009373180568218231, 0.32423537969589233, 0.01595292240381241, 0.1736479550600052, 0.17980815470218658, 0.20001693069934845]"
2025-09-04 13:52:23.423104,Happy,"[0.1165185496211052, 0.012451832182705402, 0.14554642140865326, 0.28176233172416687, 0.11747743934392929, 0.14519363641738892, 0.18104971945285797]"
2025-09-04 13:52:23.477985,Sad,"[0.2165432870388031, 0.023803435266017914, 0.15089060366153717, 0.1412128508090973, 0.3106938302516937, 0.015291019342839718, 0.1415649801492691]"
2025-09-04 13:52:23.525080,Sad,"[0.16601765155792236, 0.016892455518245697, 0.20656314492225647, 0.05852973833680153, 0.3219776749610901, 0.02709692157804966, 0.20292241871356964]"
2025-09-04 13:52:23.691402,Happy,"[0.11358212679624557, 0.013328248634934425, 0.1185554638504982, 0.3533962666988373, 0.15621046721935272, 0.05181946977972984, 0.1931079626083374]"
2025-09-04 13:52:23.739627,Sad,"[0.22879908978939056, 0.026079311966896057, 0.15447190403938293, 0.13419309258460999, 0.34351733326911926, 0.008123419247567654, 0.10481585562229156]"
2025-09-04 13:52:23.786748,Neutral,"[0.12150033563375473, 0.013327572494745255, 0.12071148306131363, 0.23367460072040558, 0.15961822867393494, 0.09111739695072174, 0.26005035638809204]"
2025-09-04 13:52:23.949641,Sad,"[0.2227567583322525, 0.02409413829445839, 0.14804339408874512, 0.12346708029508591, 0.33852049708366394, 0.009963898919522762, 0.1331542283296585]"
2025-09-04 13:52:23.994397,Happy,"[0.09433954209089279, 0.01088866125792265, 0.10400642454624176, 0.36544790863990784, 0.11667071282863617, 0.09172673523426056, 0.21692000329494476]"
2025-09-04 13:52:24.037739,Sad,"[0.1663755476474762, 0.01702442578971386, 0.21586766839027405, 0.049603551626205444, 0.34248167276382446, 0.021780330687761307, 0.18686671555042267]"
2025-09-04 13:52:24.079843,Fear,"[0.09837594628334045, 0.009349850937724113, 0.2884995639324188, 0.02021465264260769, 0.167565256357193, 0.18958830833435059, 0.2264064997434616]"
2025-09-04 13:52:24.226286,Sad,"[0.21928545832633972, 0.024012325331568718, 0.15126115083694458, 0.123870849609375, 0.3492080867290497, 0.008366659283638, 0.12399552017450333]"
2025-09-04 13:52:24.267627,Happy,"[0.12868544459342957, 0.014722510240972042, 0.1188679113984108, 0.2880455553531647, 0.15445108711719513, 0.08618121594190598, 0.20904633402824402]"
2025-09-04 13:52:24.311864,Neutral,"[0.1522451639175415, 0.01531230378895998, 0.10438645631074905, 0.15987664461135864, 0.21289321780204773, 0.045954540371894836, 0.30933165550231934]"
2025-09-04 13:52:24.480230,Sad,"[0.21704143285751343, 0.023499557748436928, 0.14993667602539062, 0.12370757013559341, 0.34310415387153625, 0.009448394179344177, 0.13326221704483032]"
2025-09-04 13:52:24.523027,Happy,"[0.14123383164405823, 0.016279440373182297, 0.13894867897033691, 0.2652299702167511, 0.16153451800346375, 0.09410975873470306, 0.18266376852989197]"
2025-09-04 13:52:24.566702,Sad,"[0.17721277475357056, 0.01950657181441784, 0.21984048187732697, 0.07605747133493423, 0.3168332278728485, 0.029096752405166626, 0.16145271062850952]"
2025-09-04 13:52:24.611508,Neutral,"[0.1291043609380722, 0.012970201671123505, 0.2059066891670227, 0.046503230929374695, 0.22239544987678528, 0.11560440808534622, 0.2675156593322754]"
2025-09-04 13:52:24.775236,Sad,"[0.22850972414016724, 0.02558109536767006, 0.1519109606742859, 0.12989425659179688, 0.3423555791378021, 0.008634157478809357, 0.11311425268650055]"
2025-09-04 13:52:24.818129,Happy,"[0.15330898761749268, 0.01576654240489006, 0.16136790812015533, 0.22063307464122772, 0.14341887831687927, 0.1337832510471344, 0.17172135412693024]"
2025-09-04 13:52:24.953395,Sad,"[0.2281893491744995, 0.026949457824230194, 0.15834586322307587, 0.12728339433670044, 0.3763333261013031, 0.004245252348482609, 0.07865337282419205]"
2025-09-04 13:52:24.994718,Neutral,"[0.13806620240211487, 0.015446992591023445, 0.15587913990020752, 0.1732393205165863, 0.173134908080101, 0.1291564553976059, 0.2150769680738449]"
2025-09-04 13:52:25.127233,Sad,"[0.20942652225494385, 0.02352622151374817, 0.15718215703964233, 0.14654937386512756, 0.3207348585128784, 0.012894311919808388, 0.12968656420707703]"
2025-09-04 13:52:25.170940,Neutral,"[0.15389484167099, 0.01730215735733509, 0.14327149093151093, 0.18694157898426056, 0.18855956196784973, 0.10058143734931946, 0.20944903790950775]"
2025-09-04 13:52:25.308172,Sad,"[0.21338880062103271, 0.023286210373044014, 0.1521516740322113, 0.12892703711986542, 0.3385496139526367, 0.010150503367185593, 0.13354608416557312]"
2025-09-04 13:52:25.349529,Happy,"[0.14973339438438416, 0.0164088923484087, 0.1478411704301834, 0.21441274881362915, 0.16526684165000916, 0.11375480890274048, 0.1925821453332901]"
2025-09-04 13:52:25.503069,Sad,"[0.20721252262592316, 0.022971300408244133, 0.15585923194885254, 0.14147748053073883, 0.3243308961391449, 0.012564866803586483, 0.13558368384838104]"
2025-09-04 13:52:25.546450,Happy,"[0.12776115536689758, 0.014513528905808926, 0.1327582448720932, 0.24410457909107208, 0.16517089307308197, 0.09408476948738098, 0.22160685062408447]"
2025-09-04 13:52:25.696409,Sad,"[0.2137831598520279, 0.023119427263736725, 0.155813068151474, 0.11789024621248245, 0.34005728363990784, 0.010927613824605942, 0.13840921223163605]"
2025-09-04 13:52:25.739848,Sad,"[0.20532388985157013, 0.022357411682605743, 0.1859554648399353, 0.03875018283724785, 0.4742610454559326, 0.0017455308698117733, 0.07160643488168716]"
2025-09-04 13:52:25.939429,Sad,"[0.20775124430656433, 0.02216224931180477, 0.14724868535995483, 0.13609600067138672, 0.3034951686859131, 0.01803179457783699, 0.16521480679512024]"
2025-09-04 13:52:25.999355,Sad,"[0.2101229429244995, 0.02674652263522148, 0.1738315373659134, 0.1844034492969513, 0.31886065006256104, 0.00913762953132391, 0.07689725607633591]"
2025-09-04 13:52:26.067823,Sad,"[0.20945343375205994, 0.022761011496186256, 0.19150643050670624, 0.03410814329981804, 0.4692714512348175, 0.0019461540505290031, 0.07095342129468918]"
2025-09-04 13:52:26.129676,Sad,"[0.159271240234375, 0.01557085569947958, 0.22826184332370758, 0.043323058634996414, 0.30320724844932556, 0.032548144459724426, 0.21781764924526215]"
2025-09-04 13:52:26.294153,Sad,"[0.19092081487178802, 0.020711306482553482, 0.21930132806301117, 0.04539468139410019, 0.40534958243370056, 0.007385569624602795, 0.1109367161989212]"
2025-09-04 13:52:26.335551,Sad,"[0.20554471015930176, 0.022306151688098907, 0.15111231803894043, 0.14201082289218903, 0.3056434094905853, 0.017258571460843086, 0.1561240404844284]"
2025-09-04 13:52:26.377903,Sad,"[0.15704286098480225, 0.01720712147653103, 0.2352105677127838, 0.06955322623252869, 0.3067300617694855, 0.03687959909439087, 0.17737658321857452]"
2025-09-04 13:52:26.512874,Sad,"[0.20163583755493164, 0.02182474173605442, 0.14927074313163757, 0.1490839272737503, 0.28618237376213074, 0.02330043539404869, 0.16870194673538208]"
2025-09-04 13:52:26.553681,Sad,"[0.21569988131523132, 0.02711663767695427, 0.1688559502363205, 0.19314143061637878, 0.293474018573761, 0.014253542758524418, 0.08745847642421722]"
2025-09-04 13:52:26.594205,Sad,"[0.168485626578331, 0.01707676611840725, 0.22326461970806122, 0.03261610120534897, 0.4031471908092499, 0.00908458512276411, 0.14632505178451538]"
2025-09-04 13:52:26.636575,Sad,"[0.15940915048122406, 0.016630420461297035, 0.2120426595211029, 0.050028517842292786, 0.3054496943950653, 0.027392888441681862, 0.22904658317565918]"
2025-09-04 13:52:26.678796,Sad,"[0.1841462403535843, 0.018227769061923027, 0.1298583447933197, 0.053445376455783844, 0.523574709892273, 0.0006191115826368332, 0.09012854099273682]"
2025-09-04 13:52:26.722057,Sad,"[0.14003418385982513, 0.014519468881189823, 0.2225296050310135, 0.0518675334751606, 0.24809415638446808, 0.08717387914657593, 0.2357812374830246]"
2025-09-04 13:52:26.868828,Sad,"[0.22082695364952087, 0.02512914501130581, 0.15720899403095245, 0.13655850291252136, 0.34176865220069885, 0.008749101310968399, 0.10975871980190277]"
2025-09-04 13:52:26.909721,Sad,"[0.19042637944221497, 0.020625067874789238, 0.22770757973194122, 0.0338674858212471, 0.42460423707962036, 0.0055535403080284595, 0.09721572697162628]"
2025-09-04 13:52:26.951856,Sad,"[0.18826664984226227, 0.0195948276668787, 0.14901550114154816, 0.08857573568820953, 0.43333902955055237, 0.0026644894387573004, 0.11854381859302521]"
2025-09-04 13:52:26.992711,Sad,"[0.1609068512916565, 0.016152361407876015, 0.20358145236968994, 0.046736378222703934, 0.3166986405849457, 0.02539977617561817, 0.23052453994750977]"
2025-09-04 13:52:27.034291,Fear,"[0.09761587530374527, 0.009580242447555065, 0.26857027411460876, 0.027975017204880714, 0.163882777094841, 0.20002588629722595, 0.2323499619960785]"
2025-09-04 13:52:27.167310,Sad,"[0.19915565848350525, 0.02048531174659729, 0.19843710958957672, 0.03847810998558998, 0.4148138463497162, 0.006240975111722946, 0.12238892912864685]"
2025-09-04 13:52:27.208537,Sad,"[0.21332783997058868, 0.022603336721658707, 0.15487289428710938, 0.1101943850517273, 0.33295559883117676, 0.01305751409381628, 0.15298841893672943]"
2025-09-04 13:52:27.248205,Sad,"[0.2583823502063751, 0.032239630818367004, 0.18326708674430847, 0.1791800558567047, 0.29593074321746826, 0.005930131766945124, 0.045069966465234756]"
2025-09-04 13:52:27.287321,Sad,"[0.16994668543338776, 0.016982950270175934, 0.20115870237350464, 0.049478840082883835, 0.3494926691055298, 0.01841815933585167, 0.19452200829982758]"
2025-09-04 13:52:27.329163,Sad,"[0.17593412101268768, 0.015461256727576256, 0.13017500936985016, 0.028892889618873596, 0.5081886053085327, 0.0010535442270338535, 0.14029456675052643]"
2025-09-04 13:52:27.469316,Sad,"[0.2059897631406784, 0.020908091217279434, 0.14033348858356476, 0.11230456084012985, 0.3264385461807251, 0.013164151459932327, 0.18086139857769012]"
2025-09-04 13:52:27.510189,Sad,"[0.20004206895828247, 0.021451281383633614, 0.21853415668010712, 0.040730513632297516, 0.39672577381134033, 0.008601488545536995, 0.11391473561525345]"
2025-09-04 13:52:27.552876,Sad,"[0.15937235951423645, 0.015463235788047314, 0.2154531329870224, 0.04012192413210869, 0.33406364917755127, 0.02314094454050064, 0.21238479018211365]"
2025-09-04 13:52:27.597232,Sad,"[0.1820821315050125, 0.017920292913913727, 0.1416221708059311, 0.08282636851072311, 0.4146369993686676, 0.0037559596821665764, 0.1571560949087143]"
2025-09-04 13:52:27.737710,Sad,"[0.21663117408752441, 0.023754848167300224, 0.1522657424211502, 0.12502281367778778, 0.3493838310241699, 0.008405904285609722, 0.12453571707010269]"
2025-09-04 13:52:27.779701,Sad,"[0.2024233639240265, 0.022181203588843346, 0.21105889976024628, 0.04382858797907829, 0.4210034906864166, 0.005379178561270237, 0.09412533044815063]"
2025-09-04 13:52:27.820442,Neutral,"[0.1490010917186737, 0.013808084651827812, 0.22241531312465668, 0.04055687040090561, 0.25792065262794495, 0.05667586624622345, 0.25962209701538086]"
2025-09-04 13:52:27.863937,Sad,"[0.18759794533252716, 0.018525537103414536, 0.13910610973834991, 0.07495585083961487, 0.4414159059524536, 0.0024400397669523954, 0.13595864176750183]"
2025-09-04 13:52:28.030782,Sad,"[0.21876923739910126, 0.024423247203230858, 0.16038258373737335, 0.12449008971452713, 0.34062460064888, 0.01022710744291544, 0.12108317762613297]"
2025-09-04 13:52:28.072976,Happy,"[0.1509028524160385, 0.014509124681353569, 0.1718059778213501, 0.2927543520927429, 0.11091567575931549, 0.12856203317642212, 0.13054993748664856]"
2025-09-04 13:52:28.113941,Fear,"[0.1095762774348259, 0.01180807314813137, 0.2502247393131256, 0.04190497845411301, 0.20642763376235962, 0.1571810096502304, 0.22287729382514954]"
2025-09-04 13:52:28.158939,Sad,"[0.15394963324069977, 0.014700126834213734, 0.228573739528656, 0.03895029425621033, 0.2930935323238373, 0.039096955209970474, 0.23163571953773499]"
2025-09-04 13:52:28.297317,Sad,"[0.21282781660556793, 0.023649973794817924, 0.153156116604805, 0.1484401524066925, 0.30462175607681274, 0.01667686551809311, 0.14062729477882385]"
2025-09-04 13:52:28.340882,Happy,"[0.1572008728981018, 0.016993025317788124, 0.14848119020462036, 0.21814370155334473, 0.16502034664154053, 0.11018510162830353, 0.18397575616836548]"
2025-09-04 13:52:28.383421,Sad,"[0.1719069927930832, 0.01700442098081112, 0.14145243167877197, 0.11606882512569427, 0.2961709201335907, 0.021584581583738327, 0.23581185936927795]"
2025-09-04 13:52:28.541330,Sad,"[0.21604418754577637, 0.023857004940509796, 0.15252289175987244, 0.1388484388589859, 0.3208407163619995, 0.01300622709095478, 0.13488046824932098]"
2025-09-04 13:52:28.583268,Happy,"[0.12002553045749664, 0.013491681776940823, 0.12597104907035828, 0.24647966027259827, 0.15277260541915894, 0.10466592013835907, 0.23659349977970123]"
2025-09-04 13:52:28.624028,Neutral,"[0.11959004402160645, 0.012746211141347885, 0.10954166948795319, 0.22532078623771667, 0.1647203415632248, 0.07329466938972473, 0.2947862446308136]"
2025-09-04 13:52:28.775777,Sad,"[0.2187468260526657, 0.02316758967936039, 0.14495351910591125, 0.12291857600212097, 0.32570508122444153, 0.012611635029315948, 0.15189673006534576]"
2025-09-04 13:52:28.816977,Happy,"[0.116349957883358, 0.013334936462342739, 0.12800392508506775, 0.31044554710388184, 0.13327422738075256, 0.10873929411172867, 0.18985213339328766]"
2025-09-04 13:52:28.857242,Happy,"[0.10975319147109985, 0.012353263795375824, 0.11448506265878677, 0.2645247280597687, 0.1457299143075943, 0.09603557735681534, 0.2571183145046234]"
2025-09-04 13:52:29.021787,Sad,"[0.20600563287734985, 0.02245379239320755, 0.15261200070381165, 0.1399121731519699, 0.31494462490081787, 0.014907618053257465, 0.14916417002677917]"
2025-09-04 13:52:29.064700,Happy,"[0.13361722230911255, 0.01509431004524231, 0.14078474044799805, 0.22660815715789795, 0.16038447618484497, 0.11647806316614151, 0.20703308284282684]"
2025-09-04 13:52:29.208299,Happy,"[0.15981878340244293, 0.018037529662251472, 0.13945917785167694, 0.20458237826824188, 0.1877615749835968, 0.09423637390136719, 0.1961042284965515]"
2025-09-04 13:52:29.253814,Sad,"[0.21974064409732819, 0.024490581825375557, 0.1539091318845749, 0.12900124490261078, 0.34842029213905334, 0.00818635430186987, 0.11625181138515472]"
2025-09-04 13:52:29.296090,Neutral,"[0.11247850954532623, 0.012382008135318756, 0.11262227594852448, 0.25033217668533325, 0.15174542367458344, 0.08732834458351135, 0.27311134338378906]"
2025-09-04 13:52:29.445939,Happy,"[0.11553274840116501, 0.013069276697933674, 0.12978613376617432, 0.24049527943134308, 0.1487255096435547, 0.11552850902080536, 0.23686251044273376]"
2025-09-04 13:52:29.490864,Sad,"[0.21835900843143463, 0.023336825892329216, 0.14694327116012573, 0.1237538531422615, 0.33154845237731934, 0.01143988873809576, 0.14461871981620789]"
2025-09-04 13:52:29.533568,Sad,"[0.16259415447711945, 0.01613016612827778, 0.23267878592014313, 0.04823668673634529, 0.3155742883682251, 0.027599917724728584, 0.19718602299690247]"
2025-09-04 13:52:29.677183,Happy,"[0.15089884400367737, 0.017148997634649277, 0.14369423687458038, 0.2174074649810791, 0.19476743042469025, 0.07724752277135849, 0.198835551738739]"
2025-09-04 13:52:29.721035,Sad,"[0.20425401628017426, 0.02180350199341774, 0.15039972960948944, 0.12812522053718567, 0.3293742835521698, 0.012324334122240543, 0.15371890366077423]"
2025-09-04 13:52:29.766986,Sad,"[0.20799487829208374, 0.02147757261991501, 0.16390447318553925, 0.03711856156587601, 0.4868756830692291, 0.0013859218452125788, 0.0812428891658783]"
2025-09-04 13:52:29.808533,Sad,"[0.1461309939622879, 0.014360398054122925, 0.24584989249706268, 0.05075591802597046, 0.24794341623783112, 0.06775756180286407, 0.2272018939256668]"
2025-09-04 13:52:29.936361,Sad,"[0.22088399529457092, 0.023825475946068764, 0.14793646335601807, 0.12497229129076004, 0.3338721692562103, 0.010824565775692463, 0.13768509030342102]"
2025-09-04 13:52:29.978303,Happy,"[0.12512822449207306, 0.014304112643003464, 0.10981316864490509, 0.27356812357902527, 0.16620120406150818, 0.07072305679321289, 0.24026209115982056]"
2025-09-04 13:52:30.145370,Happy,"[0.13123369216918945, 0.015162190422415733, 0.1062549278140068, 0.3085068464279175, 0.17153947055339813, 0.05350850895047188, 0.21379435062408447]"
2025-09-04 13:52:30.188099,Sad,"[0.21776992082595825, 0.023152321577072144, 0.15985514223575592, 0.09419593960046768, 0.36142849922180176, 0.008863772265613079, 0.13473433256149292]"
2025-09-04 13:52:30.232763,Sad,"[0.17537103593349457, 0.017116066068410873, 0.2203112691640854, 0.04822998866438866, 0.31263118982315063, 0.027201911434531212, 0.1991385668516159]"
2025-09-04 13:52:30.374254,Sad,"[0.23071730136871338, 0.027378510683774948, 0.15902449190616608, 0.137647807598114, 0.35586994886398315, 0.0058441306464374065, 0.08351774513721466]"
2025-09-04 13:52:30.415822,Sad,"[0.16019538044929504, 0.018429864197969437, 0.16194497048854828, 0.2027120739221573, 0.24227021634578705, 0.04261999949812889, 0.1718275249004364]"
2025-09-04 13:52:30.459396,Sad,"[0.170786514878273, 0.016387930139899254, 0.22662292420864105, 0.041521452367305756, 0.3033013939857483, 0.03187913820147514, 0.20950067043304443]"
2025-09-04 13:52:30.604547,Sad,"[0.2175942361354828, 0.024401620030403137, 0.15522141754627228, 0.13742296397686005, 0.33453232049942017, 0.010161234997212887, 0.12066616863012314]"
2025-09-04 13:52:30.646912,Sad,"[0.20026840269565582, 0.020337067544460297, 0.18197403848171234, 0.06633006036281586, 0.3414234220981598, 0.016223616898059845, 0.1734434962272644]"
2025-09-04 13:52:30.691431,Sad,"[0.17818328738212585, 0.01749379001557827, 0.13811294734477997, 0.11240890622138977, 0.30583444237709045, 0.018211232498288155, 0.22975540161132812]"
2025-09-04 13:52:30.842181,Sad,"[0.22816838324069977, 0.025996152311563492, 0.15460515022277832, 0.13409742712974548, 0.3439676761627197, 0.008094286546111107, 0.10507091134786606]"
2025-09-04 13:52:30.885497,Sad,"[0.1899467557668686, 0.01944022998213768, 0.20011647045612335, 0.03114897385239601, 0.4478908181190491, 0.0037449058145284653, 0.10771191120147705]"
2025-09-04 13:52:31.044971,Happy,"[0.11628203094005585, 0.01349673606455326, 0.1012284979224205, 0.3561144471168518, 0.1491689234972, 0.05583152920007706, 0.2078777551651001]"
2025-09-04 13:52:31.103476,Sad,"[0.22418873012065887, 0.025554439052939415, 0.1557038575410843, 0.14048707485198975, 0.33324456214904785, 0.009773509576916695, 0.11104783415794373]"
2025-09-04 13:52:31.246714,Sad,"[0.22400835156440735, 0.02499612420797348, 0.15264233946800232, 0.12082411348819733, 0.3649860918521881, 0.00613668467849493, 0.10640625655651093]"
2025-09-04 13:52:31.303427,Sad,"[0.19364993274211884, 0.02051742747426033, 0.2043779343366623, 0.04289425536990166, 0.4228949248790741, 0.005351082421839237, 0.11031436175107956]"
2025-09-04 13:52:31.485803,Happy,"[0.12451399862766266, 0.013412859290838242, 0.14908450841903687, 0.24516704678535461, 0.13255281746387482, 0.14285126328468323, 0.19241762161254883]"
2025-09-04 13:52:31.527297,Sad,"[0.2271304577589035, 0.026118693873286247, 0.1562260389328003, 0.1345747858285904, 0.3490695655345917, 0.007305861450731754, 0.09957452863454819]"
2025-09-04 13:52:31.569023,Sad,"[0.16285258531570435, 0.018733663484454155, 0.15925760567188263, 0.2040122151374817, 0.2353501170873642, 0.04709779843688011, 0.17269599437713623]"
2025-09-04 13:52:31.708917,Sad,"[0.18411177396774292, 0.01943383365869522, 0.21771560609340668, 0.040326569229364395, 0.40957167744636536, 0.00735139986500144, 0.12148918211460114]"
2025-09-04 13:52:31.752994,Sad,"[0.21732819080352783, 0.02469896525144577, 0.15704026818275452, 0.14503970742225647, 0.32647067308425903, 0.011234034784138203, 0.11818812042474747]"
2025-09-04 13:52:31.920893,Sad,"[0.22302044928073883, 0.024744637310504913, 0.15355157852172852, 0.13288937509059906, 0.3266676366329193, 0.011890172958374023, 0.12723611295223236]"
2025-09-04 13:52:31.961361,Sad,"[0.21182340383529663, 0.024526741355657578, 0.20017021894454956, 0.07313258200883865, 0.39923790097236633, 0.005542025901377201, 0.08556700497865677]"
2025-09-04 13:52:32.002558,Fear,"[0.13888344168663025, 0.01318775862455368, 0.28003382682800293, 0.03265194967389107, 0.2519783079624176, 0.06291057169437408, 0.2203541100025177]"
2025-09-04 13:52:32.135072,Sad,"[0.22962945699691772, 0.02680647000670433, 0.15742887556552887, 0.13649387657642365, 0.351105272769928, 0.006696931552141905, 0.09183911234140396]"
2025-09-04 13:52:32.178565,Sad,"[0.1527373492717743, 0.014632970094680786, 0.24129503965377808, 0.036796633154153824, 0.2944137752056122, 0.038360390812158585, 0.22176389396190643]"
2025-09-04 13:52:32.219559,Sad,"[0.1403801441192627, 0.013209851458668709, 0.23924674093723297, 0.03072120063006878, 0.2933303415775299, 0.040689025074243546, 0.24242278933525085]"
2025-09-04 13:52:32.348121,Sad,"[0.21699757874011993, 0.02482379972934723, 0.15733857452869415, 0.15321923792362213, 0.31292033195495605, 0.013720821589231491, 0.1209796592593193]"
2025-09-04 13:52:32.496056,Sad,"[0.21059291064739227, 0.023317502811551094, 0.1526487022638321, 0.14981156587600708, 0.2997262179851532, 0.018169745802879333, 0.14573334157466888]"
2025-09-04 13:52:32.538660,Happy,"[0.16001826524734497, 0.01807272993028164, 0.14038792252540588, 0.2047511786222458, 0.18974319100379944, 0.091642826795578, 0.19538386166095734]"
2025-09-04 13:52:32.680002,Sad,"[0.20958000421524048, 0.0234215185046196, 0.1551474630832672, 0.15072111785411835, 0.3063898980617523, 0.01621987670660019, 0.13852012157440186]"
2025-09-04 13:52:32.724013,Happy,"[0.1652405709028244, 0.018824392929673195, 0.14550238847732544, 0.20626337826251984, 0.201614648103714, 0.0770568698644638, 0.18549765646457672]"
2025-09-04 13:52:32.764353,Fear,"[0.12709933519363403, 0.011697438545525074, 0.26765409111976624, 0.021870914846658707, 0.26452720165252686, 0.058805618435144424, 0.2483455240726471]"
2025-09-04 13:52:32.806874,Neutral,"[0.1056516021490097, 0.011702749878168106, 0.11756235361099243, 0.25746506452560425, 0.1408585160970688, 0.10239271074533463, 0.26436692476272583]"
2025-09-04 13:52:32.938263,Sad,"[0.17838947474956512, 0.020715445280075073, 0.1518355906009674, 0.20802246034145355, 0.21899192035198212, 0.05844949930906296, 0.16359569132328033]"
2025-09-04 13:52:32.980935,Sad,"[0.2183825969696045, 0.024432728067040443, 0.15437528491020203, 0.13915586471557617, 0.328191876411438, 0.011249622330069542, 0.12421209365129471]"
2025-09-04 13:52:33.021204,Sad,"[0.17772074043750763, 0.018028229475021362, 0.15177445113658905, 0.11356479674577713, 0.30551761388778687, 0.020693637430667877, 0.21270062029361725]"
2025-09-04 13:52:33.170423,Sad,"[0.22298644483089447, 0.025066442787647247, 0.15419642627239227, 0.13241878151893616, 0.3435121476650238, 0.008589954115450382, 0.11322974413633347]"
2025-09-04 13:52:33.210951,Sad,"[0.1917097270488739, 0.023096894845366478, 0.1667313277721405, 0.20154160261154175, 0.2679784893989563, 0.025787662714719772, 0.12315423786640167]"
2025-09-04 13:52:33.252372,Sad,"[0.12943263351917267, 0.011698960326611996, 0.26706036925315857, 0.018588319420814514, 0.28232717514038086, 0.04568802937865257, 0.24520449340343475]"
2025-09-04 13:52:33.292924,Surprise,"[0.07821368426084518, 0.007201662287116051, 0.2350015789270401, 0.02223232015967369, 0.12185395509004593, 0.2809467911720276, 0.25454992055892944]"
2025-09-04 13:52:33.425079,Sad,"[0.21364273130893707, 0.024089939892292023, 0.15715859830379486, 0.1413494050502777, 0.3323080241680145, 0.010548034682869911, 0.12090329080820084]"
2025-09-04 13:52:33.479252,Sad,"[0.18913725018501282, 0.022446345537900925, 0.15997493267059326, 0.20622406899929047, 0.24429233372211456, 0.03836790472269058, 0.13955716788768768]"
2025-09-04 13:52:33.525702,Neutral,"[0.1136164590716362, 0.012433195486664772, 0.12301449477672577, 0.2381664216518402, 0.14963418245315552, 0.10103307664394379, 0.2621021568775177]"
2025-09-04 13:52:33.679604,Sad,"[0.21324422955513, 0.023343920707702637, 0.15237849950790405, 0.1332092434167862, 0.3302704989910126, 0.011491208337247372, 0.1360623836517334]"
2025-09-04 13:52:33.740234,Sad,"[0.18455223739147186, 0.02167968824505806, 0.15625853836536407, 0.20755085349082947, 0.23214182257652283, 0.04711175709962845, 0.15070509910583496]"
2025-09-04 13:52:33.789464,Fear,"[0.13538338243961334, 0.012442104518413544, 0.2769280970096588, 0.02502862922847271, 0.2624676823616028, 0.05480754002928734, 0.2329426258802414]"
2025-09-04 13:52:33.928434,Sad,"[0.23514503240585327, 0.027725588530302048, 0.1568291336297989, 0.1353762298822403, 0.3539007306098938, 0.006032726727426052, 0.08499056845903397]"
2025-09-04 13:52:33.972496,Happy,"[0.17650340497493744, 0.020335229113698006, 0.14478708803653717, 0.2083408534526825, 0.20166945457458496, 0.075749970972538, 0.1726139485836029]"
2025-09-04 13:52:34.024818,Sad,"[0.137201726436615, 0.012647046707570553, 0.23726879060268402, 0.026745248585939407, 0.2890103757381439, 0.04259193688631058, 0.2545347809791565]"
2025-09-04 13:52:34.076683,Sad,"[0.1895190328359604, 0.019390946254134178, 0.15161535143852234, 0.10563711822032928, 0.3482179045677185, 0.010585388168692589, 0.1750342696905136]"
2025-09-04 13:52:34.240143,Sad,"[0.22434528172016144, 0.02509651519358158, 0.15234945714473724, 0.1318836361169815, 0.34303775429725647, 0.008835154585540295, 0.11445219069719315]"
2025-09-04 13:52:34.286075,Sad,"[0.20193926990032196, 0.024271773174405098, 0.15839789807796478, 0.20702490210533142, 0.24369676411151886, 0.0369013175368309, 0.1277681440114975]"
2025-09-04 13:52:34.328018,Sad,"[0.1284266859292984, 0.012239325791597366, 0.21398486196994781, 0.03773162141442299, 0.29010531306266785, 0.048000071197748184, 0.2695121467113495]"
2025-09-04 13:52:34.462762,Sad,"[0.22901150584220886, 0.025907648727297783, 0.15320920944213867, 0.12533710896968842, 0.3586694300174713, 0.006446009036153555, 0.10141915082931519]"
2025-09-04 13:52:34.505017,Sad,"[0.19602665305137634, 0.023133767768740654, 0.1491524577140808, 0.21029837429523468, 0.2159021496772766, 0.05852513760328293, 0.14696146547794342]"
2025-09-04 13:52:34.545929,Sad,"[0.16522695124149323, 0.017049496993422508, 0.16036422550678253, 0.11889505386352539, 0.2752382755279541, 0.03514358401298523, 0.22808240354061127]"
2025-09-04 13:52:34.670239,Sad,"[0.1966235190629959, 0.02363216131925583, 0.1568654477596283, 0.21880386769771576, 0.24127279222011566, 0.035094063729047775, 0.12770818173885345]"
2025-09-04 13:52:34.711607,Sad,"[0.16114366054534912, 0.018418092280626297, 0.15492457151412964, 0.20471669733524323, 0.22357802093029022, 0.056253597140312195, 0.1809653490781784]"
2025-09-04 13:52:34.752456,Sad,"[0.22240352630615234, 0.02398136630654335, 0.1478128433227539, 0.11233781278133392, 0.36540549993515015, 0.006543750874698162, 0.12151521444320679]"
2025-09-04 13:52:34.903752,Sad,"[0.2097364366054535, 0.022429732605814934, 0.14713898301124573, 0.1366255283355713, 0.3029153347015381, 0.018069922924041748, 0.16308408975601196]"
2025-09-04 13:52:34.945782,Happy,"[0.18562345206737518, 0.022116171196103096, 0.14264822006225586, 0.25070062279701233, 0.21271976828575134, 0.04526059329509735, 0.14093118906021118]"
2025-09-04 13:52:35.099055,Sad,"[0.2081506848335266, 0.02128421701490879, 0.14379751682281494, 0.10844797641038895, 0.33489805459976196, 0.011945110745728016, 0.17147643864154816]"
2025-09-04 13:52:35.140724,Happy,"[0.17488691210746765, 0.02095993235707283, 0.1457606852054596, 0.2772463858127594, 0.2041696310043335, 0.04260873422026634, 0.13436774909496307]"
2025-09-04 13:52:35.292932,Happy,"[0.1874365657567978, 0.02261725813150406, 0.1468324214220047, 0.26235902309417725, 0.21821072697639465, 0.03654322773218155, 0.12600068747997284]"
2025-09-04 13:52:35.338218,Sad,"[0.21705186367034912, 0.023277567699551582, 0.14799565076828003, 0.12435359507799149, 0.3338266611099243, 0.011047271080315113, 0.14244738221168518]"
2025-09-04 13:52:35.382266,Sad,"[0.18285858631134033, 0.01836409792304039, 0.21436728537082672, 0.05601144954562187, 0.3352135121822357, 0.018810560926795006, 0.174374520778656]"
2025-09-04 13:52:35.532161,Sad,"[0.21462386846542358, 0.023491982370615005, 0.15169106423854828, 0.1348482072353363, 0.32493409514427185, 0.012428631074726582, 0.1379820853471756]"
2025-09-04 13:52:35.575090,Sad,"[0.20110908150672913, 0.024356350302696228, 0.15286487340927124, 0.2314712256193161, 0.2345261126756668, 0.034517496824264526, 0.12115485221147537]"
2025-09-04 13:52:35.733829,Sad,"[0.21724703907966614, 0.023198602721095085, 0.14746637642383575, 0.12035079300403595, 0.3409869968891144, 0.009932324290275574, 0.14081785082817078]"
2025-09-04 13:52:35.779467,Happy,"[0.19182021915912628, 0.02297765389084816, 0.14591583609580994, 0.24877230823040009, 0.21577471494674683, 0.04301677271723747, 0.13172246515750885]"
2025-09-04 13:52:35.823958,Surprise,"[0.07402445375919342, 0.007093330379575491, 0.28640714287757874, 0.03633393347263336, 0.10250324755907059, 0.29804161190986633, 0.19559618830680847]"
2025-09-04 13:52:35.964415,Happy,"[0.19769524037837982, 0.022926142439246178, 0.1421034038066864, 0.29232943058013916, 0.1835092008113861, 0.04681791365146637, 0.114618681371212]"
2025-09-04 13:52:36.010864,Sad,"[0.22594407200813293, 0.025994660332798958, 0.1563878357410431, 0.12828467786312103, 0.36371803283691406, 0.00575778353959322, 0.09391295909881592]"
2025-09-04 13:52:36.055086,Fear,"[0.12271849066019058, 0.011912246234714985, 0.3112899661064148, 0.0390334390103817, 0.21103839576244354, 0.09269921481609344, 0.21130827069282532]"
2025-09-04 13:52:36.187904,Sad,"[0.21872475743293762, 0.024066004902124405, 0.1522086262702942, 0.121292345225811, 0.3592323362827301, 0.007087277714163065, 0.11738867312669754]"
2025-09-04 13:52:36.229382,Happy,"[0.19041381776332855, 0.02288961410522461, 0.14125265181064606, 0.26704609394073486, 0.20733816921710968, 0.04283235967159271, 0.12822730839252472]"
2025-09-04 13:52:36.270899,Neutral,"[0.1147296354174614, 0.012776666320860386, 0.11144301295280457, 0.25441622734069824, 0.1542189121246338, 0.0853537917137146, 0.2670617997646332]"
2025-09-04 13:52:36.311334,Sad,"[0.1591612845659256, 0.01626414991915226, 0.2160283625125885, 0.08099361509084702, 0.2500767707824707, 0.06066043674945831, 0.21681532263755798]"
2025-09-04 13:52:36.441360,Sad,"[0.19833143055438995, 0.0237437654286623, 0.15198886394500732, 0.22306391596794128, 0.22772730886936188, 0.0428282767534256, 0.13231639564037323]"
2025-09-04 13:52:36.484421,Sad,"[0.22494831681251526, 0.02550995536148548, 0.15490105748176575, 0.13455381989479065, 0.3426589071750641, 0.008473105728626251, 0.10895482450723648]"
2025-09-04 13:52:36.612850,Happy,"[0.1835559904575348, 0.021329831331968307, 0.1464506834745407, 0.20934328436851501, 0.20673798024654388, 0.06936746835708618, 0.1632148176431656]"
2025-09-04 13:52:36.676200,Sad,"[0.22994115948677063, 0.02598954550921917, 0.15947477519512177, 0.1165168359875679, 0.3571045994758606, 0.007361011113971472, 0.10361204296350479]"
2025-09-04 13:52:36.847173,Happy,"[0.16854707896709442, 0.0195458997040987, 0.14720138907432556, 0.23373864591121674, 0.21068072319030762, 0.055458977818489075, 0.16482727229595184]"
2025-09-04 13:52:36.891209,Sad,"[0.2253311425447464, 0.026466798037290573, 0.15956884622573853, 0.13809539377689362, 0.35430824756622314, 0.0063592069782316685, 0.08987031131982803]"
2025-09-04 13:52:36.935426,Sad,"[0.15299701690673828, 0.01421462930738926, 0.19800399243831635, 0.031507574021816254, 0.33850720524787903, 0.021967362612485886, 0.2428022027015686]"
2025-09-04 13:52:37.072444,Sad,"[0.16117307543754578, 0.018412798643112183, 0.15439468622207642, 0.20481199026107788, 0.22223813831806183, 0.05737283080816269, 0.18159644305706024]"
2025-09-04 13:52:37.112846,Sad,"[0.21829690039157867, 0.025688963010907173, 0.16116860508918762, 0.1612485647201538, 0.3137553036212921, 0.012582526542246342, 0.1072591096162796]"
2025-09-04 13:52:37.156946,Sad,"[0.13516588509082794, 0.012406701222062111, 0.2328941971063614, 0.023138193413615227, 0.30087387561798096, 0.03838489204645157, 0.2571362853050232]"
2025-09-04 13:52:37.293028,Sad,"[0.2184065729379654, 0.024177124723792076, 0.15289533138275146, 0.13367107510566711, 0.3335961103439331, 0.010536895133554935, 0.12671688199043274]"
2025-09-04 13:52:37.419944,Neutral,"[0.17129486799240112, 0.016529863700270653, 0.13891281187534332, 0.100710429251194, 0.26809826493263245, 0.034989550709724426, 0.2694642245769501]"
2025-09-04 13:52:37.564561,Sad,"[0.21474415063858032, 0.024035437032580376, 0.15365345776081085, 0.10617437958717346, 0.40796133875846863, 0.003118363209068775, 0.0903128981590271]"
2025-09-04 13:52:37.605159,Sad,"[0.14567333459854126, 0.013703967444598675, 0.23524826765060425, 0.03390401229262352, 0.28228795528411865, 0.04430697485804558, 0.24487555027008057]"
2025-09-04 13:52:37.731716,Sad,"[0.18323715031147003, 0.0178889911621809, 0.16154684126377106, 0.056970223784446716, 0.4150172173976898, 0.005036595743149519, 0.16030290722846985]"
2025-09-04 13:52:37.872183,Happy,"[0.08110861480236053, 0.00962065625935793, 0.06475850194692612, 0.4639906585216522, 0.12318409979343414, 0.027410846203565598, 0.22992658615112305]"
2025-09-04 13:52:37.996481,Happy,"[0.10883746296167374, 0.012630145996809006, 0.11490268260240555, 0.3620801866054535, 0.1353827863931656, 0.0733323022723198, 0.19283440709114075]"
2025-09-04 13:52:38.039155,Sad,"[0.15631791949272156, 0.014671788550913334, 0.2011076956987381, 0.031246714293956757, 0.3587791323661804, 0.01668635755777359, 0.22119039297103882]"
2025-09-04 13:52:38.171080,Happy,"[0.13016468286514282, 0.014822235330939293, 0.12643307447433472, 0.26154443621635437, 0.17447423934936523, 0.07142963260412216, 0.22113166749477386]"
2025-09-04 13:52:38.213664,Sad,"[0.14737224578857422, 0.013880724087357521, 0.2071605771780014, 0.03421969711780548, 0.30856043100357056, 0.03415476158261299, 0.2546515464782715]"
2025-09-04 13:52:38.378671,Sad,"[0.15013188123703003, 0.014468556270003319, 0.20873980224132538, 0.040025293827056885, 0.3026107847690582, 0.038175612688064575, 0.24584802985191345]"
2025-09-04 13:52:38.541907,Sad,"[0.17466069757938385, 0.02015700750052929, 0.14939387142658234, 0.20781834423542023, 0.21222634613513947, 0.06511791795492172, 0.17062585055828094]"
2025-09-04 13:52:38.582920,Sad,"[0.15455026924610138, 0.014698799699544907, 0.19138093292713165, 0.044490981847047806, 0.3053203821182251, 0.033985987305641174, 0.255572646856308]"
2025-09-04 13:52:38.731379,Happy,"[0.1360519975423813, 0.013395302928984165, 0.16480523347854614, 0.2522478997707367, 0.1127876490354538, 0.16277503967285156, 0.15793685615062714]"
2025-09-04 13:52:38.773278,Sad,"[0.1611817628145218, 0.016079140827059746, 0.2032933086156845, 0.05177105963230133, 0.3243032991886139, 0.026962801814079285, 0.2164085954427719]"
2025-09-04 13:52:38.897795,Happy,"[0.18290753662586212, 0.01748901978135109, 0.20924316346645355, 0.21472318470478058, 0.14192643761634827, 0.10956045240163803, 0.12415021657943726]"
2025-09-04 13:52:38.938565,Sad,"[0.175583615899086, 0.018707433715462685, 0.20979513227939606, 0.07049661874771118, 0.3208189904689789, 0.027307216078042984, 0.17729097604751587]"
2025-09-04 13:52:39.074276,Happy,"[0.16782627999782562, 0.01715242676436901, 0.17055350542068481, 0.2939484417438507, 0.14338749647140503, 0.07989740371704102, 0.12723445892333984]"
2025-09-04 13:52:39.116896,Sad,"[0.16605812311172485, 0.01650157943367958, 0.19773425161838531, 0.05284501612186432, 0.3248404264450073, 0.026052365079522133, 0.21596820652484894]"
2025-09-04 13:52:39.261689,Happy,"[0.15615901350975037, 0.017964214086532593, 0.1349581629037857, 0.34435218572616577, 0.1720058172941208, 0.04322498291730881, 0.13133558630943298]"
2025-09-04 13:52:39.304899,Sad,"[0.16373585164546967, 0.016221916303038597, 0.24250298738479614, 0.04652385413646698, 0.2956235110759735, 0.034641083329916, 0.20075078308582306]"
2025-09-04 13:52:39.465921,Happy,"[0.13874953985214233, 0.01603885181248188, 0.11812321841716766, 0.292133629322052, 0.18401898443698883, 0.05156634747982025, 0.1993694305419922]"
2025-09-04 13:52:39.507814,Sad,"[0.21030540764331818, 0.02288123220205307, 0.15005430579185486, 0.14249520003795624, 0.302983820438385, 0.017713258042931557, 0.15356670320034027]"
2025-09-04 13:52:39.549291,Sad,"[0.16959251463413239, 0.01688993163406849, 0.20811429619789124, 0.055394042283296585, 0.31817564368247986, 0.026658710092306137, 0.20517490804195404]"
2025-09-04 13:52:39.687976,Sad,"[0.2146795392036438, 0.023099755868315697, 0.14897620677947998, 0.1279011368751526, 0.3289056420326233, 0.011957250535488129, 0.14448048174381256]"
2025-09-04 13:52:39.729728,Happy,"[0.14164841175079346, 0.016255943104624748, 0.11419027298688889, 0.29071661829948425, 0.16639015078544617, 0.07139568030834198, 0.19940294325351715]"
2025-09-04 13:52:39.772994,Sad,"[0.15378446877002716, 0.014752400107681751, 0.22633861005306244, 0.039830125868320465, 0.3056091368198395, 0.033032722771167755, 0.22665250301361084]"
2025-09-04 13:52:39.814638,Neutral,"[0.14064018428325653, 0.015347601845860481, 0.13038022816181183, 0.2085888385772705, 0.1770472675561905, 0.089500293135643, 0.23849555850028992]"
2025-09-04 13:52:39.856777,Happy,"[0.10328899323940277, 0.011640750803053379, 0.1186644583940506, 0.2686476707458496, 0.1360352486371994, 0.10994135588407516, 0.25178149342536926]"
2025-09-04 13:52:39.986740,Sad,"[0.2126818746328354, 0.022607022896409035, 0.1492166370153427, 0.1247144490480423, 0.3167649209499359, 0.015316435135900974, 0.15869863331317902]"
2025-09-04 13:52:40.027633,Neutral,"[0.16757498681545258, 0.018436547368764877, 0.13828079402446747, 0.1879197657108307, 0.20009489357471466, 0.08093017339706421, 0.20676285028457642]"
2025-09-04 13:52:40.068533,Sad,"[0.1599016785621643, 0.016108574345707893, 0.2096477597951889, 0.05797981098294258, 0.29667195677757263, 0.03853410482406616, 0.2211560606956482]"
2025-09-04 13:52:40.203053,Sad,"[0.17421139776706696, 0.019596247002482414, 0.14749589562416077, 0.18422794342041016, 0.20574696362018585, 0.07943964004516602, 0.18928198516368866]"
2025-09-04 13:52:40.245995,Sad,"[0.207546204328537, 0.023425845429301262, 0.15633690357208252, 0.15881158411502838, 0.2967245280742645, 0.018573056906461716, 0.13858194649219513]"
2025-09-04 13:52:40.289106,Sad,"[0.17683564126491547, 0.01855558529496193, 0.20061863958835602, 0.0688842311501503, 0.3453229069709778, 0.0179598368704319, 0.17182312905788422]"
2025-09-04 13:52:40.423172,Sad,"[0.19783535599708557, 0.02258417382836342, 0.14656449854373932, 0.1915685534477234, 0.22608138620853424, 0.053083814680576324, 0.16228224337100983]"
2025-09-04 13:52:40.468846,Sad,"[0.22734898328781128, 0.024733098223805428, 0.14762327075004578, 0.12494815140962601, 0.3354615271091461, 0.010195758193731308, 0.12968918681144714]"
2025-09-04 13:52:40.600138,Sad,"[0.18809564411640167, 0.022013362497091293, 0.14916494488716125, 0.20959511399269104, 0.214230015873909, 0.06136469542980194, 0.15553633868694305]"
2025-09-04 13:52:40.642476,Sad,"[0.2285526543855667, 0.025801679119467735, 0.1528814136981964, 0.12201373279094696, 0.3653313219547272, 0.005815084557980299, 0.0996040478348732]"
2025-09-04 13:52:40.687398,Neutral,"[0.14273285865783691, 0.013414526358246803, 0.18347181379795074, 0.04596462845802307, 0.28191354870796204, 0.0438799113035202, 0.2886226773262024]"
2025-09-04 13:52:40.729692,Neutral,"[0.15779544413089752, 0.01531381905078888, 0.16223616898059845, 0.07530611753463745, 0.2612534761428833, 0.05036386102437973, 0.2777310907840729]"
2025-09-04 13:52:40.872610,Sad,"[0.22468332946300507, 0.02548913285136223, 0.16322147846221924, 0.12317711859941483, 0.34298551082611084, 0.00962256919592619, 0.11082091927528381]"
2025-09-04 13:52:40.913561,Happy,"[0.1597539782524109, 0.0182101558893919, 0.13498809933662415, 0.21710757911205292, 0.19281338155269623, 0.07945498824119568, 0.19767186045646667]"
2025-09-04 13:52:40.955656,Sad,"[0.14033780992031097, 0.012732362374663353, 0.22068382799625397, 0.028434596955776215, 0.2797389030456543, 0.04593618959188461, 0.27213627099990845]"
2025-09-04 13:52:41.002034,Neutral,"[0.10719956457614899, 0.011777675710618496, 0.17906591296195984, 0.11704684048891068, 0.1501408964395523, 0.19773821532726288, 0.23703081905841827]"
2025-09-04 13:52:41.133963,Sad,"[0.16916200518608093, 0.01938331127166748, 0.14777016639709473, 0.20699676871299744, 0.20742978155612946, 0.07048844546079636, 0.17876942455768585]"
2025-09-04 13:52:41.179719,Sad,"[0.21823464334011078, 0.024258874356746674, 0.15394218266010284, 0.12912356853485107, 0.34755656123161316, 0.008391167968511581, 0.1184929832816124]"
2025-09-04 13:52:41.227589,Surprise,"[0.11612842231988907, 0.011387636885046959, 0.22633658349514008, 0.0846378430724144, 0.11822347342967987, 0.2691723704338074, 0.1741136759519577]"
2025-09-04 13:52:41.269122,Sad,"[0.15396612882614136, 0.015370897948741913, 0.22805164754390717, 0.0444335900247097, 0.2905981242656708, 0.03555135428905487, 0.23202824592590332]"
2025-09-04 13:52:41.425671,Sad,"[0.21700376272201538, 0.024170400574803352, 0.1535577028989792, 0.14199097454547882, 0.3191453218460083, 0.013122396543622017, 0.13100942969322205]"
2025-09-04 13:52:41.470243,Sad,"[0.15995599329471588, 0.018135135993361473, 0.15294717252254486, 0.1936330497264862, 0.20899975299835205, 0.07472696900367737, 0.1916019469499588]"
2025-09-04 13:52:41.627351,Sad,"[0.2149699181318283, 0.022157123312354088, 0.1427755206823349, 0.10861006379127502, 0.3419674336910248, 0.010314843617379665, 0.1592050939798355]"
2025-09-04 13:52:41.669868,Happy,"[0.1520359367132187, 0.018270185217261314, 0.1301831603050232, 0.3342756927013397, 0.19240295886993408, 0.033124033361673355, 0.1397079974412918]"
2025-09-04 13:52:41.712233,Sad,"[0.15002085268497467, 0.01474989578127861, 0.24155081808567047, 0.04401246830821037, 0.2842319905757904, 0.045022688806056976, 0.22041131556034088]"
2025-09-04 13:52:41.752711,Surprise,"[0.09363846480846405, 0.008679402060806751, 0.24554602801799774, 0.04834287613630295, 0.09754998236894608, 0.3385832607746124, 0.16766001284122467]"
2025-09-04 13:52:41.798265,Sad,"[0.17681172490119934, 0.017039094120264053, 0.1439322978258133, 0.08985206484794617, 0.3310232162475586, 0.014096238650381565, 0.22724537551403046]"
2025-09-04 13:52:41.936709,Happy,"[0.17373128235340118, 0.02044609747827053, 0.1399192065000534, 0.2657454311847687, 0.19970078766345978, 0.0517546646296978, 0.148702472448349]"
2025-09-04 13:52:41.979232,Sad,"[0.235268697142601, 0.026123711839318275, 0.14813092350959778, 0.11266599595546722, 0.3724634349346161, 0.00518841203302145, 0.10015884786844254]"
2025-09-04 13:52:42.025413,Sad,"[0.14116640388965607, 0.013263769447803497, 0.2356722056865692, 0.0314968042075634, 0.2825588881969452, 0.04699628800153732, 0.248845636844635]"
2025-09-04 13:52:42.192186,Happy,"[0.15998876094818115, 0.018478984013199806, 0.1281050443649292, 0.2579415440559387, 0.18327763676643372, 0.0705290138721466, 0.18167895078659058]"
2025-09-04 13:52:42.251237,Sad,"[0.2238355278968811, 0.026445193216204643, 0.16042420268058777, 0.15681932866573334, 0.32084447145462036, 0.01088895183056593, 0.10074231773614883]"
2025-09-04 13:52:42.308139,Sad,"[0.14442585408687592, 0.013321327045559883, 0.23656925559043884, 0.032968517392873764, 0.27470555901527405, 0.04686262831091881, 0.25114697217941284]"
2025-09-04 13:52:42.493292,Happy,"[0.16901130974292755, 0.01929149404168129, 0.14245867729187012, 0.2068982571363449, 0.19534629583358765, 0.08390161395072937, 0.1830923706293106]"
2025-09-04 13:52:42.534667,Sad,"[0.2045319825410843, 0.022729746997356415, 0.15528981387615204, 0.15154333412647247, 0.3034670352935791, 0.01732189767062664, 0.14511613547801971]"
2025-09-04 13:52:42.575115,Fear,"[0.14097638428211212, 0.013604721054434776, 0.2683688700199127, 0.03656616061925888, 0.2505064606666565, 0.0673755556344986, 0.22260181605815887]"
2025-09-04 13:52:42.707835,Sad,"[0.21198783814907074, 0.02402806095778942, 0.15653514862060547, 0.15587946772575378, 0.30372485518455505, 0.016368741169571877, 0.1314758062362671]"
2025-09-04 13:52:42.748474,Happy,"[0.17074771225452423, 0.019531281664967537, 0.14298349618911743, 0.20726770162582397, 0.19674569368362427, 0.08205263316631317, 0.18067145347595215]"
2025-09-04 13:52:42.789496,Neutral,"[0.1305786818265915, 0.014276303350925446, 0.183256596326828, 0.10201379656791687, 0.17824971675872803, 0.16537357866764069, 0.22625142335891724]"
2025-09-04 13:52:42.832087,Sad,"[0.17173412442207336, 0.01732596941292286, 0.14349207282066345, 0.1260496824979782, 0.2681635022163391, 0.03361959755420685, 0.2396150678396225]"
2025-09-04 13:52:42.966600,Sad,"[0.2136937826871872, 0.02398032322525978, 0.15474925935268402, 0.15056867897510529, 0.30693531036376953, 0.015795554965734482, 0.13427703082561493]"
2025-09-04 13:52:43.008133,Happy,"[0.17934387922286987, 0.02086998149752617, 0.14233878254890442, 0.22817620635032654, 0.19943012297153473, 0.06821681559085846, 0.16162419319152832]"
2025-09-04 13:52:43.048077,Surprise,"[0.08507025986909866, 0.008096117526292801, 0.23831956088542938, 0.02925374172627926, 0.12035959213972092, 0.2945071756839752, 0.2243935465812683]"
2025-09-04 13:52:43.088824,Surprise,"[0.08957578986883163, 0.00962060783058405, 0.19534344971179962, 0.1013137474656105, 0.11747880280017853, 0.26796311140060425, 0.2187044322490692]"
2025-09-04 13:52:43.222376,Happy,"[0.17777809500694275, 0.020954472944140434, 0.1430804580450058, 0.2541428506374359, 0.20608270168304443, 0.05051025003194809, 0.14745117723941803]"
2025-09-04 13:52:43.262587,Sad,"[0.21291248500347137, 0.0238074641674757, 0.1556956171989441, 0.14211678504943848, 0.32502761483192444, 0.01204249169677496, 0.12839755415916443]"
2025-09-04 13:52:43.399841,Happy,"[0.15491344034671783, 0.018890293315052986, 0.11355593055486679, 0.38999709486961365, 0.17508083581924438, 0.028184302151203156, 0.11937817186117172]"
2025-09-04 13:52:43.446228,Sad,"[0.22104722261428833, 0.023636814206838608, 0.15399208664894104, 0.10743536800146103, 0.3466200530529022, 0.010081899352371693, 0.13718654215335846]"
2025-09-04 13:52:43.487525,Sad,"[0.14988523721694946, 0.014031893573701382, 0.21709559857845306, 0.037758175283670425, 0.3047569692134857, 0.03206001594662666, 0.2444121241569519]"
2025-09-04 13:52:43.615270,Sad,"[0.2264166921377182, 0.02518432028591633, 0.15160857141017914, 0.1253543496131897, 0.35052356123924255, 0.007735010236501694, 0.11317742615938187]"
2025-09-04 13:52:43.659169,Happy,"[0.18097858130931854, 0.021444734185934067, 0.14319129288196564, 0.25691527128219604, 0.20771324634552002, 0.0476885586977005, 0.14206841588020325]"
2025-09-04 13:52:43.791985,Happy,"[0.17810484766960144, 0.021514717489480972, 0.13710489869117737, 0.3037780523300171, 0.2033369243144989, 0.03424666076898575, 0.12191390991210938]"
2025-09-04 13:52:43.833424,Sad,"[0.21262526512145996, 0.023207515478134155, 0.15159666538238525, 0.1355935037136078, 0.32225191593170166, 0.013080934062600136, 0.1416441798210144]"
2025-09-04 13:52:43.878716,Sad,"[0.16475646197795868, 0.016482431441545486, 0.21559181809425354, 0.05952683836221695, 0.29873350262641907, 0.03480958938598633, 0.21009929478168488]"
2025-09-04 13:52:44.037481,Sad,"[0.21930059790611267, 0.02361150085926056, 0.148342564702034, 0.12166831642389297, 0.34238389134407043, 0.009553766809403896, 0.1351393312215805]"
2025-09-04 13:52:44.083827,Happy,"[0.1393517255783081, 0.01665371097624302, 0.11168590933084488, 0.38806816935539246, 0.15543009340763092, 0.04454305022954941, 0.14426736533641815]"
2025-09-04 13:52:44.133225,Neutral,"[0.09911058098077774, 0.01049347035586834, 0.17586760222911835, 0.10887657105922699, 0.1446612924337387, 0.1937687247991562, 0.26722174882888794]"
2025-09-04 13:52:44.262843,Sad,"[0.22029118239879608, 0.024376017972826958, 0.1535234898328781, 0.12393952161073685, 0.3523540496826172, 0.007895099930465221, 0.11762058734893799]"
2025-09-04 13:52:44.306863,Happy,"[0.19165034592151642, 0.02260185219347477, 0.14698538184165955, 0.23537065088748932, 0.2247396856546402, 0.03991619125008583, 0.13873596489429474]"
2025-09-04 13:52:44.356443,Sad,"[0.17252175509929657, 0.017052143812179565, 0.14057470858097076, 0.11630027741193771, 0.2808595597743988, 0.027490640059113503, 0.24520093202590942]"
2025-09-04 13:52:44.489134,Happy,"[0.179765522480011, 0.02100534364581108, 0.14440646767616272, 0.23181021213531494, 0.2051350474357605, 0.06075168401002884, 0.15712569653987885]"
2025-09-04 13:52:44.535351,Sad,"[0.21201707422733307, 0.023303193971514702, 0.15323050320148468, 0.13613156974315643, 0.3270514905452728, 0.012047925032675266, 0.13621824979782104]"
2025-09-04 13:52:44.580166,Sad,"[0.15293176472187042, 0.01436523161828518, 0.20110300183296204, 0.03363217040896416, 0.3382470905780792, 0.02246195077896118, 0.23725877702236176]"
2025-09-04 13:52:44.623104,Surprise,"[0.08570100367069244, 0.008398079313337803, 0.2604411840438843, 0.023880237713456154, 0.12687137722969055, 0.2835978865623474, 0.2111101895570755]"
2025-09-04 13:52:44.662485,Surprise,"[0.09150195866823196, 0.009168355725705624, 0.2313389927148819, 0.031650297343730927, 0.1349509060382843, 0.26178300380706787, 0.23960646986961365]"
2025-09-04 13:52:44.704131,Surprise,"[0.07203102111816406, 0.00700864614918828, 0.239583820104599, 0.02319519594311714, 0.1055208146572113, 0.32766780257225037, 0.22499267756938934]"
2025-09-04 13:52:44.746006,Surprise,"[0.09347289055585861, 0.009943488985300064, 0.20446014404296875, 0.0931372344493866, 0.1148323267698288, 0.2687607407569885, 0.21539314091205597]"
2025-09-04 13:52:44.887813,Happy,"[0.1681007742881775, 0.01995842717587948, 0.12842780351638794, 0.31592798233032227, 0.18048715591430664, 0.04931078106164932, 0.13778702914714813]"
2025-09-04 13:52:44.928397,Sad,"[0.22685861587524414, 0.02560470812022686, 0.1536525934934616, 0.12996850907802582, 0.3485797047615051, 0.007720343302935362, 0.10761555284261703]"
2025-09-04 13:52:45.055485,Happy,"[0.19306141138076782, 0.023347659036517143, 0.14492374658584595, 0.2620401978492737, 0.21749934554100037, 0.036647528409957886, 0.12248016893863678]"
2025-09-04 13:52:45.097320,Sad,"[0.2183503657579422, 0.02473561279475689, 0.15679346024990082, 0.13490653038024902, 0.3463553190231323, 0.008214715868234634, 0.11064399033784866]"
2025-09-04 13:52:45.137095,Neutral,"[0.11032726615667343, 0.012171401642262936, 0.1869073212146759, 0.08990601450204849, 0.15485066175460815, 0.1715177744626999, 0.2743196189403534]"
2025-09-04 13:52:45.177691,Sad,"[0.17071771621704102, 0.01727675274014473, 0.1464099884033203, 0.1251932978630066, 0.2849719822406769, 0.026205403730273247, 0.22922484576702118]"
2025-09-04 13:52:45.326272,Happy,"[0.1830579936504364, 0.02195035107433796, 0.13495387136936188, 0.2902759611606598, 0.1944163292646408, 0.04544280841946602, 0.1299026906490326]"
2025-09-04 13:52:45.367824,Sad,"[0.22282105684280396, 0.024464603513479233, 0.15015481412410736, 0.1315048635005951, 0.3293772041797638, 0.011242005974054337, 0.13043546676635742]"
2025-09-04 13:52:45.412053,Neutral,"[0.11405722051858902, 0.011802845634520054, 0.1634848713874817, 0.12204491347074509, 0.16221974790096283, 0.1445723921060562, 0.2818180322647095]"
2025-09-04 13:52:45.460241,Neutral,"[0.13998694717884064, 0.01431691087782383, 0.15676584839820862, 0.11474009603261948, 0.1938505619764328, 0.10624334216117859, 0.2740963399410248]"
2025-09-04 13:52:45.503812,Neutral,"[0.10812239348888397, 0.011927742511034012, 0.14124025404453278, 0.22800639271736145, 0.13661958277225494, 0.13980962336063385, 0.23427405953407288]"
2025-09-04 13:52:45.546404,Neutral,"[0.11060825735330582, 0.012167097069323063, 0.1434430032968521, 0.21792437136173248, 0.14051324129104614, 0.13915616273880005, 0.23618778586387634]"
2025-09-04 13:52:45.694437,Sad,"[0.20527562499046326, 0.021533818915486336, 0.15620696544647217, 0.10928148031234741, 0.3254980444908142, 0.015374858863651752, 0.1668292135000229]"
2025-09-04 13:52:45.747023,Happy,"[0.1802416294813156, 0.02125280722975731, 0.13899120688438416, 0.25861653685569763, 0.1970362365245819, 0.0566021166741848, 0.1472594141960144]"
2025-09-04 13:52:45.790651,Sad,"[0.17265133559703827, 0.01738669164478779, 0.2016475796699524, 0.06802847236394882, 0.31370699405670166, 0.027392445132136345, 0.19918642938137054]"
2025-09-04 13:52:45.832094,Surprise,"[0.09662307053804398, 0.010254569351673126, 0.2167881280183792, 0.0561017170548439, 0.13239045441150665, 0.2534879744052887, 0.23435398936271667]"
2025-09-04 13:52:45.872987,Sad,"[0.16614337265491486, 0.015352045185863972, 0.1710483729839325, 0.04398784786462784, 0.32116571068763733, 0.023704806342720985, 0.25859785079956055]"
2025-09-04 13:52:45.914849,Sad,"[0.17260129749774933, 0.01649918407201767, 0.1349760740995407, 0.10105349123477936, 0.3184910714626312, 0.014906719326972961, 0.24147213995456696]"
2025-09-04 13:52:46.055470,Sad,"[0.21708738803863525, 0.024702439084649086, 0.15778087079524994, 0.13878534734249115, 0.34147265553474426, 0.008834409527480602, 0.11133679747581482]"
2025-09-04 13:52:46.097067,Happy,"[0.1694537103176117, 0.019791025668382645, 0.13719722628593445, 0.2654339671134949, 0.19215460121631622, 0.05927528813481331, 0.156694233417511]"
2025-09-04 13:52:46.141155,Sad,"[0.16257093846797943, 0.01652841828763485, 0.20658591389656067, 0.06754075735807419, 0.2989945113658905, 0.034613411873579025, 0.2131660282611847]"
2025-09-04 13:52:46.183837,Neutral,"[0.11914968490600586, 0.01359894685447216, 0.16599096357822418, 0.14032676815986633, 0.1584939956665039, 0.1521696001291275, 0.2502700686454773]"
2025-09-04 13:52:46.228487,Neutral,"[0.11064115166664124, 0.011769009754061699, 0.1808454692363739, 0.1123725026845932, 0.15017277002334595, 0.18454895913600922, 0.24965013563632965]"
2025-09-04 13:52:46.270213,Neutral,"[0.10956371575593948, 0.012320264242589474, 0.17362597584724426, 0.13485117256641388, 0.146027073264122, 0.18256059288978577, 0.24105121195316315]"
2025-09-04 13:52:46.314401,Neutral,"[0.11551474779844284, 0.012756080366671085, 0.15856577455997467, 0.17210179567337036, 0.1510249823331833, 0.1560238003730774, 0.23401273787021637]"
2025-09-04 13:52:46.356172,Neutral,"[0.13271623849868774, 0.014452214352786541, 0.12755420804023743, 0.21576130390167236, 0.16999609768390656, 0.09097286313772202, 0.2485470473766327]"
2025-09-04 13:52:46.484906,Sad,"[0.22312472760677338, 0.023723013699054718, 0.14526262879371643, 0.11504673957824707, 0.3474317491054535, 0.008844014257192612, 0.13656719028949738]"
2025-09-04 13:52:46.526564,Happy,"[0.17613878846168518, 0.02099260501563549, 0.13620401918888092, 0.29034891724586487, 0.1962466835975647, 0.044738832861185074, 0.13533011078834534]"
2025-09-04 13:52:46.585800,Sad,"[0.16973407566547394, 0.01799830235540867, 0.15220759809017181, 0.1514526605606079, 0.27947208285331726, 0.026934821158647537, 0.20220047235488892]"
2025-09-04 13:52:46.741719,Happy,"[0.1647418737411499, 0.018907461315393448, 0.13623037934303284, 0.23938995599746704, 0.18533667922019958, 0.07902487367391586, 0.1763688176870346]"
2025-09-04 13:52:46.794834,Sad,"[0.2224033921957016, 0.024205371737480164, 0.14928863942623138, 0.12335041165351868, 0.34372469782829285, 0.009108676575124264, 0.12791883945465088]"
2025-09-04 13:52:46.838187,Neutral,"[0.14188389480113983, 0.015399966388940811, 0.12584105134010315, 0.20658083260059357, 0.1812659651041031, 0.08202327787876129, 0.2470049411058426]"
2025-09-04 13:52:46.973837,Happy,"[0.14563599228858948, 0.01713048666715622, 0.1218152791261673, 0.3481513559818268, 0.15386763215065002, 0.06392452865839005, 0.14947476983070374]"
2025-09-04 13:52:47.016233,Sad,"[0.22234486043453217, 0.025571197271347046, 0.15733230113983154, 0.1468011885881424, 0.3265201449394226, 0.01073148287832737, 0.11069875955581665]"
2025-09-04 13:52:47.058761,Neutral,"[0.1410866528749466, 0.014998863451182842, 0.12610656023025513, 0.21198363602161407, 0.17697666585445404, 0.08187758177518845, 0.2469700425863266]"
2025-09-04 13:52:47.098983,Sad,"[0.16624701023101807, 0.01748819462954998, 0.1588672548532486, 0.1352977752685547, 0.27359405159950256, 0.03348707780241966, 0.21501871943473816]"
2025-09-04 13:52:47.226051,Happy,"[0.17579764127731323, 0.020257657393813133, 0.14388257265090942, 0.21174708008766174, 0.19999317824840546, 0.07591333985328674, 0.1724085807800293]"
2025-09-04 13:52:47.267930,Sad,"[0.22875536978244781, 0.025821922346949577, 0.15592549741268158, 0.12788546085357666, 0.34272491931915283, 0.008834605105221272, 0.11005223542451859]"
2025-09-04 13:52:47.309648,Fear,"[0.15895062685012817, 0.014248520135879517, 0.2805258631706238, 0.05163295567035675, 0.22156308591365814, 0.07336484640836716, 0.19971413910388947]"
2025-09-04 13:52:47.359397,Happy,"[0.12196782976388931, 0.01359384786337614, 0.14010751247406006, 0.22960741817951202, 0.14975063502788544, 0.12415646761655807, 0.22081618010997772]"
2025-09-04 13:52:47.404963,Sad,"[0.1767488569021225, 0.01894492469727993, 0.15757058560848236, 0.14511698484420776, 0.27705755829811096, 0.030121127143502235, 0.19443994760513306]"
2025-09-04 13:52:47.556700,Happy,"[0.17376680672168732, 0.020145384594798088, 0.13935109972953796, 0.23711271584033966, 0.19309690594673157, 0.071055568754673, 0.16547144949436188]"
2025-09-04 13:52:47.601414,Sad,"[0.2315487116575241, 0.026974953711032867, 0.15644749999046326, 0.14602021872997284, 0.32875049114227295, 0.009659318253397942, 0.10059884190559387]"
2025-09-04 13:52:47.726313,Happy,"[0.17048928141593933, 0.019784022122621536, 0.1364956498146057, 0.25080811977386475, 0.18783336877822876, 0.07037830352783203, 0.16421125829219818]"
2025-09-04 13:52:47.772136,Sad,"[0.21809132397174835, 0.023586569353938103, 0.149326354265213, 0.1247517317533493, 0.33871033787727356, 0.01009843684732914, 0.13543525338172913]"
2025-09-04 13:52:47.815595,Fear,"[0.1424499750137329, 0.014140178449451923, 0.255808025598526, 0.04974359646439552, 0.25004303455352783, 0.06713418662548065, 0.22068098187446594]"
2025-09-04 13:52:47.863953,Sad,"[0.15880683064460754, 0.015580947510898113, 0.16702595353126526, 0.07936093211174011, 0.28618311882019043, 0.035146042704582214, 0.2578960955142975]"
2025-09-04 13:52:47.993666,Sad,"[0.22512385249137878, 0.024828055873513222, 0.15067894756793976, 0.124037966132164, 0.34913209080696106, 0.008085399866104126, 0.11811370402574539]"
2025-09-04 13:52:48.035352,Happy,"[0.15458114445209503, 0.01762014999985695, 0.1376841813325882, 0.23400256037712097, 0.17786771059036255, 0.09049181640148163, 0.18775250017642975]"
2025-09-04 13:52:48.077086,Neutral,"[0.10057733952999115, 0.011090172454714775, 0.17447291314601898, 0.137679323554039, 0.1361207664012909, 0.20727255940437317, 0.23278705775737762]"
2025-09-04 13:52:48.221500,Happy,"[0.1773977279663086, 0.0204946119338274, 0.14403338730335236, 0.21378850936889648, 0.20085248351097107, 0.07386301457881927, 0.1695702224969864]"
2025-09-04 13:52:48.262810,Sad,"[0.22779887914657593, 0.02692953683435917, 0.1597152054309845, 0.1437247097492218, 0.34429988265037537, 0.0072809080593287945, 0.09025086462497711]"
2025-09-04 13:52:48.308356,Happy,"[0.10070642828941345, 0.01130836084485054, 0.11048702895641327, 0.27446410059928894, 0.13668672740459442, 0.0978250727057457, 0.26852235198020935]"
2025-09-04 13:52:48.359001,Sad,"[0.1805446594953537, 0.01755211502313614, 0.14769212901592255, 0.08475693315267563, 0.35499387979507446, 0.010246006771922112, 0.20421434938907623]"
2025-09-04 13:52:48.483394,Sad,"[0.1785077601671219, 0.020653657615184784, 0.1475958526134491, 0.20855578780174255, 0.20857401192188263, 0.06822094321250916, 0.1678919643163681]"
2025-09-04 13:52:48.525288,Sad,"[0.22736254334449768, 0.025021672248840332, 0.14969149231910706, 0.12126821279525757, 0.35270988941192627, 0.0075925011187791824, 0.11635370552539825]"
2025-09-04 13:52:48.568622,Fear,"[0.13142597675323486, 0.011362702585756779, 0.30435487627983093, 0.0386371873319149, 0.16548623144626617, 0.14806786179542542, 0.20066513121128082]"
2025-09-04 13:52:48.611322,Neutral,"[0.12718112766742706, 0.01213432103395462, 0.18664763867855072, 0.03802240639925003, 0.21338604390621185, 0.12024248391389847, 0.302386075258255]"
2025-09-04 13:52:48.651859,Sad,"[0.16751369833946228, 0.017900124192237854, 0.1635371595621109, 0.13821467757225037, 0.2711423933506012, 0.035637300461530685, 0.20605461299419403]"
2025-09-04 13:52:48.812385,Sad,"[0.23242974281311035, 0.026729615405201912, 0.1541445404291153, 0.1249462217092514, 0.365543007850647, 0.005414100829511881, 0.09079275280237198]"
2025-09-04 13:52:48.853243,Happy,"[0.17217661440372467, 0.019939899444580078, 0.14308232069015503, 0.2270403504371643, 0.193964883685112, 0.07482003420591354, 0.16897587478160858]"
2025-09-04 13:52:48.895107,Neutral,"[0.1138053610920906, 0.00991049874573946, 0.2269400954246521, 0.016483815386891365, 0.2394704818725586, 0.07832996547222137, 0.3150598704814911]"
2025-09-04 13:52:49.024251,Happy,"[0.19107837975025177, 0.02260502241551876, 0.1472354531288147, 0.22744977474212646, 0.21363849937915802, 0.053597453981637955, 0.14439533650875092]"
2025-09-04 13:52:49.066145,Sad,"[0.21974676847457886, 0.024870211258530617, 0.15621179342269897, 0.12958896160125732, 0.3566195070743561, 0.0069371964782476425, 0.10602554678916931]"
2025-09-04 13:52:49.108011,Sad,"[0.1647663712501526, 0.016598422080278397, 0.1373242437839508, 0.12729932367801666, 0.3083136975765228, 0.015911778435111046, 0.2297862321138382]"
2025-09-04 13:52:49.149866,Surprise,"[0.049505092203617096, 0.0041267843917012215, 0.2474653720855713, 0.007542052771896124, 0.09042302519083023, 0.3547825813293457, 0.24615508317947388]"
2025-09-04 13:52:49.290346,Happy,"[0.17439283430576324, 0.020163560286164284, 0.14111293852329254, 0.22686856985092163, 0.19567610323429108, 0.0732039287686348, 0.1685820370912552]"
2025-09-04 13:52:49.330753,Sad,"[0.22257648408412933, 0.024937065318226814, 0.15349307656288147, 0.13708661496639252, 0.33077481389045715, 0.010614502243697643, 0.12051739543676376]"
2025-09-04 13:52:49.373773,Sad,"[0.1380787193775177, 0.012143234722316265, 0.21292248368263245, 0.015673156827688217, 0.331900417804718, 0.02537774294614792, 0.26390427350997925]"
2025-09-04 13:52:49.416941,Sad,"[0.17653533816337585, 0.018336359411478043, 0.1484607309103012, 0.1374831646680832, 0.29264163970947266, 0.022368144243955612, 0.20417459309101105]"
2025-09-04 13:52:49.568262,Sad,"[0.22044725716114044, 0.025080710649490356, 0.15830303728580475, 0.13313095271587372, 0.3465639054775238, 0.008244812488555908, 0.10822934657335281]"
2025-09-04 13:52:49.613696,Happy,"[0.18275226652622223, 0.021215388551354408, 0.14625388383865356, 0.20924615859985352, 0.20612813532352448, 0.07011578977108002, 0.1642884463071823]"
2025-09-04 13:52:49.664045,Neutral,"[0.12090139836072922, 0.011127437464892864, 0.2389376312494278, 0.02116486057639122, 0.2619040608406067, 0.06449718773365021, 0.28146740794181824]"
2025-09-04 13:52:49.804840,Happy,"[0.18371179699897766, 0.0216708742082119, 0.14358510076999664, 0.2434682846069336, 0.20616139471530914, 0.05429089814424515, 0.14711172878742218]"
2025-09-04 13:52:49.857066,Sad,"[0.21951021254062653, 0.02405509352684021, 0.15051567554473877, 0.13390645384788513, 0.32444506883621216, 0.012312703765928745, 0.13525478541851044]"
2025-09-04 13:52:49.991776,Happy,"[0.17664483189582825, 0.020352760329842567, 0.14466790854930878, 0.20836420357227325, 0.2014186829328537, 0.07600762695074081, 0.1725439876317978]"
2025-09-04 13:52:50.048026,Sad,"[0.21822848916053772, 0.02418901026248932, 0.15339133143424988, 0.13084378838539124, 0.3415006995201111, 0.009287276305258274, 0.12255937606096268]"
2025-09-04 13:52:50.105905,Fear,"[0.12893034517765045, 0.011911189183592796, 0.27991631627082825, 0.022030668333172798, 0.22220167517662048, 0.09831056743860245, 0.23669925332069397]"
2025-09-04 13:52:50.177806,Sad,"[0.17399060726165771, 0.017835410311818123, 0.14875687658786774, 0.12829244136810303, 0.30241483449935913, 0.019840452820062637, 0.2088693231344223]"
2025-09-04 13:52:50.320183,Happy,"[0.1822044998407364, 0.021305499598383904, 0.14237983524799347, 0.23217882215976715, 0.20066048204898834, 0.0648011639714241, 0.15646971762180328]"
2025-09-04 13:52:50.371963,Sad,"[0.22311730682849884, 0.025589071214199066, 0.15699729323387146, 0.1412285566329956, 0.3362971246242523, 0.00920735765248537, 0.1075633093714714]"
2025-09-04 13:52:50.425696,Fear,"[0.12007931619882584, 0.01231757365167141, 0.2794206142425537, 0.05271061882376671, 0.20979668200016022, 0.13137619197368622, 0.19429907202720642]"
2025-09-04 13:52:50.472424,Neutral,"[0.14393310248851776, 0.014876652508974075, 0.1148420125246048, 0.18052980303764343, 0.194749653339386, 0.06191599741578102, 0.2891528308391571]"
2025-09-04 13:52:50.518728,Sad,"[0.17023926973342896, 0.017232714220881462, 0.1470852941274643, 0.12457464635372162, 0.2932918667793274, 0.023031316697597504, 0.22454488277435303]"
2025-09-04 13:52:50.671817,Happy,"[0.14765875041484833, 0.016905777156352997, 0.1349792629480362, 0.2577141225337982, 0.16798453032970428, 0.09032928943634033, 0.18442820012569427]"
2025-09-04 13:52:50.721351,Sad,"[0.21646085381507874, 0.02394392155110836, 0.1580827385187149, 0.1255931407213211, 0.33798012137413025, 0.010689997114241123, 0.12724918127059937]"
2025-09-04 13:52:50.766365,Neutral,"[0.1056375578045845, 0.010066728107631207, 0.2319338470697403, 0.03031264804303646, 0.16022296249866486, 0.20940838754177094, 0.25241780281066895]"
2025-09-04 13:52:50.920665,Sad,"[0.22236625850200653, 0.023358380421996117, 0.14318688213825226, 0.11457321047782898, 0.33953651785850525, 0.010151147842407227, 0.14682765305042267]"
2025-09-04 13:52:50.962900,Happy,"[0.18012060225009918, 0.021067436784505844, 0.14084863662719727, 0.23948010802268982, 0.1975427120923996, 0.06473570317029953, 0.15620476007461548]"
2025-09-04 13:52:51.124173,Sad,"[0.22199006378650665, 0.024650169536471367, 0.15244068205356598, 0.13241760432720184, 0.3360500633716583, 0.00995354913175106, 0.12249785661697388]"
2025-09-04 13:52:51.164432,Happy,"[0.15094852447509766, 0.01760963350534439, 0.1280391365289688, 0.3035612404346466, 0.16461139917373657, 0.07146283984184265, 0.16376715898513794]"
2025-09-04 13:52:51.236151,Neutral,"[0.12959618866443634, 0.014012428000569344, 0.11548025906085968, 0.2196325808763504, 0.17306093871593475, 0.07609247416257858, 0.27212515473365784]"
2025-09-04 13:52:51.293541,Sad,"[0.1758512705564499, 0.01821252331137657, 0.1566237211227417, 0.12122169882059097, 0.3079966902732849, 0.01993405446410179, 0.2001599371433258]"
2025-09-04 13:52:51.465360,Happy,"[0.14702782034873962, 0.017108391970396042, 0.11775224655866623, 0.3259313106536865, 0.15986184775829315, 0.06627883017063141, 0.16603955626487732]"
2025-09-04 13:52:51.534285,Sad,"[0.23037825524806976, 0.02595161832869053, 0.15226693451404572, 0.12630462646484375, 0.35296371579170227, 0.00710781617090106, 0.10502700507640839]"
2025-09-04 13:52:51.578200,Neutral,"[0.12449904531240463, 0.010895898565649986, 0.21629564464092255, 0.020565032958984375, 0.2924196422100067, 0.038532912731170654, 0.29679176211357117]"
2025-09-04 13:52:51.622887,Sad,"[0.14842718839645386, 0.013775547966361046, 0.23165175318717957, 0.02963561750948429, 0.2862856090068817, 0.043848711997270584, 0.24637556076049805]"
2025-09-04 13:52:51.670265,Sad,"[0.17725855112075806, 0.018538566306233406, 0.1565047651529312, 0.1278606653213501, 0.302152544260025, 0.021269839257001877, 0.19641506671905518]"
2025-09-04 13:52:51.834532,Sad,"[0.2324732542037964, 0.02595100738108158, 0.1495978832244873, 0.11327966302633286, 0.376132607460022, 0.004889864008873701, 0.09767567366361618]"
2025-09-04 13:52:51.876109,Sad,"[0.17726533114910126, 0.019124818965792656, 0.2150232493877411, 0.06807814538478851, 0.34354761242866516, 0.019416198134422302, 0.15754464268684387]"
2025-09-04 13:52:51.918928,Sad,"[0.13226820528507233, 0.011188180185854435, 0.23280975222587585, 0.015180121175944805, 0.29353395104408264, 0.03486901521682739, 0.28015077114105225]"
2025-09-04 13:52:51.962141,Sad,"[0.1485302746295929, 0.012704411521553993, 0.1932554990053177, 0.020611004903912544, 0.3231295645236969, 0.023029165342450142, 0.2787399888038635]"
2025-09-04 13:52:52.090636,Sad,"[0.2299499213695526, 0.025842605158686638, 0.152083158493042, 0.1289830505847931, 0.34577444195747375, 0.008051634766161442, 0.1093151792883873]"
2025-09-04 13:52:52.245952,Sad,"[0.22505168616771698, 0.024820709601044655, 0.15417584776878357, 0.11920579522848129, 0.34908705949783325, 0.008575931191444397, 0.1190829798579216]"
2025-09-04 13:52:52.288694,Sad,"[0.17442350089550018, 0.018159380182623863, 0.19536063075065613, 0.064781054854393, 0.34355396032333374, 0.017705153673887253, 0.18601633608341217]"
2025-09-04 13:52:52.413567,Happy,"[0.13731695711612701, 0.015559440478682518, 0.14541447162628174, 0.22595100104808807, 0.17139475047588348, 0.10105443000793457, 0.2033088654279709]"
2025-09-04 13:52:52.457402,Sad,"[0.2329915463924408, 0.02559073641896248, 0.14727194607257843, 0.11091890931129456, 0.3722825050354004, 0.005389052908867598, 0.10555531829595566]"
2025-09-04 13:52:52.581059,Sad,"[0.21955621242523193, 0.02439466305077076, 0.15350483357906342, 0.12668079137802124, 0.35202690958976746, 0.007780781481415033, 0.11605586111545563]"
2025-09-04 13:52:52.621259,Sad,"[0.1654343158006668, 0.016447031870484352, 0.20309939980506897, 0.049952514469623566, 0.32039862871170044, 0.028595324605703354, 0.21607281267642975]"
2025-09-04 13:52:52.660143,Sad,"[0.17241385579109192, 0.016948482021689415, 0.13953205943107605, 0.11441298574209213, 0.29897579550743103, 0.020365534350275993, 0.23735131323337555]"
2025-09-04 13:52:52.790388,Sad,"[0.22516946494579315, 0.024823550134897232, 0.15040452778339386, 0.12903133034706116, 0.3366599977016449, 0.00987014826387167, 0.12404108047485352]"
2025-09-04 13:52:52.925404,Happy,"[0.1834637075662613, 0.02131667733192444, 0.1464282125234604, 0.20933233201503754, 0.20666804909706116, 0.06945306062698364, 0.16333788633346558]"
2025-09-04 13:52:52.967062,Sad,"[0.22212174534797668, 0.025557301938533783, 0.15783734619617462, 0.14059670269489288, 0.34039101004600525, 0.008582498878240585, 0.10491350293159485]"
2025-09-04 13:52:53.010683,Sad,"[0.18307387828826904, 0.01874212734401226, 0.1649937778711319, 0.09466757625341415, 0.33205482363700867, 0.01620158925652504, 0.19026631116867065]"
2025-09-04 13:52:53.146382,Sad,"[0.2166943997144699, 0.023463081568479538, 0.14907243847846985, 0.13213396072387695, 0.3213580250740051, 0.013244439847767353, 0.14403362572193146]"
2025-09-04 13:52:53.187553,Sad,"[0.1640705168247223, 0.016687601804733276, 0.16081205010414124, 0.10744770616292953, 0.2697717845439911, 0.040077582001686096, 0.24113279581069946]"
2025-09-04 13:52:53.344668,Sad,"[0.21137180924415588, 0.022962136194109917, 0.14934495091438293, 0.14223262667655945, 0.3013772964477539, 0.018133141100406647, 0.1545780450105667]"
2025-09-04 13:52:53.387032,Sad,"[0.1524154394865036, 0.014237234368920326, 0.19843025505542755, 0.04168436676263809, 0.2924219071865082, 0.03772798553109169, 0.2630828619003296]"
2025-09-04 13:52:53.430400,Neutral,"[0.1127585917711258, 0.009040538221597672, 0.2037595510482788, 0.00979902595281601, 0.2660529911518097, 0.04771728813648224, 0.3508720099925995]"
2025-09-04 13:52:53.478573,Sad,"[0.16257046163082123, 0.016503334045410156, 0.16439752280712128, 0.10235799103975296, 0.27613699436187744, 0.0377604216337204, 0.24027332663536072]"
2025-09-04 13:52:53.640605,Sad,"[0.2163187861442566, 0.023698631674051285, 0.149513840675354, 0.14372797310352325, 0.30129775404930115, 0.0177448857575655, 0.14769813418388367]"
2025-09-04 13:52:53.683331,Sad,"[0.1681799590587616, 0.016901081427931786, 0.19286756217479706, 0.067603699862957, 0.3373568654060364, 0.022536661475896835, 0.1945541501045227]"
2025-09-04 13:52:53.724057,Sad,"[0.16799215972423553, 0.016158709302544594, 0.14559073746204376, 0.09211308509111404, 0.30194732546806335, 0.02221469208598137, 0.2539833188056946]"
2025-09-04 13:52:53.863231,Happy,"[0.1608976572751999, 0.018239490687847137, 0.14501367509365082, 0.2053215205669403, 0.19992071390151978, 0.07929868251085281, 0.19130820035934448]"
2025-09-04 13:52:53.904830,Sad,"[0.21482987701892853, 0.02297685667872429, 0.1609102189540863, 0.10477995127439499, 0.3378249704837799, 0.012783336453139782, 0.14589481055736542]"
2025-09-04 13:52:53.946610,Sad,"[0.18288390338420868, 0.01845514588057995, 0.18133734166622162, 0.07443125545978546, 0.36875927448272705, 0.013541939668357372, 0.16059114038944244]"
2025-09-04 13:52:53.988548,Neutral,"[0.13148772716522217, 0.013848735019564629, 0.1185000091791153, 0.201168954372406, 0.17667828500270844, 0.07506012916564941, 0.2832562327384949]"
2025-09-04 13:52:54.125623,Sad,"[0.22111809253692627, 0.025075780227780342, 0.15495796501636505, 0.14817844331264496, 0.3148033022880554, 0.013392798602581024, 0.12247355282306671]"
2025-09-04 13:52:54.167394,Sad,"[0.1853054016828537, 0.02177555114030838, 0.15584208071231842, 0.20774812996387482, 0.23117493093013763, 0.04772043228149414, 0.15043340623378754]"
2025-09-04 13:52:54.209837,Happy,"[0.1223953515291214, 0.014046079479157925, 0.10682382434606552, 0.2693454325199127, 0.18025390803813934, 0.053883496671915054, 0.25325191020965576]"
2025-09-04 13:52:54.254596,Sad,"[0.189935103058815, 0.019157521426677704, 0.1931515783071518, 0.041873615235090256, 0.4068780541419983, 0.007179660256952047, 0.14182446897029877]"
2025-09-04 13:52:54.387287,Happy,"[0.1492241472005844, 0.017802244052290916, 0.12360964715480804, 0.3149152100086212, 0.20654162764549255, 0.029194297268986702, 0.15871281921863556]"
2025-09-04 13:52:54.430560,Sad,"[0.22610831260681152, 0.025385016575455666, 0.1528335064649582, 0.13590513169765472, 0.3321682810783386, 0.01020453404635191, 0.11739515513181686]"
2025-09-04 13:52:54.474967,Sad,"[0.1918550431728363, 0.02187333256006241, 0.16323204338550568, 0.16441789269447327, 0.3043402135372162, 0.016804201528429985, 0.13747724890708923]"
2025-09-04 13:52:54.516534,Sad,"[0.1702769547700882, 0.016847386956214905, 0.18462839722633362, 0.06072273477911949, 0.32740890979766846, 0.022740600630640984, 0.2173750400543213]"
2025-09-04 13:52:54.558045,Sad,"[0.17265759408473969, 0.016736609861254692, 0.14048874378204346, 0.10279852151870728, 0.2974663972854614, 0.022011538967490196, 0.2478405386209488]"
2025-09-04 13:52:54.681784,Sad,"[0.2167614847421646, 0.024744493886828423, 0.15783841907978058, 0.14703266322612762, 0.3254851996898651, 0.011320052668452263, 0.11681773513555527]"
2025-09-04 13:52:54.815854,Sad,"[0.18197685480117798, 0.02143278904259205, 0.16683153808116913, 0.19553950428962708, 0.2503560185432434, 0.03817546367645264, 0.14568772912025452]"
2025-09-04 13:52:54.857094,Sad,"[0.22809936106204987, 0.025967154651880264, 0.15449845790863037, 0.13075843453407288, 0.3509104251861572, 0.007241994608193636, 0.10252412408590317]"
2025-09-04 13:52:55.004288,Happy,"[0.15365421772003174, 0.01795739307999611, 0.15263091027736664, 0.26332250237464905, 0.20408761501312256, 0.048579126596450806, 0.15976814925670624]"
2025-09-04 13:52:55.048445,Sad,"[0.20737439393997192, 0.02304111234843731, 0.153622567653656, 0.153663769364357, 0.2955959737300873, 0.01939055696129799, 0.14731167256832123]"
2025-09-04 13:52:55.092844,Sad,"[0.164387047290802, 0.01644880324602127, 0.20386838912963867, 0.06150342524051666, 0.30963635444641113, 0.029671071097254753, 0.21448487043380737]"
2025-09-04 13:52:55.136197,Neutral,"[0.15338033437728882, 0.015698542818427086, 0.16149789094924927, 0.09449563175439835, 0.21356718242168427, 0.0997975766658783, 0.26156285405158997]"
2025-09-04 13:52:55.288596,Sad,"[0.21590782701969147, 0.02377459593117237, 0.15340405702590942, 0.13174337148666382, 0.33402010798454285, 0.010765562765300274, 0.13038446009159088]"
2025-09-04 13:52:55.331897,Happy,"[0.16080763936042786, 0.01930874027311802, 0.12180841714143753, 0.30336108803749084, 0.20487350225448608, 0.032841142266988754, 0.15699949860572815]"
2025-09-04 13:52:55.376004,Happy,"[0.1528410166501999, 0.015520451590418816, 0.1777399778366089, 0.3470112979412079, 0.12969686090946198, 0.06636378169059753, 0.11082661896944046]"
2025-09-04 13:52:55.530184,Sad,"[0.21879839897155762, 0.025331685319542885, 0.15980659425258636, 0.1406138837337494, 0.346542626619339, 0.007745259907096624, 0.1011616513133049]"
2025-09-04 13:52:55.570738,Angry,"[0.2132297158241272, 0.021594945341348648, 0.2095823884010315, 0.19424112141132355, 0.19704432785511017, 0.053237102925777435, 0.11107044667005539]"
2025-09-04 13:52:55.614299,Sad,"[0.1675083339214325, 0.016189685091376305, 0.1475708782672882, 0.09244425594806671, 0.29269176721572876, 0.026183346286416054, 0.25741174817085266]"
2025-09-04 13:52:55.749337,Sad,"[0.18162433803081512, 0.021724676713347435, 0.18411885201931, 0.17363889515399933, 0.28564882278442383, 0.024623198434710503, 0.12862122058868408]"
2025-09-04 13:52:55.790523,Sad,"[0.21317604184150696, 0.022675130516290665, 0.14525601267814636, 0.13397662341594696, 0.30236709117889404, 0.018153879791498184, 0.16439522802829742]"
2025-09-04 13:52:55.832840,Neutral,"[0.11580145359039307, 0.011979877948760986, 0.20576566457748413, 0.060411639511585236, 0.16638952493667603, 0.19932816922664642, 0.2403237521648407]"
2025-09-04 13:52:56.010173,Sad,"[0.18883323669433594, 0.022640729323029518, 0.16621509194374084, 0.20217159390449524, 0.2647937834262848, 0.027530521154403687, 0.12781503796577454]"
2025-09-04 13:52:56.058085,Sad,"[0.22578127682209015, 0.025061961263418198, 0.1524733453989029, 0.12669451534748077, 0.34293457865715027, 0.008955538272857666, 0.11809872090816498]"
2025-09-04 13:52:56.100327,Surprise,"[0.09707202017307281, 0.009924218989908695, 0.21984440088272095, 0.04328787699341774, 0.143686443567276, 0.24851517379283905, 0.23766978085041046]"
2025-09-04 13:52:56.228740,Sad,"[0.1713312715291977, 0.020306585356593132, 0.16603991389274597, 0.22002363204956055, 0.23449300229549408, 0.04043743014335632, 0.14736825227737427]"
2025-09-04 13:52:56.272633,Sad,"[0.21503697335720062, 0.022533930838108063, 0.14442139863967896, 0.11798835545778275, 0.3332214057445526, 0.011468848213553429, 0.1553291231393814]"
2025-09-04 13:52:56.313564,Sad,"[0.16795551776885986, 0.017289934679865837, 0.20284394919872284, 0.06350301951169968, 0.32878032326698303, 0.02419339492917061, 0.19543379545211792]"
2025-09-04 13:52:56.355902,Sad,"[0.15189306437969208, 0.015563822351396084, 0.22230304777622223, 0.04674062505364418, 0.2649099826812744, 0.07079687714576721, 0.22779257595539093]"
2025-09-04 13:52:56.396838,Sad,"[0.17151500284671783, 0.0161315705627203, 0.13730202615261078, 0.087912917137146, 0.3051143288612366, 0.019760800525546074, 0.2622634172439575]"
2025-09-04 13:52:56.544166,Sad,"[0.18209269642829895, 0.021386072039604187, 0.15830881893634796, 0.2066195160150528, 0.2372998595237732, 0.04379092901945114, 0.15050208568572998]"
2025-09-04 13:52:56.585487,Sad,"[0.22006773948669434, 0.024852968752384186, 0.15513743460178375, 0.1433933526277542, 0.32367420196533203, 0.011788937263190746, 0.12108535319566727]"
2025-09-04 13:52:56.627661,Sad,"[0.16114532947540283, 0.016161782667040825, 0.22582364082336426, 0.05196547880768776, 0.30291178822517395, 0.03476300463080406, 0.2072288990020752]"
2025-09-04 13:52:56.670997,Fear,"[0.11209812015295029, 0.011132810264825821, 0.2394147366285324, 0.038287293165922165, 0.16828115284442902, 0.19804763793945312, 0.2327381819486618]"
2025-09-04 13:52:56.714926,Happy,"[0.09922732412815094, 0.011261985637247562, 0.1242113932967186, 0.2719089686870575, 0.12816143035888672, 0.12672337889671326, 0.23850548267364502]"
2025-09-04 13:52:56.757036,Sad,"[0.16000987589359283, 0.016105301678180695, 0.16842077672481537, 0.09227805584669113, 0.2775774300098419, 0.039146777242422104, 0.24646182358264923]"
2025-09-04 13:52:56.880066,Happy,"[0.17102336883544922, 0.018428806215524673, 0.15620286762714386, 0.2113637924194336, 0.185909703373909, 0.0845019668340683, 0.17256954312324524]"
2025-09-04 13:52:56.919762,Sad,"[0.22698098421096802, 0.02615034021437168, 0.15564431250095367, 0.15099698305130005, 0.314829021692276, 0.012667255476117134, 0.11273106932640076]"
2025-09-04 13:52:56.961991,Sad,"[0.16632865369319916, 0.016046544536948204, 0.14890426397323608, 0.09005966782569885, 0.30902278423309326, 0.02060060389339924, 0.24903753399848938]"
2025-09-04 13:52:57.093196,Sad,"[0.1551743894815445, 0.017458220943808556, 0.16787859797477722, 0.1590055525302887, 0.2128416746854782, 0.08647967129945755, 0.20116189122200012]"
2025-09-04 13:52:57.138212,Sad,"[0.21165455877780914, 0.02327173948287964, 0.15275445580482483, 0.14029066264629364, 0.317125141620636, 0.014041250571608543, 0.14086219668388367]"
2025-09-04 13:52:57.180926,Sad,"[0.1693974733352661, 0.017127692699432373, 0.19942547380924225, 0.06338082253932953, 0.31494206190109253, 0.028043167665600777, 0.2076832801103592]"
2025-09-04 13:52:57.222702,Neutral,"[0.10990496724843979, 0.011428379453718662, 0.18973885476589203, 0.07957369834184647, 0.16071607172489166, 0.18815837800502777, 0.26047956943511963]"
2025-09-04 13:52:57.348219,Sad,"[0.21629539132118225, 0.024164441972970963, 0.15188182890415192, 0.15380291640758514, 0.2929741144180298, 0.019577888771891594, 0.1413034349679947]"
2025-09-04 13:52:57.389340,Sad,"[0.17164494097232819, 0.01957051455974579, 0.15724937617778778, 0.20759539306163788, 0.22088946402072906, 0.05571872740983963, 0.16733159124851227]"
2025-09-04 13:52:57.430861,Sad,"[0.15084916353225708, 0.014888083562254906, 0.23827266693115234, 0.04346379265189171, 0.27717506885528564, 0.044877056032419205, 0.23047418892383575]"
2025-09-04 13:52:57.479291,Neutral,"[0.08951284736394882, 0.007173086050897837, 0.25873780250549316, 0.009303209371864796, 0.18788102269172668, 0.11275450140237808, 0.33463752269744873]"
2025-09-04 13:52:57.520833,Neutral,"[0.12047398835420609, 0.012692870572209358, 0.18608176708221436, 0.07992083579301834, 0.17747639119625092, 0.16819794476032257, 0.25515618920326233]"
2025-09-04 13:52:57.652082,Sad,"[0.21439522504806519, 0.023130062967538834, 0.14865286648273468, 0.1337464451789856, 0.3156569302082062, 0.014608443714678288, 0.14981000125408173]"
2025-09-04 13:52:57.695809,Sad,"[0.18911758065223694, 0.022491836920380592, 0.16138923168182373, 0.20546089112758636, 0.24868625402450562, 0.035762690007686615, 0.1370915174484253]"
2025-09-04 13:52:57.739419,Sad,"[0.1536852866411209, 0.015323693864047527, 0.24663373827934265, 0.04905208945274353, 0.2806191146373749, 0.04570240154862404, 0.2089836299419403]"
2025-09-04 13:52:57.781039,Sad,"[0.16560615599155426, 0.015910279005765915, 0.14986717700958252, 0.08644310384988785, 0.3040970265865326, 0.022708291187882423, 0.25536802411079407]"
2025-09-04 13:52:57.925434,Sad,"[0.20391486585140228, 0.02174527570605278, 0.14936977624893188, 0.1325530856847763, 0.3163113594055176, 0.0150233693420887, 0.16108226776123047]"
2025-09-04 13:52:57.968038,Fear,"[0.20423249900341034, 0.019126836210489273, 0.26955342292785645, 0.11104068905115128, 0.16959848999977112, 0.11157654970884323, 0.11487153172492981]"
2025-09-04 13:52:58.008723,Sad,"[0.17242909967899323, 0.021300476044416428, 0.16013474762439728, 0.21169333159923553, 0.30975261330604553, 0.010638332925736904, 0.1140514388680458]"
2025-09-04 13:52:58.051015,Fear,"[0.1091637909412384, 0.010542793199419975, 0.24933326244354248, 0.026560820639133453, 0.16622832417488098, 0.20472443103790283, 0.23344652354717255]"
2025-09-04 13:52:58.090926,Happy,"[0.11501143127679825, 0.013020609505474567, 0.13367784023284912, 0.2489803433418274, 0.1429266631603241, 0.12421891838312149, 0.2221641093492508]"
2025-09-04 13:52:58.233769,Sad,"[0.20256100594997406, 0.020835649222135544, 0.1431633085012436, 0.11980248987674713, 0.318899005651474, 0.014792137779295444, 0.1799464374780655]"
2025-09-04 13:52:58.390390,Sad,"[0.2176431119441986, 0.023167619481682777, 0.1470792144536972, 0.11444521695375443, 0.3542225956916809, 0.008100800216197968, 0.13534142076969147]"
2025-09-04 13:52:58.432289,Sad,"[0.1682836413383484, 0.01730547659099102, 0.22616292536258698, 0.057201921939849854, 0.32188865542411804, 0.026041172444820404, 0.18311619758605957]"
2025-09-04 13:52:58.587111,Sad,"[0.21082119643688202, 0.023498104885220528, 0.1541295349597931, 0.15042303502559662, 0.3038797974586487, 0.016873478889465332, 0.1403748244047165]"
2025-09-04 13:52:58.630166,Sad,"[0.1620938777923584, 0.01617545634508133, 0.22248980402946472, 0.05077012628316879, 0.31476590037345886, 0.029141556471586227, 0.20456327497959137]"
2025-09-04 13:52:58.672543,Neutral,"[0.10461372137069702, 0.00878970231860876, 0.2627742290496826, 0.010630946606397629, 0.22527870535850525, 0.08866715431213379, 0.2992455065250397]"
2025-09-04 13:52:58.816618,Sad,"[0.2244870811700821, 0.024839486926794052, 0.15136192739009857, 0.12188457697629929, 0.35695987939834595, 0.007101510185748339, 0.113365538418293]"
2025-09-04 13:52:58.954044,Sad,"[0.21867559850215912, 0.02410002052783966, 0.1513214111328125, 0.13833510875701904, 0.31846824288368225, 0.013426483608782291, 0.13567303121089935]"
2025-09-04 13:52:58.995973,Sad,"[0.17612135410308838, 0.020472418516874313, 0.15522640943527222, 0.20700840651988983, 0.22733350098133087, 0.051802702248096466, 0.16203516721725464]"
2025-09-04 13:52:59.039293,Sad,"[0.15815941989421844, 0.015550412237644196, 0.21858610212802887, 0.047681186348199844, 0.30859237909317017, 0.03217754513025284, 0.21925292909145355]"
2025-09-04 13:52:59.083098,Neutral,"[0.12192672491073608, 0.012911788187921047, 0.17876794934272766, 0.09695369750261307, 0.1743399053812027, 0.15987206995487213, 0.2552278935909271]"
2025-09-04 13:52:59.222707,Sad,"[0.21175554394721985, 0.023493854328989983, 0.1546778380870819, 0.14052250981330872, 0.32378554344177246, 0.012490551918745041, 0.1332741677761078]"
2025-09-04 13:52:59.265925,Sad,"[0.18067185580730438, 0.021079618483781815, 0.15403570234775543, 0.20783457159996033, 0.22517913579940796, 0.05295916646718979, 0.15824003517627716]"
2025-09-04 13:52:59.416179,Sad,"[0.16640734672546387, 0.018449030816555023, 0.1367202252149582, 0.19590869545936584, 0.22547224164009094, 0.04930989816784859, 0.20773258805274963]"
2025-09-04 13:52:59.462829,Sad,"[0.2206728756427765, 0.0240361075848341, 0.14995169639587402, 0.1232457235455513, 0.34591272473335266, 0.008845021016895771, 0.1273358166217804]"
2025-09-04 13:52:59.506740,Sad,"[0.15592053532600403, 0.015047041699290276, 0.22043989598751068, 0.04993133619427681, 0.29204481840133667, 0.03662673756480217, 0.22998958826065063]"
2025-09-04 13:52:59.658203,Sad,"[0.1933920830488205, 0.019335201010107994, 0.13602887094020844, 0.12097273021936417, 0.28653350472450256, 0.023890968412160873, 0.21984663605690002]"
2025-09-04 13:52:59.703333,Happy,"[0.17320941388607025, 0.020302776247262955, 0.14254829287528992, 0.23458002507686615, 0.21557800471782684, 0.049765367060899734, 0.16401608288288116]"
2025-09-04 13:52:59.744716,Surprise,"[0.08456271141767502, 0.008433660492300987, 0.2707314193248749, 0.021301548928022385, 0.12508845329284668, 0.30638331174850464, 0.18349888920783997]"
2025-09-04 13:52:59.788147,Sad,"[0.16263681650161743, 0.01544643472880125, 0.1596999615430832, 0.06861729174852371, 0.3036908209323883, 0.026230666786432266, 0.2636779546737671]"
2025-09-04 13:52:59.925696,Sad,"[0.1856808066368103, 0.021668093279004097, 0.14878924190998077, 0.20938289165496826, 0.21280884742736816, 0.06306654214859009, 0.15860356390476227]"
2025-09-04 13:52:59.969521,Sad,"[0.22273434698581696, 0.024400951340794563, 0.14996366202831268, 0.1294189840555191, 0.3330005705356598, 0.010661461390554905, 0.1298200488090515]"
2025-09-04 13:53:00.011005,Sad,"[0.19450001418590546, 0.024421675130724907, 0.17792107164859772, 0.18350963294506073, 0.3260077238082886, 0.009029693901538849, 0.08461014926433563]"
2025-09-04 13:53:00.054684,Neutral,"[0.08853612840175629, 0.00763504346832633, 0.25815722346305847, 0.01137470081448555, 0.1870257556438446, 0.16310861706733704, 0.28416258096694946]"
2025-09-04 13:53:00.128938,Sad,"[0.17409799993038177, 0.016642805188894272, 0.13329944014549255, 0.1036410853266716, 0.2851722538471222, 0.024827225133776665, 0.2623191475868225]"
2025-09-04 13:53:00.298621,Happy,"[0.18211627006530762, 0.021961262449622154, 0.14009714126586914, 0.2644686698913574, 0.22259415686130524, 0.033345744013786316, 0.13541673123836517]"
2025-09-04 13:53:00.352419,Sad,"[0.22945095598697662, 0.02582293562591076, 0.1522766649723053, 0.12280839681625366, 0.36109504103660583, 0.006257390603423119, 0.1022886335849762]"
2025-09-04 13:53:00.394717,Sad,"[0.15574820339679718, 0.01564008556306362, 0.21083316206932068, 0.058188486844301224, 0.2901175022125244, 0.04189432039856911, 0.22757825255393982]"
2025-09-04 13:53:00.501133,Sad,"[0.1734389066696167, 0.020827705040574074, 0.24591341614723206, 0.07775688171386719, 0.3755541741847992, 0.012499482370913029, 0.09400945156812668]"
2025-09-04 13:53:00.566688,Neutral,"[0.1021876260638237, 0.008758919313549995, 0.23774388432502747, 0.014896132983267307, 0.22464483976364136, 0.08981364965438843, 0.3219549357891083]"
2025-09-04 13:53:00.610191,Neutral,"[0.07757165282964706, 0.0063616372644901276, 0.2611554265022278, 0.010217214934527874, 0.13696718215942383, 0.2128087282180786, 0.29491811990737915]"
2025-09-04 13:53:00.653494,Neutral,"[0.10427257418632507, 0.010265450924634933, 0.21231576800346375, 0.04100429266691208, 0.1611037254333496, 0.2065732330083847, 0.26446494460105896]"
2025-09-04 13:53:00.812528,Happy,"[0.17600956559181213, 0.020711718127131462, 0.1373644769191742, 0.23831410706043243, 0.21044354140758514, 0.051926735788583755, 0.16522984206676483]"
2025-09-04 13:53:00.854021,Sad,"[0.23515096306800842, 0.02616451308131218, 0.14861491322517395, 0.11473503708839417, 0.3688291907310486, 0.005492345429956913, 0.10101313889026642]"
2025-09-04 13:53:00.894644,Sad,"[0.1665639728307724, 0.016851799562573433, 0.2082267552614212, 0.061558663845062256, 0.3106818199157715, 0.029948070645332336, 0.20616896450519562]"
2025-09-04 13:53:00.935042,Sad,"[0.16643913090229034, 0.016236253082752228, 0.19690242409706116, 0.04551616311073303, 0.33218857645988464, 0.023749306797981262, 0.21896812319755554]"
2025-09-04 13:53:00.975156,Neutral,"[0.09299838542938232, 0.008444981649518013, 0.23264561593532562, 0.020591342821717262, 0.159015491604805, 0.19994759559631348, 0.28635650873184204]"
2025-09-04 13:53:01.016476,Surprise,"[0.09344399720430374, 0.009708138182759285, 0.23573876917362213, 0.03403675556182861, 0.13546660542488098, 0.2733778953552246, 0.21822789311408997]"
2025-09-04 13:53:01.058454,Sad,"[0.17299671471118927, 0.016976291313767433, 0.13867586851119995, 0.11432649940252304, 0.2905269265174866, 0.02319617196917534, 0.24330146610736847]"
2025-09-04 13:53:01.181929,Sad,"[0.20851264894008636, 0.024579990655183792, 0.15626828372478485, 0.1921175718307495, 0.25479844212532043, 0.03218253701925278, 0.13154050707817078]"
2025-09-04 13:53:01.225967,Sad,"[0.22577717900276184, 0.02467207796871662, 0.15074753761291504, 0.12101290374994278, 0.3434559106826782, 0.009246948175132275, 0.1250874102115631]"
2025-09-04 13:53:01.270965,Neutral,"[0.10275262594223022, 0.009519302286207676, 0.23344820737838745, 0.022116879001259804, 0.21559853851795197, 0.14287824928760529, 0.2736862301826477]"
2025-09-04 13:53:01.315034,Neutral,"[0.10280513018369675, 0.009307844564318657, 0.2400907576084137, 0.018999217078089714, 0.20323504507541656, 0.14679720997810364, 0.2787647843360901]"
2025-09-04 13:53:01.450787,Sad,"[0.19429093599319458, 0.022823117673397064, 0.15072184801101685, 0.20717567205429077, 0.22176678478717804, 0.05427273362874985, 0.14894893765449524]"
2025-09-04 13:53:01.494764,Sad,"[0.22183680534362793, 0.024352872744202614, 0.15093734860420227, 0.12209667265415192, 0.3533408045768738, 0.007723442744463682, 0.11971206218004227]"
2025-09-04 13:53:01.537632,Sad,"[0.166116401553154, 0.01684257946908474, 0.20679426193237305, 0.05806082859635353, 0.3491704761981964, 0.02055593952536583, 0.1824594885110855]"
2025-09-04 13:53:01.669689,Happy,"[0.19314473867416382, 0.02340182103216648, 0.14658311009407043, 0.26003071665763855, 0.22210830450057983, 0.03415004163980484, 0.12058118730783463]"
2025-09-04 13:53:01.712101,Sad,"[0.2206125259399414, 0.024295028299093246, 0.151458278298378, 0.1310947835445404, 0.33437690138816833, 0.010421949438750744, 0.12774062156677246]"
2025-09-04 13:53:01.753560,Sad,"[0.14568446576595306, 0.012039058841764927, 0.17980064451694489, 0.013007696717977524, 0.3894619643688202, 0.009116495959460735, 0.2508896291255951]"
2025-09-04 13:53:01.795580,Sad,"[0.16809087991714478, 0.016929300501942635, 0.15857550501823425, 0.1037522405385971, 0.2899993062019348, 0.029006650671362877, 0.23364615440368652]"
2025-09-04 13:53:01.925935,Sad,"[0.19353362917900085, 0.0227267537266016, 0.15088477730751038, 0.21785205602645874, 0.23287418484687805, 0.04009724035859108, 0.14203137159347534]"
2025-09-04 13:53:01.967706,Sad,"[0.21944129467010498, 0.02322809398174286, 0.14882135391235352, 0.11125059425830841, 0.343707799911499, 0.010100572369992733, 0.14345033466815948]"
2025-09-04 13:53:02.011875,Sad,"[0.18238994479179382, 0.0186382457613945, 0.17005205154418945, 0.08264563232660294, 0.36023107171058655, 0.011244661174714565, 0.1747983694076538]"
2025-09-04 13:53:02.143454,Sad,"[0.20141738653182983, 0.023482440039515495, 0.15567170083522797, 0.19143681228160858, 0.2515062391757965, 0.035059474408626556, 0.14142592251300812]"
2025-09-04 13:53:02.188036,Sad,"[0.21582692861557007, 0.022942157462239265, 0.14635764062404633, 0.1249065026640892, 0.3256494700908661, 0.012688816525042057, 0.1516285389661789]"
2025-09-04 13:53:02.230264,Sad,"[0.15632055699825287, 0.01597818173468113, 0.19644394516944885, 0.07099252194166183, 0.2903462052345276, 0.040721047669649124, 0.22919759154319763]"
2025-09-04 13:53:02.381295,Sad,"[0.21357066929340363, 0.02192808873951435, 0.14073312282562256, 0.11384386569261551, 0.327523410320282, 0.01268661767244339, 0.1697143018245697]"
2025-09-04 13:53:02.420427,Sad,"[0.20627190172672272, 0.023870699107646942, 0.15585878491401672, 0.18177777528762817, 0.2642892003059387, 0.029084334149956703, 0.13884730637073517]"
2025-09-04 13:53:02.461588,Neutral,"[0.1058933436870575, 0.011567789129912853, 0.16136756539344788, 0.16146908700466156, 0.14267483353614807, 0.17138712108135223, 0.24564023315906525]"
2025-09-04 13:53:02.594663,Sad,"[0.19734983146190643, 0.02348952554166317, 0.1563572734594345, 0.20718927681446075, 0.2367992103099823, 0.04216717556118965, 0.13664782047271729]"
2025-09-04 13:53:02.635620,Sad,"[0.21492676436901093, 0.022283876314759254, 0.14289845526218414, 0.11423689126968384, 0.33284470438957214, 0.011697017587721348, 0.16111226379871368]"
2025-09-04 13:53:02.680557,Neutral,"[0.10077569633722305, 0.009576433338224888, 0.22793793678283691, 0.029545873403549194, 0.15301591157913208, 0.22325995564460754, 0.2558881342411041]"
2025-09-04 13:53:02.720828,Neutral,"[0.11461400985717773, 0.011520866304636002, 0.19027681648731232, 0.06458066403865814, 0.1730755716562271, 0.16751690208911896, 0.27841514348983765]"
2025-09-04 13:53:02.851721,Sad,"[0.19353201985359192, 0.023141296580433846, 0.15624357759952545, 0.21085025370121002, 0.24338634312152863, 0.03675781935453415, 0.13608866930007935]"
2025-09-04 13:53:02.893410,Sad,"[0.22251875698566437, 0.02369605377316475, 0.15607286989688873, 0.09578613191843033, 0.3642130196094513, 0.00799974799156189, 0.12971347570419312]"
2025-09-04 13:53:02.933909,Neutral,"[0.12278339266777039, 0.01201059389859438, 0.23687385022640228, 0.033106815069913864, 0.20292928814888, 0.14028508961200714, 0.25201109051704407]"
2025-09-04 13:53:02.989598,Neutral,"[0.13194486498832703, 0.013454059138894081, 0.18236033618450165, 0.06719718128442764, 0.1982610672712326, 0.13752701878547668, 0.26925548911094666]"
2025-09-04 13:53:03.033728,Neutral,"[0.13505293428897858, 0.013648923486471176, 0.17931227385997772, 0.06665468961000443, 0.20301397144794464, 0.12838652729988098, 0.2739306092262268]"
2025-09-04 13:53:03.076081,Neutral,"[0.11321461200714111, 0.012387111783027649, 0.17348712682724, 0.12862880527973175, 0.15219445526599884, 0.17266936600208282, 0.24741852283477783]"
2025-09-04 13:53:03.216335,Sad,"[0.19279168546199799, 0.022785142064094543, 0.15368403494358063, 0.20894338190555573, 0.22713087499141693, 0.04969092458486557, 0.14497390389442444]"
2025-09-04 13:53:03.257291,Sad,"[0.2271013855934143, 0.02498503588140011, 0.14966559410095215, 0.12504054605960846, 0.3434828519821167, 0.008820048533380032, 0.12090455740690231]"
2025-09-04 13:53:03.299565,Fear,"[0.16339129209518433, 0.015149840153753757, 0.3121170401573181, 0.03981264680624008, 0.2388152927160263, 0.060928016901016235, 0.16978585720062256]"
2025-09-04 13:53:03.341195,Neutral,"[0.17439450323581696, 0.01761317066848278, 0.13038773834705353, 0.14144682884216309, 0.22949285805225372, 0.053983379155397415, 0.2526814639568329]"
2025-09-04 13:53:03.483867,Sad,"[0.1968599408864975, 0.023517902940511703, 0.15618877112865448, 0.21257536113262177, 0.23698954284191132, 0.04018063843250275, 0.1336877942085266]"
2025-09-04 13:53:03.525703,Sad,"[0.23213505744934082, 0.026115648448467255, 0.15154489874839783, 0.13093292713165283, 0.3402321934700012, 0.008708572946488857, 0.11033063381910324]"
2025-09-04 13:53:03.567044,Neutral,"[0.13823986053466797, 0.0136796236038208, 0.2321055680513382, 0.04102224111557007, 0.2362743318080902, 0.09351184964179993, 0.24516649544239044]"
2025-09-04 13:53:03.611399,Fear,"[0.1490110158920288, 0.013473980128765106, 0.3330453038215637, 0.03886379301548004, 0.1958853304386139, 0.09945107251405716, 0.17026950418949127]"
2025-09-04 13:53:03.657924,Neutral,"[0.12536679208278656, 0.01351544912904501, 0.11828190088272095, 0.22637078166007996, 0.16540420055389404, 0.08281265199184418, 0.26824814081192017]"
2025-09-04 13:53:03.709850,Happy,"[0.10722178220748901, 0.012163038365542889, 0.12571819126605988, 0.26346343755722046, 0.13708195090293884, 0.11940860748291016, 0.23494304716587067]"
2025-09-04 13:53:03.848688,Sad,"[0.19299687445163727, 0.022857099771499634, 0.15521615743637085, 0.20843461155891418, 0.2314458042383194, 0.046417973935604095, 0.14263148605823517]"
2025-09-04 13:53:03.893219,Sad,"[0.22664766013622284, 0.025443855673074722, 0.15388090908527374, 0.1339379996061325, 0.3321051597595215, 0.010408512316644192, 0.11757592856884003]"
2025-09-04 13:53:03.942418,Sad,"[0.16840265691280365, 0.01717660389840603, 0.2041628062725067, 0.06275758892297745, 0.32220858335494995, 0.0258050374686718, 0.19948671758174896]"
2025-09-04 13:53:03.991839,Sad,"[0.1814923882484436, 0.018820082768797874, 0.16256247460842133, 0.10631388425827026, 0.33341506123542786, 0.014699181541800499, 0.18269695341587067]"
2025-09-04 13:53:04.151716,Happy,"[0.17551206052303314, 0.020194100216031075, 0.14435605704784393, 0.20817239582538605, 0.20053060352802277, 0.0771411582827568, 0.1740935742855072]"
2025-09-04 13:53:04.210278,Sad,"[0.22755518555641174, 0.025750363245606422, 0.15484586358070374, 0.1265704482793808, 0.353924036026001, 0.00713792908936739, 0.10421612113714218]"
2025-09-04 13:53:04.267910,Fear,"[0.11955081671476364, 0.011789942160248756, 0.2693709433078766, 0.027911238372325897, 0.20724686980247498, 0.1350669413805008, 0.2290632426738739]"
2025-09-04 13:53:04.324757,Neutral,"[0.1345459669828415, 0.011873357929289341, 0.18502292037010193, 0.025542227551341057, 0.2815951108932495, 0.04401563107967377, 0.31740477681159973]"
2025-09-04 13:53:04.374195,Neutral,"[0.11389625817537308, 0.011131783947348595, 0.2141663283109665, 0.035419151186943054, 0.18034347891807556, 0.1805662363767624, 0.2644766867160797]"
2025-09-04 13:53:04.418517,Happy,"[0.1058228462934494, 0.011946194805204868, 0.1221451535820961, 0.2646959722042084, 0.13744309544563293, 0.11359945684671402, 0.24434730410575867]"
2025-09-04 13:53:04.567151,Sad,"[0.18822865188121796, 0.02201751619577408, 0.14845488965511322, 0.20971046388149261, 0.2124885618686676, 0.06297425925731659, 0.15612563490867615]"
2025-09-04 13:53:04.611573,Sad,"[0.22900383174419403, 0.025482065975666046, 0.1511555016040802, 0.1243193969130516, 0.35031118988990784, 0.007705045398324728, 0.11202298104763031]"
2025-09-04 13:53:04.654001,Neutral,"[0.07987792044878006, 0.006706831511110067, 0.250332236289978, 0.010366694070398808, 0.13274066150188446, 0.24413174390792847, 0.27584394812583923]"
2025-09-04 13:53:04.695653,Neutral,"[0.12779295444488525, 0.011265156790614128, 0.22353345155715942, 0.016759315505623817, 0.2743571102619171, 0.053871870040893555, 0.2924202084541321]"
2025-09-04 13:53:04.736250,Neutral,"[0.10308240354061127, 0.008006847463548183, 0.21240778267383575, 0.010369260795414448, 0.1954307109117508, 0.10237272828817368, 0.3683302402496338]"
2025-09-04 13:53:04.778562,Neutral,"[0.13223916292190552, 0.014135797508060932, 0.10875633358955383, 0.2121688425540924, 0.18076419830322266, 0.0649559274315834, 0.2869797348976135]"
2025-09-04 13:53:04.908546,Happy,"[0.18528947234153748, 0.02168254926800728, 0.14896297454833984, 0.21507959067821503, 0.2142922729253769, 0.05908853933215141, 0.15560460090637207]"
2025-09-04 13:53:04.949404,Sad,"[0.2248917818069458, 0.025717224925756454, 0.15604282915592194, 0.13960836827754974, 0.3366461396217346, 0.00915705505758524, 0.10793659836053848]"
2025-09-04 13:53:04.993717,Neutral,"[0.12840305268764496, 0.011296442709863186, 0.17551866173744202, 0.02649296633899212, 0.2451011687517166, 0.06941673159599304, 0.34377095103263855]"
2025-09-04 13:53:05.035290,Neutral,"[0.14302298426628113, 0.0127850491553545, 0.16404443979263306, 0.03868849575519562, 0.2654542028903961, 0.04885426163673401, 0.3271506428718567]"
2025-09-04 13:53:05.077657,Neutral,"[0.14032290875911713, 0.01447978150099516, 0.10536321252584457, 0.1841246485710144, 0.19582442939281464, 0.053705256432294846, 0.30617979168891907]"
2025-09-04 13:53:05.208451,Happy,"[0.14352481067180634, 0.016295406967401505, 0.11918919533491135, 0.23728883266448975, 0.17971369624137878, 0.0788462907075882, 0.22514168918132782]"
2025-09-04 13:53:05.250126,Sad,"[0.21684424579143524, 0.023082241415977478, 0.1458941251039505, 0.12749259173870087, 0.31882432103157043, 0.014019656926393509, 0.15384283661842346]"
2025-09-04 13:53:05.291167,Sad,"[0.17030899226665497, 0.01734783500432968, 0.20036305487155914, 0.062077172100543976, 0.3221379220485687, 0.02618373930454254, 0.20158131420612335]"
2025-09-04 13:53:05.449024,Sad,"[0.21181075274944305, 0.023725038394331932, 0.15494920313358307, 0.15062430500984192, 0.30677294731140137, 0.01596830226480961, 0.13614943623542786]"
2025-09-04 13:53:05.494493,Happy,"[0.15777264535427094, 0.018089374527335167, 0.13285653293132782, 0.22496354579925537, 0.1984913945198059, 0.0681878998875618, 0.19963854551315308]"
2025-09-04 13:53:05.537796,Sad,"[0.1661514788866043, 0.01676163077354431, 0.20774826407432556, 0.060651279985904694, 0.3198980391025543, 0.02595285139977932, 0.20283648371696472]"
2025-09-04 13:53:05.583143,Sad,"[0.13566970825195312, 0.011715405620634556, 0.20423224568367004, 0.015246915630996227, 0.31654274463653564, 0.029826678335666656, 0.28676638007164]"
2025-09-04 13:53:05.725890,Sad,"[0.2291458547115326, 0.026335908100008965, 0.15519626438617706, 0.1267460435628891, 0.3639695942401886, 0.00566136697307229, 0.0929449275135994]"
2025-09-04 13:53:05.774035,Sad,"[0.16551721096038818, 0.018982727080583572, 0.15343520045280457, 0.20577354729175568, 0.2205866128206253, 0.05843877047300339, 0.17726591229438782]"
2025-09-04 13:53:05.825592,Sad,"[0.16647964715957642, 0.01683417148888111, 0.1998356431722641, 0.058631714433431625, 0.32582584023475647, 0.0254288911819458, 0.20696406066417694]"
2025-09-04 13:53:05.992505,Happy,"[0.15652398765087128, 0.01782015897333622, 0.1424856334924698, 0.21350304782390594, 0.20636478066444397, 0.06704660505056381, 0.19625583291053772]"
2025-09-04 13:53:06.041402,Sad,"[0.23022879660129547, 0.026319218799471855, 0.1544005125761032, 0.13035905361175537, 0.352464497089386, 0.006918005645275116, 0.09930988401174545]"
2025-09-04 13:53:06.086416,Sad,"[0.17610707879066467, 0.017123840749263763, 0.1372738629579544, 0.10833214968442917, 0.28916412591934204, 0.023992400616407394, 0.24800653755664825]"
2025-09-04 13:53:06.213662,Sad,"[0.22176890075206757, 0.025285564363002777, 0.16315056383609772, 0.1268029361963272, 0.34566840529441833, 0.008962985128164291, 0.108360655605793]"
2025-09-04 13:53:06.260658,Happy,"[0.15626977384090424, 0.017724359408020973, 0.13834664225578308, 0.2130102962255478, 0.19605213403701782, 0.07812578231096268, 0.2004709541797638]"
2025-09-04 13:53:06.300880,Neutral,"[0.09676647186279297, 0.009574748575687408, 0.21644440293312073, 0.04555739089846611, 0.14231805503368378, 0.237514466047287, 0.2518245279788971]"
2025-09-04 13:53:06.345384,Sad,"[0.1699679046869278, 0.016173476353287697, 0.13885517418384552, 0.09361601620912552, 0.3151746988296509, 0.016775356605648994, 0.2494373619556427]"
2025-09-04 13:53:06.477011,Happy,"[0.14116743206977844, 0.01617882214486599, 0.12293901294469833, 0.24717000126838684, 0.19761106371879578, 0.055340368300676346, 0.2195933312177658]"
2025-09-04 13:53:06.518180,Sad,"[0.2165319174528122, 0.025010349228978157, 0.1594928503036499, 0.15224899351596832, 0.32208240032196045, 0.011631696484982967, 0.11300180107355118]"
2025-09-04 13:53:06.558477,Sad,"[0.17024236917495728, 0.017154620960354805, 0.20117729902267456, 0.0532517172396183, 0.3440985679626465, 0.019734926521778107, 0.1943405270576477]"
2025-09-04 13:53:06.600404,Neutral,"[0.17108304798603058, 0.017885753884911537, 0.13459448516368866, 0.15956073999404907, 0.21876007318496704, 0.06330994516611099, 0.23480592668056488]"
2025-09-04 13:53:06.744376,Sad,"[0.2182369828224182, 0.023979702964425087, 0.1577077955007553, 0.12347638607025146, 0.3312816917896271, 0.012222492136061192, 0.1330949366092682]"
2025-09-04 13:53:06.787644,Happy,"[0.14981015026569366, 0.017132950946688652, 0.13231003284454346, 0.22819286584854126, 0.20361922681331635, 0.06042187660932541, 0.20851285755634308]"
2025-09-04 13:53:06.834562,Sad,"[0.1618848443031311, 0.01828882470726967, 0.1471250206232071, 0.2020367532968521, 0.2076265662908554, 0.0714220181107521, 0.19161604344844818]"
2025-09-04 13:53:06.995172,Sad,"[0.21841056644916534, 0.023929500952363014, 0.15100699663162231, 0.13246485590934753, 0.3287889063358307, 0.011553342454135418, 0.13384585082530975]"
2025-09-04 13:53:07.037241,Sad,"[0.163163959980011, 0.0181643795222044, 0.14942380785942078, 0.18644985556602478, 0.21503925323486328, 0.06804558634757996, 0.19971314072608948]"
2025-09-04 13:53:07.080324,Sad,"[0.16106319427490234, 0.01829446479678154, 0.14760921895503998, 0.20538398623466492, 0.20583993196487427, 0.07284274697303772, 0.18896646797657013]"
2025-09-04 13:53:07.122521,Neutral,"[0.11605106294155121, 0.011683739721775055, 0.1927281767129898, 0.07310957461595535, 0.1650402992963791, 0.1740054488182068, 0.2673816978931427]"
2025-09-04 13:53:07.165573,Surprise,"[0.09624940156936646, 0.009882782585918903, 0.2374328374862671, 0.07436312735080719, 0.09026475995779037, 0.3311920464038849, 0.16061502695083618]"
2025-09-04 13:53:07.317039,Sad,"[0.21859517693519592, 0.023582588881254196, 0.14785829186439514, 0.13087181746959686, 0.3200927972793579, 0.013488107360899448, 0.14551128447055817]"
2025-09-04 13:53:07.356224,Happy,"[0.14329876005649567, 0.016257394105196, 0.12467505782842636, 0.23145295679569244, 0.18083450198173523, 0.08163052797317505, 0.22185075283050537]"
2025-09-04 13:53:07.396712,Surprise,"[0.08042486011981964, 0.008192804642021656, 0.2090575248003006, 0.05568660423159599, 0.11805491149425507, 0.2871807813644409, 0.24140256643295288]"
2025-09-04 13:53:07.530350,Sad,"[0.22614403069019318, 0.02483934350311756, 0.15133431553840637, 0.11286000162363052, 0.36708131432533264, 0.006251317914575338, 0.11148975044488907]"
2025-09-04 13:53:07.573902,Happy,"[0.1602964699268341, 0.018123900517821312, 0.14181438088417053, 0.2049725204706192, 0.19282415509223938, 0.08773741871118546, 0.19423113763332367]"
2025-09-04 13:53:07.618951,Sad,"[0.16181021928787231, 0.014969974756240845, 0.17523062229156494, 0.04243079572916031, 0.31227558851242065, 0.027806267142295837, 0.2654765844345093]"
2025-09-04 13:53:07.665902,Neutral,"[0.11218679696321487, 0.012033975683152676, 0.2286529392004013, 0.055666737258434296, 0.1704297661781311, 0.18721850216388702, 0.23381124436855316]"
2025-09-04 13:53:07.711141,Sad,"[0.16708265244960785, 0.0168280191719532, 0.15331049263477325, 0.11058131605386734, 0.26943105459213257, 0.0377042293548584, 0.24506229162216187]"
2025-09-04 13:53:07.864526,Neutral,"[0.14092859625816345, 0.01577896811068058, 0.15445788204669952, 0.17536582052707672, 0.1755671203136444, 0.12476884573698044, 0.2131328284740448]"
2025-09-04 13:53:07.906255,Neutral,"[0.15387147665023804, 0.016749918460845947, 0.17248058319091797, 0.12649619579315186, 0.21886637806892395, 0.08978952467441559, 0.22174593806266785]"
2025-09-04 13:53:07.946605,Sad,"[0.22642801702022552, 0.02572207897901535, 0.1546265035867691, 0.13695858418941498, 0.33719176054000854, 0.009163673967123032, 0.10990933328866959]"
2025-09-04 13:53:07.987717,Happy,"[0.10600705444812775, 0.011962879449129105, 0.11569677293300629, 0.26904988288879395, 0.14042308926582336, 0.10213938355445862, 0.25472086668014526]"
2025-09-04 13:53:08.117641,Neutral,"[0.1331678032875061, 0.014843842945992947, 0.1618766188621521, 0.15825556218624115, 0.1708795726299286, 0.14096508920192719, 0.22001151740550995]"
2025-09-04 13:53:08.158946,Sad,"[0.2168864905834198, 0.024256529286503792, 0.15511037409305573, 0.13540080189704895, 0.33793947100639343, 0.00970473513007164, 0.1207016110420227]"
2025-09-04 13:53:08.213134,Neutral,"[0.15960395336151123, 0.017715297639369965, 0.13858835399150848, 0.19693315029144287, 0.19029653072357178, 0.09050150960683823, 0.20636123418807983]"
2025-09-04 13:53:08.261778,Happy,"[0.09464984387159348, 0.01075875386595726, 0.11813658475875854, 0.28222358226776123, 0.12485247105360031, 0.12132953852415085, 0.2480493038892746]"
2025-09-04 13:53:08.317456,Sad,"[0.16999004781246185, 0.016932569444179535, 0.14638738334178925, 0.11404324322938919, 0.29614052176475525, 0.02277337945997715, 0.23373286426067352]"
2025-09-04 13:53:08.457806,Happy,"[0.12715619802474976, 0.014641939662396908, 0.12832379341125488, 0.2776729464530945, 0.15371587872505188, 0.0928921028971672, 0.2055971473455429]"
2025-09-04 13:53:08.504110,Sad,"[0.230244979262352, 0.025406653061509132, 0.1492498368024826, 0.12321755290031433, 0.3474627435207367, 0.008122816681861877, 0.1162954792380333]"
2025-09-04 13:53:08.545589,Angry,"[0.22591470181941986, 0.024202728644013405, 0.2049081027507782, 0.19222404062747955, 0.22166259586811066, 0.03505923971533775, 0.09602860361337662]"
2025-09-04 13:53:08.587940,Neutral,"[0.1516164094209671, 0.01641811430454254, 0.1520519256591797, 0.15261970460414886, 0.19301852583885193, 0.10512901842594147, 0.2291463315486908]"
2025-09-04 13:53:08.628546,Sad,"[0.21692031621932983, 0.02760225534439087, 0.17096568644046783, 0.18770325183868408, 0.30788078904151917, 0.010703381150960922, 0.07822436839342117]"
2025-09-04 13:53:08.668347,Neutral,"[0.10763075947761536, 0.01159182284027338, 0.1849069446325302, 0.10888490080833435, 0.14706307649612427, 0.2022029310464859, 0.23771950602531433]"
2025-09-04 13:53:08.710489,Sad,"[0.17485091090202332, 0.017393993213772774, 0.14251428842544556, 0.1157141849398613, 0.31352290511131287, 0.016509832814335823, 0.21949391067028046]"
2025-09-04 13:53:08.842239,Sad,"[0.22470709681510925, 0.025253215804696083, 0.15948812663555145, 0.1213415116071701, 0.3489055037498474, 0.008606175892055035, 0.11169838905334473]"
2025-09-04 13:53:08.881933,Sad,"[0.1895730197429657, 0.022302808240056038, 0.15276288986206055, 0.20898982882499695, 0.22384773194789886, 0.05278819054365158, 0.14973555505275726]"
2025-09-04 13:53:08.922184,Sad,"[0.16526766121387482, 0.01769280433654785, 0.1508367359638214, 0.15242934226989746, 0.22633500397205353, 0.06471709907054901, 0.22272136807441711]"
2025-09-04 13:53:08.963435,Fear,"[0.14022932946681976, 0.013604902662336826, 0.2891022562980652, 0.04854905605316162, 0.2155047059059143, 0.09097891300916672, 0.20203089714050293]"
2025-09-04 13:53:09.006438,Sad,"[0.22819791734218597, 0.028188560158014297, 0.1648128479719162, 0.16082632541656494, 0.3324032723903656, 0.007625141181051731, 0.07794591784477234]"
2025-09-04 13:53:09.139766,Happy,"[0.15813179314136505, 0.01817847415804863, 0.136458158493042, 0.22698120772838593, 0.18768973648548126, 0.08001529425382614, 0.1925453245639801]"
2025-09-04 13:53:09.180326,Sad,"[0.21662656962871552, 0.023561881855130196, 0.1518455445766449, 0.1271146833896637, 0.3328678011894226, 0.011281998828053474, 0.1367015391588211]"
2025-09-04 13:53:09.221978,Neutral,"[0.15689529478549957, 0.016540324315428734, 0.16042377054691315, 0.11767244338989258, 0.2143097072839737, 0.09269222617149353, 0.24146610498428345]"
2025-09-04 13:53:09.262800,Sad,"[0.2337961047887802, 0.029546255245804787, 0.16492268443107605, 0.15313002467155457, 0.3502620756626129, 0.004984358325600624, 0.06335847079753876]"
2025-09-04 13:53:09.405545,Happy,"[0.1716236025094986, 0.019656578078866005, 0.14355051517486572, 0.20745883882045746, 0.19813352823257446, 0.08033720403909683, 0.17923970520496368]"
2025-09-04 13:53:09.454212,Sad,"[0.2198108285665512, 0.024050630629062653, 0.15081289410591125, 0.12710054218769073, 0.3401707410812378, 0.009643527679145336, 0.1284107267856598]"
2025-09-04 13:53:09.501272,Neutral,"[0.16417644917964935, 0.017093369737267494, 0.1501353681087494, 0.12883764505386353, 0.22344759106636047, 0.07292552292346954, 0.24338407814502716]"
2025-09-04 13:53:09.656813,Happy,"[0.163322314620018, 0.018767165020108223, 0.147485613822937, 0.21571971476078033, 0.20026512444019318, 0.07319889217615128, 0.18124115467071533]"
2025-09-04 13:53:09.700206,Neutral,"[0.16545292735099792, 0.01748760975897312, 0.1512080430984497, 0.14191029965877533, 0.2294088453054428, 0.06400246918201447, 0.23052978515625]"
2025-09-04 13:53:09.744612,Sad,"[0.228242889046669, 0.02484353631734848, 0.14762471616268158, 0.11421465128660202, 0.36229953169822693, 0.006605541333556175, 0.11616922914981842]"
2025-09-04 13:53:09.787533,Surprise,"[0.07551510632038116, 0.007779584266245365, 0.2086310237646103, 0.06192133203148842, 0.10560216754674911, 0.3161594569683075, 0.22439129650592804]"
2025-09-04 13:53:09.836937,Neutral,"[0.12310697883367538, 0.01051012147217989, 0.20116764307022095, 0.015223274938762188, 0.30038371682167053, 0.03497384861111641, 0.31463441252708435]"
2025-09-04 13:53:09.877315,Sad,"[0.16227690875530243, 0.016764119267463684, 0.1670687049627304, 0.11072394996881485, 0.2745833098888397, 0.03829992935061455, 0.23028309643268585]"
2025-09-04 13:53:10.007093,Sad,"[0.21871893107891083, 0.02410406805574894, 0.15231867134571075, 0.12914766371250153, 0.34116488695144653, 0.009416872635483742, 0.12512893974781036]"
2025-09-04 13:53:10.048652,Neutral,"[0.16415609419345856, 0.017412619665265083, 0.1482464224100113, 0.1445164978504181, 0.21623243391513824, 0.07697603106498718, 0.23245994746685028]"
2025-09-04 13:53:10.092585,Neutral,"[0.1628885120153427, 0.01798892393708229, 0.13926413655281067, 0.1887478083372116, 0.19551944732666016, 0.08755501359701157, 0.2080361396074295]"
2025-09-04 13:53:10.135355,Sad,"[0.15496475994586945, 0.015362376347184181, 0.250398725271225, 0.058706872165203094, 0.25365889072418213, 0.05744757875800133, 0.20946072041988373]"
2025-09-04 13:53:10.269541,Sad,"[0.2198074907064438, 0.025530487298965454, 0.1597917377948761, 0.14658507704734802, 0.33506181836128235, 0.00921042263507843, 0.10401295870542526]"
2025-09-04 13:53:10.312622,Neutral,"[0.1664862036705017, 0.01756402477622032, 0.14844898879528046, 0.1447588950395584, 0.2282128483057022, 0.06339053064584732, 0.2311384528875351]"
2025-09-04 13:53:10.355468,Sad,"[0.16639868915081024, 0.019026851281523705, 0.14885711669921875, 0.20642507076263428, 0.2095566689968109, 0.06860571354627609, 0.18112985789775848]"
2025-09-04 13:53:10.398043,Neutral,"[0.12474813312292099, 0.010552564635872841, 0.20577014982700348, 0.01262818556278944, 0.3032945394515991, 0.03454703092575073, 0.30845940113067627]"
2025-09-04 13:53:10.445482,Neutral,"[0.12697936594486237, 0.012163866311311722, 0.18172480165958405, 0.04401024803519249, 0.20753242075443268, 0.12180497497320175, 0.30578431487083435]"
2025-09-04 13:53:10.489660,Sad,"[0.17243008315563202, 0.016665823757648468, 0.15119719505310059, 0.08482412248849869, 0.32009950280189514, 0.01819336973130703, 0.2365899235010147]"
2025-09-04 13:53:10.620313,Happy,"[0.15549658238887787, 0.01769067719578743, 0.13421139121055603, 0.21880118548870087, 0.19421374797821045, 0.07627252489328384, 0.2033138871192932]"
2025-09-04 13:53:10.662665,Sad,"[0.22380289435386658, 0.024804603308439255, 0.1514628529548645, 0.13326266407966614, 0.3312441408634186, 0.010706226341426373, 0.12471664696931839]"
2025-09-04 13:53:10.705404,Neutral,"[0.16683882474899292, 0.017659949138760567, 0.14779691398143768, 0.14881210029125214, 0.2281724512577057, 0.06225927546620369, 0.22846047580242157]"
2025-09-04 13:53:10.747283,Neutral,"[0.13992339372634888, 0.014872136525809765, 0.12499416619539261, 0.19685469567775726, 0.18201294541358948, 0.07911191135644913, 0.26223069429397583]"
2025-09-04 13:53:10.884584,Happy,"[0.1617630124092102, 0.018753739073872566, 0.13609766960144043, 0.24286358058452606, 0.20365935564041138, 0.0565333217382431, 0.180329367518425]"
2025-09-04 13:53:10.927917,Sad,"[0.22333770990371704, 0.025598274543881416, 0.1560565084218979, 0.14984939992427826, 0.3167794346809387, 0.012589618563652039, 0.11578911542892456]"
2025-09-04 13:53:11.072219,Sad,"[0.1611294150352478, 0.01831582747399807, 0.14852949976921082, 0.20537492632865906, 0.2079862356185913, 0.07062041014432907, 0.18804369866847992]"
2025-09-04 13:53:11.116196,Sad,"[0.2295657843351364, 0.025713643059134483, 0.1525583416223526, 0.12588092684745789, 0.34841540455818176, 0.007895611226558685, 0.10997036099433899]"
2025-09-04 13:53:11.242651,Happy,"[0.16102881729602814, 0.018102819100022316, 0.14079372584819794, 0.20170190930366516, 0.19316594302654266, 0.08774887025356293, 0.19745786488056183]"
2025-09-04 13:53:11.282352,Sad,"[0.21805396676063538, 0.024153579026460648, 0.15329311788082123, 0.13144230842590332, 0.33972710371017456, 0.009568643756210804, 0.12376125901937485]"
2025-09-04 13:53:11.324588,Neutral,"[0.11721790581941605, 0.011588528752326965, 0.21665818989276886, 0.04416298493742943, 0.16848835349082947, 0.19538450241088867, 0.2464996576309204]"
2025-09-04 13:53:11.475879,Sad,"[0.22245517373085022, 0.023989498615264893, 0.14707496762275696, 0.12766849994659424, 0.3252961337566376, 0.012305381707847118, 0.1412103772163391]"
2025-09-04 13:53:11.521450,Sad,"[0.1709943413734436, 0.01918303221464157, 0.14935356378555298, 0.1808691918849945, 0.206903874874115, 0.079842209815979, 0.19285382330417633]"
2025-09-04 13:53:11.562989,Sad,"[0.18690231442451477, 0.018611548468470573, 0.16002139449119568, 0.0805322602391243, 0.328496515750885, 0.017598265781998634, 0.20783773064613342]"
2025-09-04 13:53:11.721464,Neutral,"[0.16363117098808289, 0.018143879249691963, 0.1412069946527481, 0.1928168088197708, 0.20180487632751465, 0.07865756005048752, 0.20373868942260742]"
2025-09-04 13:53:11.771324,Sad,"[0.2280852049589157, 0.025874540209770203, 0.15400643646717072, 0.13310760259628296, 0.3436395227909088, 0.008225117810070515, 0.10706149786710739]"
2025-09-04 13:53:11.816320,Happy,"[0.13801096379756927, 0.015627410262823105, 0.12899839878082275, 0.23220553994178772, 0.17028126120567322, 0.09562595188617706, 0.21925053000450134]"
2025-09-04 13:53:11.857851,Sad,"[0.19248707592487335, 0.020155226811766624, 0.17209020256996155, 0.14514955878257751, 0.2944187819957733, 0.021788112819194794, 0.15391111373901367]"
2025-09-04 13:53:12.018681,Sad,"[0.22263190150260925, 0.024185137823224068, 0.1520024985074997, 0.11717173457145691, 0.34693703055381775, 0.009126250632107258, 0.12794548273086548]"
2025-09-04 13:53:12.059062,Sad,"[0.16653259098529816, 0.01914389804005623, 0.15697075426578522, 0.1907387524843216, 0.19648654758930206, 0.08947190642356873, 0.18065546452999115]"
2025-09-04 13:53:12.102916,Neutral,"[0.0884060263633728, 0.008270657621324062, 0.23739774525165558, 0.021383831277489662, 0.14590534567832947, 0.23801134526729584, 0.26062506437301636]"
2025-09-04 13:53:12.146526,Neutral,"[0.11418131738901138, 0.012633462436497211, 0.10913686454296112, 0.25182974338531494, 0.15533173084259033, 0.08144725114107132, 0.27543962001800537]"
2025-09-04 13:53:12.187956,Neutral,"[0.11846944689750671, 0.011789967305958271, 0.20302385091781616, 0.055471740663051605, 0.17186234891414642, 0.17776255309581757, 0.2616201341152191]"
2025-09-04 13:53:12.373532,Sad,"[0.1917276829481125, 0.0226773489266634, 0.1553109884262085, 0.2083396315574646, 0.23136907815933228, 0.04666440933942795, 0.14391085505485535]"
2025-09-04 13:53:12.430295,Sad,"[0.21398532390594482, 0.023898588493466377, 0.1557634174823761, 0.13566015660762787, 0.33860230445861816, 0.009727196767926216, 0.12236305326223373]"
2025-09-04 13:53:12.485858,Neutral,"[0.12561367452144623, 0.012949012219905853, 0.1925918310880661, 0.05615916848182678, 0.193695530295372, 0.15652909874916077, 0.26246169209480286]"
2025-09-04 13:53:12.539131,Sad,"[0.19903811812400818, 0.020722001791000366, 0.16596363484859467, 0.14441779255867004, 0.32200077176094055, 0.015547906048595905, 0.13230986893177032]"
2025-09-04 13:53:12.593876,Surprise,"[0.09263265877962112, 0.008260645903646946, 0.243122398853302, 0.07132376730442047, 0.0734725221991539, 0.3805621564388275, 0.1306258887052536]"
2025-09-04 13:53:12.635985,Neutral,"[0.12098867446184158, 0.012708497233688831, 0.18946540355682373, 0.11432751268148422, 0.14993028342723846, 0.19111661612987518, 0.22146296501159668]"
2025-09-04 13:53:12.682690,Sad,"[0.177442729473114, 0.017227886244654655, 0.1386694759130478, 0.10214880853891373, 0.32886025309562683, 0.013163005001842976, 0.22248786687850952]"
2025-09-04 13:53:12.831710,Sad,"[0.1982026845216751, 0.023806285113096237, 0.15306356549263, 0.22513103485107422, 0.23171298205852509, 0.03913487121462822, 0.12894858419895172]"
2025-09-04 13:53:12.873154,Sad,"[0.2144942283630371, 0.023561956360936165, 0.1496664136648178, 0.14788256585597992, 0.29421138763427734, 0.019781148061156273, 0.15040223300457]"
2025-09-04 13:53:12.914291,Sad,"[0.1757950335741043, 0.016434192657470703, 0.13140012323856354, 0.0879586935043335, 0.34278604388237, 0.010305577889084816, 0.23532035946846008]"
2025-09-04 13:53:13.044282,Happy,"[0.19871538877487183, 0.023984696716070175, 0.15214903652668, 0.23281359672546387, 0.2317761480808258, 0.036245450377464294, 0.12431570887565613]"
2025-09-04 13:53:13.084185,Sad,"[0.23248039186000824, 0.026309307664632797, 0.1523009091615677, 0.1276942491531372, 0.35085418820381165, 0.007209900300949812, 0.10315102338790894]"
2025-09-04 13:53:13.124038,Fear,"[0.10070409625768661, 0.009407010860741138, 0.2823209762573242, 0.02046704851090908, 0.159261554479599, 0.20207607746124268, 0.22576315701007843]"
2025-09-04 13:53:13.281836,Sad,"[0.22424082458019257, 0.02620977908372879, 0.15908686816692352, 0.15038540959358215, 0.32737693190574646, 0.01008028443902731, 0.10261990875005722]"
2025-09-04 13:53:13.322794,Sad,"[0.19848161935806274, 0.023702995851635933, 0.15679669380187988, 0.2079116404056549, 0.23763513565063477, 0.04127231240272522, 0.1341996192932129]"
2025-09-04 13:53:13.364189,Neutral,"[0.11515869200229645, 0.011261215433478355, 0.21077761054039001, 0.04272579774260521, 0.1715995967388153, 0.18287613987922668, 0.2656010091304779]"
2025-09-04 13:53:13.404762,Neutral,"[0.10361142456531525, 0.011379985138773918, 0.10886077582836151, 0.2577185332775116, 0.14323653280735016, 0.08866500109434128, 0.2865276336669922]"
2025-09-04 13:53:13.544147,Happy,"[0.18167679011821747, 0.021983735263347626, 0.131974458694458, 0.312661737203598, 0.19206345081329346, 0.03900161385536194, 0.12063825130462646]"
2025-09-04 13:53:13.585270,Sad,"[0.2278769463300705, 0.025508396327495575, 0.15208402276039124, 0.12434303760528564, 0.35567528009414673, 0.0069744703359901905, 0.10753783583641052]"
2025-09-04 13:53:13.627329,Sad,"[0.20447631180286407, 0.02277243137359619, 0.1576937586069107, 0.14542929828166962, 0.317584753036499, 0.014103977009654045, 0.1379394829273224]"
2025-09-04 13:53:13.671133,Sad,"[0.19298942387104034, 0.02177189104259014, 0.1749497801065445, 0.13673283159732819, 0.3129648268222809, 0.018247738480567932, 0.14234353601932526]"
2025-09-04 13:53:13.802069,Happy,"[0.19329994916915894, 0.023435264825820923, 0.14351622760295868, 0.26831015944480896, 0.21541763842105865, 0.03586801886558533, 0.12015275657176971]"
2025-09-04 13:53:13.842187,Sad,"[0.22393231093883514, 0.025343379005789757, 0.15478402376174927, 0.13743342459201813, 0.3356948792934418, 0.00956000667065382, 0.11325201392173767]"
2025-09-04 13:53:13.883759,Sad,"[0.13947908580303192, 0.015075033530592918, 0.22518910467624664, 0.07601379603147507, 0.2820051610469818, 0.06450214982032776, 0.19773569703102112]"
2025-09-04 13:53:13.926217,Sad,"[0.17580658197402954, 0.017597872763872147, 0.1906222403049469, 0.058525215834379196, 0.32551783323287964, 0.02451792173087597, 0.20741236209869385]"
2025-09-04 13:53:13.967398,Sad,"[0.16126322746276855, 0.015501745976507664, 0.1912478506565094, 0.04578010365366936, 0.31831642985343933, 0.02809744141995907, 0.23979324102401733]"
2025-09-04 13:53:14.008581,Happy,"[0.11010231822729111, 0.01243073120713234, 0.11939078569412231, 0.26287001371383667, 0.14366863667964935, 0.10430673509836197, 0.24723078310489655]"
2025-09-04 13:53:14.049245,Sad,"[0.17223037779331207, 0.017713330686092377, 0.19385485351085663, 0.07295168936252594, 0.30972203612327576, 0.029498782008886337, 0.2040288746356964]"
2025-09-04 13:53:14.175692,Happy,"[0.20186126232147217, 0.024795975536108017, 0.15041321516036987, 0.2517207860946655, 0.23563238978385925, 0.027131984010338783, 0.10844442248344421]"
2025-09-04 13:53:14.216857,Sad,"[0.22158506512641907, 0.024765903130173683, 0.1531786471605301, 0.13888177275657654, 0.325592041015625, 0.01161465048789978, 0.1243819147348404]"
2025-09-04 13:53:14.257461,Sad,"[0.16794946789741516, 0.016699856147170067, 0.1508861929178238, 0.10626517236232758, 0.28338009119033813, 0.029944054782390594, 0.24487517774105072]"
2025-09-04 13:53:14.386393,Happy,"[0.1799035221338272, 0.021835604682564735, 0.13718944787979126, 0.30648481845855713, 0.2051512598991394, 0.031882934272289276, 0.11755240708589554]"
2025-09-04 13:53:14.426672,Sad,"[0.22743164002895355, 0.02452263981103897, 0.14600840210914612, 0.12372619658708572, 0.33172479271888733, 0.010946881026029587, 0.1356394737958908]"
2025-09-04 13:53:14.468922,Sad,"[0.1743207424879074, 0.016717424616217613, 0.13328051567077637, 0.10603396594524384, 0.28958937525749207, 0.02292662113904953, 0.2571313679218292]"
2025-09-04 13:53:14.613363,Happy,"[0.19589652121067047, 0.02383904717862606, 0.14928443729877472, 0.25384026765823364, 0.22975298762321472, 0.030863823369145393, 0.11652292311191559]"
2025-09-04 13:53:14.654496,Sad,"[0.22580349445343018, 0.02492513880133629, 0.15177229046821594, 0.12284227460622787, 0.3480985760688782, 0.008347120136022568, 0.11821115016937256]"
2025-09-04 13:53:14.696433,Sad,"[0.16620852053165436, 0.016431743279099464, 0.20063382387161255, 0.059861138463020325, 0.3087860941886902, 0.029250308871269226, 0.21882836520671844]"
2025-09-04 13:53:14.840876,Happy,"[0.19252920150756836, 0.023567043244838715, 0.146249458193779, 0.2728549838066101, 0.2264256626367569, 0.02741219662129879, 0.11096145212650299]"
2025-09-04 13:53:14.882534,Sad,"[0.22506685554981232, 0.024595463648438454, 0.14926141500473022, 0.12087637931108475, 0.3507607877254486, 0.008008170872926712, 0.12143093347549438]"
2025-09-04 13:53:15.008709,Happy,"[0.194306880235672, 0.023455070331692696, 0.15095597505569458, 0.2426324039697647, 0.23010621964931488, 0.034579385071992874, 0.12396406382322311]"
2025-09-04 13:53:15.052970,Sad,"[0.22933585941791534, 0.026959052309393883, 0.15844383835792542, 0.13902202248573303, 0.3496966063976288, 0.006723909173160791, 0.08981867879629135]"
2025-09-04 13:53:15.180607,Happy,"[0.15582166612148285, 0.017771247774362564, 0.1312393844127655, 0.2528970241546631, 0.17541766166687012, 0.08410732448101044, 0.18274571001529694]"
2025-09-04 13:53:15.221488,Sad,"[0.23400667309761047, 0.026877975091338158, 0.152883380651474, 0.11880955100059509, 0.37686753273010254, 0.004443767946213484, 0.08611109107732773]"
2025-09-04 13:53:15.265536,Happy,"[0.11527951061725616, 0.012959177605807781, 0.11964891105890274, 0.2551348805427551, 0.15011343359947205, 0.09899704158306122, 0.24786707758903503]"
2025-09-04 13:53:15.405633,Sad,"[0.22757337987422943, 0.025758622214198112, 0.1538478136062622, 0.13152053952217102, 0.3462407886981964, 0.00794301275163889, 0.10711583495140076]"
2025-09-04 13:53:15.449571,Happy,"[0.1599099040031433, 0.018193576484918594, 0.14357483386993408, 0.21848173439502716, 0.19832150638103485, 0.0745668113231659, 0.1869516521692276]"
2025-09-04 13:53:15.618414,Sad,"[0.23085550963878632, 0.026596415787935257, 0.1553216576576233, 0.13778254389762878, 0.34031352400779724, 0.008258521556854248, 0.10087177157402039]"
2025-09-04 13:53:15.678785,Sad,"[0.17756906151771545, 0.0207013301551342, 0.1564193218946457, 0.20684760808944702, 0.23087848722934723, 0.04891987890005112, 0.15866431593894958]"
2025-09-04 13:53:15.728393,Sad,"[0.17117777466773987, 0.017078565433621407, 0.1545087695121765, 0.10185995697975159, 0.302237868309021, 0.023300137370824814, 0.22983697056770325]"
2025-09-04 13:53:15.873243,Happy,"[0.1582919806241989, 0.017866138368844986, 0.13959671556949615, 0.20585383474826813, 0.18619206547737122, 0.09540759027004242, 0.19679169356822968]"
2025-09-04 13:53:15.925779,Sad,"[0.21803276240825653, 0.024062903597950935, 0.15265275537967682, 0.13121435046195984, 0.33767345547676086, 0.009948317892849445, 0.1264154613018036]"
2025-09-04 13:53:15.983329,Sad,"[0.164296954870224, 0.01650644838809967, 0.1598156988620758, 0.1017071083188057, 0.28235891461372375, 0.033163342624902725, 0.24215155839920044]"
2025-09-04 13:53:16.113265,Happy,"[0.16272404789924622, 0.018489060923457146, 0.1455552726984024, 0.20573633909225464, 0.20138363540172577, 0.0775236263871193, 0.1885879933834076]"
2025-09-04 13:53:16.154609,Sad,"[0.21132901310920715, 0.022718209773302078, 0.14972826838493347, 0.12851770222187042, 0.3290559947490692, 0.012060151435434818, 0.14659065008163452]"
2025-09-04 13:53:16.199525,Sad,"[0.16704420745372772, 0.01706535741686821, 0.13419368863105774, 0.1444682776927948, 0.26319998502731323, 0.030696183443069458, 0.24333225190639496]"
2025-09-04 13:53:16.341880,Happy,"[0.15981878340244293, 0.018037529662251472, 0.13945917785167694, 0.20458237826824188, 0.1877615749835968, 0.09423637390136719, 0.1961042284965515]"
2025-09-04 13:53:16.386839,Sad,"[0.2105351835489273, 0.02241719700396061, 0.14659300446510315, 0.13336403667926788, 0.3073072135448456, 0.016951261088252068, 0.16283215582370758]"
2025-09-04 13:53:16.429324,Sad,"[0.17878785729408264, 0.017189504578709602, 0.13714006543159485, 0.09447313845157623, 0.3490787446498871, 0.009713895618915558, 0.2136167734861374]"
2025-09-04 13:53:16.578907,Happy,"[0.16082288324832916, 0.018232418224215508, 0.14525018632411957, 0.20531277358531952, 0.2004404067993164, 0.0787183940410614, 0.19122295081615448]"
2025-09-04 13:53:16.621091,Sad,"[0.21627157926559448, 0.022445572540163994, 0.14198465645313263, 0.11691313982009888, 0.32645782828330994, 0.012739566154778004, 0.1631876826286316]"
2025-09-04 13:53:16.692555,Neutral,"[0.10469850897789001, 0.01177210733294487, 0.1570163369178772, 0.1840890347957611, 0.1367618590593338, 0.17141075432300568, 0.23425142467021942]"
2025-09-04 13:53:16.751081,Sad,"[0.17071019113063812, 0.01774635724723339, 0.1470077782869339, 0.1445247083902359, 0.2740917205810547, 0.02917792648077011, 0.21674136817455292]"
2025-09-04 13:53:16.940659,Happy,"[0.1609029620885849, 0.018251489847898483, 0.14593474566936493, 0.20534728467464447, 0.2019924819469452, 0.07698682695627213, 0.1905842423439026]"
2025-09-04 13:53:17.003630,Sad,"[0.21647292375564575, 0.023667847737669945, 0.14988118410110474, 0.1399715393781662, 0.30928289890289307, 0.015745950862765312, 0.14497767388820648]"
2025-09-04 13:53:17.068377,Sad,"[0.17589540779590607, 0.018419429659843445, 0.15561255812644958, 0.13087046146392822, 0.3044867515563965, 0.020020823925733566, 0.19469454884529114]"
2025-09-04 13:53:17.221750,Happy,"[0.16055171191692352, 0.018173908814787865, 0.14331547915935516, 0.20515508949756622, 0.1961168795824051, 0.08372964709997177, 0.19295725226402283]"
2025-09-04 13:53:17.273853,Sad,"[0.22008195519447327, 0.023709412664175034, 0.1479894071817398, 0.12440419942140579, 0.33500584959983826, 0.010681219398975372, 0.13812793791294098]"
2025-09-04 13:53:17.437670,Sad,"[0.22146165370941162, 0.024249296635389328, 0.15023887157440186, 0.12965349853038788, 0.33302831649780273, 0.010712862946093082, 0.1306554526090622]"
2025-09-04 13:53:17.480462,Happy,"[0.16070672869682312, 0.018206430599093437, 0.14436307549476624, 0.20525142550468445, 0.198446586728096, 0.08099459111690521, 0.192031130194664]"
2025-09-04 13:53:17.520139,Happy,"[0.10774621367454529, 0.012234571389853954, 0.12137623876333237, 0.26710009574890137, 0.139410600066185, 0.11127106845378876, 0.240861177444458]"
2025-09-04 13:53:17.560970,Sad,"[0.16645954549312592, 0.016439588740468025, 0.15294408798217773, 0.09908410161733627, 0.28338339924812317, 0.031177131459116936, 0.25051212310791016]"
2025-09-04 13:53:17.710836,Happy,"[0.1607043445110321, 0.01820591650903225, 0.14434590935707092, 0.2052500694990158, 0.19840820133686066, 0.08103903383016586, 0.19204656779766083]"
2025-09-04 13:53:17.751336,Sad,"[0.21652434766292572, 0.023525172844529152, 0.14960303902626038, 0.13387218117713928, 0.3198215365409851, 0.013508082367479801, 0.14314569532871246]"
2025-09-04 13:53:17.793611,Neutral,"[0.10277123004198074, 0.011386405676603317, 0.11562372744083405, 0.26042091846466064, 0.13843588531017303, 0.10200173407793045, 0.26936012506484985]"
2025-09-04 13:53:17.834795,Sad,"[0.16267308592796326, 0.01691291853785515, 0.1656615138053894, 0.11586267501115799, 0.26512616872787476, 0.0433574803173542, 0.23040616512298584]"
2025-09-04 13:53:17.973809,Sad,"[0.21552124619483948, 0.023938817903399467, 0.1543276607990265, 0.13498324155807495, 0.33513540029525757, 0.01032368652522564, 0.12576992809772491]"
2025-09-04 13:53:18.014033,Sad,"[0.18190468847751617, 0.021391157060861588, 0.15944156050682068, 0.20614556968212128, 0.2405359148979187, 0.04165871441364288, 0.1489224135875702]"
2025-09-04 13:53:18.055951,Sad,"[0.17281749844551086, 0.017213860526680946, 0.14030900597572327, 0.12270314246416092, 0.29020535945892334, 0.02295868843793869, 0.2337924838066101]"
2025-09-04 13:53:18.204107,Sad,"[0.1667458415031433, 0.019073478877544403, 0.148847758769989, 0.20649170875549316, 0.20958936214447021, 0.06854107230901718, 0.1807107776403427]"
2025-09-04 13:53:18.244110,Sad,"[0.21384507417678833, 0.022930093109607697, 0.15057383477687836, 0.12550511956214905, 0.3234395384788513, 0.013597674667835236, 0.1501087099313736]"
2025-09-04 13:53:18.286847,Neutral,"[0.11284678429365158, 0.012415709905326366, 0.11017291992902756, 0.24901269376277924, 0.1538422852754593, 0.08313705772161484, 0.27857252955436707]"
2025-09-04 13:53:18.439832,Sad,"[0.2168850302696228, 0.02409238927066326, 0.1533963680267334, 0.13954338431358337, 0.32311445474624634, 0.012399272061884403, 0.13056915998458862]"
2025-09-04 13:53:18.481773,Sad,"[0.17654085159301758, 0.020509159192442894, 0.15424057841300964, 0.20729921758174896, 0.22481802105903625, 0.053760986775159836, 0.1628311723470688]"
2025-09-04 13:53:18.523369,Sad,"[0.17499467730522156, 0.01744299940764904, 0.15250010788440704, 0.101980060338974, 0.3078778386116028, 0.020992910489439964, 0.22421149909496307]"
2025-09-04 13:53:18.649139,Happy,"[0.16552002727985382, 0.01888340525329113, 0.14710727334022522, 0.20631860196590424, 0.20532776415348053, 0.07302270084619522, 0.18382024765014648]"
2025-09-04 13:53:18.690522,Sad,"[0.22937074303627014, 0.025799565017223358, 0.15356744825839996, 0.11791402101516724, 0.36732977628707886, 0.005800439044833183, 0.1002180352807045]"
2025-09-04 13:53:18.733519,Sad,"[0.1742400974035263, 0.016646506264805794, 0.13286954164505005, 0.10409486293792725, 0.29131922125816345, 0.022331800311803818, 0.2584979832172394]"
2025-09-04 13:53:18.864750,Sad,"[0.17448067665100098, 0.020215120166540146, 0.1538037359714508, 0.20712262392044067, 0.22324857115745544, 0.05528712645173073, 0.16584207117557526]"
2025-09-04 13:53:18.907166,Sad,"[0.21967880427837372, 0.024431588128209114, 0.1534988284111023, 0.13129140436649323, 0.34162458777427673, 0.009162300266325474, 0.12031253427267075]"
2025-09-04 13:53:19.036050,Happy,"[0.16075250506401062, 0.01821647584438324, 0.1447000652551651, 0.2052769511938095, 0.19920168817043304, 0.08012566715478897, 0.19172674417495728]"
2025-09-04 13:53:19.076888,Sad,"[0.22625991702079773, 0.025136355310678482, 0.15139397978782654, 0.12898674607276917, 0.3412363529205322, 0.009008976630866528, 0.11797761917114258]"
2025-09-04 13:53:19.205830,Happy,"[0.15981878340244293, 0.018037529662251472, 0.13945917785167694, 0.20458237826824188, 0.1877615749835968, 0.09423637390136719, 0.1961042284965515]"
2025-09-04 13:53:19.247959,Sad,"[0.22192426025867462, 0.02362547628581524, 0.15190960466861725, 0.10094104707241058, 0.36550039052963257, 0.007361951749771833, 0.12873724102973938]"
2025-09-04 13:53:19.374046,Happy,"[0.1609644740819931, 0.018267037346959114, 0.14651739597320557, 0.205367773771286, 0.20332291722297668, 0.07553014159202576, 0.1900302618741989]"
2025-09-04 13:53:19.414503,Sad,"[0.21804611384868622, 0.02333575114607811, 0.15753158926963806, 0.10265226662158966, 0.3541654348373413, 0.009378602728247643, 0.1348903328180313]"
2025-09-04 13:53:19.540707,Sad,"[0.22572676837444305, 0.02574673667550087, 0.1555236428976059, 0.1333506852388382, 0.3481847047805786, 0.007614577654749155, 0.10385289043188095]"
2025-09-04 13:53:19.582386,Happy,"[0.16080766916275024, 0.018228920176625252, 0.14512774348258972, 0.20530539751052856, 0.2001640349626541, 0.0790303573012352, 0.1913357824087143]"
2025-09-04 13:53:19.626741,Neutral,"[0.10279475897550583, 0.01141863502562046, 0.11087822169065475, 0.2649773061275482, 0.14020971953868866, 0.09452877193689346, 0.27519258856773376]"
2025-09-04 13:53:19.775070,Sad,"[0.1736680567264557, 0.019752349704504013, 0.1700630486011505, 0.16402298212051392, 0.23929688334465027, 0.05606376752257347, 0.17713290452957153]"
2025-09-04 13:53:19.820776,Sad,"[0.2256626933813095, 0.024859854951500893, 0.15030814707279205, 0.11945730447769165, 0.3590961694717407, 0.006884274538606405, 0.1137315183877945]"
2025-09-04 13:53:19.866634,Neutral,"[0.17112623155117035, 0.017943358048796654, 0.13726316392421722, 0.159718856215477, 0.22580404579639435, 0.05743168666958809, 0.2307126522064209]"
2025-09-04 13:53:20.004274,Sad,"[0.18468686938285828, 0.021968012675642967, 0.15843801200389862, 0.2198706716299057, 0.24288462102413177, 0.03507305309176445, 0.13707879185676575]"
2025-09-04 13:53:20.045685,Sad,"[0.22539348900318146, 0.025392713025212288, 0.15365174412727356, 0.13588790595531464, 0.3350888788700104, 0.009694866836071014, 0.11489046365022659]"
2025-09-04 13:53:20.090182,Sad,"[0.1682175248861313, 0.0181699488312006, 0.14478415250778198, 0.17353521287441254, 0.23000822961330414, 0.05383915454149246, 0.21144582331180573]"
2025-09-04 13:53:20.130898,Sad,"[0.17269766330718994, 0.016887854784727097, 0.13807368278503418, 0.11280802637338638, 0.30244532227516174, 0.019083091989159584, 0.23800429701805115]"
2025-09-04 13:53:20.267120,Happy,"[0.186703160405159, 0.022655583918094635, 0.14359478652477264, 0.2792421281337738, 0.2176331728696823, 0.031614288687705994, 0.11855684965848923]"
2025-09-04 13:53:20.309793,Sad,"[0.2134210765361786, 0.022644799202680588, 0.15719367563724518, 0.0994846522808075, 0.36109015345573425, 0.008607903495430946, 0.13755770027637482]"
2025-09-04 13:53:20.453391,Happy,"[0.18126791715621948, 0.021925736218690872, 0.14480894804000854, 0.2658519148826599, 0.22974632680416107, 0.02885051630437374, 0.12754875421524048]"
2025-09-04 13:53:20.502596,Sad,"[0.22376084327697754, 0.02547375112771988, 0.15545816719532013, 0.14279620349407196, 0.32762041687965393, 0.010742341168224812, 0.11414826661348343]"
2025-09-04 13:53:20.548067,Happy,"[0.15557537972927094, 0.017740806564688683, 0.13865098357200623, 0.22727984189987183, 0.19828926026821136, 0.06905156373977661, 0.19341214001178741]"
2025-09-04 13:53:20.590013,Sad,"[0.12866456806659698, 0.010582106187939644, 0.21652185916900635, 0.008963038213551044, 0.34737974405288696, 0.017984291538596153, 0.2699044346809387]"
2025-09-04 13:53:20.633731,Sad,"[0.15906976163387299, 0.015326911583542824, 0.16269777715206146, 0.07480231672525406, 0.30836036801338196, 0.024398913607001305, 0.2553439736366272]"
2025-09-04 13:53:20.776143,Happy,"[0.1524461954832077, 0.017954770475625992, 0.1187950000166893, 0.31615620851516724, 0.18087658286094666, 0.04758109152317047, 0.16619010269641876]"
2025-09-04 13:53:20.821568,Sad,"[0.2319936901330948, 0.02642315812408924, 0.15333783626556396, 0.1355586051940918, 0.3375176787376404, 0.008853507228195667, 0.10631545633077621]"
2025-09-04 13:53:20.868776,Happy,"[0.13157981634140015, 0.015273677185177803, 0.1023227721452713, 0.35262444615364075, 0.152740478515625, 0.05829327180981636, 0.1871655434370041]"
2025-09-04 13:53:20.910846,Sad,"[0.15435931086540222, 0.012393662706017494, 0.1579490602016449, 0.013357614167034626, 0.4060625433921814, 0.006152629386633635, 0.24972517788410187]"
2025-09-04 13:53:20.953821,Sad,"[0.17282317578792572, 0.01815294846892357, 0.15578031539916992, 0.13529331982135773, 0.29869288206100464, 0.02161457948386669, 0.19764281809329987]"
2025-09-04 13:53:21.114016,Happy,"[0.17536643147468567, 0.02063789963722229, 0.136206716299057, 0.27005112171173096, 0.19157721102237701, 0.05735580250620842, 0.14880478382110596]"
2025-09-04 13:53:21.154303,Sad,"[0.22462685406208038, 0.02540470100939274, 0.15337888896465302, 0.1472068578004837, 0.3122568428516388, 0.013855923898518085, 0.1232699602842331]"
2025-09-04 13:53:21.198225,Happy,"[0.14348949491977692, 0.016625765711069107, 0.11378107219934464, 0.31870898604393005, 0.1637624055147171, 0.06338348239660263, 0.18024884164333344]"
2025-09-04 13:53:21.370188,Happy,"[0.1314958930015564, 0.015592788346111774, 0.11809339374303818, 0.3927139937877655, 0.14438411593437195, 0.05311913788318634, 0.1446007490158081]"
2025-09-04 13:53:21.417622,Sad,"[0.22092625498771667, 0.02438710629940033, 0.1515756994485855, 0.1335410475730896, 0.3298571705818176, 0.011131771840155125, 0.1285809427499771]"
2025-09-04 13:53:21.462031,Sad,"[0.17630550265312195, 0.02050626464188099, 0.152714803814888, 0.21307046711444855, 0.22198645770549774, 0.05378559231758118, 0.16163097321987152]"
2025-09-04 13:53:21.506364,Sad,"[0.1403590738773346, 0.012017915956676006, 0.19972370564937592, 0.014696858823299408, 0.33333227038383484, 0.023091264069080353, 0.2767788767814636]"
2025-09-04 13:53:21.554278,Sad,"[0.16955436766147614, 0.017114941030740738, 0.15243428945541382, 0.1140938326716423, 0.29609838128089905, 0.02404465153813362, 0.2266596108675003]"
2025-09-04 13:53:21.695838,Happy,"[0.11896171420812607, 0.01446008775383234, 0.09371400624513626, 0.4649720788002014, 0.13461415469646454, 0.03492245450615883, 0.13835541903972626]"
2025-09-04 13:53:21.738124,Sad,"[0.22179923951625824, 0.024902857840061188, 0.15423834323883057, 0.13536736369132996, 0.33684441447257996, 0.009624678641557693, 0.11722318083047867]"
2025-09-04 13:53:21.782569,Happy,"[0.1801867038011551, 0.02151024527847767, 0.14700448513031006, 0.25727102160453796, 0.2214549481868744, 0.03708983585238457, 0.1354827880859375]"
2025-09-04 13:53:21.827654,Sad,"[0.16574308276176453, 0.016279270872473717, 0.1533936858177185, 0.0948956087231636, 0.28209757804870605, 0.032350558787584305, 0.255240261554718]"
2025-09-04 13:53:21.987167,Happy,"[0.18501164019107819, 0.022830013185739517, 0.13273561000823975, 0.32815688848495483, 0.20132657885551453, 0.02677427977323532, 0.10316502302885056]"
2025-09-04 13:53:22.033439,Sad,"[0.21816867589950562, 0.02330775558948517, 0.1469423472881317, 0.12359046190977097, 0.33182790875434875, 0.011402271687984467, 0.1447605937719345]"
2025-09-04 13:53:22.082914,Happy,"[0.18155056238174438, 0.02160167507827282, 0.14362232387065887, 0.261440247297287, 0.21023015677928925, 0.04382063075900078, 0.13773447275161743]"
2025-09-04 13:53:22.132687,Neutral,"[0.11946026980876923, 0.011547465808689594, 0.2447817176580429, 0.027446003630757332, 0.21248555183410645, 0.12406779825687408, 0.2602112591266632]"
2025-09-04 13:53:22.182016,Sad,"[0.1724567413330078, 0.0173012837767601, 0.1588170975446701, 0.09830400347709656, 0.31140390038490295, 0.021172141656279564, 0.2205447554588318]"
2025-09-04 13:53:22.314085,Sad,"[0.2146415412425995, 0.02474990114569664, 0.15955989062786102, 0.15433290600776672, 0.3178955912590027, 0.012555013410747051, 0.11626509577035904]"
2025-09-04 13:53:22.355906,Happy,"[0.1150449812412262, 0.013816886581480503, 0.09340570867061615, 0.47518375515937805, 0.14656822383403778, 0.02409311942756176, 0.13188734650611877]"
2025-09-04 13:53:22.397868,Neutral,"[0.13908827304840088, 0.01504873763769865, 0.14539936184883118, 0.18125371634960175, 0.17566213011741638, 0.10793934762477875, 0.23560847342014313]"
2025-09-04 13:53:22.440110,Neutral,"[0.13049302995204926, 0.013929993845522404, 0.15166327357292175, 0.16513878107070923, 0.169898122549057, 0.12060785293579102, 0.2482689619064331]"
2025-09-04 13:53:22.481494,Sad,"[0.1731623411178589, 0.016687659546732903, 0.14077922701835632, 0.09761992841959, 0.30034708976745605, 0.021478168666362762, 0.24992553889751434]"
2025-09-04 13:53:22.614669,Happy,"[0.16120612621307373, 0.020182715728878975, 0.13147751986980438, 0.3676550090312958, 0.20759594440460205, 0.016224589198827744, 0.09565802663564682]"
2025-09-04 13:53:22.656815,Sad,"[0.222547709941864, 0.026109592989087105, 0.1603793501853943, 0.14038480818271637, 0.35125720500946045, 0.00679730623960495, 0.0925239622592926]"
2025-09-04 13:53:22.808087,Happy,"[0.17144091427326202, 0.020778046920895576, 0.13951697945594788, 0.31253352761268616, 0.20662091672420502, 0.029784752056002617, 0.11932486295700073]"
2025-09-04 13:53:22.848887,Sad,"[0.23297592997550964, 0.02794322744011879, 0.15964357554912567, 0.14106450974941254, 0.3522554934024811, 0.005926681682467461, 0.08019065111875534]"
2025-09-04 13:53:22.894136,Happy,"[0.14814439415931702, 0.01769009232521057, 0.12874732911586761, 0.3058241009712219, 0.21866604685783386, 0.02517436072230339, 0.1557537466287613]"
2025-09-04 13:53:22.935772,Sad,"[0.16778218746185303, 0.016646670177578926, 0.2288522720336914, 0.05051429569721222, 0.31173470616340637, 0.028358226642012596, 0.19611157476902008]"
2025-09-04 13:53:22.977334,Sad,"[0.1846001297235489, 0.02276097796857357, 0.17372381687164307, 0.2034037858247757, 0.30370888113975525, 0.01234617829322815, 0.09945622086524963]"
2025-09-04 13:53:23.109118,Happy,"[0.17418208718299866, 0.02121073752641678, 0.1473458856344223, 0.29036271572113037, 0.23164264857769012, 0.022007787600159645, 0.11324813216924667]"
2025-09-04 13:53:23.153431,Happy,"[0.17156608402729034, 0.021582674235105515, 0.14333005249500275, 0.2914107143878937, 0.26486191153526306, 0.010151412338018417, 0.09709715843200684]"
2025-09-04 13:53:23.195467,Sad,"[0.2014007270336151, 0.02536611817777157, 0.1768190711736679, 0.1832088977098465, 0.31992051005363464, 0.009825131855905056, 0.08345954120159149]"
2025-09-04 13:53:23.237601,Sad,"[0.1713211089372635, 0.017444688826799393, 0.2011096328496933, 0.05545952171087265, 0.3550477921962738, 0.017791803926229477, 0.18182536959648132]"
2025-09-04 13:53:23.278892,Sad,"[0.1594986915588379, 0.01691199094057083, 0.1407346874475479, 0.16126973927021027, 0.2766151428222656, 0.023993292823433876, 0.2209763526916504]"
2025-09-04 13:53:23.322231,Happy,"[0.08924072980880737, 0.010512393899261951, 0.0720704048871994, 0.36129897832870483, 0.18058933317661285, 0.014933795668184757, 0.2713543176651001]"
2025-09-04 13:53:23.366376,Sad,"[0.16894157230854034, 0.01696188747882843, 0.1491326093673706, 0.11421441286802292, 0.26967719197273254, 0.0358700230717659, 0.24520236253738403]"
2025-09-04 13:53:23.510189,Happy,"[0.1725863218307495, 0.020922580733895302, 0.14377598464488983, 0.2984899580478668, 0.22154037654399872, 0.025224631652235985, 0.117460235953331]"
2025-09-04 13:53:23.554585,Sad,"[0.2270345240831375, 0.026000291109085083, 0.14797501266002655, 0.09212933480739594, 0.4399890601634979, 0.0015253936871886253, 0.06534632295370102]"
2025-09-04 13:53:23.597572,Sad,"[0.1717688888311386, 0.017583290114998817, 0.19939491152763367, 0.05344933271408081, 0.34542223811149597, 0.01946399174630642, 0.1929173469543457]"
2025-09-04 13:53:23.644149,Sad,"[0.18173354864120483, 0.022432049736380577, 0.18004894256591797, 0.18503624200820923, 0.3240554928779602, 0.010241576470434666, 0.09645215421915054]"
2025-09-04 13:53:23.688113,Happy,"[0.13792738318443298, 0.017381766811013222, 0.11580559611320496, 0.34483975172042847, 0.2550767660140991, 0.007090425118803978, 0.12187828868627548]"
2025-09-04 13:53:23.808740,Happy,"[0.07795881479978561, 0.010994876734912395, 0.05923088267445564, 0.6747339367866516, 0.09065384417772293, 0.010866398923099041, 0.07556121051311493]"
2025-09-04 13:53:23.848976,Happy,"[0.0735260620713234, 0.009901002049446106, 0.05327172949910164, 0.6485302448272705, 0.09293055534362793, 0.013319036923348904, 0.10852144658565521]"
2025-09-04 13:53:23.971195,Sad,"[0.17545093595981598, 0.017358871176838875, 0.19302912056446075, 0.04853849112987518, 0.34925577044487, 0.01768082194030285, 0.19868600368499756]"
2025-09-04 13:53:24.095208,Sad,"[0.17505469918251038, 0.01824541948735714, 0.20131313800811768, 0.05141378939151764, 0.3541239798069, 0.015560828149318695, 0.18428820371627808]"
2025-09-04 13:53:24.234158,Sad,"[0.18559885025024414, 0.021962594240903854, 0.16538387537002563, 0.19334179162979126, 0.27881449460983276, 0.022611288353800774, 0.13228708505630493]"
2025-09-04 13:53:24.278158,Sad,"[0.17366446554660797, 0.017101949080824852, 0.137597918510437, 0.1184118315577507, 0.28941839933395386, 0.023024875670671463, 0.24078057706356049]"
2025-09-04 13:53:24.320343,Sad,"[0.1638116091489792, 0.01973147876560688, 0.1632671356201172, 0.20958368480205536, 0.2948765158653259, 0.015306448563933372, 0.13342319428920746]"
2025-09-04 13:53:24.447731,Sad,"[0.17090924084186554, 0.017378052696585655, 0.14552144706249237, 0.130202516913414, 0.2933025062084198, 0.022188503295183182, 0.22049765288829803]"
2025-09-04 13:53:24.491048,Sad,"[0.1960972100496292, 0.02122778818011284, 0.211809441447258, 0.05422351881861687, 0.3832758963108063, 0.010108989663422108, 0.12325716018676758]"
2025-09-04 13:53:24.536248,Happy,"[0.13825646042823792, 0.015917424112558365, 0.16667862236499786, 0.2279222160577774, 0.21294862031936646, 0.05343561992049217, 0.18484093248844147]"
2025-09-04 13:53:24.580077,Neutral,"[0.12785977125167847, 0.012611308135092258, 0.19851671159267426, 0.043658290058374405, 0.21859394013881683, 0.11805959790945053, 0.2807003855705261]"
2025-09-04 13:53:24.742431,Sad,"[0.1641775220632553, 0.01876441389322281, 0.15121865272521973, 0.20581182837486267, 0.21486873924732208, 0.06367846578359604, 0.18148045241832733]"
2025-09-04 13:53:24.782904,Sad,"[0.1780295968055725, 0.02010897360742092, 0.16689233481884003, 0.16035869717597961, 0.31639400124549866, 0.014604452066123486, 0.14361195266246796]"
2025-09-04 13:53:24.823237,Sad,"[0.15638822317123413, 0.014644565060734749, 0.2522503137588501, 0.03842660412192345, 0.28546056151390076, 0.039268624037504196, 0.2135610431432724]"
2025-09-04 13:53:24.864996,Sad,"[0.1263234168291092, 0.011422250419855118, 0.24080081284046173, 0.0172213576734066, 0.2832035720348358, 0.05069960653781891, 0.27032896876335144]"
2025-09-04 13:53:24.906276,Neutral,"[0.1546616405248642, 0.014264878816902637, 0.10462597757577896, 0.10269379615783691, 0.29344961047172546, 0.013449406251311302, 0.31685465574264526]"
2025-09-04 13:53:25.036761,Sad,"[0.17028357088565826, 0.020417653024196625, 0.17747513949871063, 0.1921606808900833, 0.3005346357822418, 0.016407139599323273, 0.12272121757268906]"
2025-09-04 13:53:25.080273,Sad,"[0.1793910562992096, 0.022000126540660858, 0.1643248051404953, 0.21534650027751923, 0.29245835542678833, 0.01412560697644949, 0.11235353350639343]"
2025-09-04 13:53:25.124460,Sad,"[0.1850898265838623, 0.0219115000218153, 0.16343598067760468, 0.20205052196979523, 0.2559994161128998, 0.0325419120490551, 0.13897091150283813]"
2025-09-04 13:53:25.180730,Happy,"[0.1456456482410431, 0.016454609110951424, 0.14121195673942566, 0.21682129800319672, 0.17428168654441833, 0.10371877253055573, 0.2018660008907318]"
2025-09-04 13:53:25.231491,Sad,"[0.11497952789068222, 0.011137406341731548, 0.2630229890346527, 0.025535285472869873, 0.2744380533695221, 0.0701930969953537, 0.24069365859031677]"
2025-09-04 13:53:25.285969,Surprise,"[0.10752236098051071, 0.010445467196404934, 0.2542131543159485, 0.04375981166958809, 0.11826112866401672, 0.2856982946395874, 0.18009978532791138]"
2025-09-04 13:53:25.339535,Surprise,"[0.09491953998804092, 0.008965135551989079, 0.24955636262893677, 0.038752585649490356, 0.10769490152597427, 0.3240513205528259, 0.17606008052825928]"
2025-09-04 13:53:25.390265,Surprise,"[0.09159702807664871, 0.008880950510501862, 0.24279220402240753, 0.0375530906021595, 0.11372605711221695, 0.3095912039279938, 0.19585944712162018]"
2025-09-04 13:53:25.548282,Sad,"[0.17063410580158234, 0.01948663964867592, 0.16187871992588043, 0.19031395018100739, 0.2586059272289276, 0.03388873487710953, 0.1651918739080429]"
2025-09-04 13:53:25.589056,Sad,"[0.20233701169490814, 0.02529054693877697, 0.17946116626262665, 0.11914820969104767, 0.4130219519138336, 0.0023718939628452063, 0.05836926028132439]"
2025-09-04 13:53:25.630191,Sad,"[0.17209672927856445, 0.017666315659880638, 0.2028609961271286, 0.06297656893730164, 0.33344170451164246, 0.0218819472938776, 0.1890757828950882]"
2025-09-04 13:53:25.673870,Neutral,"[0.10943654924631119, 0.010546335019171238, 0.22734257578849792, 0.03026144951581955, 0.17880776524543762, 0.1809021681547165, 0.2627031207084656]"
2025-09-04 13:53:25.717140,Fear,"[0.10832975059747696, 0.010231507942080498, 0.26143521070480347, 0.02538801170885563, 0.18059030175209045, 0.16654223203659058, 0.24748298525810242]"
2025-09-04 13:53:25.839072,Sad,"[0.18699635565280914, 0.02213522605597973, 0.1732233464717865, 0.16090461611747742, 0.3419070541858673, 0.008715569972991943, 0.1061178520321846]"
2025-09-04 13:53:25.880679,Sad,"[0.17732419073581696, 0.016907157376408577, 0.13683250546455383, 0.08114588260650635, 0.3941972553730011, 0.0050676129758358, 0.18852539360523224]"
2025-09-04 13:53:25.921892,Sad,"[0.16644559800624847, 0.016337944194674492, 0.20866717398166656, 0.04794108495116234, 0.32011014223098755, 0.02713741362094879, 0.21336060762405396]"
2025-09-04 13:53:25.962937,Sad,"[0.1731310784816742, 0.020923323929309845, 0.17859959602355957, 0.1901988536119461, 0.30787569284439087, 0.014297286979854107, 0.11497408896684647]"
2025-09-04 13:53:26.105150,Sad,"[0.1860208660364151, 0.017857352271676064, 0.13587968051433563, 0.0789041593670845, 0.4038708806037903, 0.0043337964452803135, 0.17313328385353088]"
2025-09-04 13:53:26.239404,Sad,"[0.19089116156101227, 0.020184263586997986, 0.15947972238063812, 0.11635465174913406, 0.3350682854652405, 0.013101461343467236, 0.16492046415805817]"
2025-09-04 13:53:26.282097,Sad,"[0.19191257655620575, 0.019144278019666672, 0.139332577586174, 0.07507767528295517, 0.4450743794441223, 0.0022523037623614073, 0.12720616161823273]"
2025-09-04 13:53:26.325124,Sad,"[0.1720079928636551, 0.02084546908736229, 0.1674966812133789, 0.22867080569267273, 0.2799004018306732, 0.016121450811624527, 0.11495722085237503]"
2025-09-04 13:53:26.366390,Sad,"[0.17710638046264648, 0.02221687324345112, 0.15390080213546753, 0.2465069591999054, 0.2916334569454193, 0.009654124267399311, 0.09898138046264648]"
2025-09-04 13:53:26.497309,Sad,"[0.19198089838027954, 0.021076351404190063, 0.15931163728237152, 0.13745956122875214, 0.33797404170036316, 0.010770290158689022, 0.14142712950706482]"
2025-09-04 13:53:26.542446,Sad,"[0.1921432912349701, 0.021373027935624123, 0.1619131714105606, 0.1375429332256317, 0.3477562963962555, 0.009077579714357853, 0.13019366562366486]"
2025-09-04 13:53:26.587680,Sad,"[0.13105343282222748, 0.012120741419494152, 0.2489747256040573, 0.02112731896340847, 0.3233901262283325, 0.02944723702967167, 0.23388639092445374]"
2025-09-04 13:53:26.843233,Sad,"[0.19066177308559418, 0.01901877298951149, 0.17330986261367798, 0.04992442578077316, 0.4205144941806793, 0.0050222622230648994, 0.14154846966266632]"
2025-09-04 13:53:26.895937,Sad,"[0.14340811967849731, 0.01376270316541195, 0.2452518492937088, 0.03545931354165077, 0.30910244584083557, 0.03530377149581909, 0.21771185100078583]"
2025-09-04 13:53:26.950489,Happy,"[0.13091085851192474, 0.01652093231678009, 0.1061902567744255, 0.3949379026889801, 0.20535911619663239, 0.012749266810715199, 0.13333168625831604]"
2025-09-04 13:53:26.999425,Sad,"[0.17869047820568085, 0.021470196545124054, 0.1734769493341446, 0.19600313901901245, 0.2879675626754761, 0.019534969702363014, 0.12285666912794113]"
2025-09-04 13:53:27.143862,Sad,"[0.17436988651752472, 0.016803856939077377, 0.25382378697395325, 0.053551554679870605, 0.28087660670280457, 0.03857770562171936, 0.18199658393859863]"
2025-09-04 13:53:27.190291,Sad,"[0.1697482317686081, 0.01828017830848694, 0.15444910526275635, 0.1593896597623825, 0.2749136984348297, 0.028524573892354965, 0.19469454884529114]"
2025-09-04 13:53:27.234414,Sad,"[0.1703968346118927, 0.015664760023355484, 0.13264219462871552, 0.08014567196369171, 0.2885396182537079, 0.02484891004860401, 0.28776198625564575]"
2025-09-04 13:53:27.279348,Sad,"[0.16530285775661469, 0.01962153986096382, 0.15879780054092407, 0.24509847164154053, 0.2484750747680664, 0.025976406410336494, 0.13672786951065063]"
2025-09-04 13:53:27.411107,Sad,"[0.20812733471393585, 0.023601217195391655, 0.1776241660118103, 0.1049954891204834, 0.37113624811172485, 0.007417647168040276, 0.10709793865680695]"
2025-09-04 13:53:27.460709,Sad,"[0.14415988326072693, 0.013719916343688965, 0.2173578292131424, 0.04229745641350746, 0.28554674983024597, 0.04599796608090401, 0.25092020630836487]"
2025-09-04 13:53:27.511926,Sad,"[0.1731109321117401, 0.018458878621459007, 0.1539473980665207, 0.15005654096603394, 0.2884828746318817, 0.023583319038152695, 0.1923600286245346]"
2025-09-04 13:53:27.560994,Sad,"[0.17202837765216827, 0.01620342768728733, 0.13461048901081085, 0.09263201057910919, 0.296559602022171, 0.021653257310390472, 0.26631277799606323]"
2025-09-04 13:53:27.608128,Sad,"[0.18439732491970062, 0.022659312933683395, 0.17654182016849518, 0.19279013574123383, 0.3094310462474823, 0.012575739994645119, 0.1016046479344368]"
2025-09-04 13:53:27.751156,Sad,"[0.23572151362895966, 0.027609933167696, 0.16140682995319366, 0.1273185759782791, 0.35153928399086, 0.007007744163274765, 0.08939613401889801]"
2025-09-04 13:53:27.800009,Sad,"[0.16717398166656494, 0.01611017808318138, 0.18323305249214172, 0.05695560947060585, 0.3141615390777588, 0.024268055334687233, 0.23809769749641418]"
2025-09-04 13:53:27.844616,Happy,"[0.13018175959587097, 0.015486170537769794, 0.15102332830429077, 0.31864556670188904, 0.20273225009441376, 0.03054622933268547, 0.151384636759758]"
2025-09-04 13:53:27.966228,Sad,"[0.2420700043439865, 0.028947891667485237, 0.1552707552909851, 0.12698964774608612, 0.3709380328655243, 0.0041215079836547375, 0.07166220992803574]"
2025-09-04 13:53:28.096699,Sad,"[0.23383654654026031, 0.02644370310008526, 0.158376082777977, 0.0991310104727745, 0.3901835083961487, 0.004231546074151993, 0.08779758960008621]"
2025-09-04 13:53:28.137512,Sad,"[0.15402306616306305, 0.01501232199370861, 0.22558559477329254, 0.044179778546094894, 0.29893118143081665, 0.03132382035255432, 0.23094423115253448]"
2025-09-04 13:53:28.177394,Sad,"[0.16493599116802216, 0.01959853060543537, 0.1546875685453415, 0.23570996522903442, 0.2538287341594696, 0.025511609390378, 0.14572767913341522]"
2025-09-04 13:53:28.328263,Sad,"[0.2306751310825348, 0.027530839666724205, 0.18029119074344635, 0.10605249553918839, 0.3690367341041565, 0.00628670072183013, 0.08012684434652328]"
2025-09-04 13:53:28.474060,Sad,"[0.22868408262729645, 0.027569126337766647, 0.16182149946689606, 0.15461060404777527, 0.33218422532081604, 0.008326721377670765, 0.08680368959903717]"
2025-09-04 13:53:28.515338,Sad,"[0.20461125671863556, 0.023898478597402573, 0.1920008808374405, 0.07035994529724121, 0.43599769473075867, 0.002704852493479848, 0.07042684406042099]"
2025-09-04 13:53:28.560761,Sad,"[0.1498594433069229, 0.013516620732843876, 0.1959545910358429, 0.03366699069738388, 0.3018839359283447, 0.03285689651966095, 0.2722615897655487]"
2025-09-04 13:53:28.601723,Sad,"[0.20030881464481354, 0.025809235870838165, 0.1789708137512207, 0.17361733317375183, 0.3489247262477875, 0.00547208683565259, 0.06689703464508057]"
2025-09-04 13:53:28.643851,Sad,"[0.17242707312107086, 0.020574508234858513, 0.15748324990272522, 0.24423381686210632, 0.2457391917705536, 0.0271303728222847, 0.1324118822813034]"
2025-09-04 13:53:28.771749,Sad,"[0.21859218180179596, 0.023062556982040405, 0.1444242000579834, 0.1210767850279808, 0.3276415765285492, 0.012290379032492638, 0.15291233360767365]"
2025-09-04 13:53:28.811641,Sad,"[0.15010975301265717, 0.014239490032196045, 0.23110367357730865, 0.03556640446186066, 0.3066575825214386, 0.0336778499186039, 0.22864526510238647]"
2025-09-04 13:53:28.972309,Sad,"[0.2098657786846161, 0.02137926034629345, 0.1395755559206009, 0.11567529290914536, 0.3138114809989929, 0.015844590961933136, 0.1838480681180954]"
2025-09-04 13:53:29.012714,Sad,"[0.1763433963060379, 0.020655587315559387, 0.16129368543624878, 0.2049284130334854, 0.24445152282714844, 0.03980585187673569, 0.15252162516117096]"
2025-09-04 13:53:29.187291,Sad,"[0.180452361702919, 0.021882222965359688, 0.2053215205669403, 0.135369673371315, 0.3414343595504761, 0.01187379751354456, 0.1036660373210907]"
2025-09-04 13:53:29.457237,Sad,"[0.21088936924934387, 0.02332536317408085, 0.15289846062660217, 0.1474134773015976, 0.3046853840351105, 0.016864720731973648, 0.14392325282096863]"
2025-09-04 13:53:29.527755,Sad,"[0.1632022261619568, 0.016259541735053062, 0.22710418701171875, 0.042475875467061996, 0.3110034763813019, 0.029903234913945198, 0.21005146205425262]"
2025-09-04 13:53:29.603350,Neutral,"[0.13197076320648193, 0.013311412185430527, 0.17676304280757904, 0.07169108837842941, 0.19776155054569244, 0.1289013922214508, 0.27960073947906494]"
2025-09-04 13:53:29.688393,Neutral,"[0.1246696412563324, 0.012656929902732372, 0.17761239409446716, 0.07692761719226837, 0.1867547482252121, 0.14037808775901794, 0.281000554561615]"
2025-09-04 13:53:29.843262,Neutral,"[0.11328431218862534, 0.011513193137943745, 0.19034671783447266, 0.06467258185148239, 0.17316947877407074, 0.17198610305786133, 0.27502763271331787]"
2025-09-04 13:53:30.095433,Sad,"[0.19793711602687836, 0.024476731196045876, 0.20045630633831024, 0.1380203515291214, 0.337039053440094, 0.011296108365058899, 0.09077446907758713]"
2025-09-04 13:53:30.209398,Sad,"[0.21912626922130585, 0.024038681760430336, 0.1486404687166214, 0.14469659328460693, 0.29767751693725586, 0.018577687442302704, 0.14724287390708923]"
2025-09-04 13:53:30.326294,Sad,"[0.13266506791114807, 0.012285078875720501, 0.24193373322486877, 0.03097839280962944, 0.2630297839641571, 0.057298410683870316, 0.2618096172809601]"
2025-09-04 13:53:30.637937,Sad,"[0.17934274673461914, 0.01849525421857834, 0.1905422955751419, 0.040313635021448135, 0.4600509703159332, 0.002908077323809266, 0.10834711045026779]"
2025-09-04 13:53:30.747186,Sad,"[0.20437631011009216, 0.02547244168817997, 0.18119558691978455, 0.1638348251581192, 0.33169040083885193, 0.009201969020068645, 0.0842285081744194]"
2025-09-04 13:53:30.837926,Happy,"[0.16853894293308258, 0.02013457380235195, 0.15659941732883453, 0.25763916969299316, 0.2261766642332077, 0.03406303748488426, 0.13684816658496857]"
2025-09-04 13:53:31.020746,Sad,"[0.21675828099250793, 0.02581833302974701, 0.18763302266597748, 0.06130417063832283, 0.4519817531108856, 0.0017438631039112806, 0.054760485887527466]"
2025-09-04 13:53:31.083063,Sad,"[0.223521888256073, 0.024842433631420135, 0.15182334184646606, 0.13580627739429474, 0.3273352384567261, 0.011341739445924759, 0.12532907724380493]"
2025-09-04 13:53:31.137717,Sad,"[0.2120024561882019, 0.028146056458353996, 0.17596478760242462, 0.1587991565465927, 0.3728342354297638, 0.002993830479681492, 0.049259502440690994]"
2025-09-04 13:53:31.183274,Sad,"[0.1785530149936676, 0.022306503728032112, 0.15461575984954834, 0.24803370237350464, 0.2850777506828308, 0.010898039676249027, 0.10051529854536057]"
2025-09-04 13:53:31.233963,Sad,"[0.18167568743228912, 0.021896712481975555, 0.16265922784805298, 0.22688494622707367, 0.260918527841568, 0.02340789884328842, 0.12255696207284927]"
2025-09-04 13:53:31.380237,Sad,"[0.2154831886291504, 0.02369621768593788, 0.1511293351650238, 0.14218123257160187, 0.3093850314617157, 0.015638362616300583, 0.14248663187026978]"
2025-09-04 13:53:31.432716,Sad,"[0.23545128107070923, 0.03045496717095375, 0.16412250697612762, 0.1387663632631302, 0.37999221682548523, 0.002611311851069331, 0.04860125482082367]"
2025-09-04 13:53:31.514134,Sad,"[0.2112317979335785, 0.024702463299036026, 0.1368017941713333, 0.06315968185663223, 0.5267018675804138, 0.00028279010439291596, 0.03711961582303047]"
2025-09-04 13:53:31.567837,Sad,"[0.1887262612581253, 0.020661333575844765, 0.1637706607580185, 0.13884671032428741, 0.3084723949432373, 0.0186882633715868, 0.16083437204360962]"
2025-09-04 13:53:31.616786,Happy,"[0.1607426106929779, 0.01928713358938694, 0.1551245152950287, 0.2726791203022003, 0.24700592458248138, 0.02028430998325348, 0.12487640976905823]"
2025-09-04 13:53:31.668161,Happy,"[0.14517033100128174, 0.01861664094030857, 0.10862630605697632, 0.3905327022075653, 0.22903721034526825, 0.007118137087672949, 0.10089860111474991]"
2025-09-04 13:53:31.813019,Sad,"[0.20758095383644104, 0.02303132228553295, 0.15340712666511536, 0.1528203785419464, 0.29628273844718933, 0.019221462309360504, 0.14765609800815582]"
2025-09-04 13:53:31.858083,Sad,"[0.21890553832054138, 0.027205366641283035, 0.16863149404525757, 0.1649196892976761, 0.3350529372692108, 0.007421103306114674, 0.07786386460065842]"
2025-09-04 13:53:31.993490,Sad,"[0.21616066992282867, 0.02620823122560978, 0.16560523211956024, 0.1371651440858841, 0.3773484230041504, 0.004049867391586304, 0.07346246391534805]"
2025-09-04 13:53:32.038218,Sad,"[0.22120383381843567, 0.023816751316189766, 0.14752395451068878, 0.12450975179672241, 0.3333946466445923, 0.010918885469436646, 0.13863220810890198]"
2025-09-04 13:53:32.082894,Sad,"[0.19278420507907867, 0.023898204788565636, 0.16617351770401, 0.21883262693881989, 0.28576356172561646, 0.014293983578681946, 0.09825394302606583]"
2025-09-04 13:53:32.124690,Sad,"[0.1778833270072937, 0.021183466538786888, 0.16779658198356628, 0.20577609539031982, 0.26824867725372314, 0.025761954486370087, 0.1333499401807785]"
2025-09-04 13:53:32.270586,Sad,"[0.22306442260742188, 0.02638060785830021, 0.16090978682041168, 0.15607623755931854, 0.3235379159450531, 0.010424219071865082, 0.09960691630840302]"
2025-09-04 13:53:32.311041,Sad,"[0.20830972492694855, 0.023198610171675682, 0.15425603091716766, 0.10300097614526749, 0.418009489774704, 0.002756711095571518, 0.0904683992266655]"
2025-09-04 13:53:32.351770,Sad,"[0.1508602499961853, 0.01499276701360941, 0.2449721246957779, 0.05231178179383278, 0.2608512341976166, 0.05962716415524483, 0.21638473868370056]"
2025-09-04 13:53:32.391757,Sad,"[0.17097122967243195, 0.021453622728586197, 0.1450648456811905, 0.263753205537796, 0.2833443880081177, 0.009654572233557701, 0.1057581752538681]"
2025-09-04 13:53:32.433077,Happy,"[0.16086919605731964, 0.01899605244398117, 0.14750789105892181, 0.2757299244403839, 0.2211257368326187, 0.032942015677690506, 0.14282913506031036]"
2025-09-04 13:53:32.572612,Sad,"[0.19771477580070496, 0.020074473693966866, 0.1386193484067917, 0.12483800202608109, 0.2899681329727173, 0.022732460871338844, 0.20605282485485077]"
2025-09-04 13:53:32.613544,Sad,"[0.2260890007019043, 0.02932373434305191, 0.1630738079547882, 0.12133415788412094, 0.4177350699901581, 0.0013677985407412052, 0.04107651859521866]"
2025-09-04 13:53:32.655089,Happy,"[0.15835162997245789, 0.018276061862707138, 0.14645951986312866, 0.24628405272960663, 0.20979741215705872, 0.051432810723781586, 0.16939854621887207]"
2025-09-04 13:53:32.810832,Sad,"[0.18168841302394867, 0.021657707169651985, 0.2663595974445343, 0.022857172414660454, 0.4543324112892151, 0.002536396961659193, 0.05056827515363693]"
2025-09-04 13:53:32.850702,Sad,"[0.20363855361938477, 0.023906582966446877, 0.1630692332983017, 0.1763293296098709, 0.29183903336524963, 0.018613629043102264, 0.1226036548614502]"
2025-09-04 13:53:32.895736,Sad,"[0.22904729843139648, 0.030723009258508682, 0.17152844369411469, 0.16652975976467133, 0.3502052128314972, 0.003858713898807764, 0.04810754209756851]"
2025-09-04 13:53:32.938225,Happy,"[0.14214082062244415, 0.017446232959628105, 0.1211736649274826, 0.3174968957901001, 0.24386021494865417, 0.012715023010969162, 0.14516720175743103]"
2025-09-04 13:53:32.979027,Sad,"[0.16897056996822357, 0.019718127325177193, 0.15559186041355133, 0.22519303858280182, 0.2316104918718338, 0.04200475662946701, 0.15691117942333221]"
2025-09-04 13:53:33.105132,Sad,"[0.19740509986877441, 0.022230349481105804, 0.21773765981197357, 0.03909676894545555, 0.445389986038208, 0.003228850429877639, 0.07491125166416168]"
2025-09-04 13:53:33.144910,Sad,"[0.22749558091163635, 0.024530693888664246, 0.1464221477508545, 0.11535611003637314, 0.35362160205841064, 0.007737499661743641, 0.12483637779951096]"
2025-09-04 13:53:33.185786,Sad,"[0.22527958452701569, 0.02983730100095272, 0.16993078589439392, 0.13581959903240204, 0.3950975239276886, 0.0019363369792699814, 0.04209888353943825]"
2025-09-04 13:53:33.228835,Sad,"[0.18606476485729218, 0.02286490611732006, 0.16774530708789825, 0.21986307203769684, 0.284404456615448, 0.015162758529186249, 0.10389482229948044]"
2025-09-04 13:53:33.270908,Sad,"[0.18053245544433594, 0.022060586139559746, 0.16935116052627563, 0.21794192492961884, 0.2870139479637146, 0.015147306025028229, 0.10795266926288605]"
2025-09-04 13:53:33.393360,Sad,"[0.2202790081501007, 0.023155339062213898, 0.14413483440876007, 0.11150306463241577, 0.3504889905452728, 0.008620917797088623, 0.1418178379535675]"
2025-09-04 13:53:33.445256,Sad,"[0.2132267951965332, 0.026512665674090385, 0.16846193373203278, 0.1370096355676651, 0.3890755772590637, 0.003041121643036604, 0.0626722052693367]"
2025-09-04 13:53:33.570438,Sad,"[0.21226070821285248, 0.022704271599650383, 0.14902524650096893, 0.12331300228834152, 0.33817172050476074, 0.010519059374928474, 0.14400602877140045]"
2025-09-04 13:53:33.612754,Sad,"[0.21514928340911865, 0.02686551958322525, 0.16144584119319916, 0.11005090177059174, 0.43825557827949524, 0.001216829172335565, 0.047016143798828125]"
2025-09-04 13:53:33.658541,Sad,"[0.16451193392276764, 0.01662149466574192, 0.2066909670829773, 0.07009734213352203, 0.2955625653266907, 0.035371702164411545, 0.21114404499530792]"
2025-09-04 13:53:33.707401,Sad,"[0.18252326548099518, 0.021993346512317657, 0.16193345189094543, 0.22761625051498413, 0.25870898365974426, 0.024189364165067673, 0.12303530424833298]"
2025-09-04 13:53:33.864291,Sad,"[0.22675053775310516, 0.024585455656051636, 0.14747367799282074, 0.1141228899359703, 0.3611474931240082, 0.006818766705691814, 0.1191011369228363]"
2025-09-04 13:53:33.906280,Sad,"[0.20602640509605408, 0.02534855529665947, 0.16844309866428375, 0.1285286694765091, 0.40667277574539185, 0.0024350082967430353, 0.06254545599222183]"
2025-09-04 13:53:33.947256,Happy,"[0.15572063624858856, 0.018429452553391457, 0.13184376060962677, 0.32636719942092896, 0.18955573439598083, 0.03879975900053978, 0.13928340375423431]"
2025-09-04 13:53:33.993117,Neutral,"[0.12588660418987274, 0.011426390148699284, 0.23353222012519836, 0.022209549322724342, 0.270599365234375, 0.060237642377614975, 0.2761082351207733]"
2025-09-04 13:53:34.138406,Sad,"[0.21034881472587585, 0.022466560825705528, 0.14817990362644196, 0.13040147721767426, 0.3188580572605133, 0.014215114526450634, 0.15553018450737]"
2025-09-04 13:53:34.178563,Sad,"[0.2061339169740677, 0.02695288509130478, 0.17224234342575073, 0.1319318562746048, 0.41739293932914734, 0.0015170578844845295, 0.0438290499150753]"
2025-09-04 13:53:34.227449,Sad,"[0.16697317361831665, 0.01968494802713394, 0.16128356754779816, 0.22801893949508667, 0.2503367066383362, 0.029539089649915695, 0.14416353404521942]"
2025-09-04 13:53:34.288786,Neutral,"[0.1252095103263855, 0.01160028763115406, 0.21245138347148895, 0.0278200414031744, 0.24961338937282562, 0.0742507129907608, 0.29905468225479126]"
2025-09-04 13:53:34.474586,Sad,"[0.217938631772995, 0.023407503962516785, 0.14836712181568146, 0.12044988572597504, 0.3447655141353607, 0.009278255514800549, 0.13579311966896057]"
2025-09-04 13:53:34.537919,Sad,"[0.21710717678070068, 0.02925776317715645, 0.1750592738389969, 0.15928730368614197, 0.37178143858909607, 0.0027450460474938154, 0.04476197436451912]"
2025-09-04 13:53:34.594154,Sad,"[0.1526738852262497, 0.014995399862527847, 0.20713308453559875, 0.05756228044629097, 0.2831934988498688, 0.0430452823638916, 0.24139665067195892]"
2025-09-04 13:53:34.652265,Sad,"[0.19042472541332245, 0.02374459058046341, 0.16021060943603516, 0.24643449485301971, 0.2721861004829407, 0.01365586742758751, 0.09334363788366318]"
2025-09-04 13:53:34.699737,Sad,"[0.16997799277305603, 0.020382417365908623, 0.17029355466365814, 0.21484073996543884, 0.2814147472381592, 0.018527928739786148, 0.12456264346837997]"
2025-09-04 13:53:34.739146,Surprise,"[0.06331966817378998, 0.006098865531384945, 0.23154260218143463, 0.02960730716586113, 0.08738961070775986, 0.38032636046409607, 0.2017156183719635]"
2025-09-04 13:53:34.864201,Sad,"[0.2226426601409912, 0.024500615894794464, 0.1509241908788681, 0.12796443700790405, 0.3399695158004761, 0.009484227746725082, 0.1245143786072731]"
2025-09-04 13:53:34.906397,Sad,"[0.21940338611602783, 0.03032996505498886, 0.17344458401203156, 0.14821313321590424, 0.39207589626312256, 0.0016308577032759786, 0.0349021852016449]"
2025-09-04 13:53:34.948944,Sad,"[0.18391360342502594, 0.02212262898683548, 0.1612599492073059, 0.22599592804908752, 0.25567731261253357, 0.02599489502608776, 0.12503570318222046]"
2025-09-04 13:53:35.094786,Sad,"[0.23344150185585022, 0.0277358777821064, 0.15843811631202698, 0.14024022221565247, 0.3491889238357544, 0.006428946275264025, 0.08452646434307098]"
2025-09-04 13:53:35.136256,Sad,"[0.21717095375061035, 0.029473746195435524, 0.17488311231136322, 0.15593156218528748, 0.37846049666404724, 0.0023457263596355915, 0.04173442721366882]"
2025-09-04 13:53:35.176111,Sad,"[0.17348802089691162, 0.01772032491862774, 0.1991373747587204, 0.058295559138059616, 0.35430485010147095, 0.016307011246681213, 0.1807469129562378]"
2025-09-04 13:53:35.217218,Happy,"[0.16783462464809418, 0.020766625180840492, 0.1442396640777588, 0.27680888772010803, 0.26347029209136963, 0.013055150397121906, 0.11382481455802917]"
2025-09-04 13:53:35.257337,Neutral,"[0.104993537068367, 0.011509977281093597, 0.15432530641555786, 0.1843620091676712, 0.1385902315378189, 0.1630331575870514, 0.24318578839302063]"
2025-09-04 13:53:35.297607,Sad,"[0.17712494730949402, 0.02103411592543125, 0.16586121916770935, 0.2092721313238144, 0.26211443543434143, 0.02793010137975216, 0.1366630345582962]"
2025-09-04 13:53:35.419341,Sad,"[0.22341468930244446, 0.025593703612685204, 0.1562734842300415, 0.1469891220331192, 0.32270559668540955, 0.011467739939689636, 0.1135556772351265]"
2025-09-04 13:53:35.462469,Sad,"[0.18069760501384735, 0.01902235671877861, 0.19851447641849518, 0.07018358260393143, 0.36053022742271423, 0.01434279140084982, 0.1567089706659317]"
2025-09-04 13:53:35.502669,Sad,"[0.1710091531276703, 0.020347513258457184, 0.16517572104930878, 0.22169233858585358, 0.2634393572807312, 0.02439526654779911, 0.13394063711166382]"
2025-09-04 13:53:35.634518,Sad,"[0.22601328790187836, 0.025807619094848633, 0.15558484196662903, 0.13530504703521729, 0.3443150520324707, 0.008078538812696934, 0.1048956960439682]"
2025-09-04 13:53:35.676586,Happy,"[0.14380507171154022, 0.018408944830298424, 0.1131846085190773, 0.35477495193481445, 0.2547624111175537, 0.00609802920371294, 0.10896602272987366]"
2025-09-04 13:53:35.716694,Sad,"[0.1651313453912735, 0.01956281065940857, 0.1596517711877823, 0.24081134796142578, 0.24955497682094574, 0.026564689353108406, 0.1387230008840561]"
2025-09-04 13:53:35.895375,Sad,"[0.21540550887584686, 0.023719478398561478, 0.15246976912021637, 0.13656120002269745, 0.324806272983551, 0.012310708872973919, 0.13472704589366913]"
2025-09-04 13:53:35.936096,Sad,"[0.17467868328094482, 0.020978286862373352, 0.166624054312706, 0.22123810648918152, 0.27116715908050537, 0.020832449197769165, 0.12448127567768097]"
2025-09-04 13:53:36.070102,Sad,"[0.21698328852653503, 0.022825175896286964, 0.15373766422271729, 0.09272120147943497, 0.3748537003993988, 0.006824584677815437, 0.1320544183254242]"
2025-09-04 13:53:36.111076,Sad,"[0.16358645260334015, 0.01675611361861229, 0.20253582298755646, 0.06505898386240005, 0.3129025995731354, 0.030258599668741226, 0.20890149474143982]"
2025-09-04 13:53:36.270125,Sad,"[0.21601584553718567, 0.022707637399435043, 0.15446238219738007, 0.09852717816829681, 0.35532334446907043, 0.009388254955410957, 0.14357532560825348]"
2025-09-04 13:53:36.310473,Sad,"[0.17086437344551086, 0.01775112748146057, 0.2037685066461563, 0.06554075330495834, 0.33109909296035767, 0.023234520107507706, 0.18774160742759705]"
2025-09-04 13:53:36.353233,Sad,"[0.17607039213180542, 0.021287772804498672, 0.1578567773103714, 0.25104501843452454, 0.25255927443504333, 0.021733736619353294, 0.1194470152258873]"
2025-09-04 13:53:36.502825,Sad,"[0.22171206772327423, 0.02422928996384144, 0.1501561999320984, 0.12466919422149658, 0.343904972076416, 0.00904712826013565, 0.12628114223480225]"
2025-09-04 13:53:36.545683,Sad,"[0.18020455539226532, 0.021430736407637596, 0.16320021450519562, 0.21375371515750885, 0.2554324269294739, 0.029964135959744453, 0.13601426780223846]"
2025-09-04 13:53:36.669325,Sad,"[0.23079504072666168, 0.026612207293510437, 0.15538831055164337, 0.1320500671863556, 0.3530532717704773, 0.006677995435893536, 0.09542310982942581]"
2025-09-04 13:53:36.710709,Sad,"[0.17617149651050568, 0.018291359767317772, 0.20252622663974762, 0.060928426682949066, 0.3564230501651764, 0.015750443562865257, 0.1699090301990509]"
2025-09-04 13:53:36.752373,Sad,"[0.1781618744134903, 0.021401099860668182, 0.1686476469039917, 0.21096006035804749, 0.27531200647354126, 0.02123769000172615, 0.12427965551614761]"
2025-09-04 13:53:36.894258,Sad,"[0.23101086914539337, 0.025422045961022377, 0.14854493737220764, 0.1176917776465416, 0.3585205674171448, 0.00679966202005744, 0.11201024800539017]"
2025-09-04 13:53:36.935148,Sad,"[0.16571827232837677, 0.01680159382522106, 0.2156619131565094, 0.052695535123348236, 0.3342081904411316, 0.022822724655270576, 0.19209183752536774]"
2025-09-04 13:53:36.977315,Sad,"[0.16381102800369263, 0.019825441762804985, 0.16448839008808136, 0.2469579130411148, 0.27437183260917664, 0.015060003846883774, 0.11548539996147156]"
2025-09-04 13:53:37.019855,Neutral,"[0.10873495787382126, 0.010553321801126003, 0.20470643043518066, 0.04497665911912918, 0.16718783974647522, 0.18361219763755798, 0.2802286744117737]"
2025-09-04 13:53:37.059703,Neutral,"[0.1205095499753952, 0.011320249177515507, 0.20169681310653687, 0.03692781552672386, 0.18814317882061005, 0.1494632512331009, 0.2919391393661499]"
2025-09-04 13:53:37.190041,Sad,"[0.23268882930278778, 0.02716960944235325, 0.15653759241104126, 0.14249686896800995, 0.336440771818161, 0.008417426608502865, 0.09624888747930527]"
2025-09-04 13:53:37.231623,Sad,"[0.1695067584514618, 0.020996982231736183, 0.16207031905651093, 0.26048728823661804, 0.28058502078056335, 0.01059879083186388, 0.09575476497411728]"
2025-09-04 13:53:37.274293,Neutral,"[0.10851540416479111, 0.011464410461485386, 0.1894364207983017, 0.08880624920129776, 0.15454897284507751, 0.19779647886753082, 0.24943213164806366]"
2025-09-04 13:53:37.432704,Sad,"[0.22244009375572205, 0.023693036288022995, 0.16094523668289185, 0.09027280658483505, 0.36303094029426575, 0.008734463714063168, 0.13088339567184448]"
2025-09-04 13:53:37.503984,Happy,"[0.15675178170204163, 0.019082900136709213, 0.1359894871711731, 0.30050769448280334, 0.2391437441110611, 0.017459621652960777, 0.1310647577047348]"
2025-09-04 13:53:37.656119,Sad,"[0.23296219110488892, 0.02549206092953682, 0.1488192081451416, 0.10373011231422424, 0.37999534606933594, 0.004976068623363972, 0.10402500629425049]"
2025-09-04 13:53:37.711824,Surprise,"[0.07679543644189835, 0.007386339828372002, 0.22836175560951233, 0.03032139129936695, 0.11596441268920898, 0.30147209763526917, 0.2396986037492752]"
2025-09-04 13:53:37.761773,Sad,"[0.16396762430667877, 0.019290311262011528, 0.16620296239852905, 0.21654236316680908, 0.26218539476394653, 0.026704654097557068, 0.145106703042984]"
2025-09-04 13:53:37.907306,Sad,"[0.22194696962833405, 0.024601824581623077, 0.1581738144159317, 0.11783672124147415, 0.3506081700325012, 0.008702416904270649, 0.1181301549077034]"
2025-09-04 13:53:37.951251,Neutral,"[0.11158894002437592, 0.011272893287241459, 0.20504435896873474, 0.047270532697439194, 0.17331461608409882, 0.19060809910297394, 0.2609005868434906]"
2025-09-04 13:53:38.076329,Sad,"[0.22277435660362244, 0.02486243285238743, 0.1550332009792328, 0.1266418844461441, 0.34635263681411743, 0.008600303903222084, 0.11573514342308044]"
2025-09-04 13:53:38.121092,Sad,"[0.18147701025009155, 0.021975863724946976, 0.1625359058380127, 0.2315611094236374, 0.26335158944129944, 0.021160470321774483, 0.11793804168701172]"
2025-09-04 13:53:38.177138,Neutral,"[0.10318868607282639, 0.010692750103771687, 0.20589664578437805, 0.056927282363176346, 0.15491098165512085, 0.22183188796043396, 0.2465517520904541]"
2025-09-04 13:53:38.231216,Neutral,"[0.11176059395074844, 0.011774949729442596, 0.17579038441181183, 0.10405253618955612, 0.16148020327091217, 0.16940650343894958, 0.2657347321510315]"
2025-09-04 13:53:38.287250,Neutral,"[0.1165250614285469, 0.012973034754395485, 0.15987731516361237, 0.17236346006393433, 0.15141728520393372, 0.15899942815303802, 0.22784438729286194]"
2025-09-04 13:53:38.466288,Sad,"[0.21811683475971222, 0.023931946605443954, 0.15122373402118683, 0.13383950293064117, 0.32668477296829224, 0.011922341771423817, 0.13428080081939697]"
2025-09-04 13:53:38.532664,Happy,"[0.155670627951622, 0.018288712948560715, 0.14856719970703125, 0.25330257415771484, 0.23564106225967407, 0.030538396909832954, 0.157991424202919]"
2025-09-04 13:53:38.585794,Fear,"[0.10600429773330688, 0.011078235693275928, 0.24628974497318268, 0.03329337760806084, 0.16865360736846924, 0.1974712461233139, 0.2372094988822937]"
2025-09-04 13:53:38.634756,Surprise,"[0.0809558779001236, 0.008343110792338848, 0.24199195206165314, 0.032492950558662415, 0.11673754453659058, 0.31000593304634094, 0.2094726413488388]"
2025-09-04 13:53:38.765020,Sad,"[0.20430806279182434, 0.02316080778837204, 0.2545167803764343, 0.0591491162776947, 0.3280346393585205, 0.020784834399819374, 0.11004574596881866]"
2025-09-04 13:53:38.806287,Sad,"[0.22388482093811035, 0.02558707818388939, 0.15628114342689514, 0.13938109576702118, 0.3375740349292755, 0.009069754742085934, 0.10822205990552902]"
2025-09-04 13:53:38.848174,Sad,"[0.17615017294883728, 0.021001849323511124, 0.16136232018470764, 0.22736352682113647, 0.2535099983215332, 0.027423789724707603, 0.133188396692276]"
2025-09-04 13:53:38.890496,Neutral,"[0.11303440481424332, 0.012634673155844212, 0.18028524518013, 0.11465442925691605, 0.15639516711235046, 0.18904966115951538, 0.23394641280174255]"
2025-09-04 13:53:39.027005,Sad,"[0.2213544100522995, 0.024895908311009407, 0.154522106051445, 0.12188617885112762, 0.369162380695343, 0.005696612875908613, 0.10248242318630219]"
2025-09-04 13:53:39.067135,Sad,"[0.1743142008781433, 0.02112377993762493, 0.16158095002174377, 0.24407878518104553, 0.26375696063041687, 0.018733546137809753, 0.11641170084476471]"
2025-09-04 13:53:39.194384,Sad,"[0.2142370641231537, 0.023242440074682236, 0.15124934911727905, 0.11688775569200516, 0.3641904890537262, 0.006828728131949902, 0.12336415797472]"
2025-09-04 13:53:39.235266,Sad,"[0.16784650087356567, 0.01711876317858696, 0.19613033533096313, 0.06571586430072784, 0.3227962553501129, 0.025498563423752785, 0.2048938125371933]"
2025-09-04 13:53:39.278640,Sad,"[0.16554392874240875, 0.019852763041853905, 0.16207297146320343, 0.24531637132167816, 0.26206886768341064, 0.019773319363594055, 0.1253717541694641]"
2025-09-04 13:53:39.441283,Sad,"[0.2184162735939026, 0.02444348856806755, 0.15495504438877106, 0.1298035830259323, 0.35024383664131165, 0.007924732752144337, 0.11421311646699905]"
2025-09-04 13:53:39.487859,Sad,"[0.1696203202009201, 0.01735403947532177, 0.19972120225429535, 0.0623670294880867, 0.3341478109359741, 0.02205461636185646, 0.1947350651025772]"
2025-09-04 13:53:39.529022,Happy,"[0.1419551968574524, 0.0178260188549757, 0.13064755499362946, 0.2938344478607178, 0.29019030928611755, 0.00618445361033082, 0.119362011551857]"
2025-09-04 13:53:39.568999,Sad,"[0.17746886610984802, 0.02146318554878235, 0.17480193078517914, 0.1979125589132309, 0.29616349935531616, 0.016255198046565056, 0.11593475192785263]"
2025-09-04 13:53:39.719794,Sad,"[0.21648751199245453, 0.024254806339740753, 0.1548784375190735, 0.14240576326847076, 0.32301628589630127, 0.012242957949638367, 0.12671419978141785]"
2025-09-04 13:53:39.761828,Sad,"[0.17689849436283112, 0.018440857529640198, 0.19973193109035492, 0.06475622951984406, 0.35737502574920654, 0.015038263984024525, 0.1677592396736145]"
2025-09-04 13:53:39.809952,Sad,"[0.16816627979278564, 0.019964663311839104, 0.17016808688640594, 0.20892949402332306, 0.27576300501823425, 0.0222035963088274, 0.13480490446090698]"
2025-09-04 13:53:39.960419,Sad,"[0.15723052620887756, 0.01476256549358368, 0.24340353906154633, 0.01340576633810997, 0.38917943835258484, 0.012666762806475163, 0.16935141384601593]"
2025-09-04 13:53:40.000510,Sad,"[0.2175186425447464, 0.024157531559467316, 0.16177970170974731, 0.12366897612810135, 0.33209577202796936, 0.012266548350453377, 0.12851279973983765]"
2025-09-04 13:53:40.041989,Happy,"[0.16783598065376282, 0.019526688382029533, 0.15117843449115753, 0.23240353167057037, 0.2207694947719574, 0.047548286616802216, 0.16073757410049438]"
2025-09-04 13:53:40.186405,Sad,"[0.18709377944469452, 0.018729854375123978, 0.2130148559808731, 0.025066858157515526, 0.4260851740837097, 0.005964829586446285, 0.1240447536110878]"
2025-09-04 13:53:40.228104,Sad,"[0.22041891515254974, 0.024944797158241272, 0.15567058324813843, 0.1407596915960312, 0.33087804913520813, 0.010459802113473415, 0.11686823517084122]"
2025-09-04 13:53:40.359905,Sad,"[0.24376516044139862, 0.02703329734504223, 0.12121689319610596, 0.05288168042898178, 0.5137574076652527, 0.0003103777125943452, 0.041035205125808716]"
2025-09-04 13:53:40.402401,Sad,"[0.21572652459144592, 0.02392962947487831, 0.15331031382083893, 0.1406663954257965, 0.3201710283756256, 0.013057508505880833, 0.1331385225057602]"
2025-09-04 13:53:40.443895,Sad,"[0.1950295865535736, 0.023838939145207405, 0.17075693607330322, 0.19674327969551086, 0.2861868143081665, 0.018574973568320274, 0.1088695079088211]"
2025-09-04 13:53:40.569156,Sad,"[0.21757923066616058, 0.02391633950173855, 0.1518779844045639, 0.1328509896993637, 0.3309895396232605, 0.011137224733829498, 0.13164867460727692]"
2025-09-04 13:53:40.611538,Happy,"[0.1365329474210739, 0.01673678681254387, 0.11394263803958893, 0.40420815348625183, 0.18347762525081635, 0.020105861127376556, 0.12499596178531647]"
2025-09-04 13:53:40.653779,Happy,"[0.16942182183265686, 0.021426210179924965, 0.14307378232479095, 0.30138248205184937, 0.2649726867675781, 0.008856541477143764, 0.09086646884679794]"
2025-09-04 13:53:40.821212,Sad,"[0.22132684290409088, 0.025005072355270386, 0.15549308061599731, 0.13184380531311035, 0.3492642045021057, 0.0077952113933861256, 0.10927175730466843]"
2025-09-04 13:53:40.870429,Fear,"[0.09437746554613113, 0.008558141067624092, 0.28716063499450684, 0.01846766471862793, 0.20222525298595428, 0.12393178790807724, 0.26527899503707886]"
2025-09-04 13:53:40.913600,Happy,"[0.16539689898490906, 0.020853782072663307, 0.1303803026676178, 0.3216473460197449, 0.24788491427898407, 0.010571549646556377, 0.1032651960849762]"
2025-09-04 13:53:40.956971,Sad,"[0.17355503141880035, 0.02050870656967163, 0.16409365832805634, 0.21358031034469604, 0.25625741481781006, 0.03006066009402275, 0.14194424450397491]"
2025-09-04 13:53:41.112801,Sad,"[0.18226182460784912, 0.018041597679257393, 0.21391189098358154, 0.023171769455075264, 0.42909538745880127, 0.0058288187719881535, 0.12768866121768951]"
2025-09-04 13:53:41.153627,Sad,"[0.2328011393547058, 0.026600703597068787, 0.15359216928482056, 0.1329191029071808, 0.34458309412002563, 0.007795920595526695, 0.10170780122280121]"
2025-09-04 13:53:41.211959,Surprise,"[0.07471972703933716, 0.006937112659215927, 0.2532215416431427, 0.018844306468963623, 0.12511472404003143, 0.27617016434669495, 0.24499239027500153]"
2025-09-04 13:53:41.265253,Happy,"[0.14808471500873566, 0.018592970445752144, 0.13148723542690277, 0.31103309988975525, 0.27159592509269714, 0.007471668533980846, 0.11173435300588608]"
2025-09-04 13:53:41.308873,Happy,"[0.1569109410047531, 0.018799418583512306, 0.1502457559108734, 0.28823602199554443, 0.22827909886837006, 0.025126507505774498, 0.1324022114276886]"
2025-09-04 13:53:41.472359,Sad,"[0.20652204751968384, 0.02220872789621353, 0.15080352127552032, 0.13168920576572418, 0.3244754374027252, 0.013094976544380188, 0.1512061208486557]"
2025-09-04 13:53:41.513063,Sad,"[0.23849110305309296, 0.027833105996251106, 0.145350843667984, 0.0904703289270401, 0.44035714864730835, 0.0012900891015306115, 0.05620744079351425]"
2025-09-04 13:53:41.555251,Sad,"[0.1809925138950348, 0.021784421056509018, 0.1653277575969696, 0.21880191564559937, 0.26706361770629883, 0.02269001677632332, 0.12333979457616806]"
2025-09-04 13:53:41.711789,Sad,"[0.1991557478904724, 0.020681245252490044, 0.16584867238998413, 0.09539324790239334, 0.31257379055023193, 0.02210306189954281, 0.18424421548843384]"
2025-09-04 13:53:41.762209,Sad,"[0.17601071298122406, 0.01780248060822487, 0.1917402148246765, 0.06008615344762802, 0.3496175706386566, 0.01682639680802822, 0.18791648745536804]"
2025-09-04 13:53:41.804919,Happy,"[0.16513904929161072, 0.019876638427376747, 0.14608824253082275, 0.27566075325012207, 0.2381519228219986, 0.02312825247645378, 0.13195514678955078]"
2025-09-04 13:53:41.945234,Sad,"[0.1959560513496399, 0.02121107466518879, 0.2196875810623169, 0.0246749147772789, 0.461824506521225, 0.0026641252916306257, 0.07398182153701782]"
2025-09-04 13:53:41.988767,Sad,"[0.2217196822166443, 0.024900062009692192, 0.15304148197174072, 0.14734764397144318, 0.3077349364757538, 0.015295911580324173, 0.1299603432416916]"
2025-09-04 13:53:42.067729,Happy,"[0.15961144864559174, 0.01939450018107891, 0.13282305002212524, 0.31280845403671265, 0.2240278422832489, 0.021030519157648087, 0.13030417263507843]"
2025-09-04 13:53:42.239145,Sad,"[0.21934258937835693, 0.02467108890414238, 0.1546410471200943, 0.14299871027469635, 0.3222571015357971, 0.012182848528027534, 0.1239066794514656]"
2025-09-04 13:53:42.284866,Sad,"[0.1806267946958542, 0.0176351610571146, 0.20010654628276825, 0.04580764099955559, 0.35645321011543274, 0.014781366102397442, 0.18458926677703857]"
2025-09-04 13:53:42.383826,Sad,"[0.1793750375509262, 0.02198893018066883, 0.17952020466327667, 0.187038391828537, 0.31824198365211487, 0.011535276658833027, 0.10230012983083725]"
2025-09-04 13:53:42.444115,Happy,"[0.15043841302394867, 0.01869378052651882, 0.12493399530649185, 0.3359055817127228, 0.23874786496162415, 0.011660562828183174, 0.11961975693702698]"
2025-09-04 13:53:42.649645,Sad,"[0.22230927646160126, 0.024513443931937218, 0.15110565721988678, 0.1318315714597702, 0.3321821689605713, 0.010700514540076256, 0.12735740840435028]"
2025-09-04 13:53:42.722177,Sad,"[0.16640259325504303, 0.017152035608887672, 0.21268542110919952, 0.05960109084844589, 0.3340747058391571, 0.022982222959399223, 0.18710190057754517]"
2025-09-04 13:53:42.794597,Happy,"[0.16816078126430511, 0.02029287815093994, 0.15682008862495422, 0.26285603642463684, 0.25163573026657104, 0.020015347748994827, 0.1202191561460495]"
2025-09-04 13:53:42.948684,Sad,"[0.2200830727815628, 0.02683744765818119, 0.18936879932880402, 0.05780644714832306, 0.45861661434173584, 0.001379137858748436, 0.04590841755270958]"
2025-09-04 13:53:42.991474,Happy,"[0.12668700516223907, 0.014334535226225853, 0.15170042216777802, 0.2305917739868164, 0.16750232875347137, 0.10004445910453796, 0.20913952589035034]"
2025-09-04 13:53:43.048471,Sad,"[0.22418762743473053, 0.024403836578130722, 0.1483163833618164, 0.12893004715442657, 0.3281930685043335, 0.011548939161002636, 0.13442008197307587]"
2025-09-04 13:53:43.097692,Sad,"[0.1662338227033615, 0.019547630101442337, 0.16277390718460083, 0.2220126837491989, 0.2528361678123474, 0.029920583590865135, 0.1466752290725708]"
2025-09-04 13:53:43.230490,Sad,"[0.22731857001781464, 0.02546965517103672, 0.15202809870243073, 0.11841119080781937, 0.37033477425575256, 0.005481621250510216, 0.10095605999231339]"
2025-09-04 13:53:43.271463,Sad,"[0.18250741064548492, 0.021701011806726456, 0.16230127215385437, 0.21262550354003906, 0.25251343846321106, 0.03175778314471245, 0.13659349083900452]"
2025-09-04 13:53:43.420858,Sad,"[0.22946982085704803, 0.026093533262610435, 0.1536790430545807, 0.12458808720111847, 0.3628118932247162, 0.0059285531751811504, 0.09742897748947144]"
2025-09-04 13:53:43.484567,Happy,"[0.15754185616970062, 0.019195543602108955, 0.1332164853811264, 0.2891117334365845, 0.2442001849412918, 0.017472734674811363, 0.13926143944263458]"
2025-09-04 13:53:43.634547,Neutral,"[0.14314299821853638, 0.015020682476460934, 0.1860605925321579, 0.09761766344308853, 0.22974622249603271, 0.08176534622907639, 0.24664640426635742]"
2025-09-04 13:53:43.692212,Sad,"[0.22407911717891693, 0.02533034421503544, 0.15457192063331604, 0.1369277536869049, 0.3359665870666504, 0.00953768752515316, 0.11358659714460373]"
2025-09-04 13:53:43.738103,Sad,"[0.14535777270793915, 0.016089005395770073, 0.2216768115758896, 0.08550385385751724, 0.2440892904996872, 0.0834953635931015, 0.2037878930568695]"
2025-09-04 13:53:43.784281,Sad,"[0.1761595755815506, 0.02122969552874565, 0.16353733837604523, 0.23143048584461212, 0.2648486793041229, 0.021006107330322266, 0.12178805470466614]"
2025-09-04 13:53:43.934057,Sad,"[0.18875955045223236, 0.019775545224547386, 0.22630946338176727, 0.018623894080519676, 0.46246469020843506, 0.0029400065541267395, 0.08112688362598419]"
2025-09-04 13:53:43.986685,Sad,"[0.22220346331596375, 0.025427643209695816, 0.15703099966049194, 0.1429564356803894, 0.3311355412006378, 0.010130171664059162, 0.11111575365066528]"
2025-09-04 13:53:44.041205,Happy,"[0.1788158267736435, 0.021734904497861862, 0.1552061140537262, 0.2597363591194153, 0.24810749292373657, 0.021384991705417633, 0.11501429229974747]"
2025-09-04 13:53:44.088666,Sad,"[0.17717058956623077, 0.021715251728892326, 0.1581813544034958, 0.23913361132144928, 0.27483341097831726, 0.015515841543674469, 0.11344999819993973]"
2025-09-04 13:53:44.222056,Sad,"[0.2233397662639618, 0.024830464273691177, 0.15276524424552917, 0.13056884706020355, 0.3386831283569336, 0.009549965150654316, 0.12026265263557434]"
2025-09-04 13:53:44.262878,Happy,"[0.14436084032058716, 0.017830263823270798, 0.11974530667066574, 0.3402669429779053, 0.23329757153987885, 0.012547056190669537, 0.13195198774337769]"
2025-09-04 13:53:44.307351,Happy,"[0.17254213988780975, 0.020483337342739105, 0.15485677123069763, 0.2451888769865036, 0.23692449927330017, 0.03177982568740845, 0.13822448253631592]"
2025-09-04 13:53:44.463506,Neutral,"[0.14309579133987427, 0.015541915781795979, 0.1700364351272583, 0.14037561416625977, 0.2031540721654892, 0.09705906361341476, 0.23073707520961761]"
2025-09-04 13:53:44.516413,Sad,"[0.25475165247917175, 0.03296243026852608, 0.21359363198280334, 0.1167515367269516, 0.3567255139350891, 0.0015422338619828224, 0.02367301657795906]"
2025-09-04 13:53:44.562940,Sad,"[0.22760383784770966, 0.025282079353928566, 0.1544838398694992, 0.11784955859184265, 0.35521188378334045, 0.007577845361083746, 0.11199096590280533]"
2025-09-04 13:53:44.603704,Sad,"[0.21144089102745056, 0.02246900647878647, 0.13909918069839478, 0.07240970432758331, 0.47332316637039185, 0.0011382012162357569, 0.08011985570192337]"
2025-09-04 13:53:44.765016,Neutral,"[0.1493670493364334, 0.015679500997066498, 0.17138922214508057, 0.12203390151262283, 0.2332003116607666, 0.06554649770259857, 0.2427835911512375]"
2025-09-04 13:53:44.826295,Sad,"[0.2206786721944809, 0.023985162377357483, 0.16095489263534546, 0.10329301655292511, 0.3563780188560486, 0.008980175480246544, 0.12573015689849854]"
2025-09-04 13:53:44.878235,Sad,"[0.1633497178554535, 0.016398701816797256, 0.2116294652223587, 0.05255019664764404, 0.3214297592639923, 0.027546351775527, 0.2070958912372589]"
2025-09-04 13:53:44.928923,Fear,"[0.09187538176774979, 0.008805650286376476, 0.2848093509674072, 0.02077491767704487, 0.15544289350509644, 0.2149338275194168, 0.22335796058177948]"
2025-09-04 13:53:44.973824,Happy,"[0.16327470541000366, 0.019576437771320343, 0.1574440896511078, 0.26180702447891235, 0.25132453441619873, 0.020721273496747017, 0.12585189938545227]"
2025-09-04 13:53:45.015750,Fear,"[0.09307686239480972, 0.008397533558309078, 0.2644266188144684, 0.01646604761481285, 0.1615482121706009, 0.19614733755588531, 0.2599372863769531]"
2025-09-04 13:53:45.159617,Sad,"[0.16160829365253448, 0.01686086133122444, 0.18020308017730713, 0.09810579568147659, 0.27084603905677795, 0.04624329134821892, 0.22613269090652466]"
2025-09-04 13:53:45.216773,Sad,"[0.22840937972068787, 0.025536907836794853, 0.15127231180667877, 0.11644149571657181, 0.37283703684806824, 0.005256525706499815, 0.10024634003639221]"
2025-09-04 13:53:45.269006,Sad,"[0.20026789605617523, 0.023400332778692245, 0.15746378898620605, 0.0956312045454979, 0.4605080783367157, 0.0011834761826321483, 0.06154526025056839]"
2025-09-04 13:53:45.312715,Sad,"[0.18285420536994934, 0.019062882289290428, 0.19617429375648499, 0.06951028853654861, 0.3255389332771301, 0.02405470423400402, 0.18280470371246338]"
2025-09-04 13:53:45.354742,Happy,"[0.16417641937732697, 0.01931191235780716, 0.1506073772907257, 0.25717100501060486, 0.22532066702842712, 0.035835426300764084, 0.14757712185382843]"
2025-09-04 13:53:45.493702,Sad,"[0.22928443551063538, 0.026004675775766373, 0.1536165326833725, 0.13160568475723267, 0.3459135591983795, 0.007889525033533573, 0.10568553954362869]"
2025-09-04 13:53:45.537351,Sad,"[0.20403267443180084, 0.02758912183344364, 0.21093812584877014, 0.07724637538194656, 0.4459293484687805, 0.0012473646784201264, 0.033016934990882874]"
2025-09-04 13:53:45.579988,Happy,"[0.15855830907821655, 0.019436165690422058, 0.15301038324832916, 0.29155007004737854, 0.2588086426258087, 0.01255512610077858, 0.10608132928609848]"
2025-09-04 13:53:45.620825,Surprise,"[0.07839538156986237, 0.007449366617947817, 0.26772937178611755, 0.020929347723722458, 0.12811481952667236, 0.2725355625152588, 0.22484618425369263]"
2025-09-04 13:53:45.810608,Sad,"[0.22208411991596222, 0.02602844312787056, 0.16012385487556458, 0.15198205411434174, 0.3273811638355255, 0.010087107308208942, 0.10231322050094604]"
2025-09-04 13:53:45.870272,Neutral,"[0.12320476025342941, 0.013429309241473675, 0.16173875331878662, 0.15217632055282593, 0.16326306760311127, 0.14629343152046204, 0.2398943454027176]"
2025-09-04 13:53:45.931945,Neutral,"[0.15755845606327057, 0.016155872493982315, 0.1539010852575302, 0.1083856001496315, 0.21383081376552582, 0.0908731073141098, 0.25929516553878784]"
2025-09-04 13:53:46.102680,Sad,"[0.2099590003490448, 0.022443506866693497, 0.14836053550243378, 0.131112203001976, 0.3179447650909424, 0.014415538869798183, 0.1557643860578537]"
2025-09-04 13:53:46.163826,Sad,"[0.18610820174217224, 0.022256849333643913, 0.16671499609947205, 0.20189562439918518, 0.2654101848602295, 0.027556467801332474, 0.13005764782428741]"
2025-09-04 13:53:46.317513,Sad,"[0.2103489637374878, 0.022930964827537537, 0.15162427723407745, 0.1379496455192566, 0.31685376167297363, 0.014319016598165035, 0.14597345888614655]"
2025-09-04 13:53:46.476825,Sad,"[0.21981973946094513, 0.02458026260137558, 0.15257138013839722, 0.14702478051185608, 0.3077588975429535, 0.01541904266923666, 0.13282591104507446]"
2025-09-04 13:53:46.527334,Sad,"[0.19290509819984436, 0.02352192811667919, 0.1595088690519333, 0.23139093816280365, 0.25623762607574463, 0.023275913670659065, 0.11315961927175522]"
2025-09-04 13:53:46.685012,Sad,"[0.21064092218875885, 0.023010628297924995, 0.15056592226028442, 0.14419251680374146, 0.3019702434539795, 0.017884116619825363, 0.15173564851284027]"
2025-09-04 13:53:46.899494,Sad,"[0.21630287170410156, 0.02389632537961006, 0.15193058550357819, 0.14227189123630524, 0.312426894903183, 0.014788016676902771, 0.13838349282741547]"
2025-09-04 13:53:46.973318,Sad,"[0.16548575460910797, 0.019602250307798386, 0.16029436886310577, 0.23837916553020477, 0.2509138882160187, 0.026499146595597267, 0.13882547616958618]"
2025-09-04 13:53:47.159166,Sad,"[0.21769890189170837, 0.0239569041877985, 0.15146082639694214, 0.13745035231113434, 0.3202719986438751, 0.013126185163855553, 0.13603487610816956]"
2025-09-04 13:53:47.213670,Sad,"[0.13790573179721832, 0.01222732849419117, 0.20325858891010284, 0.02113526128232479, 0.30069875717163086, 0.038976725190877914, 0.2857975363731384]"
2025-09-04 13:53:47.367302,Sad,"[0.22226808965206146, 0.025512846186757088, 0.15713398158550262, 0.14552560448646545, 0.32811787724494934, 0.010512626729905605, 0.1109289601445198]"
2025-09-04 13:53:47.409114,Sad,"[0.17935210466384888, 0.021451231092214584, 0.16458137333393097, 0.2172083854675293, 0.26214948296546936, 0.025559283792972565, 0.12969809770584106]"
2025-09-04 13:53:47.455405,Sad,"[0.1567125916481018, 0.014376205392181873, 0.1756497472524643, 0.04026537761092186, 0.31329622864723206, 0.027237506583333015, 0.27246230840682983]"
2025-09-04 13:53:47.594345,Sad,"[0.20652921497821808, 0.022127222269773483, 0.1852213591337204, 0.03881222382187843, 0.46512481570243835, 0.0021473406814038754, 0.08003773540258408]"
2025-09-04 13:53:47.651871,Sad,"[0.2186792939901352, 0.02322467602789402, 0.14611181616783142, 0.1216697096824646, 0.3298852741718292, 0.01188809797167778, 0.14854106307029724]"
2025-09-04 13:53:47.787468,Sad,"[0.2211567461490631, 0.024597859010100365, 0.15297812223434448, 0.13260208070278168, 0.3374056816101074, 0.00974180642515421, 0.12151763588190079]"
2025-09-04 13:53:47.830551,Happy,"[0.14510701596736908, 0.017400795593857765, 0.13936609029769897, 0.3113553524017334, 0.2322603315114975, 0.01864856295287609, 0.1358618140220642]"
2025-09-04 13:53:47.871815,Neutral,"[0.0961456149816513, 0.00847581960260868, 0.266296923160553, 0.01435096189379692, 0.19216501712799072, 0.13550755381584167, 0.28705811500549316]"
2025-09-04 13:53:48.016533,Sad,"[0.21997494995594025, 0.02627474069595337, 0.16356883943080902, 0.15186013281345367, 0.33966124057769775, 0.007869561202824116, 0.09079056978225708]"
2025-09-04 13:53:48.066793,Sad,"[0.17830578982830048, 0.021289799362421036, 0.16291752457618713, 0.22157448530197144, 0.25742754340171814, 0.026826610788702965, 0.1316581666469574]"
2025-09-04 13:53:48.116179,Neutral,"[0.1209743469953537, 0.012094280682504177, 0.21401982009410858, 0.038915663957595825, 0.21583661437034607, 0.1290014088153839, 0.2691578269004822]"
2025-09-04 13:53:48.168194,Sad,"[0.1436440497636795, 0.014077393338084221, 0.2144865095615387, 0.03843659162521362, 0.2695430517196655, 0.06406281888484955, 0.25574958324432373]"
2025-09-04 13:53:48.211741,Sad,"[0.1406053900718689, 0.013324630446732044, 0.2133921980857849, 0.03118038922548294, 0.33221128582954407, 0.029860302805900574, 0.23942583799362183]"
2025-09-04 13:53:48.361585,Sad,"[0.22265072166919708, 0.02511792816221714, 0.17521898448467255, 0.06881438195705414, 0.42720407247543335, 0.002963239559903741, 0.07803073525428772]"
2025-09-04 13:53:48.403736,Sad,"[0.2189456820487976, 0.02381298691034317, 0.1554117351770401, 0.11193323135375977, 0.35699301958084106, 0.008139373734593391, 0.1247638612985611]"
2025-09-04 13:53:48.447856,Happy,"[0.16119307279586792, 0.020036756992340088, 0.14358647167682648, 0.2822447717189789, 0.271923691034317, 0.010348105803132057, 0.1106671690940857]"
2025-09-04 13:53:48.491025,Happy,"[0.155483677983284, 0.01863245666027069, 0.14732886850833893, 0.28140988945961, 0.24209584295749664, 0.02057494968175888, 0.1344742476940155]"
2025-09-04 13:53:48.626533,Sad,"[0.21337451040744781, 0.024377265945076942, 0.16846348345279694, 0.13648267090320587, 0.31936976313591003, 0.014700026251375675, 0.12323227524757385]"
2025-09-04 13:53:48.666852,Fear,"[0.08114688843488693, 0.00753770163282752, 0.28547176718711853, 0.017710614949464798, 0.12874503433704376, 0.2616015076637268, 0.21778647601604462]"
2025-09-04 13:53:48.795776,Sad,"[0.20225021243095398, 0.021412890404462814, 0.1786259263753891, 0.0830431580543518, 0.34607169032096863, 0.014371835626661777, 0.15422433614730835]"
2025-09-04 13:53:48.838047,Sad,"[0.24937574565410614, 0.02764591947197914, 0.1316317915916443, 0.07061970978975296, 0.46218541264533997, 0.0009020071011036634, 0.05763937905430794]"
2025-09-04 13:53:48.879195,Fear,"[0.15643703937530518, 0.01434131059795618, 0.24681073427200317, 0.050198107957839966, 0.2401147335767746, 0.06633412092924118, 0.22576399147510529]"
2025-09-04 13:53:48.920294,Fear,"[0.11773253232240677, 0.01193829532712698, 0.2891349792480469, 0.0294408667832613, 0.2078205794095993, 0.1347038745880127, 0.20922893285751343]"
2025-09-04 13:53:49.064588,Sad,"[0.1871834397315979, 0.0193850826472044, 0.15760384500026703, 0.11347131431102753, 0.2974402606487274, 0.0247977115213871, 0.2001182734966278]"
2025-09-04 13:53:49.108065,Sad,"[0.168353870511055, 0.01858888752758503, 0.1519513726234436, 0.17205075919628143, 0.28457945585250854, 0.022028619423508644, 0.18244712054729462]"
2025-09-04 13:53:49.148608,Happy,"[0.15315154194831848, 0.017890579998493195, 0.14661751687526703, 0.27565956115722656, 0.21669650077819824, 0.03610692545771599, 0.1538773626089096]"
2025-09-04 13:53:49.270421,Sad,"[0.22152051329612732, 0.025130918249487877, 0.1555764228105545, 0.14270904660224915, 0.3272448778152466, 0.010979222133755684, 0.11683903634548187]"
2025-09-04 13:53:49.391080,Sad,"[0.21738626062870026, 0.025408117100596428, 0.16125604510307312, 0.15204410254955292, 0.32930058240890503, 0.010026276111602783, 0.10457862913608551]"
2025-09-04 13:53:49.431535,Sad,"[0.17325124144554138, 0.0214021448045969, 0.2254970222711563, 0.06754685938358307, 0.45190224051475525, 0.0022068063262850046, 0.05819367244839668]"
2025-09-04 13:53:49.563812,Sad,"[0.19829419255256653, 0.0207369364798069, 0.15200698375701904, 0.11763153970241547, 0.3271336853504181, 0.014007395133376122, 0.17018921673297882]"
2025-09-04 13:53:49.605398,Sad,"[0.17288585007190704, 0.01869381219148636, 0.21109193563461304, 0.04273992031812668, 0.45588749647140503, 0.003157909493893385, 0.09554308652877808]"
2025-09-04 13:53:49.681276,Sad,"[0.17432503402233124, 0.016825823113322258, 0.19282008707523346, 0.03915838152170181, 0.369979590177536, 0.013401113450527191, 0.19348999857902527]"
2025-09-04 13:53:49.815014,Sad,"[0.2089187353849411, 0.02329949103295803, 0.15565714240074158, 0.14708346128463745, 0.31411394476890564, 0.014485443942248821, 0.13644178211688995]"
2025-09-04 13:53:49.854149,Neutral,"[0.1745091676712036, 0.017620468512177467, 0.13149526715278625, 0.1405387669801712, 0.23396261036396027, 0.05073627829551697, 0.2511374056339264]"
2025-09-04 13:53:49.896126,Happy,"[0.17061513662338257, 0.02032807469367981, 0.1444208323955536, 0.27969837188720703, 0.21541951596736908, 0.034709181636571884, 0.13480892777442932]"
2025-09-04 13:53:50.020632,Neutral,"[0.1400773823261261, 0.015547589398920536, 0.12134779244661331, 0.21569347381591797, 0.2389550358057022, 0.028448352590203285, 0.2399304062128067]"
2025-09-04 13:53:50.060480,Neutral,"[0.15641359984874725, 0.016699809581041336, 0.13626664876937866, 0.18108399212360382, 0.19334857165813446, 0.0834803581237793, 0.23270708322525024]"
2025-09-04 13:53:50.101517,Sad,"[0.15436410903930664, 0.01532074250280857, 0.24258767068386078, 0.047744542360305786, 0.2962859570980072, 0.041115909814834595, 0.20258106291294098]"
2025-09-04 13:53:50.149667,Sad,"[0.16402165591716766, 0.016432004049420357, 0.23766519129276276, 0.023158390074968338, 0.40922674536705017, 0.008819063194096088, 0.14067700505256653]"
2025-09-04 13:53:50.289370,Happy,"[0.13377957046031952, 0.015601644292473793, 0.12760163843631744, 0.24939191341400146, 0.2365901619195938, 0.027096819132566452, 0.20993828773498535]"
2025-09-04 13:53:50.331999,Sad,"[0.14020490646362305, 0.010906239040195942, 0.07993756979703903, 0.04426918178796768, 0.3697550892829895, 0.002717900788411498, 0.35220906138420105]"
2025-09-04 13:53:50.379600,Sad,"[0.1678828001022339, 0.01762629859149456, 0.15296101570129395, 0.14338669180870056, 0.29379338026046753, 0.022052330896258354, 0.20229758322238922]"
2025-09-04 13:53:50.423989,Sad,"[0.1708114594221115, 0.0205017551779747, 0.1775456666946411, 0.19200843572616577, 0.30119553208351135, 0.016188552603125572, 0.12174864858388901]"
2025-09-04 13:53:50.553466,Sad,"[0.15370766818523407, 0.015031666494905949, 0.26303136348724365, 0.029739612713456154, 0.33821573853492737, 0.0231464933604002, 0.1771274358034134]"
2025-09-04 13:53:50.596316,Sad,"[0.16192768514156342, 0.017600569874048233, 0.23506350815296173, 0.07197641581296921, 0.3051256239414215, 0.03529368340969086, 0.17301250994205475]"
2025-09-04 13:53:50.747123,Sad,"[0.19615504145622253, 0.02106855995953083, 0.21348953247070312, 0.024662211537361145, 0.46820229291915894, 0.002370158676058054, 0.07405225187540054]"
2025-09-04 13:53:50.787374,Sad,"[0.192440927028656, 0.021495908498764038, 0.17820900678634644, 0.12929214537143707, 0.2883928418159485, 0.029841799288988113, 0.16032743453979492]"
2025-09-04 13:53:50.829741,Fear,"[0.11964542418718338, 0.011137907393276691, 0.3093757927417755, 0.022944675758481026, 0.22053906321525574, 0.10756406933069229, 0.20879310369491577]"
2025-09-04 13:53:50.960865,Sad,"[0.23270832002162933, 0.029414283111691475, 0.16382502019405365, 0.08891938626766205, 0.44489341974258423, 0.001027662423439324, 0.039211805909872055]"
2025-09-04 13:53:51.002908,Sad,"[0.21672764420509338, 0.025476491078734398, 0.1612211912870407, 0.16333183646202087, 0.3099709749221802, 0.013471311889588833, 0.10980059951543808]"
2025-09-04 13:53:51.145311,Sad,"[0.2005244940519333, 0.021740956231951714, 0.19739709794521332, 0.03248489648103714, 0.4734644293785095, 0.0019504078663885593, 0.07243767380714417]"
2025-09-04 13:53:51.194755,Neutral,"[0.15548531711101532, 0.014530381187796593, 0.15978673100471497, 0.060468848794698715, 0.27779144048690796, 0.039214298129081726, 0.2927229702472687]"
2025-09-04 13:53:51.340455,Sad,"[0.2092326432466507, 0.02276095561683178, 0.198824942111969, 0.03945871442556381, 0.4430285394191742, 0.003267154796048999, 0.0834270566701889]"
2025-09-04 13:53:51.391707,Sad,"[0.1622215360403061, 0.015975674614310265, 0.22196629643440247, 0.025580978021025658, 0.4182364046573639, 0.007373220287263393, 0.14864586293697357]"
2025-09-04 13:53:51.456187,Sad,"[0.21851950883865356, 0.028157157823443413, 0.1723109632730484, 0.18212442100048065, 0.32118695974349976, 0.008092301897704601, 0.06960871815681458]"
2025-09-04 13:53:51.507082,Happy,"[0.12051628530025482, 0.013976420275866985, 0.12413674592971802, 0.2967589795589447, 0.18234474956989288, 0.047743089497089386, 0.21452376246452332]"
2025-09-04 13:53:51.664985,Happy,"[0.0914568305015564, 0.010637731291353703, 0.10823400318622589, 0.35659676790237427, 0.1393481343984604, 0.05783379077911377, 0.23589274287223816]"
2025-09-04 13:53:51.705635,Sad,"[0.20012952387332916, 0.02419157512485981, 0.16848869621753693, 0.18748240172863007, 0.29273146390914917, 0.017130974680185318, 0.10984538495540619]"
2025-09-04 13:53:51.747571,Sad,"[0.15254542231559753, 0.014681549742817879, 0.22164738178253174, 0.03994305059313774, 0.30894163250923157, 0.03251483291387558, 0.2297261506319046]"
2025-09-04 13:53:51.883941,Happy,"[0.07886254787445068, 0.009297534823417664, 0.08302394300699234, 0.42092055082321167, 0.12967944145202637, 0.03565966337919235, 0.2425563484430313]"
2025-09-04 13:53:51.926556,Sad,"[0.21855279803276062, 0.02382270060479641, 0.1647476851940155, 0.0957212895154953, 0.37139689922332764, 0.00736996391788125, 0.11838862299919128]"
2025-09-04 13:53:52.062244,Happy,"[0.05284399166703224, 0.006337799597531557, 0.05633879080414772, 0.5438165068626404, 0.08946065604686737, 0.025270167738199234, 0.2259320467710495]"
2025-09-04 13:53:52.103536,Sad,"[0.2132892906665802, 0.028425544500350952, 0.184576153755188, 0.14853988587856293, 0.37241414189338684, 0.0033704321831464767, 0.04938444867730141]"
2025-09-04 13:53:52.143581,Sad,"[0.2107497900724411, 0.02233721688389778, 0.1482957899570465, 0.10935378074645996, 0.3701300621032715, 0.006507114041596651, 0.13262619078159332]"
2025-09-04 13:53:52.184456,Fear,"[0.12501153349876404, 0.011719941161572933, 0.2688700556755066, 0.03244725614786148, 0.21909065544605255, 0.0964241474866867, 0.24643643200397491]"
2025-09-04 13:53:52.227186,Neutral,"[0.1179359033703804, 0.01224120706319809, 0.19240038096904755, 0.06724957376718521, 0.17692920565605164, 0.17476771771907806, 0.2584761083126068]"
2025-09-04 13:53:52.355272,Happy,"[0.07812769711017609, 0.009563240222632885, 0.06750249117612839, 0.5017646551132202, 0.14364683628082275, 0.011608087457716465, 0.1877870410680771]"
2025-09-04 13:53:52.396180,Sad,"[0.21541160345077515, 0.024036165326833725, 0.1544126272201538, 0.11346255242824554, 0.388818621635437, 0.004314998164772987, 0.09954345971345901]"
2025-09-04 13:53:52.440902,Sad,"[0.1761845350265503, 0.020920580253005028, 0.1679864525794983, 0.2045888751745224, 0.2676537334918976, 0.026496898382902145, 0.13616904616355896]"
2025-09-04 13:53:52.482498,Happy,"[0.12215039134025574, 0.014673760160803795, 0.1049383133649826, 0.33990564942359924, 0.2144365757703781, 0.01682162657380104, 0.18707376718521118]"
2025-09-04 13:53:52.624771,Happy,"[0.046785466372966766, 0.006105579435825348, 0.04324094578623772, 0.6656533479690552, 0.08136069774627686, 0.009233012795448303, 0.14762091636657715]"
2025-09-04 13:53:52.666344,Sad,"[0.22256366908550262, 0.025941386818885803, 0.15931306779384613, 0.1339118331670761, 0.3611750304698944, 0.00588012021034956, 0.09121482819318771]"
2025-09-04 13:53:52.708021,Sad,"[0.16704784333705902, 0.019471056759357452, 0.16560061275959015, 0.2020181566476822, 0.25493600964546204, 0.03462633490562439, 0.15629999339580536]"
2025-09-04 13:53:52.847855,Sad,"[0.22674258053302765, 0.02616117149591446, 0.15615499019622803, 0.12463399767875671, 0.37230461835861206, 0.004926931578665972, 0.08907575905323029]"
2025-09-04 13:53:52.890048,Happy,"[0.12631651759147644, 0.014683839865028858, 0.12155062705278397, 0.25187814235687256, 0.24544769525527954, 0.020526213571429253, 0.21959702670574188]"
2025-09-04 13:53:53.045464,Happy,"[0.05768715962767601, 0.006914673373103142, 0.07095669209957123, 0.5020321607589722, 0.10784027725458145, 0.024245688691735268, 0.23032334446907043]"
2025-09-04 13:53:53.086212,Sad,"[0.21436205506324768, 0.023701755329966545, 0.15380162000656128, 0.1352238953113556, 0.33208996057510376, 0.01095572393387556, 0.12986497581005096]"
2025-09-04 13:53:53.227527,Happy,"[0.03874949365854263, 0.004937757737934589, 0.044702187180519104, 0.6607349514961243, 0.07144544273614883, 0.012505996972322464, 0.1669241040945053]"
2025-09-04 13:53:53.267371,Sad,"[0.21753238141536713, 0.02507692575454712, 0.1586856096982956, 0.15310734510421753, 0.318126380443573, 0.01240037102252245, 0.11507094651460648]"
2025-09-04 13:53:53.407850,Sad,"[0.21227017045021057, 0.022707650437951088, 0.15603646636009216, 0.11452426761388779, 0.3333587050437927, 0.01272114459425211, 0.1483815461397171]"
2025-09-04 13:53:53.464352,Sad,"[0.15203888714313507, 0.014539203606545925, 0.17379049956798553, 0.06042034551501274, 0.28955450654029846, 0.03636585548520088, 0.2732907235622406]"
2025-09-04 13:53:53.513100,Sad,"[0.17788715660572052, 0.02166583016514778, 0.16398316621780396, 0.2359382063150406, 0.271685928106308, 0.017130890861153603, 0.1117088571190834]"
2025-09-04 13:53:53.657823,Sad,"[0.2125418484210968, 0.02307118847966194, 0.16507302224636078, 0.1035623848438263, 0.35415756702423096, 0.009855682961642742, 0.13173827528953552]"
2025-09-04 13:53:53.742558,Happy,"[0.09565101563930511, 0.011468669399619102, 0.08603546768426895, 0.41853106021881104, 0.17360153794288635, 0.015918560326099396, 0.1987937092781067]"
2025-09-04 13:53:53.794529,Sad,"[0.15439295768737793, 0.015635106712579727, 0.2125033289194107, 0.04422075301408768, 0.4019707143306732, 0.008634809404611588, 0.16264234483242035]"
2025-09-04 13:53:53.845690,Surprise,"[0.09984702616930008, 0.009145316667854786, 0.26473334431648254, 0.04176011681556702, 0.09513872861862183, 0.34814465045928955, 0.14123088121414185]"
2025-09-04 13:53:53.909175,Fear,"[0.13001404702663422, 0.012230400927364826, 0.3156413733959198, 0.032044339925050735, 0.2107091099023819, 0.09894741326570511, 0.200413316488266]"
2025-09-04 13:53:53.979230,Sad,"[0.17187006771564484, 0.020079463720321655, 0.16321146488189697, 0.2036619484424591, 0.24895788729190826, 0.037547945976257324, 0.15467128157615662]"
2025-09-04 13:53:54.172663,Sad,"[0.22383230924606323, 0.024411851540207863, 0.15491700172424316, 0.11212147772312164, 0.3528042137622833, 0.008570481091737747, 0.12334264069795609]"
2025-09-04 13:53:54.330892,Sad,"[0.2212994396686554, 0.023613616824150085, 0.14965912699699402, 0.12053927779197693, 0.31680071353912354, 0.015395053662359715, 0.1526927500963211]"
2025-09-04 13:53:54.467062,Sad,"[0.23272553086280823, 0.02685447223484516, 0.1549198478460312, 0.1396903246641159, 0.3356661796569824, 0.008804015815258026, 0.10133969038724899]"
2025-09-04 13:53:54.508466,Sad,"[0.17290474474430084, 0.020607592537999153, 0.1735612004995346, 0.1963539868593216, 0.28522616624832153, 0.02094220370054245, 0.13040407001972198]"
2025-09-04 13:53:54.653435,Sad,"[0.21730104088783264, 0.023986395448446274, 0.16298049688339233, 0.111203633248806, 0.35443705320358276, 0.008930456824600697, 0.12116088718175888]"
2025-09-04 13:53:54.786963,Sad,"[0.22448572516441345, 0.02556130848824978, 0.1554640382528305, 0.14001041650772095, 0.3333975672721863, 0.009762277826666832, 0.11131870746612549]"
2025-09-04 13:53:54.826905,Neutral,"[0.11225778609514236, 0.012419396080076694, 0.17322476208209991, 0.13403381407260895, 0.1526995748281479, 0.1829608827829361, 0.23240378499031067]"
2025-09-04 13:53:54.867553,Neutral,"[0.13347101211547852, 0.014750848524272442, 0.15717042982578278, 0.1660328060388565, 0.1706974357366562, 0.13239218294620514, 0.22548532485961914]"
2025-09-04 13:53:54.907950,Neutral,"[0.1384553462266922, 0.01466289721429348, 0.15471124649047852, 0.16830559074878693, 0.17283062636852264, 0.11915471404790878, 0.23187965154647827]"
2025-09-04 13:53:54.948912,Neutral,"[0.1429653912782669, 0.01543455570936203, 0.15474335849285126, 0.18188926577568054, 0.1720089465379715, 0.12073024362325668, 0.2122281938791275]"
2025-09-04 13:53:54.988951,Neutral,"[0.1456039845943451, 0.01516626589000225, 0.15461045503616333, 0.1882757842540741, 0.16927789151668549, 0.11574473977088928, 0.21132086217403412]"
2025-09-04 13:53:55.030064,Happy,"[0.13209687173366547, 0.014061352238059044, 0.14160822331905365, 0.2367670089006424, 0.1517816185951233, 0.11431179940700531, 0.20937302708625793]"
2025-09-04 13:53:55.071107,Happy,"[0.12188325822353363, 0.01357548963278532, 0.1401727944612503, 0.23052722215652466, 0.14929714798927307, 0.12445540726184845, 0.2200886607170105]"
2025-09-04 13:53:55.217513,Sad,"[0.21962185204029083, 0.025983363389968872, 0.16209383308887482, 0.15667161345481873, 0.3252660036087036, 0.01025665458291769, 0.10010664910078049]"
2025-09-04 13:53:55.257194,Surprise,"[0.09595415741205215, 0.008732189424335957, 0.24661757051944733, 0.05210183560848236, 0.09441617876291275, 0.33987295627593994, 0.16230511665344238]"
2025-09-04 13:53:55.297311,Sad,"[0.1545863002538681, 0.015235325321555138, 0.21825744211673737, 0.052917394787073135, 0.2884787619113922, 0.04120517522096634, 0.22931954264640808]"
2025-09-04 13:53:55.362100,Sad,"[0.166457399725914, 0.019456587731838226, 0.15686088800430298, 0.2288050353527069, 0.23594972491264343, 0.03792403265833855, 0.15454639494419098]"
2025-09-04 13:53:55.403245,Sad,"[0.14837200939655304, 0.013072986155748367, 0.19685408473014832, 0.018954169005155563, 0.36796286702156067, 0.014174547977745533, 0.2406093031167984]"
2025-09-04 13:53:55.527237,Sad,"[0.21884995698928833, 0.02568673901259899, 0.1598595529794693, 0.16513928771018982, 0.3034592866897583, 0.014894201420247555, 0.112110935151577]"
2025-09-04 13:53:55.567832,Sad,"[0.18979580700397491, 0.0231922660022974, 0.17651908099651337, 0.15399403870105743, 0.36934441328048706, 0.0050336141139268875, 0.08212076872587204]"
2025-09-04 13:53:55.609506,Sad,"[0.17926126718521118, 0.019529378041625023, 0.15966248512268066, 0.10062897950410843, 0.4342968165874481, 0.002530662575736642, 0.10409042984247208]"
2025-09-04 13:53:55.654298,Surprise,"[0.08076410740613937, 0.0077015431597828865, 0.24488675594329834, 0.02424679510295391, 0.1134558618068695, 0.30433329939842224, 0.22461159527301788]"
2025-09-04 13:53:55.697204,Happy,"[0.12665610015392303, 0.015818079933524132, 0.10293038934469223, 0.37364932894706726, 0.22927536070346832, 0.008772523142397404, 0.1428983062505722]"
2025-09-04 13:53:55.738994,Sad,"[0.15606869757175446, 0.013896754942834377, 0.18630129098892212, 0.024443190544843674, 0.360306978225708, 0.01503773033618927, 0.24394531548023224]"
2025-09-04 13:53:55.865480,Happy,"[0.09068941324949265, 0.010539140552282333, 0.12066051363945007, 0.3952932059764862, 0.10755503922700882, 0.09969399869441986, 0.17556872963905334]"
2025-09-04 13:53:55.908127,Neutral,"[0.13485373556613922, 0.013994690962135792, 0.17353597283363342, 0.09052357077598572, 0.19297190010547638, 0.13149020075798035, 0.2626299262046814]"
2025-09-04 13:53:55.950024,Neutral,"[0.11851351708173752, 0.01234382577240467, 0.18165715038776398, 0.08501912653446198, 0.1743091195821762, 0.16226258873939514, 0.26589471101760864]"
2025-09-04 13:53:56.093777,Happy,"[0.0980689600110054, 0.011364521458745003, 0.12029757350683212, 0.37273016571998596, 0.11803192645311356, 0.09417339414358139, 0.18533343076705933]"
2025-09-04 13:53:56.137444,Neutral,"[0.12823842465877533, 0.013675389811396599, 0.16675888001918793, 0.1301848292350769, 0.171793594956398, 0.14116208255290985, 0.24818681180477142]"
2025-09-04 13:53:56.298307,Happy,"[0.10414210706949234, 0.00991634652018547, 0.16174153983592987, 0.29193931818008423, 0.07925564795732498, 0.20822538435459137, 0.14477963745594025]"
2025-09-04 13:53:56.446936,Happy,"[0.1250458061695099, 0.014130569994449615, 0.1406872719526291, 0.23388321697711945, 0.15122124552726746, 0.12489330023527145, 0.21013858914375305]"
2025-09-04 13:53:56.487578,Neutral,"[0.17519377171993256, 0.016583390533924103, 0.1336086094379425, 0.0942213386297226, 0.27014070749282837, 0.03282170742750168, 0.2774304747581482]"
2025-09-04 13:53:56.663051,Happy,"[0.12150824815034866, 0.012912934646010399, 0.15635569393634796, 0.2629329264163971, 0.12809453904628754, 0.13508455455303192, 0.18311113119125366]"
2025-09-04 13:53:56.714808,Sad,"[0.17123393714427948, 0.01752471923828125, 0.14546820521354675, 0.13512413203716278, 0.28454822301864624, 0.02513866126537323, 0.22096209228038788]"
2025-09-04 13:53:56.878200,Happy,"[0.10920856148004532, 0.010572505183517933, 0.16515381634235382, 0.3542941212654114, 0.08677523583173752, 0.14146248996257782, 0.1325332075357437]"
2025-09-04 13:53:56.934338,Neutral,"[0.13119590282440186, 0.011951289139688015, 0.21584880352020264, 0.023420944809913635, 0.26396211981773376, 0.06354550272226334, 0.29007548093795776]"
2025-09-04 13:53:57.104846,Happy,"[0.10645068436861038, 0.011679110117256641, 0.15839849412441254, 0.3010096549987793, 0.12911108136177063, 0.10874062031507492, 0.18461036682128906]"
2025-09-04 13:53:57.168430,Neutral,"[0.1336117535829544, 0.012016628868877888, 0.21707607805728912, 0.021269967779517174, 0.2731669545173645, 0.0552934966981411, 0.2875650227069855]"
2025-09-04 13:53:57.367156,Happy,"[0.11243614554405212, 0.011946167796850204, 0.16239704191684723, 0.3183031380176544, 0.12235989421606064, 0.10636527836322784, 0.16619232296943665]"
2025-09-04 13:53:57.409274,Fear,"[0.10425827652215958, 0.010455476120114326, 0.24311096966266632, 0.03496311232447624, 0.1604607105255127, 0.2206106185913086, 0.22614088654518127]"
2025-09-04 13:53:57.455121,Sad,"[0.17799629271030426, 0.017392747104167938, 0.14698287844657898, 0.0950392335653305, 0.3154822587966919, 0.018225213512778282, 0.22888129949569702]"
2025-09-04 13:53:57.590875,Happy,"[0.11905334144830704, 0.012795739807188511, 0.15841229259967804, 0.30127328634262085, 0.12801574170589447, 0.11033200472593307, 0.17011763155460358]"
2025-09-04 13:53:57.633318,Sad,"[0.17078404128551483, 0.016749557107686996, 0.13730981945991516, 0.11446159332990646, 0.30422040820121765, 0.018191443756222725, 0.2382831871509552]"
2025-09-04 13:53:57.792108,Happy,"[0.15841984748840332, 0.018684662878513336, 0.1461384892463684, 0.2812972664833069, 0.20451503992080688, 0.04223672300577164, 0.14870800077915192]"
2025-09-04 13:53:57.833526,Sad,"[0.17131488025188446, 0.01731996424496174, 0.14502856135368347, 0.12633337080478668, 0.28093165159225464, 0.02755730226635933, 0.23151427507400513]"
2025-09-04 13:53:57.873900,Neutral,"[0.13909661769866943, 0.014804452657699585, 0.11113852262496948, 0.20258423686027527, 0.18792934715747833, 0.06364033371210098, 0.28080642223358154]"
2025-09-04 13:53:58.025460,Sad,"[0.21541382372379303, 0.02849697507917881, 0.17049461603164673, 0.05461603403091431, 0.5089696645736694, 0.00028460516477935016, 0.021724270656704903]"
2025-09-04 13:53:58.064731,Happy,"[0.1521030217409134, 0.01827816292643547, 0.1317317932844162, 0.28833216428756714, 0.23394152522087097, 0.021793322637677193, 0.15382008254528046]"
2025-09-04 13:53:58.104153,Sad,"[0.1707819551229477, 0.017605934292078018, 0.14673680067062378, 0.13872447609901428, 0.282474547624588, 0.025913337245583534, 0.21776296198368073]"
2025-09-04 13:53:58.256192,Sad,"[0.1779959499835968, 0.0178363174200058, 0.14539842307567596, 0.1107964962720871, 0.3378196656703949, 0.011688398197293282, 0.19846473634243011]"
2025-09-04 13:53:58.403134,Sad,"[0.18603910505771637, 0.018841158598661423, 0.14643536508083344, 0.10712224245071411, 0.35581454634666443, 0.008906150236725807, 0.17684145271778107]"
2025-09-04 13:53:58.442070,Sad,"[0.20798516273498535, 0.027152476832270622, 0.15709291398525238, 0.17948375642299652, 0.36579644680023193, 0.0029296271968632936, 0.05955955386161804]"
2025-09-04 13:53:58.484278,Sad,"[0.1727292835712433, 0.017111724242568016, 0.13981802761554718, 0.1195199191570282, 0.29470133781433105, 0.021481536328792572, 0.23463819921016693]"
2025-09-04 13:53:58.616250,Sad,"[0.22074246406555176, 0.02628370001912117, 0.1627091020345688, 0.1563904881477356, 0.3285475969314575, 0.00950145535171032, 0.09582517296075821]"
2025-09-04 13:53:58.655455,Sad,"[0.18799717724323273, 0.02025001309812069, 0.15743125975131989, 0.12906673550605774, 0.3467666208744049, 0.009760349988937378, 0.14872777462005615]"
2025-09-04 13:53:58.693876,Sad,"[0.23041419684886932, 0.027854612097144127, 0.15300555527210236, 0.1014326810836792, 0.43416571617126465, 0.001349113998003304, 0.05177799612283707]"
2025-09-04 13:53:58.816231,Sad,"[0.21180711686611176, 0.023672962561249733, 0.15423569083213806, 0.151393860578537, 0.3030422329902649, 0.016970722004771233, 0.13887736201286316]"
2025-09-04 13:53:58.854798,Sad,"[0.18488357961177826, 0.02195579744875431, 0.18572944402694702, 0.14886395633220673, 0.33723974227905273, 0.01106342114508152, 0.11026409268379211]"
2025-09-04 13:53:58.893925,Sad,"[0.1891005039215088, 0.02086746320128441, 0.16979606449604034, 0.13042578101158142, 0.32683640718460083, 0.01468298677355051, 0.14829079806804657]"
2025-09-04 13:53:58.933511,Sad,"[0.1849597841501236, 0.019407927989959717, 0.15392570197582245, 0.11474952101707458, 0.36608147621154785, 0.007547352928668261, 0.15332818031311035]"
2025-09-04 13:53:58.972308,Sad,"[0.21505922079086304, 0.024702126160264015, 0.15839411318302155, 0.11889461427927017, 0.391568660736084, 0.0038284172769635916, 0.08755292743444443]"
2025-09-04 13:53:59.090240,Sad,"[0.22174032032489777, 0.0255117304623127, 0.15761974453926086, 0.1465548574924469, 0.32778313755989075, 0.010529986582696438, 0.1102602481842041]"
2025-09-04 13:53:59.128279,Neutral,"[0.11005278676748276, 0.011984799057245255, 0.10896702855825424, 0.24557551741600037, 0.15204519033432007, 0.08205417543649673, 0.28932052850723267]"
2025-09-04 13:53:59.166898,Sad,"[0.1675053983926773, 0.016294509172439575, 0.12959451973438263, 0.11490548402070999, 0.3010270297527313, 0.017331141978502274, 0.25334200263023376]"
2025-09-04 13:53:59.288291,Sad,"[0.20725078880786896, 0.022908130660653114, 0.15267299115657806, 0.15212705731391907, 0.2947964370250702, 0.01977771334350109, 0.15046684443950653]"
2025-09-04 13:53:59.326192,Neutral,"[0.12740911543369293, 0.01277257688343525, 0.1814977377653122, 0.06312379986047745, 0.19573046267032623, 0.13641951978206635, 0.28304675221443176]"
2025-09-04 13:53:59.364697,Sad,"[0.17339548468589783, 0.017003558576107025, 0.14799870550632477, 0.09829195588827133, 0.31403958797454834, 0.018500367179512978, 0.2307702898979187]"
2025-09-04 13:53:59.490951,Sad,"[0.21681249141693115, 0.023311913013458252, 0.15297959744930267, 0.11731330305337906, 0.3380991220474243, 0.011078301817178726, 0.14040525257587433]"
2025-09-04 13:53:59.531022,Sad,"[0.14402168989181519, 0.014204222708940506, 0.24332377314567566, 0.05331908538937569, 0.25014373660087585, 0.06557797640562057, 0.22940954566001892]"
2025-09-04 13:53:59.572649,Neutral,"[0.09338453412055969, 0.00886217039078474, 0.22442515194416046, 0.03215748816728592, 0.14220009744167328, 0.23642598092556, 0.26254451274871826]"
2025-09-04 13:53:59.612276,Neutral,"[0.09276510775089264, 0.008721706457436085, 0.22941914200782776, 0.026485495269298553, 0.14830394089221954, 0.22821597754955292, 0.266088604927063]"
2025-09-04 13:53:59.651608,Surprise,"[0.07618548721075058, 0.007713653612881899, 0.23712576925754547, 0.026988649740815163, 0.10969586670398712, 0.31303083896636963, 0.2292596995830536]"
2025-09-04 13:53:59.777958,Sad,"[0.17625530064105988, 0.020958298817276955, 0.1703653484582901, 0.19919145107269287, 0.27444297075271606, 0.02468184195458889, 0.13410475850105286]"
2025-09-04 13:53:59.817166,Sad,"[0.21621952950954437, 0.024634523317217827, 0.15632793307304382, 0.15544924139976501, 0.3054162859916687, 0.015596485696732998, 0.12635593116283417]"
2025-09-04 13:53:59.856727,Sad,"[0.17640259861946106, 0.019823214039206505, 0.15421490371227264, 0.1857922375202179, 0.24495473504066467, 0.042070697993040085, 0.17674173414707184]"
2025-09-04 13:53:59.989951,Sad,"[0.2157878577709198, 0.023894844576716423, 0.15336741507053375, 0.13757304847240448, 0.326358437538147, 0.01189404632896185, 0.13112428784370422]"
2025-09-04 13:54:00.030341,Happy,"[0.07487016171216965, 0.008892374113202095, 0.08154363930225372, 0.48440808057785034, 0.11012294143438339, 0.03887832537293434, 0.2012844681739807]"
2025-09-04 13:54:00.068334,Sad,"[0.2147814929485321, 0.026051988825201988, 0.1631971150636673, 0.12081983685493469, 0.40967586636543274, 0.0023261758033186197, 0.06314752995967865]"
2025-09-04 13:54:00.106734,Sad,"[0.17344048619270325, 0.016884470358490944, 0.1367303729057312, 0.11158023029565811, 0.29384732246398926, 0.021759284660220146, 0.2457578182220459]"
2025-09-04 13:54:00.247245,Sad,"[0.21759918332099915, 0.02355395257472992, 0.1494792103767395, 0.1265755295753479, 0.3350234031677246, 0.0106992581859231, 0.1370694786310196]"
2025-09-04 13:54:00.285792,Happy,"[0.10838654637336731, 0.012535647489130497, 0.11675307899713516, 0.318816602230072, 0.15605369210243225, 0.061552852392196655, 0.22590161859989166]"
2025-09-04 13:54:00.324285,Sad,"[0.21696531772613525, 0.027773188427090645, 0.1662929803133011, 0.12491161376237869, 0.41587400436401367, 0.001614950830116868, 0.04656786099076271]"
2025-09-04 13:54:00.362427,Sad,"[0.16491761803627014, 0.01654428243637085, 0.20988081395626068, 0.06773460656404495, 0.28957751393318176, 0.038864731788635254, 0.21248041093349457]"
2025-09-04 13:54:00.401044,Sad,"[0.1736595183610916, 0.017219606786966324, 0.13833917677402496, 0.12218665331602097, 0.284684956073761, 0.02472776174545288, 0.2391822785139084]"
2025-09-04 13:54:00.538471,Happy,"[0.1542537808418274, 0.01757543534040451, 0.15214364230632782, 0.21207641065120697, 0.20588278770446777, 0.06897895783185959, 0.18908901512622833]"
2025-09-04 13:54:00.578342,Sad,"[0.20989902317523956, 0.022809891030192375, 0.15978021919727325, 0.12376700341701508, 0.3171224892139435, 0.016441326588392258, 0.15018008649349213]"
2025-09-04 13:54:00.616666,Sad,"[0.1784992814064026, 0.01705467887222767, 0.19083775579929352, 0.04491358995437622, 0.3551834523677826, 0.014569868333637714, 0.19894134998321533]"
2025-09-04 13:54:00.655192,Sad,"[0.17509974539279938, 0.01775210350751877, 0.15627168118953705, 0.10781686007976532, 0.30516713857650757, 0.022099504247307777, 0.21579298377037048]"
2025-09-04 13:54:00.783472,Sad,"[0.22712615132331848, 0.025899935513734818, 0.15505613386631012, 0.13357949256896973, 0.3464401662349701, 0.0077924118377268314, 0.10410569608211517]"
2025-09-04 13:54:00.821915,Happy,"[0.15506039559841156, 0.017670907080173492, 0.14110516011714935, 0.21610721945762634, 0.20714055001735687, 0.06462778896093369, 0.1982879638671875]"
2025-09-04 13:54:00.860831,Fear,"[0.1362210065126419, 0.011768564581871033, 0.3023742139339447, 0.04345495626330376, 0.1589132696390152, 0.1586608588695526, 0.18860715627670288]"
2025-09-04 13:54:00.899934,Sad,"[0.1917133629322052, 0.019583581015467644, 0.1783970296382904, 0.06904129683971405, 0.3583340048789978, 0.01293359138071537, 0.16999714076519012]"
2025-09-04 13:54:01.015392,Sad,"[0.22147496044635773, 0.02405613102018833, 0.1492595672607422, 0.12232957780361176, 0.34558627009391785, 0.008902707137167454, 0.12839071452617645]"
2025-09-04 13:54:01.054649,Happy,"[0.15803378820419312, 0.01791473478078842, 0.1406400501728058, 0.20990127325057983, 0.196812704205513, 0.07951904088258743, 0.1971784085035324]"
2025-09-04 13:54:01.092226,Sad,"[0.2180153727531433, 0.029195446521043777, 0.1697348952293396, 0.13356103003025055, 0.41027528047561646, 0.001406968804076314, 0.037811029702425]"
2025-09-04 13:54:01.132145,Sad,"[0.17019297182559967, 0.019736260175704956, 0.15898725390434265, 0.20516785979270935, 0.23623791337013245, 0.045838452875614166, 0.16383937001228333]"
2025-09-04 13:54:01.280868,Sad,"[0.2198106199502945, 0.024599408730864525, 0.1542634814977646, 0.1359080821275711, 0.3349204957485199, 0.010061492212116718, 0.12043644487857819]"
2025-09-04 13:54:01.318985,Sad,"[0.16086968779563904, 0.01834128610789776, 0.15145011246204376, 0.20580162107944489, 0.21603980660438538, 0.0624518021941185, 0.18504564464092255]"
2025-09-04 13:54:01.443812,Sad,"[0.1606336086988449, 0.018278706818819046, 0.14883355796337128, 0.20631523430347443, 0.21025779843330383, 0.06773263216018677, 0.18794848024845123]"
2025-09-04 13:54:01.483034,Sad,"[0.21863383054733276, 0.024136340245604515, 0.15232311189174652, 0.13347743451595306, 0.3318779468536377, 0.010867380537092686, 0.12868402898311615]"
2025-09-04 13:54:01.622961,Sad,"[0.16317161917686462, 0.018590738996863365, 0.1650841236114502, 0.17598769068717957, 0.22171944379806519, 0.06949595361948013, 0.1859503835439682]"
2025-09-04 13:54:01.662698,Sad,"[0.22235623002052307, 0.023913584649562836, 0.1471368819475174, 0.12261267006397247, 0.3366265296936035, 0.010356942191720009, 0.13699710369110107]"
2025-09-04 13:54:01.794246,Sad,"[0.2121954709291458, 0.021993126720190048, 0.143275186419487, 0.1144649013876915, 0.33577418327331543, 0.011201363988220692, 0.1610957831144333]"
2025-09-04 13:54:01.832262,Sad,"[0.1709461659193039, 0.01971130631864071, 0.1535016894340515, 0.20557354390621185, 0.2207166850566864, 0.05826153978705406, 0.17128901183605194]"
2025-09-04 13:54:01.870599,Sad,"[0.233830064535141, 0.030210141092538834, 0.165470153093338, 0.18268457055091858, 0.3129851520061493, 0.008798100054264069, 0.06602181494235992]"
2025-09-04 13:54:01.908605,Sad,"[0.16410647332668304, 0.015602373518049717, 0.1542016714811325, 0.07514659315347672, 0.3068831264972687, 0.023389652371406555, 0.26067009568214417]"
2025-09-04 13:54:02.050382,Sad,"[0.22094960510730743, 0.025146275758743286, 0.15557366609573364, 0.14923153817653656, 0.3151102662086487, 0.013236023485660553, 0.12075261771678925]"
2025-09-04 13:54:02.088754,Happy,"[0.1608170121908188, 0.018231062218546867, 0.14520263671875, 0.2053099423646927, 0.20033307373523712, 0.07883941382169724, 0.19126680493354797]"
2025-09-04 13:54:02.126878,Sad,"[0.22842803597450256, 0.029838811606168747, 0.16803663969039917, 0.1736752688884735, 0.3364163041114807, 0.0057785664685070515, 0.057826269418001175]"
2025-09-04 13:54:02.253401,Sad,"[0.17308254539966583, 0.020056435838341713, 0.1596170961856842, 0.19872720539569855, 0.23087447881698608, 0.05207734927535057, 0.16556493937969208]"
2025-09-04 13:54:02.291690,Sad,"[0.21656179428100586, 0.023523179814219475, 0.14979536831378937, 0.1322920173406601, 0.323721319437027, 0.012724725529551506, 0.14138160645961761]"
2025-09-04 13:54:02.328729,Sad,"[0.1894932985305786, 0.01808488368988037, 0.1337539702653885, 0.08611642569303513, 0.3666650056838989, 0.0073832739144563675, 0.19850319623947144]"
2025-09-04 13:54:02.451815,Sad,"[0.1611861139535904, 0.018338391557335854, 0.1495881974697113, 0.2053384780883789, 0.21048416197299957, 0.06811212748289108, 0.18695248663425446]"
2025-09-04 13:54:02.490382,Sad,"[0.2169424593448639, 0.02340594492852688, 0.14817072451114655, 0.13211891055107117, 0.3180962800979614, 0.013973589986562729, 0.14729207754135132]"
2025-09-04 13:54:02.528429,Sad,"[0.18769118189811707, 0.019041258841753006, 0.14717121422290802, 0.10439503937959671, 0.3622525632381439, 0.008157451637089252, 0.17129135131835938]"
2025-09-04 13:54:02.648123,Sad,"[0.2209097445011139, 0.024925844743847847, 0.15523932874202728, 0.13737928867340088, 0.336204469203949, 0.009654536843299866, 0.11568683385848999]"
2025-09-04 13:54:02.686597,Sad,"[0.16594189405441284, 0.01827375218272209, 0.14791163802146912, 0.1842011660337448, 0.2265823483467102, 0.055886078625917435, 0.20120318233966827]"
2025-09-04 13:54:02.725321,Sad,"[0.16484786570072174, 0.01832987368106842, 0.15318450331687927, 0.18643322587013245, 0.23751823604106903, 0.04750034958124161, 0.19218602776527405]"
2025-09-04 13:54:02.764670,Sad,"[0.17784619331359863, 0.017565786838531494, 0.13490121066570282, 0.10370827466249466, 0.35637596249580383, 0.008021403104066849, 0.20158125460147858]"
2025-09-04 13:54:02.895500,Sad,"[0.21123680472373962, 0.02253877930343151, 0.14864088594913483, 0.12471555918455124, 0.3330332040786743, 0.01144563127309084, 0.14838913083076477]"
2025-09-04 13:54:02.934615,Sad,"[0.16858139634132385, 0.018155796453356743, 0.1471365988254547, 0.16951525211334229, 0.24081701040267944, 0.04630438610911369, 0.2094896137714386]"
2025-09-04 13:54:02.973545,Sad,"[0.1609657257795334, 0.018408600240945816, 0.15643435716629028, 0.203217551112175, 0.22623609006404877, 0.054563477635383606, 0.18017415702342987]"
2025-09-04 13:54:03.110689,Sad,"[0.21587587893009186, 0.024911930784583092, 0.1583142727613449, 0.1601933091878891, 0.30456483364105225, 0.015390101820230484, 0.12074968218803406]"
2025-09-04 13:54:03.148764,Sad,"[0.17228831350803375, 0.01786196604371071, 0.14058266580104828, 0.14976705610752106, 0.24770072102546692, 0.04227842018008232, 0.22952084243297577]"
2025-09-04 13:54:03.187862,Sad,"[0.16012386977672577, 0.01822003722190857, 0.15745164453983307, 0.19338269531726837, 0.21947641670703888, 0.06435175985097885, 0.18699362874031067]"
2025-09-04 13:54:03.317838,Sad,"[0.22301070392131805, 0.02557974122464657, 0.1562172770500183, 0.15052363276481628, 0.3160500228404999, 0.012728904373943806, 0.11588971316814423]"
2025-09-04 13:54:03.356190,Neutral,"[0.16564157605171204, 0.01803756132721901, 0.13747234642505646, 0.18309907615184784, 0.2016824334859848, 0.0795731246471405, 0.21449391543865204]"
2025-09-04 13:54:03.394824,Sad,"[0.16019004583358765, 0.018258322030305862, 0.15879523754119873, 0.1941496580839157, 0.22360524535179138, 0.0602542944252491, 0.18474715948104858]"
2025-09-04 13:54:03.434352,Sad,"[0.16574726998806, 0.01651046983897686, 0.20512917637825012, 0.05017252266407013, 0.3334501385688782, 0.02322794869542122, 0.20576246082782745]"
2025-09-04 13:54:03.473305,Sad,"[0.18133173882961273, 0.0175396166741848, 0.13718102872371674, 0.09864606708288193, 0.3381575047969818, 0.01136897224932909, 0.21577514708042145]"
2025-09-04 13:54:03.593355,Sad,"[0.21621978282928467, 0.024946020916104317, 0.15903735160827637, 0.15496966242790222, 0.3156517446041107, 0.012924418784677982, 0.11625106632709503]"
2025-09-04 13:54:03.633202,Neutral,"[0.16384214162826538, 0.01810714229941368, 0.139940544962883, 0.19126693904399872, 0.20016328990459442, 0.0806376039981842, 0.2060423493385315]"
2025-09-04 13:54:03.671376,Sad,"[0.16819655895233154, 0.019451627507805824, 0.15969383716583252, 0.2029464840888977, 0.2356530874967575, 0.04709096625447273, 0.16696740686893463]"
2025-09-04 13:54:03.796669,Happy,"[0.15924200415611267, 0.018644431605935097, 0.1379341185092926, 0.25052064657211304, 0.21885281801223755, 0.0410730317234993, 0.17373298108577728]"
2025-09-04 13:54:03.836359,Sad,"[0.1878906786441803, 0.02155761979520321, 0.15709936618804932, 0.1883743405342102, 0.2540362775325775, 0.03543123975396156, 0.15561047196388245]"
2025-09-04 13:54:03.875062,Sad,"[0.21967856585979462, 0.023354385048151016, 0.1457865685224533, 0.12085922807455063, 0.3340418040752411, 0.011023703031241894, 0.14525577425956726]"
2025-09-04 13:54:04.031168,Sad,"[0.1856418401002884, 0.021474042907357216, 0.15664009749889374, 0.1962343007326126, 0.24397283792495728, 0.040635738521814346, 0.1554010659456253]"
2025-09-04 13:54:04.070221,Happy,"[0.14015072584152222, 0.01651434414088726, 0.11093492805957794, 0.3177565038204193, 0.21495378017425537, 0.020725490525364876, 0.1789642721414566]"
2025-09-04 13:54:04.110085,Sad,"[0.2170841246843338, 0.022949546575546265, 0.14535295963287354, 0.12091632932424545, 0.33106541633605957, 0.0116964690387249, 0.15093520283699036]"
2025-09-04 13:54:04.149055,Sad,"[0.18228121101856232, 0.018318532034754753, 0.14459805190563202, 0.11227883398532867, 0.3329922556877136, 0.01247064583003521, 0.19706040620803833]"
2025-09-04 13:54:04.289797,Happy,"[0.1688748598098755, 0.02043183520436287, 0.13640570640563965, 0.2879449129104614, 0.23238706588745117, 0.02204800397157669, 0.1319075971841812]"
2025-09-04 13:54:04.330359,Sad,"[0.21667200326919556, 0.023679187521338463, 0.1506858468055725, 0.13491316139698029, 0.3218899965286255, 0.012975173071026802, 0.13918456435203552]"
2025-09-04 13:54:04.372192,Neutral,"[0.12371426820755005, 0.013529066927731037, 0.11306970566511154, 0.23319107294082642, 0.16611240804195404, 0.07838018983602524, 0.27200329303741455]"
2025-09-04 13:54:04.522200,Sad,"[0.2196975201368332, 0.023773174732923508, 0.15253987908363342, 0.12007793039083481, 0.3360532820224762, 0.011118333786725998, 0.13673990964889526]"
2025-09-04 13:54:04.563098,Sad,"[0.1804935336112976, 0.02018795534968376, 0.1564711481332779, 0.1766207367181778, 0.2628692090511322, 0.03254154697060585, 0.1708158403635025]"
2025-09-04 13:54:04.603170,Sad,"[0.16179493069648743, 0.018444310873746872, 0.127205029129982, 0.23239563405513763, 0.2485026866197586, 0.02303786389529705, 0.18861961364746094]"
2025-09-04 13:54:04.641910,Neutral,"[0.12721511721611023, 0.012803844176232815, 0.09738872945308685, 0.18116091191768646, 0.18681438267230988, 0.048921138048172, 0.345695823431015]"
2025-09-04 13:54:04.784862,Sad,"[0.2185915857553482, 0.023566488176584244, 0.1484529823064804, 0.12573879957199097, 0.33323439955711365, 0.011022703722119331, 0.13939298689365387]"
2025-09-04 13:54:04.824713,Sad,"[0.1801741123199463, 0.02016482874751091, 0.14092130959033966, 0.17533695697784424, 0.29877331852912903, 0.015129975974559784, 0.1694994866847992]"
2025-09-04 13:54:04.863840,Surprise,"[0.0836673304438591, 0.007836227305233479, 0.24121055006980896, 0.039708856493234634, 0.09855727851390839, 0.3434314429759979, 0.18558833003044128]"
2025-09-04 13:54:05.016654,Sad,"[0.21532288193702698, 0.0239705927670002, 0.15393675863742828, 0.1423983871936798, 0.31906917691230774, 0.01321767270565033, 0.13208456337451935]"
2025-09-04 13:54:05.054788,Sad,"[0.17451682686805725, 0.019092053174972534, 0.14451095461845398, 0.17280693352222443, 0.26835542917251587, 0.02751309983432293, 0.19320479035377502]"
2025-09-04 13:54:05.181437,Sad,"[0.22275769710540771, 0.023861180990934372, 0.14661699533462524, 0.1173812672495842, 0.3471413850784302, 0.008816227316856384, 0.13342513144016266]"
2025-09-04 13:54:05.219960,Happy,"[0.16239292919635773, 0.019567186012864113, 0.14042101800441742, 0.26738378405570984, 0.24411144852638245, 0.0220680832862854, 0.1440555900335312]"
2025-09-04 13:54:05.260532,Sad,"[0.1825307309627533, 0.020813409239053726, 0.16041199862957, 0.1822897493839264, 0.2681536376476288, 0.02924393117427826, 0.15655654668807983]"
2025-09-04 13:54:05.382660,Sad,"[0.1746119260787964, 0.01934344321489334, 0.15413014590740204, 0.1772243231534958, 0.25343209505081177, 0.03785712271928787, 0.1834009736776352]"
2025-09-04 13:54:05.421292,Sad,"[0.22025904059410095, 0.024154169484972954, 0.15066702663898468, 0.13197745382785797, 0.32928138971328735, 0.011379120871424675, 0.13228176534175873]"
2025-09-04 13:54:05.461079,Sad,"[0.14948789775371552, 0.01517322938889265, 0.24733459949493408, 0.0441766232252121, 0.2826659381389618, 0.051180459558963776, 0.2099812775850296]"
2025-09-04 13:54:05.500042,Sad,"[0.16919440031051636, 0.01682543382048607, 0.23318901658058167, 0.047412507236003876, 0.3214433491230011, 0.025842607021331787, 0.18609268963336945]"
2025-09-04 13:54:05.624844,Sad,"[0.22188851237297058, 0.023716174066066742, 0.14579808712005615, 0.12441350519657135, 0.32705458998680115, 0.012122547253966331, 0.14500658214092255]"
2025-09-04 13:54:05.666191,Sad,"[0.16350941359996796, 0.01870124787092209, 0.15285266935825348, 0.20549005270004272, 0.2187761664390564, 0.06018732488155365, 0.18048308789730072]"
2025-09-04 13:54:05.706201,Sad,"[0.17255686223506927, 0.01723828911781311, 0.15192094445228577, 0.10560939460992813, 0.3085223138332367, 0.020323006436228752, 0.22382919490337372]"
2025-09-04 13:54:05.826966,Sad,"[0.22248823940753937, 0.023492593318223953, 0.1442583054304123, 0.11322133243083954, 0.34753236174583435, 0.008917154744267464, 0.14009007811546326]"
2025-09-04 13:54:05.865752,Sad,"[0.18510544300079346, 0.021921321749687195, 0.16174183785915375, 0.20518997311592102, 0.24846236407756805, 0.036393582820892334, 0.14118549227714539]"
2025-09-04 13:54:05.904874,Sad,"[0.17935293912887573, 0.017694886773824692, 0.13719706237316132, 0.10690618306398392, 0.3380235433578491, 0.010921422392129898, 0.20990397036075592]"
2025-09-04 13:54:06.050642,Sad,"[0.21904557943344116, 0.023987511172890663, 0.15036597847938538, 0.13493120670318604, 0.32164475321769714, 0.012891522608697414, 0.13713355362415314]"
2025-09-04 13:54:06.088915,Sad,"[0.1748531311750412, 0.020404789596796036, 0.15977774560451508, 0.20542116463184357, 0.23961766064167023, 0.04306599497795105, 0.15685953199863434]"
2025-09-04 13:54:06.128767,Fear,"[0.13423271477222443, 0.012794435024261475, 0.2627008259296417, 0.030421916395425797, 0.2569960057735443, 0.06587227433919907, 0.2369818240404129]"
2025-09-04 13:54:06.250019,Sad,"[0.21098856627941132, 0.0235467366874218, 0.15480078756809235, 0.14860987663269043, 0.30931904911994934, 0.015486556105315685, 0.13724836707115173]"
2025-09-04 13:54:06.288735,Happy,"[0.10206127911806107, 0.012463439255952835, 0.08745215833187103, 0.44299226999282837, 0.1449071764945984, 0.028214193880558014, 0.181909441947937]"
2025-09-04 13:54:06.327227,Sad,"[0.18109135329723358, 0.017112430185079575, 0.13323290646076202, 0.08738333731889725, 0.35560038685798645, 0.008678951300680637, 0.21690066158771515]"
2025-09-04 13:54:06.449783,Sad,"[0.21002350747585297, 0.022454317659139633, 0.1598331332206726, 0.11068738996982574, 0.33187419176101685, 0.013781591318547726, 0.1513458639383316]"
2025-09-04 13:54:06.489569,Happy,"[0.13227570056915283, 0.015666011720895767, 0.1250239461660385, 0.3238826394081116, 0.18796353042125702, 0.0373704619705677, 0.177817702293396]"
2025-09-04 13:54:06.528531,Sad,"[0.1781894564628601, 0.017578834667801857, 0.19050247967243195, 0.06299889087677002, 0.31957828998565674, 0.02340487204492092, 0.207747220993042]"
2025-09-04 13:54:06.567372,Neutral,"[0.1158079132437706, 0.012608646415174007, 0.11132127791643143, 0.2387828677892685, 0.15801092982292175, 0.08096002787351608, 0.28250837326049805]"
2025-09-04 13:54:06.686825,Sad,"[0.22447539865970612, 0.025211965665221214, 0.15255165100097656, 0.14376364648342133, 0.3153137266635895, 0.013394002802670002, 0.12528954446315765]"
2025-09-04 13:54:06.725117,Happy,"[0.14652058482170105, 0.01691577211022377, 0.13992337882518768, 0.24595233798027039, 0.20423343777656555, 0.053553685545921326, 0.1929008960723877]"
2025-09-04 13:54:06.765391,Sad,"[0.17828473448753357, 0.017431125044822693, 0.1421712189912796, 0.09953173249959946, 0.33902037143707275, 0.01172680500894785, 0.21183404326438904]"
2025-09-04 13:54:06.910539,Sad,"[0.22258260846138, 0.024518288671970367, 0.15078069269657135, 0.13227462768554688, 0.3301079571247101, 0.01106384489685297, 0.12867200374603271]"
2025-09-04 13:54:06.950009,Sad,"[0.1695527285337448, 0.019753966480493546, 0.15514108538627625, 0.21305423974990845, 0.23108035326004028, 0.046273887157440186, 0.1651436686515808]"
2025-09-04 13:54:06.989293,Sad,"[0.16059502959251404, 0.015538021922111511, 0.21467913687229156, 0.040119536221027374, 0.33301684260368347, 0.02362390048801899, 0.21242755651474]"
2025-09-04 13:54:07.113223,Sad,"[0.22614404559135437, 0.025775078684091568, 0.15489868819713593, 0.14266499876976013, 0.32679814100265503, 0.010759908705949783, 0.11295914649963379]"
2025-09-04 13:54:07.151289,Sad,"[0.17915064096450806, 0.021778542548418045, 0.15523795783519745, 0.2285832017660141, 0.26921600103378296, 0.019578298553824425, 0.12645535171031952]"
2025-09-04 13:54:07.188268,Sad,"[0.15872244536876678, 0.015521352179348469, 0.22686287760734558, 0.04411162808537483, 0.3074640929698944, 0.03244680166244507, 0.21487073600292206]"
2025-09-04 13:54:07.228854,Sad,"[0.18723440170288086, 0.018224745988845825, 0.13789331912994385, 0.0958385244011879, 0.3523581624031067, 0.00924715492874384, 0.19920361042022705]"
2025-09-04 13:54:07.374594,Sad,"[0.17625674605369568, 0.02101663313806057, 0.15762917697429657, 0.22919102013111115, 0.2445610910654068, 0.03145591914653778, 0.1398894488811493]"
2025-09-04 13:54:07.413376,Sad,"[0.21409030258655548, 0.023857595399022102, 0.15376697480678558, 0.14682762324810028, 0.31001853942871094, 0.015229102224111557, 0.1362098604440689]"
2025-09-04 13:54:07.453015,Surprise,"[0.0863473191857338, 0.009302164427936077, 0.19229264557361603, 0.10365041345357895, 0.11511320620775223, 0.2714204788208008, 0.22187373042106628]"
2025-09-04 13:54:07.490635,Neutral,"[0.10890723019838333, 0.011362412944436073, 0.18904152512550354, 0.07340835779905319, 0.16573210060596466, 0.18646420538425446, 0.2650841176509857]"
2025-09-04 13:54:07.529000,Neutral,"[0.13528810441493988, 0.013911915943026543, 0.18691827356815338, 0.06748371571302414, 0.2005382627248764, 0.13976752758026123, 0.2560921907424927]"
2025-09-04 13:54:07.567381,Neutral,"[0.09982068836688995, 0.011042321100831032, 0.17182479798793793, 0.14120692014694214, 0.13660213351249695, 0.2042507827281952, 0.2352522760629654]"
2025-09-04 13:54:07.690802,Sad,"[0.23068377375602722, 0.025594225153326988, 0.1496320515871048, 0.11593043059110641, 0.36791637539863586, 0.005738450214266777, 0.10450466722249985]"
2025-09-04 13:54:07.730698,Sad,"[0.17736254632472992, 0.02125169336795807, 0.1513921022415161, 0.22165821492671967, 0.25591903924942017, 0.027226516976952553, 0.14518988132476807]"
2025-09-04 13:54:07.886380,Sad,"[0.2279292345046997, 0.024594614282250404, 0.14622975885868073, 0.10975678265094757, 0.36824047565460205, 0.006094561889767647, 0.11715459078550339]"
2025-09-04 13:54:07.925143,Sad,"[0.17656250298023224, 0.02063281089067459, 0.15932536125183105, 0.20576071739196777, 0.2387600988149643, 0.0434526763856411, 0.15550583600997925]"
2025-09-04 13:54:08.045773,Sad,"[0.23317338526248932, 0.026170136407017708, 0.15079540014266968, 0.12218330055475235, 0.35802528262138367, 0.006509382277727127, 0.1031431257724762]"
2025-09-04 13:54:08.085640,Sad,"[0.16787974536418915, 0.019869934767484665, 0.14439477026462555, 0.22857658565044403, 0.24163013696670532, 0.03308556228876114, 0.16456319391727448]"
2025-09-04 13:54:08.215963,Sad,"[0.23505261540412903, 0.026540227234363556, 0.15109026432037354, 0.12357142567634583, 0.35679447650909424, 0.006490841042250395, 0.10046014934778214]"
2025-09-04 13:54:08.255187,Sad,"[0.18164576590061188, 0.021496104076504707, 0.16394083201885223, 0.20384098589420319, 0.25429674983024597, 0.033541347831487656, 0.1412382274866104]"
2025-09-04 13:54:08.379788,Sad,"[0.22892948985099792, 0.025551864877343178, 0.1511215716600418, 0.1332942247390747, 0.33207398653030396, 0.010229434818029404, 0.11879942566156387]"
2025-09-04 13:54:08.417615,Sad,"[0.16977658867835999, 0.01978939026594162, 0.16334488987922668, 0.20340046286582947, 0.2487739771604538, 0.0378509983420372, 0.15706372261047363]"
2025-09-04 13:54:08.546802,Sad,"[0.19137926399707794, 0.022968586534261703, 0.16502340137958527, 0.2029843032360077, 0.2616526484489441, 0.028692463412880898, 0.12729933857917786]"
2025-09-04 13:54:08.585244,Sad,"[0.22224509716033936, 0.02433020807802677, 0.1501225084066391, 0.1277468204498291, 0.3370537757873535, 0.01003182027488947, 0.12846983969211578]"
2025-09-04 13:54:08.624448,Sad,"[0.1343804895877838, 0.011896309442818165, 0.23310887813568115, 0.016957754269242287, 0.29317107796669006, 0.04175600782036781, 0.26872947812080383]"
2025-09-04 13:54:08.662599,Sad,"[0.17202579975128174, 0.01731095090508461, 0.143318310379982, 0.12552212178707123, 0.29495304822921753, 0.02159460261464119, 0.2252751588821411]"
2025-09-04 13:54:08.777677,Sad,"[0.1880023330450058, 0.0225162785500288, 0.16620256006717682, 0.20222213864326477, 0.2643910050392151, 0.02780930884182453, 0.12885642051696777]"
2025-09-04 13:54:08.816428,Sad,"[0.22479401528835297, 0.024417266249656677, 0.14835630357265472, 0.12006296217441559, 0.3487982153892517, 0.00835401937365532, 0.12521721422672272]"
2025-09-04 13:54:08.854186,Sad,"[0.17035387456417084, 0.016382360830903053, 0.14157015085220337, 0.09515559673309326, 0.3297295570373535, 0.013653350993990898, 0.23315511643886566]"
2025-09-04 13:54:08.981103,Sad,"[0.22282585501670837, 0.024786991998553276, 0.15221478044986725, 0.13578025996685028, 0.32859060168266296, 0.011128743179142475, 0.1246727705001831]"
2025-09-04 13:54:09.020358,Happy,"[0.1281035989522934, 0.015109806321561337, 0.1246439665555954, 0.3488290011882782, 0.18000580370426178, 0.03660516068339348, 0.16670262813568115]"
2025-09-04 13:54:09.142582,Sad,"[0.22524002194404602, 0.02478671632707119, 0.15089060366153717, 0.12495993077754974, 0.34300991892814636, 0.009048182517290115, 0.12206463515758514]"
2025-09-04 13:54:09.182017,Happy,"[0.15611876547336578, 0.018060006201267242, 0.14454157650470734, 0.2589978277683258, 0.20721882581710815, 0.04876708984375, 0.16629591584205627]"
2025-09-04 13:54:09.302632,Sad,"[0.23145657777786255, 0.02657509595155716, 0.15465129911899567, 0.13244988024234772, 0.34937503933906555, 0.007157709915190935, 0.09833439439535141]"
2025-09-04 13:54:09.341443,Happy,"[0.16244272887706757, 0.019023342058062553, 0.14416110515594482, 0.2689655125141144, 0.2096392661333084, 0.04304075613617897, 0.15272726118564606]"
2025-09-04 13:54:09.475410,Sad,"[0.22788873314857483, 0.026172516867518425, 0.15573866665363312, 0.14002901315689087, 0.3359888792037964, 0.009047205559909344, 0.1051350012421608]"
2025-09-04 13:54:09.517044,Happy,"[0.16454848647117615, 0.019936703145503998, 0.14375554025173187, 0.30616849660873413, 0.22575843334197998, 0.021814877167344093, 0.11801744252443314]"
2025-09-04 13:54:09.559426,Sad,"[0.17105060815811157, 0.017909934744238853, 0.21068990230560303, 0.06294121593236923, 0.3395055830478668, 0.02090953104197979, 0.1769932359457016]"
2025-09-04 13:54:09.601593,Sad,"[0.1693573296070099, 0.015614904463291168, 0.13422371447086334, 0.0804964229464531, 0.315565824508667, 0.01650080271065235, 0.26824095845222473]"
2025-09-04 13:54:09.728283,Sad,"[0.21908354759216309, 0.025194428861141205, 0.15846841037273407, 0.145878866314888, 0.3310382664203644, 0.010104421526193619, 0.11023212224245071]"
2025-09-04 13:54:09.770177,Sad,"[0.17172011733055115, 0.019881926476955414, 0.15607458353042603, 0.20621833205223083, 0.2286393642425537, 0.05126713216304779, 0.1661985218524933]"
2025-09-04 13:54:09.897939,Sad,"[0.21503952145576477, 0.024262307211756706, 0.15573488175868988, 0.14944469928741455, 0.31285083293914795, 0.014215891249477863, 0.12845191359519958]"
2025-09-04 13:54:09.940221,Happy,"[0.15020762383937836, 0.017167020589113235, 0.1496828943490982, 0.21897968649864197, 0.20890246331691742, 0.0618237666785717, 0.19323652982711792]"
2025-09-04 13:54:09.983698,Sad,"[0.16746476292610168, 0.01677400805056095, 0.1965693235397339, 0.055745627731084824, 0.34311896562576294, 0.020608631893992424, 0.19971872866153717]"
2025-09-04 13:54:10.108919,Happy,"[0.13169468939304352, 0.015397196635603905, 0.11617240309715271, 0.3352799713611603, 0.1789645552635193, 0.04099249839782715, 0.1814986616373062]"
2025-09-04 13:54:10.149412,Sad,"[0.21170276403427124, 0.024492336437106133, 0.1588725745677948, 0.1670045703649521, 0.2945813834667206, 0.018084533512592316, 0.1252618134021759]"
2025-09-04 13:54:10.187730,Sad,"[0.1470900923013687, 0.014143277890980244, 0.22279442846775055, 0.027569450438022614, 0.3729313313961029, 0.01754625327885151, 0.1979251652956009]"
2025-09-04 13:54:10.226587,Sad,"[0.17078904807567596, 0.01977108046412468, 0.16161076724529266, 0.19702135026454926, 0.23466439545154572, 0.049765463918447495, 0.16637784242630005]"
2025-09-04 13:54:10.344597,Sad,"[0.1571405977010727, 0.0180655550211668, 0.15716052055358887, 0.214215487241745, 0.21581684052944183, 0.05848716199398041, 0.17911387979984283]"
2025-09-04 13:54:10.384060,Sad,"[0.2151084989309311, 0.022679321467876434, 0.1494787186384201, 0.11455647647380829, 0.33079802989959717, 0.012679250910878181, 0.15469977259635925]"
2025-09-04 13:54:10.421735,Sad,"[0.15239529311656952, 0.014609897509217262, 0.23139165341854095, 0.041200730949640274, 0.3017690181732178, 0.03357949107885361, 0.22505392134189606]"
2025-09-04 13:54:10.463484,Neutral,"[0.1344323605298996, 0.013933536596596241, 0.17694881558418274, 0.08340606838464737, 0.19457849860191345, 0.13490313291549683, 0.26179754734039307]"
2025-09-04 13:54:10.504168,Sad,"[0.1683586984872818, 0.016795219853520393, 0.14741334319114685, 0.10902230441570282, 0.30357345938682556, 0.02066570520401001, 0.2341712862253189]"
2025-09-04 13:54:10.648484,Sad,"[0.21112771332263947, 0.021447494626045227, 0.157857283949852, 0.06511140614748001, 0.4074459373950958, 0.004901375155895948, 0.13210876286029816]"
2025-09-04 13:54:10.687256,Sad,"[0.18731553852558136, 0.022282695397734642, 0.1628902703523636, 0.20456068217754364, 0.25287026166915894, 0.033649373799562454, 0.13643112778663635]"
2025-09-04 13:54:10.727461,Sad,"[0.15589077770709991, 0.015796061605215073, 0.23095236718654633, 0.05885615572333336, 0.2833006680011749, 0.04417392238974571, 0.211030051112175]"
2025-09-04 13:54:10.766245,Neutral,"[0.12438436597585678, 0.01300732046365738, 0.19078737497329712, 0.06692346930503845, 0.18672767281532288, 0.16453300416469574, 0.25363674759864807]"
2025-09-04 13:54:10.804811,Surprise,"[0.10124405473470688, 0.01072097010910511, 0.20406803488731384, 0.07365763932466507, 0.14165367186069489, 0.2393711805343628, 0.2292843610048294]"
2025-09-04 13:54:10.841694,Neutral,"[0.14032799005508423, 0.014161031693220139, 0.17721837759017944, 0.06654814630746841, 0.20944839715957642, 0.1206255704164505, 0.27167046070098877]"
2025-09-04 13:54:10.880919,Neutral,"[0.10350587964057922, 0.011364144273102283, 0.17697012424468994, 0.13349907100200653, 0.13857148587703705, 0.20498870313167572, 0.2311006337404251]"
2025-09-04 13:54:10.920918,Neutral,"[0.1379578858613968, 0.01433231309056282, 0.1622883677482605, 0.11324775218963623, 0.1907079666852951, 0.11742239445447922, 0.26404333114624023]"
2025-09-04 13:54:10.959468,Neutral,"[0.13586445152759552, 0.014104396104812622, 0.16513554751873016, 0.1250407099723816, 0.18129870295524597, 0.12673579156398773, 0.25182044506073]"
2025-09-04 13:54:11.072505,Happy,"[0.14471697807312012, 0.016371309757232666, 0.1431008130311966, 0.21848182380199432, 0.17629793286323547, 0.09978241473436356, 0.20124877989292145]"
2025-09-04 13:54:11.199524,Sad,"[0.1714169830083847, 0.0198415145277977, 0.15613900125026703, 0.20615993440151215, 0.22874629497528076, 0.05121567100286484, 0.1664806604385376]"
2025-09-04 13:54:11.340505,Sad,"[0.16073693335056305, 0.01837778277695179, 0.15252497792243958, 0.21100632846355438, 0.21859756112098694, 0.05798562243580818, 0.18077079951763153]"
2025-09-04 13:54:11.380551,Sad,"[0.16732868552207947, 0.014941433444619179, 0.1763695478439331, 0.02387988194823265, 0.41171717643737793, 0.006734536495059729, 0.19902877509593964]"
2025-09-04 13:54:11.505220,Happy,"[0.133964404463768, 0.015217260457575321, 0.1394895315170288, 0.24623367190361023, 0.16091078519821167, 0.1044551208615303, 0.19972912967205048]"
2025-09-04 13:54:11.544369,Sad,"[0.16244474053382874, 0.0184030681848526, 0.15602445602416992, 0.1973099261522293, 0.23333889245986938, 0.04945380613207817, 0.18302519619464874]"
2025-09-04 13:54:11.584647,Neutral,"[0.1220998540520668, 0.012519669719040394, 0.1786499172449112, 0.0809539183974266, 0.18163113296031952, 0.14810004830360413, 0.27604547142982483]"
2025-09-04 13:54:11.701381,Sad,"[0.17936119437217712, 0.017849277704954147, 0.14470991492271423, 0.10218962281942368, 0.3590834140777588, 0.00857793353497982, 0.18822862207889557]"
2025-09-04 13:54:11.740362,Sad,"[0.21420474350452423, 0.02586408331990242, 0.15192784368991852, 0.20990203320980072, 0.22824256122112274, 0.04511537775397301, 0.1247432753443718]"
2025-09-04 13:54:11.778392,Sad,"[0.17085574567317963, 0.016308339312672615, 0.12840445339679718, 0.10670668631792068, 0.29864341020584106, 0.01845945045351982, 0.26062190532684326]"
2025-09-04 13:54:11.911294,Sad,"[0.18929553031921387, 0.020548108965158463, 0.18584470450878143, 0.1003100648522377, 0.31803157925605774, 0.02208735980093479, 0.16388270258903503]"
2025-09-04 13:54:11.951550,Happy,"[0.13470184803009033, 0.015472968108952045, 0.14676806330680847, 0.24988198280334473, 0.1918219029903412, 0.06275106966495514, 0.1986021101474762]"
2025-09-04 13:54:11.990506,Neutral,"[0.10292962193489075, 0.010377108119428158, 0.23481442034244537, 0.03325200825929642, 0.15480481088161469, 0.19851632416248322, 0.2653057277202606]"
2025-09-04 13:54:12.029011,Sad,"[0.17178578674793243, 0.016402823850512505, 0.13284577429294586, 0.1019282191991806, 0.28345444798469543, 0.02538389526307583, 0.26819908618927]"
2025-09-04 13:54:12.165696,Sad,"[0.20782887935638428, 0.024296820163726807, 0.15986616909503937, 0.17794862389564514, 0.28144368529319763, 0.02184508554637432, 0.1267707198858261]"
2025-09-04 13:54:12.205931,Sad,"[0.19281919300556183, 0.022240204736590385, 0.21179136633872986, 0.09638863056898117, 0.33275312185287476, 0.01854817569255829, 0.12545929849147797]"
2025-09-04 13:54:12.245445,Sad,"[0.1618105173110962, 0.01604054495692253, 0.21006231009960175, 0.05160733684897423, 0.31719809770584106, 0.02842051349580288, 0.214860737323761]"
2025-09-04 13:54:12.284779,Neutral,"[0.11692584306001663, 0.011551550589501858, 0.21772967278957367, 0.04318767786026001, 0.1713809221982956, 0.1914413422346115, 0.24778293073177338]"
2025-09-04 13:54:12.323884,Neutral,"[0.11471453309059143, 0.01099233329296112, 0.21062426269054413, 0.03859445080161095, 0.1744805872440338, 0.17684999108314514, 0.27374377846717834]"
2025-09-04 13:54:12.363328,Sad,"[0.16839496791362762, 0.01602964848279953, 0.12407451868057251, 0.10417667031288147, 0.310737282037735, 0.01435885950922966, 0.2622280716896057]"
2025-09-04 13:54:12.485261,Sad,"[0.21734267473220825, 0.024010054767131805, 0.1529451459646225, 0.1325196921825409, 0.33572807908058167, 0.010263979434967041, 0.12719029188156128]"
2025-09-04 13:54:12.523358,Happy,"[0.12935903668403625, 0.014626208692789078, 0.1418868452310562, 0.23094584047794342, 0.15736261010169983, 0.1176367774605751, 0.2081826776266098]"
2025-09-04 13:54:12.561792,Sad,"[0.20259696245193481, 0.022172948345541954, 0.1558956503868103, 0.11561856418848038, 0.38199901580810547, 0.005299885291606188, 0.1164170652627945]"
2025-09-04 13:54:12.600149,Sad,"[0.15530337393283844, 0.015202428214251995, 0.2399623841047287, 0.04722616821527481, 0.2966129779815674, 0.03498980030417442, 0.21070285141468048]"
2025-09-04 13:54:12.638297,Sad,"[0.24600495398044586, 0.031137615442276, 0.1601903736591339, 0.18145743012428284, 0.2927604019641876, 0.012535466812551022, 0.07591376453638077]"
2025-09-04 13:54:12.676563,Surprise,"[0.10363064706325531, 0.010769376531243324, 0.20814402401447296, 0.06788113713264465, 0.14323730766773224, 0.23421716690063477, 0.2321203351020813]"
2025-09-04 13:54:12.715177,Neutral,"[0.14292408525943756, 0.014684518799185753, 0.165865957736969, 0.09552285075187683, 0.2015715092420578, 0.11331254988908768, 0.2661185562610626]"
2025-09-04 13:54:12.754645,Neutral,"[0.14076383411884308, 0.014520673081278801, 0.1658976674079895, 0.09948274493217468, 0.19777333736419678, 0.1163516640663147, 0.2652100920677185]"
2025-09-04 13:54:12.882248,Sad,"[0.221488818526268, 0.025610018521547318, 0.15804529190063477, 0.15191571414470673, 0.3195953965187073, 0.011866280809044838, 0.11147846281528473]"
2025-09-04 13:54:12.920761,Neutral,"[0.15226824581623077, 0.016607142984867096, 0.1408788114786148, 0.19436956942081451, 0.1911669671535492, 0.08422631770372391, 0.2204829752445221]"
2025-09-04 13:54:12.960827,Sad,"[0.2436310201883316, 0.032305266708135605, 0.16613736748695374, 0.17806889116764069, 0.3177868127822876, 0.006705547217279673, 0.055365145206451416]"
2025-09-04 13:54:13.000135,Neutral,"[0.12863744795322418, 0.013467822223901749, 0.16703863441944122, 0.11294713616371155, 0.17978934943675995, 0.13428863883018494, 0.2638310492038727]"
2025-09-04 13:54:13.039400,Neutral,"[0.12663733959197998, 0.013556009158492088, 0.12458372861146927, 0.2203315794467926, 0.16403937339782715, 0.08966298401355743, 0.26118892431259155]"
2025-09-04 13:54:13.078681,Sad,"[0.17261779308319092, 0.016824942082166672, 0.13808026909828186, 0.11022944748401642, 0.30821675062179565, 0.01755315437912941, 0.23647762835025787]"
2025-09-04 13:54:13.212529,Sad,"[0.22311756014823914, 0.02379414066672325, 0.15224286913871765, 0.10525516420602798, 0.3521600067615509, 0.009089551866054535, 0.13434065878391266]"
2025-09-04 13:54:13.249530,Happy,"[0.04961024597287178, 0.005674899090081453, 0.0943370833992958, 0.3494240641593933, 0.0722133219242096, 0.15584449470043182, 0.2728959321975708]"
2025-09-04 13:54:13.288365,Angry,"[0.2520628571510315, 0.02857937663793564, 0.18131746351718903, 0.20990170538425446, 0.22483253479003906, 0.02590547315776348, 0.07740048319101334]"
2025-09-04 13:54:13.326982,Sad,"[0.18659639358520508, 0.018017742782831192, 0.15109451115131378, 0.076156847178936, 0.33997976779937744, 0.013916628435254097, 0.21423804759979248]"
2025-09-04 13:54:13.473938,Sad,"[0.2141874134540558, 0.023279385641217232, 0.14972232282161713, 0.1375284641981125, 0.3122904598712921, 0.01525065302848816, 0.14774124324321747]"
2025-09-04 13:54:13.513885,Sad,"[0.17838428914546967, 0.018194569274783134, 0.1484864354133606, 0.11865874379873276, 0.3311510980129242, 0.012882507406175137, 0.19224239885807037]"
2025-09-04 13:54:13.644826,Sad,"[0.21423281729221344, 0.023944636806845665, 0.15389880537986755, 0.14925986528396606, 0.30638715624809265, 0.016016928479075432, 0.1362597793340683]"
2025-09-04 13:54:13.683397,Sad,"[0.18574710190296173, 0.02228521555662155, 0.24404089152812958, 0.0930745005607605, 0.3092593848705292, 0.02896694280207157, 0.11662586033344269]"
2025-09-04 13:54:13.723178,Sad,"[0.2102188616991043, 0.025429533794522285, 0.15627384185791016, 0.20789124071598053, 0.2399861365556717, 0.03785288333892822, 0.1223473995923996]"
2025-09-04 13:54:13.762339,Neutral,"[0.13502316176891327, 0.014527570456266403, 0.12541964650154114, 0.20785531401634216, 0.1749703288078308, 0.08459758758544922, 0.2576064467430115]"
2025-09-04 13:54:13.918917,Sad,"[0.20824317634105682, 0.022359775379300117, 0.1482771337032318, 0.13833075761795044, 0.30328691005706787, 0.017965735867619514, 0.1615365743637085]"
2025-09-04 13:54:13.957817,Sad,"[0.16743946075439453, 0.01919289492070675, 0.15048858523368835, 0.20649361610412598, 0.2136368751525879, 0.06454531848430634, 0.1782032549381256]"
2025-09-04 13:54:14.077422,Sad,"[0.20242130756378174, 0.020546957850456238, 0.1434202343225479, 0.11328115314245224, 0.2987040579319, 0.021568743512034416, 0.2000574916601181]"
2025-09-04 13:54:14.115491,Happy,"[0.1575668603181839, 0.018736442551016808, 0.13631951808929443, 0.2790622413158417, 0.20955020189285278, 0.037884388118982315, 0.16088032722473145]"
2025-09-04 13:54:14.244968,Sad,"[0.2209380716085434, 0.023571891710162163, 0.14653337001800537, 0.11428920179605484, 0.35382410883903503, 0.008030765689909458, 0.13281258940696716]"
2025-09-04 13:54:14.283030,Happy,"[0.17717018723487854, 0.02061026357114315, 0.14849258959293365, 0.22034773230552673, 0.2127053439617157, 0.05888015031814575, 0.16179384291172028]"
2025-09-04 13:54:14.412774,Sad,"[0.21616342663764954, 0.022867579013109207, 0.14594465494155884, 0.11960060894489288, 0.33608418703079224, 0.010854698717594147, 0.14848485589027405]"
2025-09-04 13:54:14.452353,Happy,"[0.13346880674362183, 0.01530617568641901, 0.11971129477024078, 0.2778448760509491, 0.17147138714790344, 0.06913073360919952, 0.21306677162647247]"
2025-09-04 13:54:14.490640,Sad,"[0.17351430654525757, 0.017643844708800316, 0.16591006517410278, 0.09577996283769608, 0.3222140967845917, 0.019003579393029213, 0.20593419671058655]"
2025-09-04 13:54:14.612723,Sad,"[0.2028847336769104, 0.020826861262321472, 0.14182648062705994, 0.12200002372264862, 0.3092709481716156, 0.017035482451319695, 0.18615545332431793]"
2025-09-04 13:54:14.652947,Happy,"[0.11818643659353256, 0.013713671825826168, 0.09414389729499817, 0.32355672121047974, 0.17004156112670898, 0.04252279922366142, 0.23783496022224426]"
2025-09-04 13:54:14.690990,Sad,"[0.16829438507556915, 0.016954950988292694, 0.20428480207920074, 0.050914399325847626, 0.34950610995292664, 0.01856101304292679, 0.19148431718349457]"
2025-09-04 13:54:14.807775,Happy,"[0.15144358575344086, 0.017137611284852028, 0.12894700467586517, 0.21947503089904785, 0.18443267047405243, 0.08638148009777069, 0.21218255162239075]"
2025-09-04 13:54:14.846924,Sad,"[0.1867329180240631, 0.01974010095000267, 0.18422658741474152, 0.08931981772184372, 0.3089058995246887, 0.027766428887844086, 0.18330824375152588]"
2025-09-04 13:54:14.887777,Sad,"[0.20746584236621857, 0.025898894295096397, 0.16529472172260284, 0.11510073393583298, 0.4348662495613098, 0.0013704006560146809, 0.05000317841768265]"
