2025-08-09 21:25:39,141 - INFO - Starting Facial Expression Recognition project
2025-08-09 21:25:48,349 - INFO - Validated directory /Users/nazmussakibsheam/GUB/Data-mining-lab/face_expression_detector/fer2013/train
2025-08-09 21:25:48,350 - INFO - Validated directory /Users/nazmussakibsheam/GUB/Data-mining-lab/face_expression_detector/fer2013/test
2025-08-09 21:25:49,019 - INFO - Built MobileNetV2 model
2025-08-09 21:29:09,076 - INFO - Starting Facial Expression Recognition project
2025-08-09 21:29:11,317 - INFO - Validated directory /Users/nazmussakibsheam/GUB/Data-mining-lab/face_expression_detector/fer2013/train
2025-08-09 21:29:11,318 - INFO - Validated directory /Users/nazmussakibsheam/GUB/Data-mining-lab/face_expression_detector/fer2013/test
2025-08-09 21:29:11,814 - INFO - Built MobileNetV2 model
2025-08-09 21:30:05,327 - INFO - Starting Facial Expression Recognition project
2025-08-09 21:30:08,382 - INFO - Validated directory /Users/nazmussakibsheam/GUB/Data-mining-lab/face_expression_detector/fer2013/train
2025-08-09 21:30:08,383 - INFO - Validated directory /Users/nazmussakibsheam/GUB/Data-mining-lab/face_expression_detector/fer2013/test
2025-08-09 21:30:08,867 - INFO - Built MobileNetV2 model
2025-08-09 21:38:06,208 - INFO - Model training completed
2025-08-09 21:38:37,552 - INFO - Validation Loss: 1.5924, Validation Accuracy: 0.3867
2025-08-09 21:39:14,009 - INFO - Test Loss: 1.5721, Test Accuracy: 0.4018
2025-08-09 21:39:14,164 - INFO - Plotted and saved training history
2025-08-09 21:40:10,909 - INFO - Generated and saved confusion matrix
2025-08-09 21:40:10,909 - INFO - Starting webcam feed for emotion detection. Press 'q' to quit.
2025-08-09 21:40:26,136 - INFO - Recording video to output.avi
2025-08-09 21:40:27,881 - ERROR - Failed to capture frame from webcam
2025-08-09 21:40:27,935 - INFO - Stopped webcam feed
2025-08-09 21:40:27,946 - INFO - Saved emotion history to emotion_history.csv
2025-08-09 21:40:27,948 - INFO - Run 'streamlit run dashboard.py' to view the emotion dashboard.
2025-08-09 21:44:37,480 - INFO - Starting Facial Expression Recognition project
2025-08-09 21:45:28,722 - INFO - Starting Facial Expression Recognition project
2025-08-09 21:45:30,626 - INFO - Validated directory /Users/nazmussakibsheam/GUB/Data-mining-lab/face_expression_detector/fer2013/train
2025-08-09 21:45:30,627 - INFO - Validated directory /Users/nazmussakibsheam/GUB/Data-mining-lab/face_expression_detector/fer2013/test
2025-08-09 21:45:31,308 - INFO - Built MobileNetV2 model
2025-08-09 21:50:23,687 - INFO - Starting Facial Expression Recognition project
2025-08-09 21:50:37,758 - INFO - Validated directory /Users/nazmussakibsheam/GUB/Data-mining-lab/face_expression_detector/fer2013/train
2025-08-09 21:50:37,759 - INFO - Validated directory /Users/nazmussakibsheam/GUB/Data-mining-lab/face_expression_detector/fer2013/test
2025-08-09 21:50:45,160 - INFO - Loaded pre-trained model from facial_expression_model.keras
2025-08-09 21:51:17,246 - INFO - Validation Loss: 1.6361, Validation Accuracy: 0.3564
2025-08-09 21:51:54,592 - INFO - Test Loss: 1.6146, Test Accuracy: 0.3897
2025-08-09 21:51:54,592 - INFO - No training history available for pre-trained model. Skipping history plot.
2025-08-09 21:52:51,961 - INFO - Generated and saved confusion matrix
2025-08-09 21:52:51,962 - INFO - Starting webcam feed for emotion detection. Press 'q' to quit.
2025-08-09 21:53:03,348 - INFO - Recording video to output.avi
2025-08-09 21:58:27,705 - INFO - Stopped webcam feed
2025-08-09 21:58:27,737 - INFO - Saved emotion history to emotion_history.csv
2025-08-09 21:58:27,740 - INFO - Run 'streamlit run dashboard.py' to view the emotion dashboard.
2025-08-09 21:59:04,293 - INFO - Starting Facial Expression Recognition project
2025-08-09 21:59:07,904 - INFO - Validated directory /Users/nazmussakibsheam/GUB/Data-mining-lab/face_expression_detector/fer2013/train
2025-08-09 21:59:07,905 - INFO - Validated directory /Users/nazmussakibsheam/GUB/Data-mining-lab/face_expression_detector/fer2013/test
2025-08-09 21:59:14,286 - INFO - Loaded pre-trained model from facial_expression_model.keras
2025-08-09 21:59:45,225 - INFO - Validation Loss: 1.6370, Validation Accuracy: 0.3496
2025-08-09 22:00:21,018 - INFO - Test Loss: 1.6146, Test Accuracy: 0.3897
2025-08-09 22:00:21,019 - INFO - No training history available for pre-trained model. Skipping history plot.
2025-08-09 22:01:16,902 - INFO - Generated and saved confusion matrix
2025-08-09 22:01:16,902 - INFO - Starting webcam feed for emotion detection. Press 'q' to quit.
2025-08-09 22:01:20,102 - INFO - Recording video to output.avi
2025-08-09 22:02:29,819 - INFO - Starting Facial Expression Recognition project
2025-08-09 22:02:32,138 - INFO - Validated directory /Users/nazmussakibsheam/GUB/Data-mining-lab/face_expression_detector/fer2013/train
2025-08-09 22:02:32,139 - INFO - Validated directory /Users/nazmussakibsheam/GUB/Data-mining-lab/face_expression_detector/fer2013/test
2025-08-09 22:02:43,691 - INFO - Loaded pre-trained model from facial_expression_model.keras
2025-08-09 22:03:15,673 - INFO - Validation Loss: 1.6348, Validation Accuracy: 0.3607
2025-08-09 22:03:50,885 - INFO - Test Loss: 1.6146, Test Accuracy: 0.3897
2025-08-09 22:03:50,885 - INFO - No training history available for pre-trained model. Skipping history plot.
2025-08-09 22:04:47,510 - INFO - Generated and saved confusion matrix
2025-08-09 22:04:47,511 - INFO - Starting webcam feed for emotion detection. Press 'q' to quit.
2025-08-09 22:04:51,420 - INFO - Recording video to output.avi
2025-08-09 22:05:54,437 - INFO - Starting Facial Expression Recognition project
2025-08-09 22:06:03,613 - INFO - Validated directory /Users/nazmussakibsheam/GUB/Data-mining-lab/face_expression_detector/fer2013/train
2025-08-09 22:06:03,614 - INFO - Validated directory /Users/nazmussakibsheam/GUB/Data-mining-lab/face_expression_detector/fer2013/test
2025-08-09 22:06:06,475 - INFO - Loaded pre-trained model from facial_expression_model.keras
2025-08-09 22:06:38,048 - INFO - Validation Loss: 1.6354, Validation Accuracy: 0.3515
2025-08-09 22:07:13,937 - INFO - Test Loss: 1.6146, Test Accuracy: 0.3897
2025-08-09 22:07:13,937 - INFO - No training history available for pre-trained model. Skipping history plot.
2025-08-09 22:08:10,065 - INFO - Generated and saved confusion matrix
2025-08-09 22:08:10,066 - INFO - Starting webcam feed for emotion detection. Press 'q' to quit.
2025-08-09 22:08:13,786 - INFO - Recording video to output.avi
2025-08-09 22:09:20,489 - INFO - Stopped webcam feed
2025-08-09 22:09:20,499 - INFO - Saved emotion history to emotion_history.csv
2025-08-09 22:09:20,503 - INFO - Run 'streamlit run dashboard.py' to view the emotion dashboard.
2025-08-09 22:19:35,555 - INFO - Starting Facial Expression Recognition project
2025-08-09 22:19:40,715 - INFO - Testing emoji rendering
2025-08-09 22:19:40,856 - INFO - Displaying emoji test window. Press any key to exit.
2025-08-09 22:19:52,791 - INFO - Emoji test completed
2025-08-09 22:19:57,364 - INFO - Validated directory /Users/nazmussakibsheam/GUB/Data-mining-lab/face_expression_detector/fer2013/train
2025-08-09 22:19:57,365 - INFO - Validated directory /Users/nazmussakibsheam/GUB/Data-mining-lab/face_expression_detector/fer2013/test
2025-08-09 22:25:52,665 - INFO - Loaded pre-trained model from facial_expression_model.keras
2025-08-09 22:26:44,361 - INFO - Starting Facial Expression Recognition project
2025-08-09 22:26:49,057 - INFO - Testing emoji rendering
2025-08-09 22:26:49,069 - INFO - Using font: Arial Unicode
2025-08-09 22:26:49,072 - INFO - Using font: Arial Unicode
2025-08-09 22:26:49,075 - INFO - Using font: Arial Unicode
2025-08-09 22:26:49,077 - INFO - Using font: Arial Unicode
2025-08-09 22:26:49,080 - INFO - Using font: Arial Unicode
2025-08-09 22:26:49,082 - INFO - Using font: Arial Unicode
2025-08-09 22:26:49,086 - INFO - Using font: Arial Unicode
2025-08-09 22:26:49,104 - INFO - Displaying emoji test window. Press any key to exit.
2025-09-04 11:11:51,944 - INFO - Starting Facial Expression Recognition project
2025-09-04 11:12:06,124 - INFO - Validated directory /Users/nazmussakibsheam/GUB/Data-mining-lab/face_expression_detector/fer2013/train
2025-09-04 11:12:06,127 - INFO - Validated directory /Users/nazmussakibsheam/GUB/Data-mining-lab/face_expression_detector/fer2013/test
2025-09-04 11:32:04,732 - INFO - Starting Facial Expression Recognition project
2025-09-04 11:32:15,586 - INFO - Validated directory /Users/nazmussakibsheam/GUB/Data-mining-lab/face_expression_detector/fer2013/train
2025-09-04 11:32:15,587 - INFO - Validated directory /Users/nazmussakibsheam/GUB/Data-mining-lab/face_expression_detector/fer2013/test
2025-09-04 11:32:33,233 - INFO - Loaded pre-trained model from facial_expression_model.keras
2025-09-04 11:33:03,251 - INFO - Validation Loss: 1.6348, Validation Accuracy: 0.3571
2025-09-04 11:33:37,550 - INFO - Test Loss: 1.6146, Test Accuracy: 0.3897
2025-09-04 11:33:37,550 - INFO - No training history available for pre-trained model. Skipping history plot.
2025-09-04 11:34:13,086 - ERROR - Task was destroyed but it is pending!
task: <Task pending name='Task-2' coro=<Kernel.poll_control_queue() running at /Users/nazmussakibsheam/Dev/Thesis/10 2/mp-env/lib/python3.10/site-packages/ipykernel/kernelbase.py:309> wait_for=<Future pending cb=[Task.task_wakeup()]> cb=[_chain_future.<locals>._call_set_state() at /opt/homebrew/Cellar/python@3.10/3.10.18/Frameworks/Python.framework/Versions/3.10/lib/python3.10/asyncio/futures.py:392]>
2025-09-04 11:35:27,222 - INFO - Starting Facial Expression Recognition project
2025-09-04 11:35:39,593 - INFO - Validated directory /Users/nazmussakibsheam/GUB/Data-mining-lab/face_expression_detector/fer2013/train
2025-09-04 11:35:39,594 - INFO - Validated directory /Users/nazmussakibsheam/GUB/Data-mining-lab/face_expression_detector/fer2013/test
2025-09-04 11:35:46,266 - INFO - Built MobileNetV2 model
2025-09-04 11:43:48,581 - INFO - Model training completed
2025-09-04 11:44:21,774 - INFO - Validation Loss: 1.5990, Validation Accuracy: 0.3785
2025-09-04 11:44:58,163 - INFO - Test Loss: 1.5965, Test Accuracy: 0.3846
2025-09-04 11:44:58,368 - INFO - Plotted and saved training history
2025-09-04 11:45:56,071 - INFO - Generated and saved confusion matrix
2025-09-04 11:45:56,072 - INFO - Starting webcam feed for emotion detection. Press 'q' to quit.
2025-09-04 12:03:03,821 - ERROR - Task was destroyed but it is pending!
task: <Task pending name='Task-3' coro=<Kernel.poll_control_queue() running at /Users/nazmussakibsheam/Dev/Thesis/10 2/mp-env/lib/python3.10/site-packages/ipykernel/kernelbase.py:309> wait_for=<Future pending cb=[Task.task_wakeup()]> cb=[_chain_future.<locals>._call_set_state() at /opt/homebrew/Cellar/python@3.10/3.10.18/Frameworks/Python.framework/Versions/3.10/lib/python3.10/asyncio/futures.py:392]>
2025-09-04 12:03:33,636 - INFO - Starting Facial Expression Recognition project
2025-09-04 12:03:49,736 - INFO - Validated directory /Users/nazmussakibsheam/GUB/Data-mining-lab/face_expression_detector/fer2013/train
2025-09-04 12:03:49,737 - INFO - Validated directory /Users/nazmussakibsheam/GUB/Data-mining-lab/face_expression_detector/fer2013/test
2025-09-04 12:03:54,523 - INFO - Built MobileNetV2 model
2025-09-04 12:11:59,578 - INFO - Model training completed
2025-09-04 12:12:33,177 - INFO - Validation Loss: 1.6140, Validation Accuracy: 0.3731
2025-09-04 12:13:11,288 - INFO - Test Loss: 1.5882, Test Accuracy: 0.3927
2025-09-04 12:13:11,420 - INFO - Plotted and saved training history
2025-09-04 12:14:09,250 - INFO - Generated and saved confusion matrix
2025-09-04 12:14:09,250 - INFO - Starting webcam feed for emotion detection. Press 'q' to quit.
2025-09-04 12:14:17,151 - INFO - Using font: Arial Unicode
2025-09-04 12:14:17,160 - INFO - Using font: Arial Unicode
2025-09-04 12:14:17,408 - INFO - Using font: Arial Unicode
2025-09-04 12:14:17,418 - INFO - Using font: Arial Unicode
2025-09-04 12:14:17,456 - INFO - Using font: Arial Unicode
2025-09-04 12:14:17,463 - INFO - Using font: Arial Unicode
2025-09-04 12:14:18,465 - INFO - Using font: Arial Unicode
2025-09-04 12:14:18,472 - INFO - Using font: Arial Unicode
2025-09-04 12:14:18,610 - INFO - Using font: Arial Unicode
2025-09-04 12:14:18,617 - INFO - Using font: Arial Unicode
2025-09-04 12:14:18,660 - INFO - Using font: Arial Unicode
2025-09-04 12:14:18,670 - INFO - Using font: Arial Unicode
2025-09-04 12:14:18,707 - INFO - Using font: Arial Unicode
2025-09-04 12:14:18,713 - INFO - Using font: Arial Unicode
2025-09-04 12:14:18,756 - INFO - Using font: Arial Unicode
2025-09-04 12:14:18,763 - INFO - Using font: Arial Unicode
2025-09-04 12:14:19,042 - INFO - Using font: Arial Unicode
2025-09-04 12:14:19,049 - INFO - Using font: Arial Unicode
2025-09-04 12:14:19,199 - INFO - Using font: Arial Unicode
2025-09-04 12:14:19,206 - INFO - Using font: Arial Unicode
2025-09-04 12:14:19,247 - INFO - Using font: Arial Unicode
2025-09-04 12:14:19,253 - INFO - Using font: Arial Unicode
2025-09-04 12:14:19,294 - INFO - Using font: Arial Unicode
2025-09-04 12:14:19,301 - INFO - Using font: Arial Unicode
2025-09-04 12:14:19,457 - INFO - Using font: Arial Unicode
2025-09-04 12:14:19,464 - INFO - Using font: Arial Unicode
2025-09-04 12:14:19,617 - INFO - Using font: Arial Unicode
2025-09-04 12:14:19,623 - INFO - Using font: Arial Unicode
2025-09-04 12:14:19,762 - INFO - Using font: Arial Unicode
2025-09-04 12:14:19,768 - INFO - Using font: Arial Unicode
2025-09-04 12:14:19,927 - INFO - Using font: Arial Unicode
2025-09-04 12:14:19,933 - INFO - Using font: Arial Unicode
2025-09-04 12:14:19,974 - INFO - Using font: Arial Unicode
2025-09-04 12:14:19,980 - INFO - Using font: Arial Unicode
2025-09-04 12:14:20,124 - INFO - Using font: Arial Unicode
2025-09-04 12:14:20,131 - INFO - Using font: Arial Unicode
2025-09-04 12:14:20,280 - INFO - Using font: Arial Unicode
2025-09-04 12:14:20,286 - INFO - Using font: Arial Unicode
2025-09-04 12:14:20,324 - INFO - Using font: Arial Unicode
2025-09-04 12:14:20,330 - INFO - Using font: Arial Unicode
2025-09-04 12:14:20,505 - INFO - Using font: Arial Unicode
2025-09-04 12:14:20,512 - INFO - Using font: Arial Unicode
2025-09-04 12:14:20,657 - INFO - Using font: Arial Unicode
2025-09-04 12:14:20,664 - INFO - Using font: Arial Unicode
2025-09-04 12:14:20,705 - INFO - Using font: Arial Unicode
2025-09-04 12:14:20,712 - INFO - Using font: Arial Unicode
2025-09-04 12:14:20,862 - INFO - Using font: Arial Unicode
2025-09-04 12:14:20,868 - INFO - Using font: Arial Unicode
2025-09-04 12:14:21,032 - INFO - Using font: Arial Unicode
2025-09-04 12:14:21,039 - INFO - Using font: Arial Unicode
2025-09-04 12:14:21,201 - INFO - Using font: Arial Unicode
2025-09-04 12:14:21,207 - INFO - Using font: Arial Unicode
2025-09-04 12:14:21,246 - INFO - Using font: Arial Unicode
2025-09-04 12:14:21,252 - INFO - Using font: Arial Unicode
2025-09-04 12:14:21,418 - INFO - Using font: Arial Unicode
2025-09-04 12:14:21,425 - INFO - Using font: Arial Unicode
2025-09-04 12:14:21,461 - INFO - Using font: Arial Unicode
2025-09-04 12:14:21,468 - INFO - Using font: Arial Unicode
2025-09-04 12:14:21,631 - INFO - Using font: Arial Unicode
2025-09-04 12:14:21,637 - INFO - Using font: Arial Unicode
2025-09-04 12:14:21,789 - INFO - Using font: Arial Unicode
2025-09-04 12:14:21,796 - INFO - Using font: Arial Unicode
2025-09-04 12:14:21,835 - INFO - Using font: Arial Unicode
2025-09-04 12:14:21,842 - INFO - Using font: Arial Unicode
2025-09-04 12:14:21,882 - INFO - Using font: Arial Unicode
2025-09-04 12:14:21,889 - INFO - Using font: Arial Unicode
2025-09-04 12:14:22,028 - INFO - Using font: Arial Unicode
2025-09-04 12:14:22,035 - INFO - Using font: Arial Unicode
2025-09-04 12:14:22,078 - INFO - Using font: Arial Unicode
2025-09-04 12:14:22,084 - INFO - Using font: Arial Unicode
2025-09-04 12:14:22,254 - INFO - Using font: Arial Unicode
2025-09-04 12:14:22,262 - INFO - Using font: Arial Unicode
2025-09-04 12:14:22,415 - INFO - Using font: Arial Unicode
2025-09-04 12:14:22,422 - INFO - Using font: Arial Unicode
2025-09-04 12:14:22,466 - INFO - Using font: Arial Unicode
2025-09-04 12:14:22,473 - INFO - Using font: Arial Unicode
2025-09-04 12:14:22,613 - INFO - Using font: Arial Unicode
2025-09-04 12:14:22,620 - INFO - Using font: Arial Unicode
2025-09-04 12:14:22,756 - INFO - Using font: Arial Unicode
2025-09-04 12:14:22,762 - INFO - Using font: Arial Unicode
2025-09-04 12:14:22,806 - INFO - Using font: Arial Unicode
2025-09-04 12:14:22,813 - INFO - Using font: Arial Unicode
2025-09-04 12:14:22,968 - INFO - Using font: Arial Unicode
2025-09-04 12:14:22,974 - INFO - Using font: Arial Unicode
2025-09-04 12:14:23,012 - INFO - Using font: Arial Unicode
2025-09-04 12:14:23,019 - INFO - Using font: Arial Unicode
2025-09-04 12:14:23,153 - INFO - Using font: Arial Unicode
2025-09-04 12:14:23,159 - INFO - Using font: Arial Unicode
2025-09-04 12:14:23,194 - INFO - Using font: Arial Unicode
2025-09-04 12:14:23,200 - INFO - Using font: Arial Unicode
2025-09-04 12:14:23,351 - INFO - Using font: Arial Unicode
2025-09-04 12:14:23,358 - INFO - Using font: Arial Unicode
2025-09-04 12:14:23,394 - INFO - Using font: Arial Unicode
2025-09-04 12:14:23,400 - INFO - Using font: Arial Unicode
2025-09-04 12:14:23,437 - INFO - Using font: Arial Unicode
2025-09-04 12:14:23,444 - INFO - Using font: Arial Unicode
2025-09-04 12:14:23,584 - INFO - Using font: Arial Unicode
2025-09-04 12:14:23,590 - INFO - Using font: Arial Unicode
2025-09-04 12:14:23,625 - INFO - Using font: Arial Unicode
2025-09-04 12:14:23,631 - INFO - Using font: Arial Unicode
2025-09-04 12:14:23,669 - INFO - Using font: Arial Unicode
2025-09-04 12:14:23,676 - INFO - Using font: Arial Unicode
2025-09-04 12:14:23,804 - INFO - Using font: Arial Unicode
2025-09-04 12:14:23,811 - INFO - Using font: Arial Unicode
2025-09-04 12:14:23,954 - INFO - Using font: Arial Unicode
2025-09-04 12:14:23,961 - INFO - Using font: Arial Unicode
2025-09-04 12:14:24,120 - INFO - Using font: Arial Unicode
2025-09-04 12:14:24,128 - INFO - Using font: Arial Unicode
2025-09-04 12:14:24,167 - INFO - Using font: Arial Unicode
2025-09-04 12:14:24,173 - INFO - Using font: Arial Unicode
2025-09-04 12:14:24,306 - INFO - Using font: Arial Unicode
2025-09-04 12:14:24,313 - INFO - Using font: Arial Unicode
2025-09-04 12:14:24,350 - INFO - Using font: Arial Unicode
2025-09-04 12:14:24,356 - INFO - Using font: Arial Unicode
2025-09-04 12:14:24,510 - INFO - Using font: Arial Unicode
2025-09-04 12:14:24,518 - INFO - Using font: Arial Unicode
2025-09-04 12:14:24,556 - INFO - Using font: Arial Unicode
2025-09-04 12:14:24,563 - INFO - Using font: Arial Unicode
2025-09-04 12:14:24,717 - INFO - Using font: Arial Unicode
2025-09-04 12:14:24,723 - INFO - Using font: Arial Unicode
2025-09-04 12:14:24,759 - INFO - Using font: Arial Unicode
2025-09-04 12:14:24,765 - INFO - Using font: Arial Unicode
2025-09-04 12:14:24,804 - INFO - Using font: Arial Unicode
2025-09-04 12:14:24,811 - INFO - Using font: Arial Unicode
2025-09-04 12:14:24,944 - INFO - Using font: Arial Unicode
2025-09-04 12:14:24,951 - INFO - Using font: Arial Unicode
2025-09-04 12:14:25,082 - INFO - Using font: Arial Unicode
2025-09-04 12:14:25,088 - INFO - Using font: Arial Unicode
2025-09-04 12:14:25,247 - INFO - Using font: Arial Unicode
2025-09-04 12:14:25,254 - INFO - Using font: Arial Unicode
2025-09-04 12:14:25,383 - INFO - Using font: Arial Unicode
2025-09-04 12:14:25,389 - INFO - Using font: Arial Unicode
2025-09-04 12:14:25,426 - INFO - Using font: Arial Unicode
2025-09-04 12:14:25,432 - INFO - Using font: Arial Unicode
2025-09-04 12:14:25,583 - INFO - Using font: Arial Unicode
2025-09-04 12:14:25,590 - INFO - Using font: Arial Unicode
2025-09-04 12:14:25,630 - INFO - Using font: Arial Unicode
2025-09-04 12:14:25,637 - INFO - Using font: Arial Unicode
2025-09-04 12:14:25,785 - INFO - Using font: Arial Unicode
2025-09-04 12:14:25,791 - INFO - Using font: Arial Unicode
2025-09-04 12:14:25,832 - INFO - Using font: Arial Unicode
2025-09-04 12:14:25,838 - INFO - Using font: Arial Unicode
2025-09-04 12:14:25,978 - INFO - Using font: Arial Unicode
2025-09-04 12:14:25,984 - INFO - Using font: Arial Unicode
2025-09-04 12:14:26,038 - INFO - Using font: Arial Unicode
2025-09-04 12:14:26,046 - INFO - Using font: Arial Unicode
2025-09-04 12:14:26,195 - INFO - Using font: Arial Unicode
2025-09-04 12:14:26,202 - INFO - Using font: Arial Unicode
2025-09-04 12:14:26,358 - INFO - Using font: Arial Unicode
2025-09-04 12:14:26,365 - INFO - Using font: Arial Unicode
2025-09-04 12:14:26,537 - INFO - Using font: Arial Unicode
2025-09-04 12:14:26,543 - INFO - Using font: Arial Unicode
2025-09-04 12:14:26,581 - INFO - Using font: Arial Unicode
2025-09-04 12:14:26,587 - INFO - Using font: Arial Unicode
2025-09-04 12:14:26,625 - INFO - Using font: Arial Unicode
2025-09-04 12:14:26,632 - INFO - Using font: Arial Unicode
2025-09-04 12:14:26,786 - INFO - Using font: Arial Unicode
2025-09-04 12:14:26,793 - INFO - Using font: Arial Unicode
2025-09-04 12:14:26,830 - INFO - Using font: Arial Unicode
2025-09-04 12:14:26,836 - INFO - Using font: Arial Unicode
2025-09-04 12:14:26,976 - INFO - Using font: Arial Unicode
2025-09-04 12:14:26,983 - INFO - Using font: Arial Unicode
2025-09-04 12:14:27,021 - INFO - Using font: Arial Unicode
2025-09-04 12:14:27,028 - INFO - Using font: Arial Unicode
2025-09-04 12:14:27,069 - INFO - Using font: Arial Unicode
2025-09-04 12:14:27,077 - INFO - Using font: Arial Unicode
2025-09-04 12:14:27,116 - INFO - Using font: Arial Unicode
2025-09-04 12:14:27,123 - INFO - Using font: Arial Unicode
2025-09-04 12:14:27,259 - INFO - Using font: Arial Unicode
2025-09-04 12:14:27,266 - INFO - Using font: Arial Unicode
2025-09-04 12:14:27,302 - INFO - Using font: Arial Unicode
2025-09-04 12:14:27,308 - INFO - Using font: Arial Unicode
2025-09-04 12:14:27,348 - INFO - Using font: Arial Unicode
2025-09-04 12:14:27,355 - INFO - Using font: Arial Unicode
2025-09-04 12:14:27,393 - INFO - Using font: Arial Unicode
2025-09-04 12:14:27,400 - INFO - Using font: Arial Unicode
2025-09-04 12:14:27,441 - INFO - Using font: Arial Unicode
2025-09-04 12:14:27,448 - INFO - Using font: Arial Unicode
2025-09-04 12:14:27,594 - INFO - Using font: Arial Unicode
2025-09-04 12:14:27,601 - INFO - Using font: Arial Unicode
2025-09-04 12:14:27,638 - INFO - Using font: Arial Unicode
2025-09-04 12:14:27,645 - INFO - Using font: Arial Unicode
2025-09-04 12:14:27,783 - INFO - Using font: Arial Unicode
2025-09-04 12:14:27,790 - INFO - Using font: Arial Unicode
2025-09-04 12:14:27,830 - INFO - Using font: Arial Unicode
2025-09-04 12:14:27,836 - INFO - Using font: Arial Unicode
2025-09-04 12:14:27,873 - INFO - Using font: Arial Unicode
2025-09-04 12:14:27,879 - INFO - Using font: Arial Unicode
2025-09-04 12:14:28,017 - INFO - Using font: Arial Unicode
2025-09-04 12:14:28,023 - INFO - Using font: Arial Unicode
2025-09-04 12:14:28,059 - INFO - Using font: Arial Unicode
2025-09-04 12:14:28,066 - INFO - Using font: Arial Unicode
2025-09-04 12:14:28,104 - INFO - Using font: Arial Unicode
2025-09-04 12:14:28,111 - INFO - Using font: Arial Unicode
2025-09-04 12:14:28,244 - INFO - Using font: Arial Unicode
2025-09-04 12:14:28,251 - INFO - Using font: Arial Unicode
2025-09-04 12:14:28,290 - INFO - Using font: Arial Unicode
2025-09-04 12:14:28,296 - INFO - Using font: Arial Unicode
2025-09-04 12:14:28,452 - INFO - Using font: Arial Unicode
2025-09-04 12:14:28,458 - INFO - Using font: Arial Unicode
2025-09-04 12:14:28,496 - INFO - Using font: Arial Unicode
2025-09-04 12:14:28,502 - INFO - Using font: Arial Unicode
2025-09-04 12:14:28,658 - INFO - Using font: Arial Unicode
2025-09-04 12:14:28,664 - INFO - Using font: Arial Unicode
2025-09-04 12:14:28,699 - INFO - Using font: Arial Unicode
2025-09-04 12:14:28,706 - INFO - Using font: Arial Unicode
2025-09-04 12:14:28,746 - INFO - Using font: Arial Unicode
2025-09-04 12:14:28,753 - INFO - Using font: Arial Unicode
2025-09-04 12:14:28,792 - INFO - Using font: Arial Unicode
2025-09-04 12:14:28,799 - INFO - Using font: Arial Unicode
2025-09-04 12:14:28,945 - INFO - Using font: Arial Unicode
2025-09-04 12:14:28,951 - INFO - Using font: Arial Unicode
2025-09-04 12:14:28,988 - INFO - Using font: Arial Unicode
2025-09-04 12:14:28,995 - INFO - Using font: Arial Unicode
2025-09-04 12:14:29,134 - INFO - Using font: Arial Unicode
2025-09-04 12:14:29,140 - INFO - Using font: Arial Unicode
2025-09-04 12:14:29,175 - INFO - Using font: Arial Unicode
2025-09-04 12:14:29,181 - INFO - Using font: Arial Unicode
2025-09-04 12:14:29,227 - INFO - Using font: Arial Unicode
2025-09-04 12:14:29,234 - INFO - Using font: Arial Unicode
2025-09-04 12:14:29,396 - INFO - Using font: Arial Unicode
2025-09-04 12:14:29,402 - INFO - Using font: Arial Unicode
2025-09-04 12:14:29,438 - INFO - Using font: Arial Unicode
2025-09-04 12:14:29,445 - INFO - Using font: Arial Unicode
2025-09-04 12:14:29,579 - INFO - Using font: Arial Unicode
2025-09-04 12:14:29,586 - INFO - Using font: Arial Unicode
2025-09-04 12:14:29,623 - INFO - Using font: Arial Unicode
2025-09-04 12:14:29,630 - INFO - Using font: Arial Unicode
2025-09-04 12:14:29,669 - INFO - Using font: Arial Unicode
2025-09-04 12:14:29,675 - INFO - Using font: Arial Unicode
2025-09-04 12:14:29,712 - INFO - Using font: Arial Unicode
2025-09-04 12:14:29,719 - INFO - Using font: Arial Unicode
2025-09-04 12:14:29,759 - INFO - Using font: Arial Unicode
2025-09-04 12:14:29,765 - INFO - Using font: Arial Unicode
2025-09-04 12:14:29,912 - INFO - Using font: Arial Unicode
2025-09-04 12:14:29,919 - INFO - Using font: Arial Unicode
2025-09-04 12:14:29,955 - INFO - Using font: Arial Unicode
2025-09-04 12:14:29,962 - INFO - Using font: Arial Unicode
2025-09-04 12:14:30,000 - INFO - Using font: Arial Unicode
2025-09-04 12:14:30,008 - INFO - Using font: Arial Unicode
2025-09-04 12:14:30,046 - INFO - Using font: Arial Unicode
2025-09-04 12:14:30,052 - INFO - Using font: Arial Unicode
2025-09-04 12:14:30,184 - INFO - Using font: Arial Unicode
2025-09-04 12:14:30,190 - INFO - Using font: Arial Unicode
2025-09-04 12:14:30,322 - INFO - Using font: Arial Unicode
2025-09-04 12:14:30,329 - INFO - Using font: Arial Unicode
2025-09-04 12:14:30,367 - INFO - Using font: Arial Unicode
2025-09-04 12:14:30,374 - INFO - Using font: Arial Unicode
2025-09-04 12:14:30,511 - INFO - Using font: Arial Unicode
2025-09-04 12:14:30,517 - INFO - Using font: Arial Unicode
2025-09-04 12:14:30,555 - INFO - Using font: Arial Unicode
2025-09-04 12:14:30,562 - INFO - Using font: Arial Unicode
2025-09-04 12:14:30,706 - INFO - Using font: Arial Unicode
2025-09-04 12:14:30,713 - INFO - Using font: Arial Unicode
2025-09-04 12:14:30,750 - INFO - Using font: Arial Unicode
2025-09-04 12:14:30,757 - INFO - Using font: Arial Unicode
2025-09-04 12:14:30,795 - INFO - Using font: Arial Unicode
2025-09-04 12:14:30,802 - INFO - Using font: Arial Unicode
2025-09-04 12:14:30,947 - INFO - Using font: Arial Unicode
2025-09-04 12:14:30,953 - INFO - Using font: Arial Unicode
2025-09-04 12:14:30,991 - INFO - Using font: Arial Unicode
2025-09-04 12:14:30,997 - INFO - Using font: Arial Unicode
2025-09-04 12:14:31,037 - INFO - Using font: Arial Unicode
2025-09-04 12:14:31,043 - INFO - Using font: Arial Unicode
2025-09-04 12:14:31,181 - INFO - Using font: Arial Unicode
2025-09-04 12:14:31,188 - INFO - Using font: Arial Unicode
2025-09-04 12:14:31,226 - INFO - Using font: Arial Unicode
2025-09-04 12:14:31,233 - INFO - Using font: Arial Unicode
2025-09-04 12:14:31,395 - INFO - Using font: Arial Unicode
2025-09-04 12:14:31,401 - INFO - Using font: Arial Unicode
2025-09-04 12:14:31,575 - INFO - Using font: Arial Unicode
2025-09-04 12:14:31,581 - INFO - Using font: Arial Unicode
2025-09-04 12:14:31,620 - INFO - Using font: Arial Unicode
2025-09-04 12:14:31,626 - INFO - Using font: Arial Unicode
2025-09-04 12:14:31,667 - INFO - Using font: Arial Unicode
2025-09-04 12:14:31,675 - INFO - Using font: Arial Unicode
2025-09-04 12:14:31,822 - INFO - Using font: Arial Unicode
2025-09-04 12:14:31,828 - INFO - Using font: Arial Unicode
2025-09-04 12:14:31,986 - INFO - Using font: Arial Unicode
2025-09-04 12:14:31,993 - INFO - Using font: Arial Unicode
2025-09-04 12:14:32,037 - INFO - Using font: Arial Unicode
2025-09-04 12:14:32,044 - INFO - Using font: Arial Unicode
2025-09-04 12:14:32,083 - INFO - Using font: Arial Unicode
2025-09-04 12:14:32,089 - INFO - Using font: Arial Unicode
2025-09-04 12:14:32,130 - INFO - Using font: Arial Unicode
2025-09-04 12:14:32,136 - INFO - Using font: Arial Unicode
2025-09-04 12:14:32,279 - INFO - Using font: Arial Unicode
2025-09-04 12:14:32,286 - INFO - Using font: Arial Unicode
2025-09-04 12:14:32,322 - INFO - Using font: Arial Unicode
2025-09-04 12:14:32,328 - INFO - Using font: Arial Unicode
2025-09-04 12:14:32,367 - INFO - Using font: Arial Unicode
2025-09-04 12:14:32,374 - INFO - Using font: Arial Unicode
2025-09-04 12:14:32,409 - INFO - Using font: Arial Unicode
2025-09-04 12:14:32,416 - INFO - Using font: Arial Unicode
2025-09-04 12:14:32,587 - INFO - Using font: Arial Unicode
2025-09-04 12:14:32,594 - INFO - Using font: Arial Unicode
2025-09-04 12:14:32,632 - INFO - Using font: Arial Unicode
2025-09-04 12:14:32,638 - INFO - Using font: Arial Unicode
2025-09-04 12:14:32,784 - INFO - Using font: Arial Unicode
2025-09-04 12:14:32,790 - INFO - Using font: Arial Unicode
2025-09-04 12:14:32,826 - INFO - Using font: Arial Unicode
2025-09-04 12:14:32,832 - INFO - Using font: Arial Unicode
2025-09-04 12:14:32,870 - INFO - Using font: Arial Unicode
2025-09-04 12:14:32,878 - INFO - Using font: Arial Unicode
2025-09-04 12:14:33,020 - INFO - Using font: Arial Unicode
2025-09-04 12:14:33,026 - INFO - Using font: Arial Unicode
2025-09-04 12:14:33,064 - INFO - Using font: Arial Unicode
2025-09-04 12:14:33,071 - INFO - Using font: Arial Unicode
2025-09-04 12:14:33,109 - INFO - Using font: Arial Unicode
2025-09-04 12:14:33,116 - INFO - Using font: Arial Unicode
2025-09-04 12:14:33,156 - INFO - Using font: Arial Unicode
2025-09-04 12:14:33,163 - INFO - Using font: Arial Unicode
2025-09-04 12:14:33,201 - INFO - Using font: Arial Unicode
2025-09-04 12:14:33,208 - INFO - Using font: Arial Unicode
2025-09-04 12:14:33,247 - INFO - Using font: Arial Unicode
2025-09-04 12:14:33,254 - INFO - Using font: Arial Unicode
2025-09-04 12:14:33,419 - INFO - Using font: Arial Unicode
2025-09-04 12:14:33,426 - INFO - Using font: Arial Unicode
2025-09-04 12:14:33,464 - INFO - Using font: Arial Unicode
2025-09-04 12:14:33,471 - INFO - Using font: Arial Unicode
2025-09-04 12:14:33,508 - INFO - Using font: Arial Unicode
2025-09-04 12:14:33,515 - INFO - Using font: Arial Unicode
2025-09-04 12:14:33,556 - INFO - Using font: Arial Unicode
2025-09-04 12:14:33,563 - INFO - Using font: Arial Unicode
2025-09-04 12:14:33,725 - INFO - Using font: Arial Unicode
2025-09-04 12:14:33,731 - INFO - Using font: Arial Unicode
2025-09-04 12:14:33,772 - INFO - Using font: Arial Unicode
2025-09-04 12:14:33,778 - INFO - Using font: Arial Unicode
2025-09-04 12:14:33,819 - INFO - Using font: Arial Unicode
2025-09-04 12:14:33,826 - INFO - Using font: Arial Unicode
2025-09-04 12:14:33,865 - INFO - Using font: Arial Unicode
2025-09-04 12:14:33,872 - INFO - Using font: Arial Unicode
2025-09-04 12:14:33,911 - INFO - Using font: Arial Unicode
2025-09-04 12:14:33,917 - INFO - Using font: Arial Unicode
2025-09-04 12:14:34,061 - INFO - Using font: Arial Unicode
2025-09-04 12:14:34,067 - INFO - Using font: Arial Unicode
2025-09-04 12:14:34,105 - INFO - Using font: Arial Unicode
2025-09-04 12:14:34,112 - INFO - Using font: Arial Unicode
2025-09-04 12:14:34,149 - INFO - Using font: Arial Unicode
2025-09-04 12:14:34,156 - INFO - Using font: Arial Unicode
2025-09-04 12:14:34,193 - INFO - Using font: Arial Unicode
2025-09-04 12:14:34,200 - INFO - Using font: Arial Unicode
2025-09-04 12:14:34,362 - INFO - Using font: Arial Unicode
2025-09-04 12:14:34,369 - INFO - Using font: Arial Unicode
2025-09-04 12:14:34,408 - INFO - Using font: Arial Unicode
2025-09-04 12:14:34,414 - INFO - Using font: Arial Unicode
2025-09-04 12:14:34,454 - INFO - Using font: Arial Unicode
2025-09-04 12:14:34,460 - INFO - Using font: Arial Unicode
2025-09-04 12:14:34,500 - INFO - Using font: Arial Unicode
2025-09-04 12:14:34,507 - INFO - Using font: Arial Unicode
2025-09-04 12:14:34,545 - INFO - Using font: Arial Unicode
2025-09-04 12:14:34,552 - INFO - Using font: Arial Unicode
2025-09-04 12:14:34,730 - INFO - Using font: Arial Unicode
2025-09-04 12:14:34,736 - INFO - Using font: Arial Unicode
2025-09-04 12:14:34,776 - INFO - Using font: Arial Unicode
2025-09-04 12:14:34,783 - INFO - Using font: Arial Unicode
2025-09-04 12:14:34,826 - INFO - Using font: Arial Unicode
2025-09-04 12:14:34,833 - INFO - Using font: Arial Unicode
2025-09-04 12:14:34,877 - INFO - Using font: Arial Unicode
2025-09-04 12:14:34,884 - INFO - Using font: Arial Unicode
2025-09-04 12:14:34,923 - INFO - Using font: Arial Unicode
2025-09-04 12:14:34,930 - INFO - Using font: Arial Unicode
2025-09-04 12:14:34,969 - INFO - Using font: Arial Unicode
2025-09-04 12:14:34,975 - INFO - Using font: Arial Unicode
2025-09-04 12:14:35,111 - INFO - Using font: Arial Unicode
2025-09-04 12:14:35,117 - INFO - Using font: Arial Unicode
2025-09-04 12:14:35,157 - INFO - Using font: Arial Unicode
2025-09-04 12:14:35,163 - INFO - Using font: Arial Unicode
2025-09-04 12:14:35,202 - INFO - Using font: Arial Unicode
2025-09-04 12:14:35,209 - INFO - Using font: Arial Unicode
2025-09-04 12:14:35,340 - INFO - Using font: Arial Unicode
2025-09-04 12:14:35,346 - INFO - Using font: Arial Unicode
2025-09-04 12:14:35,386 - INFO - Using font: Arial Unicode
2025-09-04 12:14:35,392 - INFO - Using font: Arial Unicode
2025-09-04 12:14:35,432 - INFO - Using font: Arial Unicode
2025-09-04 12:14:35,439 - INFO - Using font: Arial Unicode
2025-09-04 12:14:35,479 - INFO - Using font: Arial Unicode
2025-09-04 12:14:35,486 - INFO - Using font: Arial Unicode
2025-09-04 12:14:35,527 - INFO - Using font: Arial Unicode
2025-09-04 12:14:35,534 - INFO - Using font: Arial Unicode
2025-09-04 12:14:35,576 - INFO - Using font: Arial Unicode
2025-09-04 12:14:35,583 - INFO - Using font: Arial Unicode
2025-09-04 12:14:35,714 - INFO - Using font: Arial Unicode
2025-09-04 12:14:35,721 - INFO - Using font: Arial Unicode
2025-09-04 12:14:35,759 - INFO - Using font: Arial Unicode
2025-09-04 12:14:35,765 - INFO - Using font: Arial Unicode
2025-09-04 12:14:35,814 - INFO - Using font: Arial Unicode
2025-09-04 12:14:35,820 - INFO - Using font: Arial Unicode
2025-09-04 12:14:35,980 - INFO - Using font: Arial Unicode
2025-09-04 12:14:35,988 - INFO - Using font: Arial Unicode
2025-09-04 12:14:36,026 - INFO - Using font: Arial Unicode
2025-09-04 12:14:36,032 - INFO - Using font: Arial Unicode
2025-09-04 12:14:36,072 - INFO - Using font: Arial Unicode
2025-09-04 12:14:36,079 - INFO - Using font: Arial Unicode
2025-09-04 12:14:36,118 - INFO - Using font: Arial Unicode
2025-09-04 12:14:36,124 - INFO - Using font: Arial Unicode
2025-09-04 12:14:36,279 - INFO - Using font: Arial Unicode
2025-09-04 12:14:36,287 - INFO - Using font: Arial Unicode
2025-09-04 12:14:36,322 - INFO - Using font: Arial Unicode
2025-09-04 12:14:36,328 - INFO - Using font: Arial Unicode
2025-09-04 12:14:36,367 - INFO - Using font: Arial Unicode
2025-09-04 12:14:36,374 - INFO - Using font: Arial Unicode
2025-09-04 12:14:36,413 - INFO - Using font: Arial Unicode
2025-09-04 12:14:36,419 - INFO - Using font: Arial Unicode
2025-09-04 12:14:36,549 - INFO - Using font: Arial Unicode
2025-09-04 12:14:36,555 - INFO - Using font: Arial Unicode
2025-09-04 12:14:36,592 - INFO - Using font: Arial Unicode
2025-09-04 12:14:36,598 - INFO - Using font: Arial Unicode
2025-09-04 12:14:36,635 - INFO - Using font: Arial Unicode
2025-09-04 12:14:36,642 - INFO - Using font: Arial Unicode
2025-09-04 12:14:36,680 - INFO - Using font: Arial Unicode
2025-09-04 12:14:36,686 - INFO - Using font: Arial Unicode
2025-09-04 12:14:36,724 - INFO - Using font: Arial Unicode
2025-09-04 12:14:36,731 - INFO - Using font: Arial Unicode
2025-09-04 12:14:36,870 - INFO - Using font: Arial Unicode
2025-09-04 12:14:36,876 - INFO - Using font: Arial Unicode
2025-09-04 12:14:36,912 - INFO - Using font: Arial Unicode
2025-09-04 12:14:36,919 - INFO - Using font: Arial Unicode
2025-09-04 12:14:37,084 - INFO - Using font: Arial Unicode
2025-09-04 12:14:37,091 - INFO - Using font: Arial Unicode
2025-09-04 12:14:37,129 - INFO - Using font: Arial Unicode
2025-09-04 12:14:37,136 - INFO - Using font: Arial Unicode
2025-09-04 12:14:37,175 - INFO - Using font: Arial Unicode
2025-09-04 12:14:37,182 - INFO - Using font: Arial Unicode
2025-09-04 12:14:37,346 - INFO - Using font: Arial Unicode
2025-09-04 12:14:37,353 - INFO - Using font: Arial Unicode
2025-09-04 12:14:37,392 - INFO - Using font: Arial Unicode
2025-09-04 12:14:37,398 - INFO - Using font: Arial Unicode
2025-09-04 12:14:37,438 - INFO - Using font: Arial Unicode
2025-09-04 12:14:37,446 - INFO - Using font: Arial Unicode
2025-09-04 12:14:37,488 - INFO - Using font: Arial Unicode
2025-09-04 12:14:37,494 - INFO - Using font: Arial Unicode
2025-09-04 12:14:37,643 - INFO - Using font: Arial Unicode
2025-09-04 12:14:37,649 - INFO - Using font: Arial Unicode
2025-09-04 12:14:37,690 - INFO - Using font: Arial Unicode
2025-09-04 12:14:37,696 - INFO - Using font: Arial Unicode
2025-09-04 12:14:37,735 - INFO - Using font: Arial Unicode
2025-09-04 12:14:37,741 - INFO - Using font: Arial Unicode
2025-09-04 12:14:37,780 - INFO - Using font: Arial Unicode
2025-09-04 12:14:37,787 - INFO - Using font: Arial Unicode
2025-09-04 12:14:37,927 - INFO - Using font: Arial Unicode
2025-09-04 12:14:37,934 - INFO - Using font: Arial Unicode
2025-09-04 12:14:37,973 - INFO - Using font: Arial Unicode
2025-09-04 12:14:37,979 - INFO - Using font: Arial Unicode
2025-09-04 12:14:38,114 - INFO - Using font: Arial Unicode
2025-09-04 12:14:38,121 - INFO - Using font: Arial Unicode
2025-09-04 12:14:38,161 - INFO - Using font: Arial Unicode
2025-09-04 12:14:38,167 - INFO - Using font: Arial Unicode
2025-09-04 12:14:38,319 - INFO - Using font: Arial Unicode
2025-09-04 12:14:38,325 - INFO - Using font: Arial Unicode
2025-09-04 12:14:38,364 - INFO - Using font: Arial Unicode
2025-09-04 12:14:38,370 - INFO - Using font: Arial Unicode
2025-09-04 12:14:38,514 - INFO - Using font: Arial Unicode
2025-09-04 12:14:38,521 - INFO - Using font: Arial Unicode
2025-09-04 12:14:38,558 - INFO - Using font: Arial Unicode
2025-09-04 12:14:38,566 - INFO - Using font: Arial Unicode
2025-09-04 12:14:38,714 - INFO - Using font: Arial Unicode
2025-09-04 12:14:38,721 - INFO - Using font: Arial Unicode
2025-09-04 12:14:38,754 - INFO - Using font: Arial Unicode
2025-09-04 12:14:38,760 - INFO - Using font: Arial Unicode
2025-09-04 12:14:38,918 - INFO - Using font: Arial Unicode
2025-09-04 12:14:38,924 - INFO - Using font: Arial Unicode
2025-09-04 12:14:38,961 - INFO - Using font: Arial Unicode
2025-09-04 12:14:38,967 - INFO - Using font: Arial Unicode
2025-09-04 12:14:39,007 - INFO - Using font: Arial Unicode
2025-09-04 12:14:39,013 - INFO - Using font: Arial Unicode
2025-09-04 12:14:39,055 - INFO - Using font: Arial Unicode
2025-09-04 12:14:39,061 - INFO - Using font: Arial Unicode
2025-09-04 12:14:39,213 - INFO - Using font: Arial Unicode
2025-09-04 12:14:39,220 - INFO - Using font: Arial Unicode
2025-09-04 12:14:39,258 - INFO - Using font: Arial Unicode
2025-09-04 12:14:39,264 - INFO - Using font: Arial Unicode
2025-09-04 12:14:39,304 - INFO - Using font: Arial Unicode
2025-09-04 12:14:39,313 - INFO - Using font: Arial Unicode
2025-09-04 12:14:39,352 - INFO - Using font: Arial Unicode
2025-09-04 12:14:39,358 - INFO - Using font: Arial Unicode
2025-09-04 12:14:39,523 - INFO - Using font: Arial Unicode
2025-09-04 12:14:39,530 - INFO - Using font: Arial Unicode
2025-09-04 12:14:39,568 - INFO - Using font: Arial Unicode
2025-09-04 12:14:39,575 - INFO - Using font: Arial Unicode
2025-09-04 12:14:39,744 - INFO - Using font: Arial Unicode
2025-09-04 12:14:39,750 - INFO - Using font: Arial Unicode
2025-09-04 12:14:39,788 - INFO - Using font: Arial Unicode
2025-09-04 12:14:39,795 - INFO - Using font: Arial Unicode
2025-09-04 12:14:39,833 - INFO - Using font: Arial Unicode
2025-09-04 12:14:39,841 - INFO - Using font: Arial Unicode
2025-09-04 12:14:39,970 - INFO - Using font: Arial Unicode
2025-09-04 12:14:39,977 - INFO - Using font: Arial Unicode
2025-09-04 12:14:40,014 - INFO - Using font: Arial Unicode
2025-09-04 12:14:40,021 - INFO - Using font: Arial Unicode
2025-09-04 12:14:40,164 - INFO - Using font: Arial Unicode
2025-09-04 12:14:40,170 - INFO - Using font: Arial Unicode
2025-09-04 12:14:40,209 - INFO - Using font: Arial Unicode
2025-09-04 12:14:40,215 - INFO - Using font: Arial Unicode
2025-09-04 12:14:40,253 - INFO - Using font: Arial Unicode
2025-09-04 12:14:40,260 - INFO - Using font: Arial Unicode
2025-09-04 12:14:40,413 - INFO - Using font: Arial Unicode
2025-09-04 12:14:40,419 - INFO - Using font: Arial Unicode
2025-09-04 12:14:40,459 - INFO - Using font: Arial Unicode
2025-09-04 12:14:40,466 - INFO - Using font: Arial Unicode
2025-09-04 12:14:40,515 - INFO - Using font: Arial Unicode
2025-09-04 12:14:40,522 - INFO - Using font: Arial Unicode
2025-09-04 12:14:40,559 - INFO - Using font: Arial Unicode
2025-09-04 12:14:40,565 - INFO - Using font: Arial Unicode
2025-09-04 12:14:40,720 - INFO - Using font: Arial Unicode
2025-09-04 12:14:40,726 - INFO - Using font: Arial Unicode
2025-09-04 12:14:40,766 - INFO - Using font: Arial Unicode
2025-09-04 12:14:40,773 - INFO - Using font: Arial Unicode
2025-09-04 12:14:40,914 - INFO - Using font: Arial Unicode
2025-09-04 12:14:40,920 - INFO - Using font: Arial Unicode
2025-09-04 12:14:40,960 - INFO - Using font: Arial Unicode
2025-09-04 12:14:40,967 - INFO - Using font: Arial Unicode
2025-09-04 12:14:41,105 - INFO - Using font: Arial Unicode
2025-09-04 12:14:41,112 - INFO - Using font: Arial Unicode
2025-09-04 12:14:41,285 - INFO - Using font: Arial Unicode
2025-09-04 12:14:41,292 - INFO - Using font: Arial Unicode
2025-09-04 12:14:41,447 - INFO - Using font: Arial Unicode
2025-09-04 12:14:41,454 - INFO - Using font: Arial Unicode
2025-09-04 12:14:41,505 - INFO - Using font: Arial Unicode
2025-09-04 12:14:41,513 - INFO - Using font: Arial Unicode
2025-09-04 12:14:41,560 - INFO - Using font: Arial Unicode
2025-09-04 12:14:41,567 - INFO - Using font: Arial Unicode
2025-09-04 12:14:41,733 - INFO - Using font: Arial Unicode
2025-09-04 12:14:41,740 - INFO - Using font: Arial Unicode
2025-09-04 12:14:41,782 - INFO - Using font: Arial Unicode
2025-09-04 12:14:41,789 - INFO - Using font: Arial Unicode
2025-09-04 12:14:41,831 - INFO - Using font: Arial Unicode
2025-09-04 12:14:41,837 - INFO - Using font: Arial Unicode
2025-09-04 12:14:41,876 - INFO - Using font: Arial Unicode
2025-09-04 12:14:41,883 - INFO - Using font: Arial Unicode
2025-09-04 12:14:42,052 - INFO - Using font: Arial Unicode
2025-09-04 12:14:42,058 - INFO - Using font: Arial Unicode
2025-09-04 12:14:42,103 - INFO - Using font: Arial Unicode
2025-09-04 12:14:42,110 - INFO - Using font: Arial Unicode
2025-09-04 12:14:42,151 - INFO - Using font: Arial Unicode
2025-09-04 12:14:42,158 - INFO - Using font: Arial Unicode
2025-09-04 12:14:42,320 - INFO - Using font: Arial Unicode
2025-09-04 12:14:42,327 - INFO - Using font: Arial Unicode
2025-09-04 12:14:42,482 - INFO - Using font: Arial Unicode
2025-09-04 12:14:42,488 - INFO - Using font: Arial Unicode
2025-09-04 12:14:42,528 - INFO - Using font: Arial Unicode
2025-09-04 12:14:42,534 - INFO - Using font: Arial Unicode
2025-09-04 12:14:42,572 - INFO - Using font: Arial Unicode
2025-09-04 12:14:42,579 - INFO - Using font: Arial Unicode
2025-09-04 12:14:42,619 - INFO - Using font: Arial Unicode
2025-09-04 12:14:42,625 - INFO - Using font: Arial Unicode
2025-09-04 12:14:42,776 - INFO - Using font: Arial Unicode
2025-09-04 12:14:42,782 - INFO - Using font: Arial Unicode
2025-09-04 12:14:42,819 - INFO - Using font: Arial Unicode
2025-09-04 12:14:42,825 - INFO - Using font: Arial Unicode
2025-09-04 12:14:42,979 - INFO - Using font: Arial Unicode
2025-09-04 12:14:42,985 - INFO - Using font: Arial Unicode
2025-09-04 12:14:43,021 - INFO - Using font: Arial Unicode
2025-09-04 12:14:43,028 - INFO - Using font: Arial Unicode
2025-09-04 12:14:43,065 - INFO - Using font: Arial Unicode
2025-09-04 12:14:43,071 - INFO - Using font: Arial Unicode
2025-09-04 12:14:43,108 - INFO - Using font: Arial Unicode
2025-09-04 12:14:43,115 - INFO - Using font: Arial Unicode
2025-09-04 12:14:43,248 - INFO - Using font: Arial Unicode
2025-09-04 12:14:43,254 - INFO - Using font: Arial Unicode
2025-09-04 12:14:43,293 - INFO - Using font: Arial Unicode
2025-09-04 12:14:43,300 - INFO - Using font: Arial Unicode
2025-09-04 12:14:43,341 - INFO - Using font: Arial Unicode
2025-09-04 12:14:43,348 - INFO - Using font: Arial Unicode
2025-09-04 12:14:43,506 - INFO - Using font: Arial Unicode
2025-09-04 12:14:43,515 - INFO - Using font: Arial Unicode
2025-09-04 12:14:43,555 - INFO - Using font: Arial Unicode
2025-09-04 12:14:43,562 - INFO - Using font: Arial Unicode
2025-09-04 12:14:43,603 - INFO - Using font: Arial Unicode
2025-09-04 12:14:43,610 - INFO - Using font: Arial Unicode
2025-09-04 12:14:43,776 - INFO - Using font: Arial Unicode
2025-09-04 12:14:43,783 - INFO - Using font: Arial Unicode
2025-09-04 12:14:43,831 - INFO - Using font: Arial Unicode
2025-09-04 12:14:43,838 - INFO - Using font: Arial Unicode
2025-09-04 12:14:43,879 - INFO - Using font: Arial Unicode
2025-09-04 12:14:43,885 - INFO - Using font: Arial Unicode
2025-09-04 12:14:44,038 - INFO - Using font: Arial Unicode
2025-09-04 12:14:44,046 - INFO - Using font: Arial Unicode
2025-09-04 12:14:44,086 - INFO - Using font: Arial Unicode
2025-09-04 12:14:44,092 - INFO - Using font: Arial Unicode
2025-09-04 12:14:44,131 - INFO - Using font: Arial Unicode
2025-09-04 12:14:44,139 - INFO - Using font: Arial Unicode
2025-09-04 12:14:44,177 - INFO - Using font: Arial Unicode
2025-09-04 12:14:44,184 - INFO - Using font: Arial Unicode
2025-09-04 12:14:44,338 - INFO - Using font: Arial Unicode
2025-09-04 12:14:44,343 - INFO - Using font: Arial Unicode
2025-09-04 12:14:44,384 - INFO - Using font: Arial Unicode
2025-09-04 12:14:44,391 - INFO - Using font: Arial Unicode
2025-09-04 12:14:44,432 - INFO - Using font: Arial Unicode
2025-09-04 12:14:44,438 - INFO - Using font: Arial Unicode
2025-09-04 12:14:44,586 - INFO - Using font: Arial Unicode
2025-09-04 12:14:44,592 - INFO - Using font: Arial Unicode
2025-09-04 12:14:44,631 - INFO - Using font: Arial Unicode
2025-09-04 12:14:44,641 - INFO - Using font: Arial Unicode
2025-09-04 12:14:44,772 - INFO - Using font: Arial Unicode
2025-09-04 12:14:44,779 - INFO - Using font: Arial Unicode
2025-09-04 12:14:44,908 - INFO - Using font: Arial Unicode
2025-09-04 12:14:44,914 - INFO - Using font: Arial Unicode
2025-09-04 12:14:44,952 - INFO - Using font: Arial Unicode
2025-09-04 12:14:44,960 - INFO - Using font: Arial Unicode
2025-09-04 12:14:45,110 - INFO - Using font: Arial Unicode
2025-09-04 12:14:45,115 - INFO - Using font: Arial Unicode
2025-09-04 12:14:45,167 - INFO - Using font: Arial Unicode
2025-09-04 12:14:45,174 - INFO - Using font: Arial Unicode
2025-09-04 12:14:45,308 - INFO - Using font: Arial Unicode
2025-09-04 12:14:45,315 - INFO - Using font: Arial Unicode
2025-09-04 12:14:45,353 - INFO - Using font: Arial Unicode
2025-09-04 12:14:45,359 - INFO - Using font: Arial Unicode
2025-09-04 12:14:45,502 - INFO - Using font: Arial Unicode
2025-09-04 12:14:45,509 - INFO - Using font: Arial Unicode
2025-09-04 12:14:45,548 - INFO - Using font: Arial Unicode
2025-09-04 12:14:45,554 - INFO - Using font: Arial Unicode
2025-09-04 12:14:45,593 - INFO - Using font: Arial Unicode
2025-09-04 12:14:45,600 - INFO - Using font: Arial Unicode
2025-09-04 12:14:45,639 - INFO - Using font: Arial Unicode
2025-09-04 12:14:45,647 - INFO - Using font: Arial Unicode
2025-09-04 12:14:45,686 - INFO - Using font: Arial Unicode
2025-09-04 12:14:45,694 - INFO - Using font: Arial Unicode
2025-09-04 12:14:45,831 - INFO - Using font: Arial Unicode
2025-09-04 12:14:45,838 - INFO - Using font: Arial Unicode
2025-09-04 12:14:45,876 - INFO - Using font: Arial Unicode
2025-09-04 12:14:45,882 - INFO - Using font: Arial Unicode
2025-09-04 12:14:45,924 - INFO - Using font: Arial Unicode
2025-09-04 12:14:45,931 - INFO - Using font: Arial Unicode
2025-09-04 12:14:45,971 - INFO - Using font: Arial Unicode
2025-09-04 12:14:45,978 - INFO - Using font: Arial Unicode
2025-09-04 12:14:46,112 - INFO - Using font: Arial Unicode
2025-09-04 12:14:46,118 - INFO - Using font: Arial Unicode
2025-09-04 12:14:46,159 - INFO - Using font: Arial Unicode
2025-09-04 12:14:46,166 - INFO - Using font: Arial Unicode
2025-09-04 12:14:46,207 - INFO - Using font: Arial Unicode
2025-09-04 12:14:46,214 - INFO - Using font: Arial Unicode
2025-09-04 12:14:46,255 - INFO - Using font: Arial Unicode
2025-09-04 12:14:46,262 - INFO - Using font: Arial Unicode
2025-09-04 12:14:46,409 - INFO - Using font: Arial Unicode
2025-09-04 12:14:46,415 - INFO - Using font: Arial Unicode
2025-09-04 12:14:46,456 - INFO - Using font: Arial Unicode
2025-09-04 12:14:46,463 - INFO - Using font: Arial Unicode
2025-09-04 12:14:46,698 - INFO - Using font: Arial Unicode
2025-09-04 12:14:46,704 - INFO - Using font: Arial Unicode
2025-09-04 12:14:46,765 - INFO - Using font: Arial Unicode
2025-09-04 12:14:46,772 - INFO - Using font: Arial Unicode
2025-09-04 12:14:46,960 - INFO - Using font: Arial Unicode
2025-09-04 12:14:46,966 - INFO - Using font: Arial Unicode
2025-09-04 12:14:47,006 - INFO - Using font: Arial Unicode
2025-09-04 12:14:47,012 - INFO - Using font: Arial Unicode
2025-09-04 12:14:47,183 - INFO - Using font: Arial Unicode
2025-09-04 12:14:47,189 - INFO - Using font: Arial Unicode
2025-09-04 12:14:47,229 - INFO - Using font: Arial Unicode
2025-09-04 12:14:47,236 - INFO - Using font: Arial Unicode
2025-09-04 12:14:47,276 - INFO - Using font: Arial Unicode
2025-09-04 12:14:47,283 - INFO - Using font: Arial Unicode
2025-09-04 12:14:47,448 - INFO - Using font: Arial Unicode
2025-09-04 12:14:47,454 - INFO - Using font: Arial Unicode
2025-09-04 12:14:47,493 - INFO - Using font: Arial Unicode
2025-09-04 12:14:47,499 - INFO - Using font: Arial Unicode
2025-09-04 12:14:47,538 - INFO - Using font: Arial Unicode
2025-09-04 12:14:47,545 - INFO - Using font: Arial Unicode
2025-09-04 12:14:47,725 - INFO - Using font: Arial Unicode
2025-09-04 12:14:47,735 - INFO - Using font: Arial Unicode
2025-09-04 12:14:47,884 - INFO - Using font: Arial Unicode
2025-09-04 12:14:47,892 - INFO - Using font: Arial Unicode
2025-09-04 12:14:48,038 - INFO - Using font: Arial Unicode
2025-09-04 12:14:48,046 - INFO - Using font: Arial Unicode
2025-09-04 12:14:48,206 - INFO - Using font: Arial Unicode
2025-09-04 12:14:48,214 - INFO - Using font: Arial Unicode
2025-09-04 12:14:48,258 - INFO - Using font: Arial Unicode
2025-09-04 12:14:48,264 - INFO - Using font: Arial Unicode
2025-09-04 12:14:48,307 - INFO - Using font: Arial Unicode
2025-09-04 12:14:48,314 - INFO - Using font: Arial Unicode
2025-09-04 12:14:48,463 - INFO - Using font: Arial Unicode
2025-09-04 12:14:48,470 - INFO - Using font: Arial Unicode
2025-09-04 12:14:48,603 - INFO - Using font: Arial Unicode
2025-09-04 12:14:48,610 - INFO - Using font: Arial Unicode
2025-09-04 12:14:48,647 - INFO - Using font: Arial Unicode
2025-09-04 12:14:48,653 - INFO - Using font: Arial Unicode
2025-09-04 12:14:48,692 - INFO - Using font: Arial Unicode
2025-09-04 12:14:48,699 - INFO - Using font: Arial Unicode
2025-09-04 12:14:48,844 - INFO - Using font: Arial Unicode
2025-09-04 12:14:48,851 - INFO - Using font: Arial Unicode
2025-09-04 12:14:49,021 - INFO - Using font: Arial Unicode
2025-09-04 12:14:49,029 - INFO - Using font: Arial Unicode
2025-09-04 12:14:49,070 - INFO - Using font: Arial Unicode
2025-09-04 12:14:49,077 - INFO - Using font: Arial Unicode
2025-09-04 12:14:49,117 - INFO - Using font: Arial Unicode
2025-09-04 12:14:49,125 - INFO - Using font: Arial Unicode
2025-09-04 12:14:49,168 - INFO - Using font: Arial Unicode
2025-09-04 12:14:49,175 - INFO - Using font: Arial Unicode
2025-09-04 12:14:49,221 - INFO - Using font: Arial Unicode
2025-09-04 12:14:49,229 - INFO - Using font: Arial Unicode
2025-09-04 12:14:49,270 - INFO - Using font: Arial Unicode
2025-09-04 12:14:49,278 - INFO - Using font: Arial Unicode
2025-09-04 12:14:49,439 - INFO - Using font: Arial Unicode
2025-09-04 12:14:49,446 - INFO - Using font: Arial Unicode
2025-09-04 12:14:49,484 - INFO - Using font: Arial Unicode
2025-09-04 12:14:49,492 - INFO - Using font: Arial Unicode
2025-09-04 12:14:49,533 - INFO - Using font: Arial Unicode
2025-09-04 12:14:49,540 - INFO - Using font: Arial Unicode
2025-09-04 12:14:49,672 - INFO - Using font: Arial Unicode
2025-09-04 12:14:49,678 - INFO - Using font: Arial Unicode
2025-09-04 12:14:49,716 - INFO - Using font: Arial Unicode
2025-09-04 12:14:49,723 - INFO - Using font: Arial Unicode
2025-09-04 12:14:49,763 - INFO - Using font: Arial Unicode
2025-09-04 12:14:49,770 - INFO - Using font: Arial Unicode
2025-09-04 12:14:49,811 - INFO - Using font: Arial Unicode
2025-09-04 12:14:49,818 - INFO - Using font: Arial Unicode
2025-09-04 12:14:49,971 - INFO - Using font: Arial Unicode
2025-09-04 12:14:49,977 - INFO - Using font: Arial Unicode
2025-09-04 12:14:50,015 - INFO - Using font: Arial Unicode
2025-09-04 12:14:50,021 - INFO - Using font: Arial Unicode
2025-09-04 12:14:50,063 - INFO - Using font: Arial Unicode
2025-09-04 12:14:50,070 - INFO - Using font: Arial Unicode
2025-09-04 12:14:50,109 - INFO - Using font: Arial Unicode
2025-09-04 12:14:50,116 - INFO - Using font: Arial Unicode
2025-09-04 12:14:50,157 - INFO - Using font: Arial Unicode
2025-09-04 12:14:50,164 - INFO - Using font: Arial Unicode
2025-09-04 12:14:50,304 - INFO - Using font: Arial Unicode
2025-09-04 12:14:50,310 - INFO - Using font: Arial Unicode
2025-09-04 12:14:50,348 - INFO - Using font: Arial Unicode
2025-09-04 12:14:50,354 - INFO - Using font: Arial Unicode
2025-09-04 12:14:50,393 - INFO - Using font: Arial Unicode
2025-09-04 12:14:50,400 - INFO - Using font: Arial Unicode
2025-09-04 12:14:50,631 - INFO - Using font: Arial Unicode
2025-09-04 12:14:50,638 - INFO - Using font: Arial Unicode
2025-09-04 12:14:50,808 - INFO - Using font: Arial Unicode
2025-09-04 12:14:50,814 - INFO - Using font: Arial Unicode
2025-09-04 12:14:50,852 - INFO - Using font: Arial Unicode
2025-09-04 12:14:50,859 - INFO - Using font: Arial Unicode
2025-09-04 12:14:51,010 - INFO - Using font: Arial Unicode
2025-09-04 12:14:51,017 - INFO - Using font: Arial Unicode
2025-09-04 12:14:51,057 - INFO - Using font: Arial Unicode
2025-09-04 12:14:51,063 - INFO - Using font: Arial Unicode
2025-09-04 12:14:51,104 - INFO - Using font: Arial Unicode
2025-09-04 12:14:51,111 - INFO - Using font: Arial Unicode
2025-09-04 12:14:51,269 - INFO - Using font: Arial Unicode
2025-09-04 12:14:51,276 - INFO - Using font: Arial Unicode
2025-09-04 12:14:51,318 - INFO - Using font: Arial Unicode
2025-09-04 12:14:51,324 - INFO - Using font: Arial Unicode
2025-09-04 12:14:51,363 - INFO - Using font: Arial Unicode
2025-09-04 12:14:51,370 - INFO - Using font: Arial Unicode
2025-09-04 12:14:51,503 - INFO - Using font: Arial Unicode
2025-09-04 12:14:51,510 - INFO - Using font: Arial Unicode
2025-09-04 12:14:51,550 - INFO - Using font: Arial Unicode
2025-09-04 12:14:51,557 - INFO - Using font: Arial Unicode
2025-09-04 12:14:51,595 - INFO - Using font: Arial Unicode
2025-09-04 12:14:51,602 - INFO - Using font: Arial Unicode
2025-09-04 12:14:51,767 - INFO - Using font: Arial Unicode
2025-09-04 12:14:51,774 - INFO - Using font: Arial Unicode
2025-09-04 12:14:51,815 - INFO - Using font: Arial Unicode
2025-09-04 12:14:51,821 - INFO - Using font: Arial Unicode
2025-09-04 12:14:51,967 - INFO - Using font: Arial Unicode
2025-09-04 12:14:51,974 - INFO - Using font: Arial Unicode
2025-09-04 12:14:52,013 - INFO - Using font: Arial Unicode
2025-09-04 12:14:52,020 - INFO - Using font: Arial Unicode
2025-09-04 12:14:52,166 - INFO - Using font: Arial Unicode
2025-09-04 12:14:52,173 - INFO - Using font: Arial Unicode
2025-09-04 12:14:52,212 - INFO - Using font: Arial Unicode
2025-09-04 12:14:52,219 - INFO - Using font: Arial Unicode
2025-09-04 12:14:52,373 - INFO - Using font: Arial Unicode
2025-09-04 12:14:52,380 - INFO - Using font: Arial Unicode
2025-09-04 12:14:52,419 - INFO - Using font: Arial Unicode
2025-09-04 12:14:52,425 - INFO - Using font: Arial Unicode
2025-09-04 12:14:52,563 - INFO - Using font: Arial Unicode
2025-09-04 12:14:52,570 - INFO - Using font: Arial Unicode
2025-09-04 12:14:52,610 - INFO - Using font: Arial Unicode
2025-09-04 12:14:52,617 - INFO - Using font: Arial Unicode
2025-09-04 12:14:52,765 - INFO - Using font: Arial Unicode
2025-09-04 12:14:52,771 - INFO - Using font: Arial Unicode
2025-09-04 12:14:52,812 - INFO - Using font: Arial Unicode
2025-09-04 12:14:52,819 - INFO - Using font: Arial Unicode
2025-09-04 12:14:52,858 - INFO - Using font: Arial Unicode
2025-09-04 12:14:52,865 - INFO - Using font: Arial Unicode
2025-09-04 12:14:52,997 - INFO - Using font: Arial Unicode
2025-09-04 12:14:53,005 - INFO - Using font: Arial Unicode
2025-09-04 12:14:53,041 - INFO - Using font: Arial Unicode
2025-09-04 12:14:53,048 - INFO - Using font: Arial Unicode
2025-09-04 12:14:53,178 - INFO - Using font: Arial Unicode
2025-09-04 12:14:53,185 - INFO - Using font: Arial Unicode
2025-09-04 12:14:53,223 - INFO - Using font: Arial Unicode
2025-09-04 12:14:53,230 - INFO - Using font: Arial Unicode
2025-09-04 12:14:53,365 - INFO - Using font: Arial Unicode
2025-09-04 12:14:53,371 - INFO - Using font: Arial Unicode
2025-09-04 12:14:53,502 - INFO - Using font: Arial Unicode
2025-09-04 12:14:53,508 - INFO - Using font: Arial Unicode
2025-09-04 12:14:53,641 - INFO - Using font: Arial Unicode
2025-09-04 12:14:53,648 - INFO - Using font: Arial Unicode
2025-09-04 12:14:53,807 - INFO - Using font: Arial Unicode
2025-09-04 12:14:53,813 - INFO - Using font: Arial Unicode
2025-09-04 12:14:53,959 - INFO - Using font: Arial Unicode
2025-09-04 12:14:53,965 - INFO - Using font: Arial Unicode
2025-09-04 12:14:54,003 - INFO - Using font: Arial Unicode
2025-09-04 12:14:54,010 - INFO - Using font: Arial Unicode
2025-09-04 12:14:54,174 - INFO - Using font: Arial Unicode
2025-09-04 12:14:54,181 - INFO - Using font: Arial Unicode
2025-09-04 12:14:54,221 - INFO - Using font: Arial Unicode
2025-09-04 12:14:54,228 - INFO - Using font: Arial Unicode
2025-09-04 12:14:54,364 - INFO - Using font: Arial Unicode
2025-09-04 12:14:54,371 - INFO - Using font: Arial Unicode
2025-09-04 12:14:54,410 - INFO - Using font: Arial Unicode
2025-09-04 12:14:54,417 - INFO - Using font: Arial Unicode
2025-09-04 12:14:54,566 - INFO - Using font: Arial Unicode
2025-09-04 12:14:54,573 - INFO - Using font: Arial Unicode
2025-09-04 12:14:54,612 - INFO - Using font: Arial Unicode
2025-09-04 12:14:54,618 - INFO - Using font: Arial Unicode
2025-09-04 12:14:54,786 - INFO - Using font: Arial Unicode
2025-09-04 12:14:54,793 - INFO - Using font: Arial Unicode
2025-09-04 12:14:54,832 - INFO - Using font: Arial Unicode
2025-09-04 12:14:54,838 - INFO - Using font: Arial Unicode
2025-09-04 12:14:54,877 - INFO - Using font: Arial Unicode
2025-09-04 12:14:54,884 - INFO - Using font: Arial Unicode
2025-09-04 12:14:55,039 - INFO - Using font: Arial Unicode
2025-09-04 12:14:55,046 - INFO - Using font: Arial Unicode
2025-09-04 12:14:55,086 - INFO - Using font: Arial Unicode
2025-09-04 12:14:55,093 - INFO - Using font: Arial Unicode
2025-09-04 12:14:55,229 - INFO - Using font: Arial Unicode
2025-09-04 12:14:55,235 - INFO - Using font: Arial Unicode
2025-09-04 12:14:55,275 - INFO - Using font: Arial Unicode
2025-09-04 12:14:55,282 - INFO - Using font: Arial Unicode
2025-09-04 12:14:55,322 - INFO - Using font: Arial Unicode
2025-09-04 12:14:55,328 - INFO - Using font: Arial Unicode
2025-09-04 12:14:55,367 - INFO - Using font: Arial Unicode
2025-09-04 12:14:55,374 - INFO - Using font: Arial Unicode
2025-09-04 12:14:55,413 - INFO - Using font: Arial Unicode
2025-09-04 12:14:55,419 - INFO - Using font: Arial Unicode
2025-09-04 12:14:55,464 - INFO - Using font: Arial Unicode
2025-09-04 12:14:55,471 - INFO - Using font: Arial Unicode
2025-09-04 12:14:55,633 - INFO - Using font: Arial Unicode
2025-09-04 12:14:55,640 - INFO - Using font: Arial Unicode
2025-09-04 12:14:55,778 - INFO - Using font: Arial Unicode
2025-09-04 12:14:55,785 - INFO - Using font: Arial Unicode
2025-09-04 12:14:55,824 - INFO - Using font: Arial Unicode
2025-09-04 12:14:55,830 - INFO - Using font: Arial Unicode
2025-09-04 12:14:55,870 - INFO - Using font: Arial Unicode
2025-09-04 12:14:55,877 - INFO - Using font: Arial Unicode
2025-09-04 12:14:56,021 - INFO - Using font: Arial Unicode
2025-09-04 12:14:56,028 - INFO - Using font: Arial Unicode
2025-09-04 12:14:56,068 - INFO - Using font: Arial Unicode
2025-09-04 12:14:56,074 - INFO - Using font: Arial Unicode
2025-09-04 12:14:56,195 - INFO - Using font: Arial Unicode
2025-09-04 12:14:56,201 - INFO - Using font: Arial Unicode
2025-09-04 12:14:56,240 - INFO - Using font: Arial Unicode
2025-09-04 12:14:56,246 - INFO - Using font: Arial Unicode
2025-09-04 12:14:56,389 - INFO - Using font: Arial Unicode
2025-09-04 12:14:56,396 - INFO - Using font: Arial Unicode
2025-09-04 12:14:56,435 - INFO - Using font: Arial Unicode
2025-09-04 12:14:56,441 - INFO - Using font: Arial Unicode
2025-09-04 12:14:56,595 - INFO - Using font: Arial Unicode
2025-09-04 12:14:56,602 - INFO - Using font: Arial Unicode
2025-09-04 12:14:56,639 - INFO - Using font: Arial Unicode
2025-09-04 12:14:56,645 - INFO - Using font: Arial Unicode
2025-09-04 12:14:56,686 - INFO - Using font: Arial Unicode
2025-09-04 12:14:56,693 - INFO - Using font: Arial Unicode
2025-09-04 12:14:56,827 - INFO - Using font: Arial Unicode
2025-09-04 12:14:56,835 - INFO - Using font: Arial Unicode
2025-09-04 12:14:56,874 - INFO - Using font: Arial Unicode
2025-09-04 12:14:56,880 - INFO - Using font: Arial Unicode
2025-09-04 12:14:57,027 - INFO - Using font: Arial Unicode
2025-09-04 12:14:57,033 - INFO - Using font: Arial Unicode
2025-09-04 12:14:57,070 - INFO - Using font: Arial Unicode
2025-09-04 12:14:57,076 - INFO - Using font: Arial Unicode
2025-09-04 12:14:57,224 - INFO - Using font: Arial Unicode
2025-09-04 12:14:57,232 - INFO - Using font: Arial Unicode
2025-09-04 12:14:57,268 - INFO - Using font: Arial Unicode
2025-09-04 12:14:57,275 - INFO - Using font: Arial Unicode
2025-09-04 12:14:57,313 - INFO - Using font: Arial Unicode
2025-09-04 12:14:57,319 - INFO - Using font: Arial Unicode
2025-09-04 12:14:57,470 - INFO - Using font: Arial Unicode
2025-09-04 12:14:57,477 - INFO - Using font: Arial Unicode
2025-09-04 12:14:57,623 - INFO - Using font: Arial Unicode
2025-09-04 12:14:57,630 - INFO - Using font: Arial Unicode
2025-09-04 12:14:57,672 - INFO - Using font: Arial Unicode
2025-09-04 12:14:57,679 - INFO - Using font: Arial Unicode
2025-09-04 12:14:57,824 - INFO - Using font: Arial Unicode
2025-09-04 12:14:57,830 - INFO - Using font: Arial Unicode
2025-09-04 12:14:57,959 - INFO - Using font: Arial Unicode
2025-09-04 12:14:57,966 - INFO - Using font: Arial Unicode
2025-09-04 12:14:58,128 - INFO - Using font: Arial Unicode
2025-09-04 12:14:58,136 - INFO - Using font: Arial Unicode
2025-09-04 12:14:58,298 - INFO - Using font: Arial Unicode
2025-09-04 12:14:58,305 - INFO - Using font: Arial Unicode
2025-09-04 12:14:58,351 - INFO - Using font: Arial Unicode
2025-09-04 12:14:58,357 - INFO - Using font: Arial Unicode
2025-09-04 12:14:58,500 - INFO - Using font: Arial Unicode
2025-09-04 12:14:58,507 - INFO - Using font: Arial Unicode
2025-09-04 12:14:58,664 - INFO - Using font: Arial Unicode
2025-09-04 12:14:58,671 - INFO - Using font: Arial Unicode
2025-09-04 12:14:58,711 - INFO - Using font: Arial Unicode
2025-09-04 12:14:58,717 - INFO - Using font: Arial Unicode
2025-09-04 12:14:58,853 - INFO - Using font: Arial Unicode
2025-09-04 12:14:58,859 - INFO - Using font: Arial Unicode
2025-09-04 12:14:58,999 - INFO - Using font: Arial Unicode
2025-09-04 12:14:59,006 - INFO - Using font: Arial Unicode
2025-09-04 12:14:59,153 - INFO - Using font: Arial Unicode
2025-09-04 12:14:59,160 - INFO - Using font: Arial Unicode
2025-09-04 12:14:59,199 - INFO - Using font: Arial Unicode
2025-09-04 12:14:59,206 - INFO - Using font: Arial Unicode
2025-09-04 12:14:59,245 - INFO - Using font: Arial Unicode
2025-09-04 12:14:59,251 - INFO - Using font: Arial Unicode
2025-09-04 12:14:59,382 - INFO - Using font: Arial Unicode
2025-09-04 12:14:59,388 - INFO - Using font: Arial Unicode
2025-09-04 12:14:59,428 - INFO - Using font: Arial Unicode
2025-09-04 12:14:59,434 - INFO - Using font: Arial Unicode
2025-09-04 12:14:59,564 - INFO - Using font: Arial Unicode
2025-09-04 12:14:59,571 - INFO - Using font: Arial Unicode
2025-09-04 12:14:59,610 - INFO - Using font: Arial Unicode
2025-09-04 12:14:59,617 - INFO - Using font: Arial Unicode
2025-09-04 12:14:59,652 - INFO - Using font: Arial Unicode
2025-09-04 12:14:59,659 - INFO - Using font: Arial Unicode
2025-09-04 12:14:59,799 - INFO - Using font: Arial Unicode
2025-09-04 12:14:59,805 - INFO - Using font: Arial Unicode
2025-09-04 12:14:59,845 - INFO - Using font: Arial Unicode
2025-09-04 12:14:59,851 - INFO - Using font: Arial Unicode
2025-09-04 12:14:59,891 - INFO - Using font: Arial Unicode
2025-09-04 12:14:59,897 - INFO - Using font: Arial Unicode
2025-09-04 12:15:00,040 - INFO - Using font: Arial Unicode
2025-09-04 12:15:00,046 - INFO - Using font: Arial Unicode
2025-09-04 12:15:00,086 - INFO - Using font: Arial Unicode
2025-09-04 12:15:00,093 - INFO - Using font: Arial Unicode
2025-09-04 12:15:00,130 - INFO - Using font: Arial Unicode
2025-09-04 12:15:00,137 - INFO - Using font: Arial Unicode
2025-09-04 12:15:01,162 - ERROR - Failed to capture frame from webcam
2025-09-04 12:15:01,270 - INFO - Stopped webcam feed
2025-09-04 12:15:01,278 - INFO - Saved emotion history to emotion_history.csv
2025-09-04 12:15:01,280 - INFO - Run 'streamlit run dashboard.py' to view the emotion dashboard.
2025-09-04 12:25:44,668 - INFO - Starting Facial Expression Recognition project
2025-09-04 12:26:04,120 - INFO - Validated directory /Users/nazmussakibsheam/GUB/Data-mining-lab/face_expression_detector/fer2013/train
2025-09-04 12:26:04,121 - INFO - Validated directory /Users/nazmussakibsheam/GUB/Data-mining-lab/face_expression_detector/fer2013/test
2025-09-04 12:26:09,781 - INFO - Built MobileNetV2 model
2025-09-04 13:37:49,315 - INFO - Model training completed
2025-09-04 13:38:20,238 - INFO - Validation Loss: 1.4982, Validation Accuracy: 0.4266
2025-09-04 13:38:57,898 - INFO - Test Loss: 1.4783, Test Accuracy: 0.4283
2025-09-04 13:38:58,128 - INFO - Plotted and saved training history
2025-09-04 13:39:55,243 - INFO - Generated and saved confusion matrix
2025-09-04 13:39:55,244 - INFO - Starting webcam feed for emotion detection. Press 'q' to quit.
2025-09-04 13:40:44,985 - ERROR - Failed to capture frame from webcam
2025-09-04 13:40:45,068 - INFO - Stopped webcam feed
2025-09-04 13:40:45,081 - INFO - Saved emotion history to emotion_history.csv
2025-09-04 13:40:45,081 - INFO - Run 'streamlit run dashboard.py' to view the emotion dashboard.
2025-09-04 13:44:18,138 - ERROR - Task was destroyed but it is pending!
task: <Task pending name='Task-3' coro=<Kernel.poll_control_queue() running at /Users/nazmussakibsheam/Dev/Thesis/10 2/mp-env/lib/python3.10/site-packages/ipykernel/kernelbase.py:309> wait_for=<Future pending cb=[Task.task_wakeup()]> cb=[_chain_future.<locals>._call_set_state() at /opt/homebrew/Cellar/python@3.10/3.10.18/Frameworks/Python.framework/Versions/3.10/lib/python3.10/asyncio/futures.py:392]>
2025-09-04 13:44:56,812 - INFO - Starting Facial Expression Recognition project
2025-09-04 13:45:08,932 - INFO - Validated directory /Users/nazmussakibsheam/GUB/Data-mining-lab/face_expression_detector/fer2013/train
2025-09-04 13:45:08,933 - INFO - Validated directory /Users/nazmussakibsheam/GUB/Data-mining-lab/face_expression_detector/fer2013/test
2025-09-04 13:45:13,006 - INFO - Loaded pre-trained model from facial_expression_model.keras
2025-09-04 13:45:42,194 - INFO - Validation Loss: 1.5037, Validation Accuracy: 0.4182
2025-09-04 13:46:15,790 - INFO - Test Loss: 1.4783, Test Accuracy: 0.4283
2025-09-04 13:46:15,791 - INFO - No training history available for pre-trained model. Skipping history plot.
2025-09-04 13:47:10,495 - INFO - Generated and saved confusion matrix
2025-09-04 13:47:10,497 - INFO - Starting webcam feed for emotion detection. Press 'q' to quit.
2025-09-04 13:47:17,465 - INFO - Using font: Arial Unicode
2025-09-04 13:47:17,475 - INFO - Using font: Arial Unicode
2025-09-04 13:47:17,704 - INFO - Using font: Arial Unicode
2025-09-04 13:47:17,711 - INFO - Using font: Arial Unicode
2025-09-04 13:47:17,746 - INFO - Using font: Arial Unicode
2025-09-04 13:47:17,754 - INFO - Using font: Arial Unicode
2025-09-04 13:47:17,908 - INFO - Using font: Arial Unicode
2025-09-04 13:47:17,914 - INFO - Using font: Arial Unicode
2025-09-04 13:47:18,835 - INFO - Using font: Arial Unicode
2025-09-04 13:47:18,842 - INFO - Using font: Arial Unicode
2025-09-04 13:47:18,876 - INFO - Using font: Arial Unicode
2025-09-04 13:47:18,882 - INFO - Using font: Arial Unicode
2025-09-04 13:47:19,024 - INFO - Using font: Arial Unicode
2025-09-04 13:47:19,030 - INFO - Using font: Arial Unicode
2025-09-04 13:47:19,063 - INFO - Using font: Arial Unicode
2025-09-04 13:47:19,069 - INFO - Using font: Arial Unicode
2025-09-04 13:47:19,246 - INFO - Using font: Arial Unicode
2025-09-04 13:47:19,252 - INFO - Using font: Arial Unicode
2025-09-04 13:47:19,285 - INFO - Using font: Arial Unicode
2025-09-04 13:47:19,291 - INFO - Using font: Arial Unicode
2025-09-04 13:47:19,323 - INFO - Using font: Arial Unicode
2025-09-04 13:47:19,329 - INFO - Using font: Arial Unicode
2025-09-04 13:47:19,473 - INFO - Using font: Arial Unicode
2025-09-04 13:47:19,480 - INFO - Using font: Arial Unicode
2025-09-04 13:47:19,514 - INFO - Using font: Arial Unicode
2025-09-04 13:47:19,521 - INFO - Using font: Arial Unicode
2025-09-04 13:47:19,555 - INFO - Using font: Arial Unicode
2025-09-04 13:47:19,561 - INFO - Using font: Arial Unicode
2025-09-04 13:47:19,594 - INFO - Using font: Arial Unicode
2025-09-04 13:47:19,600 - INFO - Using font: Arial Unicode
2025-09-04 13:47:19,731 - INFO - Using font: Arial Unicode
2025-09-04 13:47:19,737 - INFO - Using font: Arial Unicode
2025-09-04 13:47:19,772 - INFO - Using font: Arial Unicode
2025-09-04 13:47:19,778 - INFO - Using font: Arial Unicode
2025-09-04 13:47:19,811 - INFO - Using font: Arial Unicode
2025-09-04 13:47:19,817 - INFO - Using font: Arial Unicode
2025-09-04 13:47:19,944 - INFO - Using font: Arial Unicode
2025-09-04 13:47:19,951 - INFO - Using font: Arial Unicode
2025-09-04 13:47:19,985 - INFO - Using font: Arial Unicode
2025-09-04 13:47:19,991 - INFO - Using font: Arial Unicode
2025-09-04 13:47:20,147 - INFO - Using font: Arial Unicode
2025-09-04 13:47:20,153 - INFO - Using font: Arial Unicode
2025-09-04 13:47:20,313 - INFO - Using font: Arial Unicode
2025-09-04 13:47:20,319 - INFO - Using font: Arial Unicode
2025-09-04 13:47:20,353 - INFO - Using font: Arial Unicode
2025-09-04 13:47:20,359 - INFO - Using font: Arial Unicode
2025-09-04 13:47:20,497 - INFO - Using font: Arial Unicode
2025-09-04 13:47:20,504 - INFO - Using font: Arial Unicode
2025-09-04 13:47:20,537 - INFO - Using font: Arial Unicode
2025-09-04 13:47:20,543 - INFO - Using font: Arial Unicode
2025-09-04 13:47:20,665 - INFO - Using font: Arial Unicode
2025-09-04 13:47:20,672 - INFO - Using font: Arial Unicode
2025-09-04 13:47:20,797 - INFO - Using font: Arial Unicode
2025-09-04 13:47:20,804 - INFO - Using font: Arial Unicode
2025-09-04 13:47:20,934 - INFO - Using font: Arial Unicode
2025-09-04 13:47:20,940 - INFO - Using font: Arial Unicode
2025-09-04 13:47:21,070 - INFO - Using font: Arial Unicode
2025-09-04 13:47:21,077 - INFO - Using font: Arial Unicode
2025-09-04 13:47:21,208 - INFO - Using font: Arial Unicode
2025-09-04 13:47:21,215 - INFO - Using font: Arial Unicode
2025-09-04 13:47:21,338 - INFO - Using font: Arial Unicode
2025-09-04 13:47:21,345 - INFO - Using font: Arial Unicode
2025-09-04 13:47:21,474 - INFO - Using font: Arial Unicode
2025-09-04 13:47:21,480 - INFO - Using font: Arial Unicode
2025-09-04 13:47:21,513 - INFO - Using font: Arial Unicode
2025-09-04 13:47:21,520 - INFO - Using font: Arial Unicode
2025-09-04 13:47:21,674 - INFO - Using font: Arial Unicode
2025-09-04 13:47:21,680 - INFO - Using font: Arial Unicode
2025-09-04 13:47:21,713 - INFO - Using font: Arial Unicode
2025-09-04 13:47:21,719 - INFO - Using font: Arial Unicode
2025-09-04 13:47:21,842 - INFO - Using font: Arial Unicode
2025-09-04 13:47:21,848 - INFO - Using font: Arial Unicode
2025-09-04 13:47:21,973 - INFO - Using font: Arial Unicode
2025-09-04 13:47:21,979 - INFO - Using font: Arial Unicode
2025-09-04 13:47:22,114 - INFO - Using font: Arial Unicode
2025-09-04 13:47:22,120 - INFO - Using font: Arial Unicode
2025-09-04 13:47:22,287 - INFO - Using font: Arial Unicode
2025-09-04 13:47:22,293 - INFO - Using font: Arial Unicode
2025-09-04 13:47:22,447 - INFO - Using font: Arial Unicode
2025-09-04 13:47:22,454 - INFO - Using font: Arial Unicode
2025-09-04 13:47:22,489 - INFO - Using font: Arial Unicode
2025-09-04 13:47:22,495 - INFO - Using font: Arial Unicode
2025-09-04 13:47:22,637 - INFO - Using font: Arial Unicode
2025-09-04 13:47:22,643 - INFO - Using font: Arial Unicode
2025-09-04 13:47:22,778 - INFO - Using font: Arial Unicode
2025-09-04 13:47:22,784 - INFO - Using font: Arial Unicode
2025-09-04 13:47:22,945 - INFO - Using font: Arial Unicode
2025-09-04 13:47:22,951 - INFO - Using font: Arial Unicode
2025-09-04 13:47:22,984 - INFO - Using font: Arial Unicode
2025-09-04 13:47:22,990 - INFO - Using font: Arial Unicode
2025-09-04 13:47:23,139 - INFO - Using font: Arial Unicode
2025-09-04 13:47:23,145 - INFO - Using font: Arial Unicode
2025-09-04 13:47:23,270 - INFO - Using font: Arial Unicode
2025-09-04 13:47:23,276 - INFO - Using font: Arial Unicode
2025-09-04 13:47:23,452 - INFO - Using font: Arial Unicode
2025-09-04 13:47:23,458 - INFO - Using font: Arial Unicode
2025-09-04 13:47:23,605 - INFO - Using font: Arial Unicode
2025-09-04 13:47:23,612 - INFO - Using font: Arial Unicode
2025-09-04 13:47:23,736 - INFO - Using font: Arial Unicode
2025-09-04 13:47:23,743 - INFO - Using font: Arial Unicode
2025-09-04 13:47:23,910 - INFO - Using font: Arial Unicode
2025-09-04 13:47:23,916 - INFO - Using font: Arial Unicode
2025-09-04 13:47:24,036 - INFO - Using font: Arial Unicode
2025-09-04 13:47:24,042 - INFO - Using font: Arial Unicode
2025-09-04 13:47:24,078 - INFO - Using font: Arial Unicode
2025-09-04 13:47:24,084 - INFO - Using font: Arial Unicode
2025-09-04 13:47:24,212 - INFO - Using font: Arial Unicode
2025-09-04 13:47:24,219 - INFO - Using font: Arial Unicode
2025-09-04 13:47:24,342 - INFO - Using font: Arial Unicode
2025-09-04 13:47:24,348 - INFO - Using font: Arial Unicode
2025-09-04 13:47:24,478 - INFO - Using font: Arial Unicode
2025-09-04 13:47:24,484 - INFO - Using font: Arial Unicode
2025-09-04 13:47:24,652 - INFO - Using font: Arial Unicode
2025-09-04 13:47:24,658 - INFO - Using font: Arial Unicode
2025-09-04 13:47:24,779 - INFO - Using font: Arial Unicode
2025-09-04 13:47:24,785 - INFO - Using font: Arial Unicode
2025-09-04 13:47:24,949 - INFO - Using font: Arial Unicode
2025-09-04 13:47:24,955 - INFO - Using font: Arial Unicode
2025-09-04 13:47:24,991 - INFO - Using font: Arial Unicode
2025-09-04 13:47:24,997 - INFO - Using font: Arial Unicode
2025-09-04 13:47:25,029 - INFO - Using font: Arial Unicode
2025-09-04 13:47:25,035 - INFO - Using font: Arial Unicode
2025-09-04 13:47:25,171 - INFO - Using font: Arial Unicode
2025-09-04 13:47:25,177 - INFO - Using font: Arial Unicode
2025-09-04 13:47:25,213 - INFO - Using font: Arial Unicode
2025-09-04 13:47:25,219 - INFO - Using font: Arial Unicode
2025-09-04 13:47:25,370 - INFO - Using font: Arial Unicode
2025-09-04 13:47:25,376 - INFO - Using font: Arial Unicode
2025-09-04 13:47:25,515 - INFO - Using font: Arial Unicode
2025-09-04 13:47:25,521 - INFO - Using font: Arial Unicode
2025-09-04 13:47:25,670 - INFO - Using font: Arial Unicode
2025-09-04 13:47:25,677 - INFO - Using font: Arial Unicode
2025-09-04 13:47:25,839 - INFO - Using font: Arial Unicode
2025-09-04 13:47:25,846 - INFO - Using font: Arial Unicode
2025-09-04 13:47:25,880 - INFO - Using font: Arial Unicode
2025-09-04 13:47:25,886 - INFO - Using font: Arial Unicode
2025-09-04 13:47:26,057 - INFO - Using font: Arial Unicode
2025-09-04 13:47:26,063 - INFO - Using font: Arial Unicode
2025-09-04 13:47:26,199 - INFO - Using font: Arial Unicode
2025-09-04 13:47:26,205 - INFO - Using font: Arial Unicode
2025-09-04 13:47:26,240 - INFO - Using font: Arial Unicode
2025-09-04 13:47:26,246 - INFO - Using font: Arial Unicode
2025-09-04 13:47:26,390 - INFO - Using font: Arial Unicode
2025-09-04 13:47:26,396 - INFO - Using font: Arial Unicode
2025-09-04 13:47:26,430 - INFO - Using font: Arial Unicode
2025-09-04 13:47:26,436 - INFO - Using font: Arial Unicode
2025-09-04 13:47:26,574 - INFO - Using font: Arial Unicode
2025-09-04 13:47:26,581 - INFO - Using font: Arial Unicode
2025-09-04 13:47:26,614 - INFO - Using font: Arial Unicode
2025-09-04 13:47:26,620 - INFO - Using font: Arial Unicode
2025-09-04 13:47:26,742 - INFO - Using font: Arial Unicode
2025-09-04 13:47:26,747 - INFO - Using font: Arial Unicode
2025-09-04 13:47:26,783 - INFO - Using font: Arial Unicode
2025-09-04 13:47:26,789 - INFO - Using font: Arial Unicode
2025-09-04 13:47:26,942 - INFO - Using font: Arial Unicode
2025-09-04 13:47:26,949 - INFO - Using font: Arial Unicode
2025-09-04 13:47:27,106 - INFO - Using font: Arial Unicode
2025-09-04 13:47:27,112 - INFO - Using font: Arial Unicode
2025-09-04 13:47:27,284 - INFO - Using font: Arial Unicode
2025-09-04 13:47:27,291 - INFO - Using font: Arial Unicode
2025-09-04 13:47:27,426 - INFO - Using font: Arial Unicode
2025-09-04 13:47:27,433 - INFO - Using font: Arial Unicode
2025-09-04 13:47:27,592 - INFO - Using font: Arial Unicode
2025-09-04 13:47:27,600 - INFO - Using font: Arial Unicode
2025-09-04 13:47:27,743 - INFO - Using font: Arial Unicode
2025-09-04 13:47:27,752 - INFO - Using font: Arial Unicode
2025-09-04 13:47:27,912 - INFO - Using font: Arial Unicode
2025-09-04 13:47:27,918 - INFO - Using font: Arial Unicode
2025-09-04 13:47:28,075 - INFO - Using font: Arial Unicode
2025-09-04 13:47:28,081 - INFO - Using font: Arial Unicode
2025-09-04 13:47:28,217 - INFO - Using font: Arial Unicode
2025-09-04 13:47:28,224 - INFO - Using font: Arial Unicode
2025-09-04 13:47:28,381 - INFO - Using font: Arial Unicode
2025-09-04 13:47:28,388 - INFO - Using font: Arial Unicode
2025-09-04 13:47:28,426 - INFO - Using font: Arial Unicode
2025-09-04 13:47:28,433 - INFO - Using font: Arial Unicode
2025-09-04 13:47:28,574 - INFO - Using font: Arial Unicode
2025-09-04 13:47:28,580 - INFO - Using font: Arial Unicode
2025-09-04 13:47:28,744 - INFO - Using font: Arial Unicode
2025-09-04 13:47:28,751 - INFO - Using font: Arial Unicode
2025-09-04 13:47:28,786 - INFO - Using font: Arial Unicode
2025-09-04 13:47:28,792 - INFO - Using font: Arial Unicode
2025-09-04 13:47:28,937 - INFO - Using font: Arial Unicode
2025-09-04 13:47:28,944 - INFO - Using font: Arial Unicode
2025-09-04 13:47:28,979 - INFO - Using font: Arial Unicode
2025-09-04 13:47:28,985 - INFO - Using font: Arial Unicode
2025-09-04 13:47:29,132 - INFO - Using font: Arial Unicode
2025-09-04 13:47:29,139 - INFO - Using font: Arial Unicode
2025-09-04 13:47:29,173 - INFO - Using font: Arial Unicode
2025-09-04 13:47:29,180 - INFO - Using font: Arial Unicode
2025-09-04 13:47:29,336 - INFO - Using font: Arial Unicode
2025-09-04 13:47:29,342 - INFO - Using font: Arial Unicode
2025-09-04 13:47:29,378 - INFO - Using font: Arial Unicode
2025-09-04 13:47:29,384 - INFO - Using font: Arial Unicode
2025-09-04 13:47:29,418 - INFO - Using font: Arial Unicode
2025-09-04 13:47:29,424 - INFO - Using font: Arial Unicode
2025-09-04 13:47:29,459 - INFO - Using font: Arial Unicode
2025-09-04 13:47:29,465 - INFO - Using font: Arial Unicode
2025-09-04 13:47:29,616 - INFO - Using font: Arial Unicode
2025-09-04 13:47:29,623 - INFO - Using font: Arial Unicode
2025-09-04 13:47:29,694 - INFO - Using font: Arial Unicode
2025-09-04 13:47:29,701 - INFO - Using font: Arial Unicode
2025-09-04 13:47:29,842 - INFO - Using font: Arial Unicode
2025-09-04 13:47:29,851 - INFO - Using font: Arial Unicode
2025-09-04 13:47:29,900 - INFO - Using font: Arial Unicode
2025-09-04 13:47:29,907 - INFO - Using font: Arial Unicode
2025-09-04 13:47:29,945 - INFO - Using font: Arial Unicode
2025-09-04 13:47:29,951 - INFO - Using font: Arial Unicode
2025-09-04 13:47:29,988 - INFO - Using font: Arial Unicode
2025-09-04 13:47:29,995 - INFO - Using font: Arial Unicode
2025-09-04 13:47:30,134 - INFO - Using font: Arial Unicode
2025-09-04 13:47:30,140 - INFO - Using font: Arial Unicode
2025-09-04 13:47:30,273 - INFO - Using font: Arial Unicode
2025-09-04 13:47:30,280 - INFO - Using font: Arial Unicode
2025-09-04 13:47:30,449 - INFO - Using font: Arial Unicode
2025-09-04 13:47:30,455 - INFO - Using font: Arial Unicode
2025-09-04 13:47:30,490 - INFO - Using font: Arial Unicode
2025-09-04 13:47:30,496 - INFO - Using font: Arial Unicode
2025-09-04 13:47:30,530 - INFO - Using font: Arial Unicode
2025-09-04 13:47:30,536 - INFO - Using font: Arial Unicode
2025-09-04 13:47:30,670 - INFO - Using font: Arial Unicode
2025-09-04 13:47:30,677 - INFO - Using font: Arial Unicode
2025-09-04 13:47:30,713 - INFO - Using font: Arial Unicode
2025-09-04 13:47:30,719 - INFO - Using font: Arial Unicode
2025-09-04 13:47:30,754 - INFO - Using font: Arial Unicode
2025-09-04 13:47:30,760 - INFO - Using font: Arial Unicode
2025-09-04 13:47:30,924 - INFO - Using font: Arial Unicode
2025-09-04 13:47:30,930 - INFO - Using font: Arial Unicode
2025-09-04 13:47:30,963 - INFO - Using font: Arial Unicode
2025-09-04 13:47:30,969 - INFO - Using font: Arial Unicode
2025-09-04 13:47:31,093 - INFO - Using font: Arial Unicode
2025-09-04 13:47:31,099 - INFO - Using font: Arial Unicode
2025-09-04 13:47:31,134 - INFO - Using font: Arial Unicode
2025-09-04 13:47:31,140 - INFO - Using font: Arial Unicode
2025-09-04 13:47:31,175 - INFO - Using font: Arial Unicode
2025-09-04 13:47:31,181 - INFO - Using font: Arial Unicode
2025-09-04 13:47:31,335 - INFO - Using font: Arial Unicode
2025-09-04 13:47:31,341 - INFO - Using font: Arial Unicode
2025-09-04 13:47:31,376 - INFO - Using font: Arial Unicode
2025-09-04 13:47:31,382 - INFO - Using font: Arial Unicode
2025-09-04 13:47:31,415 - INFO - Using font: Arial Unicode
2025-09-04 13:47:31,421 - INFO - Using font: Arial Unicode
2025-09-04 13:47:31,455 - INFO - Using font: Arial Unicode
2025-09-04 13:47:31,461 - INFO - Using font: Arial Unicode
2025-09-04 13:47:31,594 - INFO - Using font: Arial Unicode
2025-09-04 13:47:31,601 - INFO - Using font: Arial Unicode
2025-09-04 13:47:31,633 - INFO - Using font: Arial Unicode
2025-09-04 13:47:31,639 - INFO - Using font: Arial Unicode
2025-09-04 13:47:31,674 - INFO - Using font: Arial Unicode
2025-09-04 13:47:31,680 - INFO - Using font: Arial Unicode
2025-09-04 13:47:31,834 - INFO - Using font: Arial Unicode
2025-09-04 13:47:31,841 - INFO - Using font: Arial Unicode
2025-09-04 13:47:31,875 - INFO - Using font: Arial Unicode
2025-09-04 13:47:31,882 - INFO - Using font: Arial Unicode
2025-09-04 13:47:31,916 - INFO - Using font: Arial Unicode
2025-09-04 13:47:31,922 - INFO - Using font: Arial Unicode
2025-09-04 13:47:31,956 - INFO - Using font: Arial Unicode
2025-09-04 13:47:31,962 - INFO - Using font: Arial Unicode
2025-09-04 13:47:31,994 - INFO - Using font: Arial Unicode
2025-09-04 13:47:32,000 - INFO - Using font: Arial Unicode
2025-09-04 13:47:32,139 - INFO - Using font: Arial Unicode
2025-09-04 13:47:32,145 - INFO - Using font: Arial Unicode
2025-09-04 13:47:32,178 - INFO - Using font: Arial Unicode
2025-09-04 13:47:32,184 - INFO - Using font: Arial Unicode
2025-09-04 13:47:32,217 - INFO - Using font: Arial Unicode
2025-09-04 13:47:32,223 - INFO - Using font: Arial Unicode
2025-09-04 13:47:32,255 - INFO - Using font: Arial Unicode
2025-09-04 13:47:32,261 - INFO - Using font: Arial Unicode
2025-09-04 13:47:32,293 - INFO - Using font: Arial Unicode
2025-09-04 13:47:32,299 - INFO - Using font: Arial Unicode
2025-09-04 13:47:32,449 - INFO - Using font: Arial Unicode
2025-09-04 13:47:32,455 - INFO - Using font: Arial Unicode
2025-09-04 13:47:32,490 - INFO - Using font: Arial Unicode
2025-09-04 13:47:32,496 - INFO - Using font: Arial Unicode
2025-09-04 13:47:32,639 - INFO - Using font: Arial Unicode
2025-09-04 13:47:32,646 - INFO - Using font: Arial Unicode
2025-09-04 13:47:32,680 - INFO - Using font: Arial Unicode
2025-09-04 13:47:32,686 - INFO - Using font: Arial Unicode
2025-09-04 13:47:32,721 - INFO - Using font: Arial Unicode
2025-09-04 13:47:32,727 - INFO - Using font: Arial Unicode
2025-09-04 13:47:32,761 - INFO - Using font: Arial Unicode
2025-09-04 13:47:32,767 - INFO - Using font: Arial Unicode
2025-09-04 13:47:32,908 - INFO - Using font: Arial Unicode
2025-09-04 13:47:32,915 - INFO - Using font: Arial Unicode
2025-09-04 13:47:33,033 - INFO - Using font: Arial Unicode
2025-09-04 13:47:33,040 - INFO - Using font: Arial Unicode
2025-09-04 13:47:33,074 - INFO - Using font: Arial Unicode
2025-09-04 13:47:33,080 - INFO - Using font: Arial Unicode
2025-09-04 13:47:33,234 - INFO - Using font: Arial Unicode
2025-09-04 13:47:33,240 - INFO - Using font: Arial Unicode
2025-09-04 13:47:33,274 - INFO - Using font: Arial Unicode
2025-09-04 13:47:33,280 - INFO - Using font: Arial Unicode
2025-09-04 13:47:33,313 - INFO - Using font: Arial Unicode
2025-09-04 13:47:33,320 - INFO - Using font: Arial Unicode
2025-09-04 13:47:33,488 - INFO - Using font: Arial Unicode
2025-09-04 13:47:33,494 - INFO - Using font: Arial Unicode
2025-09-04 13:47:33,627 - INFO - Using font: Arial Unicode
2025-09-04 13:47:33,634 - INFO - Using font: Arial Unicode
2025-09-04 13:47:33,669 - INFO - Using font: Arial Unicode
2025-09-04 13:47:33,676 - INFO - Using font: Arial Unicode
2025-09-04 13:47:33,710 - INFO - Using font: Arial Unicode
2025-09-04 13:47:33,716 - INFO - Using font: Arial Unicode
2025-09-04 13:47:33,860 - INFO - Using font: Arial Unicode
2025-09-04 13:47:33,867 - INFO - Using font: Arial Unicode
2025-09-04 13:47:33,902 - INFO - Using font: Arial Unicode
2025-09-04 13:47:33,908 - INFO - Using font: Arial Unicode
2025-09-04 13:47:33,943 - INFO - Using font: Arial Unicode
2025-09-04 13:47:33,949 - INFO - Using font: Arial Unicode
2025-09-04 13:47:33,982 - INFO - Using font: Arial Unicode
2025-09-04 13:47:33,988 - INFO - Using font: Arial Unicode
2025-09-04 13:47:34,144 - INFO - Using font: Arial Unicode
2025-09-04 13:47:34,151 - INFO - Using font: Arial Unicode
2025-09-04 13:47:34,186 - INFO - Using font: Arial Unicode
2025-09-04 13:47:34,192 - INFO - Using font: Arial Unicode
2025-09-04 13:47:34,226 - INFO - Using font: Arial Unicode
2025-09-04 13:47:34,232 - INFO - Using font: Arial Unicode
2025-09-04 13:47:34,370 - INFO - Using font: Arial Unicode
2025-09-04 13:47:34,377 - INFO - Using font: Arial Unicode
2025-09-04 13:47:34,410 - INFO - Using font: Arial Unicode
2025-09-04 13:47:34,416 - INFO - Using font: Arial Unicode
2025-09-04 13:47:34,451 - INFO - Using font: Arial Unicode
2025-09-04 13:47:34,457 - INFO - Using font: Arial Unicode
2025-09-04 13:47:34,595 - INFO - Using font: Arial Unicode
2025-09-04 13:47:34,601 - INFO - Using font: Arial Unicode
2025-09-04 13:47:34,634 - INFO - Using font: Arial Unicode
2025-09-04 13:47:34,640 - INFO - Using font: Arial Unicode
2025-09-04 13:47:34,673 - INFO - Using font: Arial Unicode
2025-09-04 13:47:34,680 - INFO - Using font: Arial Unicode
2025-09-04 13:47:34,714 - INFO - Using font: Arial Unicode
2025-09-04 13:47:34,720 - INFO - Using font: Arial Unicode
2025-09-04 13:47:34,754 - INFO - Using font: Arial Unicode
2025-09-04 13:47:34,760 - INFO - Using font: Arial Unicode
2025-09-04 13:47:34,898 - INFO - Using font: Arial Unicode
2025-09-04 13:47:34,904 - INFO - Using font: Arial Unicode
2025-09-04 13:47:34,937 - INFO - Using font: Arial Unicode
2025-09-04 13:47:34,943 - INFO - Using font: Arial Unicode
2025-09-04 13:47:34,975 - INFO - Using font: Arial Unicode
2025-09-04 13:47:34,981 - INFO - Using font: Arial Unicode
2025-09-04 13:47:35,013 - INFO - Using font: Arial Unicode
2025-09-04 13:47:35,019 - INFO - Using font: Arial Unicode
2025-09-04 13:47:35,168 - INFO - Using font: Arial Unicode
2025-09-04 13:47:35,175 - INFO - Using font: Arial Unicode
2025-09-04 13:47:35,208 - INFO - Using font: Arial Unicode
2025-09-04 13:47:35,214 - INFO - Using font: Arial Unicode
2025-09-04 13:47:35,249 - INFO - Using font: Arial Unicode
2025-09-04 13:47:35,254 - INFO - Using font: Arial Unicode
2025-09-04 13:47:35,287 - INFO - Using font: Arial Unicode
2025-09-04 13:47:35,294 - INFO - Using font: Arial Unicode
2025-09-04 13:47:35,434 - INFO - Using font: Arial Unicode
2025-09-04 13:47:35,441 - INFO - Using font: Arial Unicode
2025-09-04 13:47:35,475 - INFO - Using font: Arial Unicode
2025-09-04 13:47:35,481 - INFO - Using font: Arial Unicode
2025-09-04 13:47:35,515 - INFO - Using font: Arial Unicode
2025-09-04 13:47:35,522 - INFO - Using font: Arial Unicode
2025-09-04 13:47:35,555 - INFO - Using font: Arial Unicode
2025-09-04 13:47:35,561 - INFO - Using font: Arial Unicode
2025-09-04 13:47:35,718 - INFO - Using font: Arial Unicode
2025-09-04 13:47:35,724 - INFO - Using font: Arial Unicode
2025-09-04 13:47:35,861 - INFO - Using font: Arial Unicode
2025-09-04 13:47:35,867 - INFO - Using font: Arial Unicode
2025-09-04 13:47:35,902 - INFO - Using font: Arial Unicode
2025-09-04 13:47:35,907 - INFO - Using font: Arial Unicode
2025-09-04 13:47:36,026 - INFO - Using font: Arial Unicode
2025-09-04 13:47:36,033 - INFO - Using font: Arial Unicode
2025-09-04 13:47:36,159 - INFO - Using font: Arial Unicode
2025-09-04 13:47:36,165 - INFO - Using font: Arial Unicode
2025-09-04 13:47:36,296 - INFO - Using font: Arial Unicode
2025-09-04 13:47:36,302 - INFO - Using font: Arial Unicode
2025-09-04 13:47:36,338 - INFO - Using font: Arial Unicode
2025-09-04 13:47:36,344 - INFO - Using font: Arial Unicode
2025-09-04 13:47:36,378 - INFO - Using font: Arial Unicode
2025-09-04 13:47:36,384 - INFO - Using font: Arial Unicode
2025-09-04 13:47:36,509 - INFO - Using font: Arial Unicode
2025-09-04 13:47:36,516 - INFO - Using font: Arial Unicode
2025-09-04 13:47:36,550 - INFO - Using font: Arial Unicode
2025-09-04 13:47:36,556 - INFO - Using font: Arial Unicode
2025-09-04 13:47:36,591 - INFO - Using font: Arial Unicode
2025-09-04 13:47:36,597 - INFO - Using font: Arial Unicode
2025-09-04 13:47:36,631 - INFO - Using font: Arial Unicode
2025-09-04 13:47:36,637 - INFO - Using font: Arial Unicode
2025-09-04 13:47:36,753 - INFO - Using font: Arial Unicode
2025-09-04 13:47:36,761 - INFO - Using font: Arial Unicode
2025-09-04 13:47:36,805 - INFO - Using font: Arial Unicode
2025-09-04 13:47:36,811 - INFO - Using font: Arial Unicode
2025-09-04 13:47:36,844 - INFO - Using font: Arial Unicode
2025-09-04 13:47:36,851 - INFO - Using font: Arial Unicode
2025-09-04 13:47:36,885 - INFO - Using font: Arial Unicode
2025-09-04 13:47:36,891 - INFO - Using font: Arial Unicode
2025-09-04 13:47:37,017 - INFO - Using font: Arial Unicode
2025-09-04 13:47:37,023 - INFO - Using font: Arial Unicode
2025-09-04 13:47:37,056 - INFO - Using font: Arial Unicode
2025-09-04 13:47:37,062 - INFO - Using font: Arial Unicode
2025-09-04 13:47:37,206 - INFO - Using font: Arial Unicode
2025-09-04 13:47:37,212 - INFO - Using font: Arial Unicode
2025-09-04 13:47:37,244 - INFO - Using font: Arial Unicode
2025-09-04 13:47:37,250 - INFO - Using font: Arial Unicode
2025-09-04 13:47:37,406 - INFO - Using font: Arial Unicode
2025-09-04 13:47:37,412 - INFO - Using font: Arial Unicode
2025-09-04 13:47:37,667 - INFO - Using font: Arial Unicode
2025-09-04 13:47:37,673 - INFO - Using font: Arial Unicode
2025-09-04 13:47:37,708 - INFO - Using font: Arial Unicode
2025-09-04 13:47:37,714 - INFO - Using font: Arial Unicode
2025-09-04 13:47:37,747 - INFO - Using font: Arial Unicode
2025-09-04 13:47:37,753 - INFO - Using font: Arial Unicode
2025-09-04 13:47:37,895 - INFO - Using font: Arial Unicode
2025-09-04 13:47:37,902 - INFO - Using font: Arial Unicode
2025-09-04 13:47:37,935 - INFO - Using font: Arial Unicode
2025-09-04 13:47:37,940 - INFO - Using font: Arial Unicode
2025-09-04 13:47:37,975 - INFO - Using font: Arial Unicode
2025-09-04 13:47:37,981 - INFO - Using font: Arial Unicode
2025-09-04 13:47:38,165 - INFO - Using font: Arial Unicode
2025-09-04 13:47:38,172 - INFO - Using font: Arial Unicode
2025-09-04 13:47:38,321 - INFO - Using font: Arial Unicode
2025-09-04 13:47:38,327 - INFO - Using font: Arial Unicode
2025-09-04 13:47:38,450 - INFO - Using font: Arial Unicode
2025-09-04 13:47:38,457 - INFO - Using font: Arial Unicode
2025-09-04 13:47:38,492 - INFO - Using font: Arial Unicode
2025-09-04 13:47:38,498 - INFO - Using font: Arial Unicode
2025-09-04 13:47:38,532 - INFO - Using font: Arial Unicode
2025-09-04 13:47:38,538 - INFO - Using font: Arial Unicode
2025-09-04 13:47:38,571 - INFO - Using font: Arial Unicode
2025-09-04 13:47:38,577 - INFO - Using font: Arial Unicode
2025-09-04 13:47:38,691 - INFO - Using font: Arial Unicode
2025-09-04 13:47:38,698 - INFO - Using font: Arial Unicode
2025-09-04 13:47:38,732 - INFO - Using font: Arial Unicode
2025-09-04 13:47:38,738 - INFO - Using font: Arial Unicode
2025-09-04 13:47:38,773 - INFO - Using font: Arial Unicode
2025-09-04 13:47:38,779 - INFO - Using font: Arial Unicode
2025-09-04 13:47:38,928 - INFO - Using font: Arial Unicode
2025-09-04 13:47:38,935 - INFO - Using font: Arial Unicode
2025-09-04 13:47:38,969 - INFO - Using font: Arial Unicode
2025-09-04 13:47:38,975 - INFO - Using font: Arial Unicode
2025-09-04 13:47:39,008 - INFO - Using font: Arial Unicode
2025-09-04 13:47:39,014 - INFO - Using font: Arial Unicode
2025-09-04 13:47:39,047 - INFO - Using font: Arial Unicode
2025-09-04 13:47:39,053 - INFO - Using font: Arial Unicode
2025-09-04 13:47:39,185 - INFO - Using font: Arial Unicode
2025-09-04 13:47:39,191 - INFO - Using font: Arial Unicode
2025-09-04 13:47:39,225 - INFO - Using font: Arial Unicode
2025-09-04 13:47:39,231 - INFO - Using font: Arial Unicode
2025-09-04 13:47:39,265 - INFO - Using font: Arial Unicode
2025-09-04 13:47:39,271 - INFO - Using font: Arial Unicode
2025-09-04 13:47:39,397 - INFO - Using font: Arial Unicode
2025-09-04 13:47:39,404 - INFO - Using font: Arial Unicode
2025-09-04 13:47:39,438 - INFO - Using font: Arial Unicode
2025-09-04 13:47:39,444 - INFO - Using font: Arial Unicode
2025-09-04 13:47:39,588 - INFO - Using font: Arial Unicode
2025-09-04 13:47:39,594 - INFO - Using font: Arial Unicode
2025-09-04 13:47:39,628 - INFO - Using font: Arial Unicode
2025-09-04 13:47:39,634 - INFO - Using font: Arial Unicode
2025-09-04 13:47:39,758 - INFO - Using font: Arial Unicode
2025-09-04 13:47:39,765 - INFO - Using font: Arial Unicode
2025-09-04 13:47:39,897 - INFO - Using font: Arial Unicode
2025-09-04 13:47:39,903 - INFO - Using font: Arial Unicode
2025-09-04 13:47:39,937 - INFO - Using font: Arial Unicode
2025-09-04 13:47:39,943 - INFO - Using font: Arial Unicode
2025-09-04 13:47:39,977 - INFO - Using font: Arial Unicode
2025-09-04 13:47:39,983 - INFO - Using font: Arial Unicode
2025-09-04 13:47:40,125 - INFO - Using font: Arial Unicode
2025-09-04 13:47:40,133 - INFO - Using font: Arial Unicode
2025-09-04 13:47:40,258 - INFO - Using font: Arial Unicode
2025-09-04 13:47:40,265 - INFO - Using font: Arial Unicode
2025-09-04 13:47:40,387 - INFO - Using font: Arial Unicode
2025-09-04 13:47:40,393 - INFO - Using font: Arial Unicode
2025-09-04 13:47:40,533 - INFO - Using font: Arial Unicode
2025-09-04 13:47:40,540 - INFO - Using font: Arial Unicode
2025-09-04 13:47:40,574 - INFO - Using font: Arial Unicode
2025-09-04 13:47:40,580 - INFO - Using font: Arial Unicode
2025-09-04 13:47:40,719 - INFO - Using font: Arial Unicode
2025-09-04 13:47:40,726 - INFO - Using font: Arial Unicode
2025-09-04 13:47:40,761 - INFO - Using font: Arial Unicode
2025-09-04 13:47:40,768 - INFO - Using font: Arial Unicode
2025-09-04 13:47:40,884 - INFO - Using font: Arial Unicode
2025-09-04 13:47:40,891 - INFO - Using font: Arial Unicode
2025-09-04 13:47:40,924 - INFO - Using font: Arial Unicode
2025-09-04 13:47:40,929 - INFO - Using font: Arial Unicode
2025-09-04 13:47:40,964 - INFO - Using font: Arial Unicode
2025-09-04 13:47:40,970 - INFO - Using font: Arial Unicode
2025-09-04 13:47:41,092 - INFO - Using font: Arial Unicode
2025-09-04 13:47:41,098 - INFO - Using font: Arial Unicode
2025-09-04 13:47:41,132 - INFO - Using font: Arial Unicode
2025-09-04 13:47:41,138 - INFO - Using font: Arial Unicode
2025-09-04 13:47:41,251 - INFO - Using font: Arial Unicode
2025-09-04 13:47:41,258 - INFO - Using font: Arial Unicode
2025-09-04 13:47:41,291 - INFO - Using font: Arial Unicode
2025-09-04 13:47:41,298 - INFO - Using font: Arial Unicode
2025-09-04 13:47:41,330 - INFO - Using font: Arial Unicode
2025-09-04 13:47:41,337 - INFO - Using font: Arial Unicode
2025-09-04 13:47:41,459 - INFO - Using font: Arial Unicode
2025-09-04 13:47:41,466 - INFO - Using font: Arial Unicode
2025-09-04 13:47:41,500 - INFO - Using font: Arial Unicode
2025-09-04 13:47:41,505 - INFO - Using font: Arial Unicode
2025-09-04 13:47:41,623 - INFO - Using font: Arial Unicode
2025-09-04 13:47:41,629 - INFO - Using font: Arial Unicode
2025-09-04 13:47:41,664 - INFO - Using font: Arial Unicode
2025-09-04 13:47:41,670 - INFO - Using font: Arial Unicode
2025-09-04 13:47:41,704 - INFO - Using font: Arial Unicode
2025-09-04 13:47:41,711 - INFO - Using font: Arial Unicode
2025-09-04 13:47:41,833 - INFO - Using font: Arial Unicode
2025-09-04 13:47:41,839 - INFO - Using font: Arial Unicode
2025-09-04 13:47:41,872 - INFO - Using font: Arial Unicode
2025-09-04 13:47:41,878 - INFO - Using font: Arial Unicode
2025-09-04 13:47:41,911 - INFO - Using font: Arial Unicode
2025-09-04 13:47:41,917 - INFO - Using font: Arial Unicode
2025-09-04 13:47:41,952 - INFO - Using font: Arial Unicode
2025-09-04 13:47:41,958 - INFO - Using font: Arial Unicode
2025-09-04 13:47:41,991 - INFO - Using font: Arial Unicode
2025-09-04 13:47:41,997 - INFO - Using font: Arial Unicode
2025-09-04 13:47:42,218 - INFO - Using font: Arial Unicode
2025-09-04 13:47:42,225 - INFO - Using font: Arial Unicode
2025-09-04 13:47:42,402 - INFO - Using font: Arial Unicode
2025-09-04 13:47:42,409 - INFO - Using font: Arial Unicode
2025-09-04 13:47:42,444 - INFO - Using font: Arial Unicode
2025-09-04 13:47:42,450 - INFO - Using font: Arial Unicode
2025-09-04 13:47:42,484 - INFO - Using font: Arial Unicode
2025-09-04 13:47:42,490 - INFO - Using font: Arial Unicode
2025-09-04 13:47:42,524 - INFO - Using font: Arial Unicode
2025-09-04 13:47:42,530 - INFO - Using font: Arial Unicode
2025-09-04 13:47:42,700 - INFO - Using font: Arial Unicode
2025-09-04 13:47:42,706 - INFO - Using font: Arial Unicode
2025-09-04 13:47:42,875 - INFO - Using font: Arial Unicode
2025-09-04 13:47:42,883 - INFO - Using font: Arial Unicode
2025-09-04 13:47:43,029 - INFO - Using font: Arial Unicode
2025-09-04 13:47:43,037 - INFO - Using font: Arial Unicode
2025-09-04 13:47:43,073 - INFO - Using font: Arial Unicode
2025-09-04 13:47:43,080 - INFO - Using font: Arial Unicode
2025-09-04 13:47:43,233 - INFO - Using font: Arial Unicode
2025-09-04 13:47:43,240 - INFO - Using font: Arial Unicode
2025-09-04 13:47:43,274 - INFO - Using font: Arial Unicode
2025-09-04 13:47:43,280 - INFO - Using font: Arial Unicode
2025-09-04 13:47:43,314 - INFO - Using font: Arial Unicode
2025-09-04 13:47:43,320 - INFO - Using font: Arial Unicode
2025-09-04 13:47:43,425 - INFO - Using font: Arial Unicode
2025-09-04 13:47:43,432 - INFO - Using font: Arial Unicode
2025-09-04 13:47:43,956 - INFO - Using font: Arial Unicode
2025-09-04 13:47:43,964 - INFO - Using font: Arial Unicode
2025-09-04 13:47:44,001 - INFO - Using font: Arial Unicode
2025-09-04 13:47:44,007 - INFO - Using font: Arial Unicode
2025-09-04 13:47:44,043 - INFO - Using font: Arial Unicode
2025-09-04 13:47:44,049 - INFO - Using font: Arial Unicode
2025-09-04 13:47:44,223 - INFO - Using font: Arial Unicode
2025-09-04 13:47:44,230 - INFO - Using font: Arial Unicode
2025-09-04 13:47:44,361 - INFO - Using font: Arial Unicode
2025-09-04 13:47:44,367 - INFO - Using font: Arial Unicode
2025-09-04 13:47:44,481 - INFO - Using font: Arial Unicode
2025-09-04 13:47:44,487 - INFO - Using font: Arial Unicode
2025-09-04 13:47:44,632 - INFO - Using font: Arial Unicode
2025-09-04 13:47:44,638 - INFO - Using font: Arial Unicode
2025-09-04 13:47:45,149 - INFO - Using font: Arial Unicode
2025-09-04 13:47:45,155 - INFO - Using font: Arial Unicode
2025-09-04 13:47:45,192 - INFO - Using font: Arial Unicode
2025-09-04 13:47:45,199 - INFO - Using font: Arial Unicode
2025-09-04 13:47:45,370 - INFO - Using font: Arial Unicode
2025-09-04 13:47:45,377 - INFO - Using font: Arial Unicode
2025-09-04 13:47:45,598 - INFO - Using font: Arial Unicode
2025-09-04 13:47:45,605 - INFO - Using font: Arial Unicode
2025-09-04 13:47:45,647 - INFO - Using font: Arial Unicode
2025-09-04 13:47:45,655 - INFO - Using font: Arial Unicode
2025-09-04 13:47:45,695 - INFO - Using font: Arial Unicode
2025-09-04 13:47:45,702 - INFO - Using font: Arial Unicode
2025-09-04 13:47:45,823 - INFO - Using font: Arial Unicode
2025-09-04 13:47:45,830 - INFO - Using font: Arial Unicode
2025-09-04 13:47:45,866 - INFO - Using font: Arial Unicode
2025-09-04 13:47:45,873 - INFO - Using font: Arial Unicode
2025-09-04 13:47:45,913 - INFO - Using font: Arial Unicode
2025-09-04 13:47:45,920 - INFO - Using font: Arial Unicode
2025-09-04 13:47:46,050 - INFO - Using font: Arial Unicode
2025-09-04 13:47:46,057 - INFO - Using font: Arial Unicode
2025-09-04 13:47:46,098 - INFO - Using font: Arial Unicode
2025-09-04 13:47:46,104 - INFO - Using font: Arial Unicode
2025-09-04 13:47:46,146 - INFO - Using font: Arial Unicode
2025-09-04 13:47:46,152 - INFO - Using font: Arial Unicode
2025-09-04 13:47:46,194 - INFO - Using font: Arial Unicode
2025-09-04 13:47:46,200 - INFO - Using font: Arial Unicode
2025-09-04 13:47:46,329 - INFO - Using font: Arial Unicode
2025-09-04 13:47:46,336 - INFO - Using font: Arial Unicode
2025-09-04 13:47:46,371 - INFO - Using font: Arial Unicode
2025-09-04 13:47:46,377 - INFO - Using font: Arial Unicode
2025-09-04 13:47:46,505 - INFO - Using font: Arial Unicode
2025-09-04 13:47:46,512 - INFO - Using font: Arial Unicode
2025-09-04 13:47:46,635 - INFO - Using font: Arial Unicode
2025-09-04 13:47:46,642 - INFO - Using font: Arial Unicode
2025-09-04 13:47:46,677 - INFO - Using font: Arial Unicode
2025-09-04 13:47:46,683 - INFO - Using font: Arial Unicode
2025-09-04 13:47:46,801 - INFO - Using font: Arial Unicode
2025-09-04 13:47:46,808 - INFO - Using font: Arial Unicode
2025-09-04 13:47:46,917 - INFO - Using font: Arial Unicode
2025-09-04 13:47:46,923 - INFO - Using font: Arial Unicode
2025-09-04 13:47:47,038 - INFO - Using font: Arial Unicode
2025-09-04 13:47:47,046 - INFO - Using font: Arial Unicode
2025-09-04 13:47:47,172 - INFO - Using font: Arial Unicode
2025-09-04 13:47:47,178 - INFO - Using font: Arial Unicode
2025-09-04 13:47:47,329 - INFO - Using font: Arial Unicode
2025-09-04 13:47:47,336 - INFO - Using font: Arial Unicode
2025-09-04 13:47:47,486 - INFO - Using font: Arial Unicode
2025-09-04 13:47:47,493 - INFO - Using font: Arial Unicode
2025-09-04 13:47:47,535 - INFO - Using font: Arial Unicode
2025-09-04 13:47:47,542 - INFO - Using font: Arial Unicode
2025-09-04 13:47:47,585 - INFO - Using font: Arial Unicode
2025-09-04 13:47:47,591 - INFO - Using font: Arial Unicode
2025-09-04 13:47:47,629 - INFO - Using font: Arial Unicode
2025-09-04 13:47:47,637 - INFO - Using font: Arial Unicode
2025-09-04 13:47:47,798 - INFO - Using font: Arial Unicode
2025-09-04 13:47:47,805 - INFO - Using font: Arial Unicode
2025-09-04 13:47:47,847 - INFO - Using font: Arial Unicode
2025-09-04 13:47:47,853 - INFO - Using font: Arial Unicode
2025-09-04 13:47:47,991 - INFO - Using font: Arial Unicode
2025-09-04 13:47:47,998 - INFO - Using font: Arial Unicode
2025-09-04 13:47:48,066 - INFO - Using font: Arial Unicode
2025-09-04 13:47:48,074 - INFO - Using font: Arial Unicode
2025-09-04 13:47:48,186 - INFO - Using font: Arial Unicode
2025-09-04 13:47:48,193 - INFO - Using font: Arial Unicode
2025-09-04 13:47:48,232 - INFO - Using font: Arial Unicode
2025-09-04 13:47:48,238 - INFO - Using font: Arial Unicode
2025-09-04 13:47:48,367 - INFO - Using font: Arial Unicode
2025-09-04 13:47:48,373 - INFO - Using font: Arial Unicode
2025-09-04 13:47:48,408 - INFO - Using font: Arial Unicode
2025-09-04 13:47:48,414 - INFO - Using font: Arial Unicode
2025-09-04 13:47:48,535 - INFO - Using font: Arial Unicode
2025-09-04 13:47:48,541 - INFO - Using font: Arial Unicode
2025-09-04 13:47:48,576 - INFO - Using font: Arial Unicode
2025-09-04 13:47:48,584 - INFO - Using font: Arial Unicode
2025-09-04 13:47:48,700 - INFO - Using font: Arial Unicode
2025-09-04 13:47:48,707 - INFO - Using font: Arial Unicode
2025-09-04 13:47:48,741 - INFO - Using font: Arial Unicode
2025-09-04 13:47:48,747 - INFO - Using font: Arial Unicode
2025-09-04 13:47:48,850 - INFO - Using font: Arial Unicode
2025-09-04 13:47:48,856 - INFO - Using font: Arial Unicode
2025-09-04 13:47:48,889 - INFO - Using font: Arial Unicode
2025-09-04 13:47:48,895 - INFO - Using font: Arial Unicode
2025-09-04 13:47:49,000 - INFO - Using font: Arial Unicode
2025-09-04 13:47:49,006 - INFO - Using font: Arial Unicode
2025-09-04 13:47:49,139 - INFO - Using font: Arial Unicode
2025-09-04 13:47:49,145 - INFO - Using font: Arial Unicode
2025-09-04 13:47:49,279 - INFO - Using font: Arial Unicode
2025-09-04 13:47:49,286 - INFO - Using font: Arial Unicode
2025-09-04 13:47:49,318 - INFO - Using font: Arial Unicode
2025-09-04 13:47:49,325 - INFO - Using font: Arial Unicode
2025-09-04 13:47:49,427 - INFO - Using font: Arial Unicode
2025-09-04 13:47:49,437 - INFO - Using font: Arial Unicode
2025-09-04 13:47:49,491 - INFO - Using font: Arial Unicode
2025-09-04 13:47:49,499 - INFO - Using font: Arial Unicode
2025-09-04 13:47:49,642 - INFO - Using font: Arial Unicode
2025-09-04 13:47:49,652 - INFO - Using font: Arial Unicode
2025-09-04 13:47:49,690 - INFO - Using font: Arial Unicode
2025-09-04 13:47:49,697 - INFO - Using font: Arial Unicode
2025-09-04 13:47:49,738 - INFO - Using font: Arial Unicode
2025-09-04 13:47:49,745 - INFO - Using font: Arial Unicode
2025-09-04 13:47:49,863 - INFO - Using font: Arial Unicode
2025-09-04 13:47:49,870 - INFO - Using font: Arial Unicode
2025-09-04 13:47:49,904 - INFO - Using font: Arial Unicode
2025-09-04 13:47:49,910 - INFO - Using font: Arial Unicode
2025-09-04 13:47:49,946 - INFO - Using font: Arial Unicode
2025-09-04 13:47:49,952 - INFO - Using font: Arial Unicode
2025-09-04 13:47:50,076 - INFO - Using font: Arial Unicode
2025-09-04 13:47:50,084 - INFO - Using font: Arial Unicode
2025-09-04 13:47:50,130 - INFO - Using font: Arial Unicode
2025-09-04 13:47:50,137 - INFO - Using font: Arial Unicode
2025-09-04 13:47:50,173 - INFO - Using font: Arial Unicode
2025-09-04 13:47:50,180 - INFO - Using font: Arial Unicode
2025-09-04 13:47:50,312 - INFO - Using font: Arial Unicode
2025-09-04 13:47:50,318 - INFO - Using font: Arial Unicode
2025-09-04 13:47:50,360 - INFO - Using font: Arial Unicode
2025-09-04 13:47:50,366 - INFO - Using font: Arial Unicode
2025-09-04 13:47:50,473 - INFO - Using font: Arial Unicode
2025-09-04 13:47:50,479 - INFO - Using font: Arial Unicode
2025-09-04 13:47:50,514 - INFO - Using font: Arial Unicode
2025-09-04 13:47:50,521 - INFO - Using font: Arial Unicode
2025-09-04 13:47:50,636 - INFO - Using font: Arial Unicode
2025-09-04 13:47:50,642 - INFO - Using font: Arial Unicode
2025-09-04 13:47:50,675 - INFO - Using font: Arial Unicode
2025-09-04 13:47:50,681 - INFO - Using font: Arial Unicode
2025-09-04 13:47:50,791 - INFO - Using font: Arial Unicode
2025-09-04 13:47:50,797 - INFO - Using font: Arial Unicode
2025-09-04 13:47:50,829 - INFO - Using font: Arial Unicode
2025-09-04 13:47:50,835 - INFO - Using font: Arial Unicode
2025-09-04 13:47:50,969 - INFO - Using font: Arial Unicode
2025-09-04 13:47:50,976 - INFO - Using font: Arial Unicode
2025-09-04 13:47:51,009 - INFO - Using font: Arial Unicode
2025-09-04 13:47:51,015 - INFO - Using font: Arial Unicode
2025-09-04 13:47:51,136 - INFO - Using font: Arial Unicode
2025-09-04 13:47:51,142 - INFO - Using font: Arial Unicode
2025-09-04 13:47:51,174 - INFO - Using font: Arial Unicode
2025-09-04 13:47:51,180 - INFO - Using font: Arial Unicode
2025-09-04 13:47:51,304 - INFO - Using font: Arial Unicode
2025-09-04 13:47:51,310 - INFO - Using font: Arial Unicode
2025-09-04 13:47:51,343 - INFO - Using font: Arial Unicode
2025-09-04 13:47:51,349 - INFO - Using font: Arial Unicode
2025-09-04 13:47:51,487 - INFO - Using font: Arial Unicode
2025-09-04 13:47:51,494 - INFO - Using font: Arial Unicode
2025-09-04 13:47:51,630 - INFO - Using font: Arial Unicode
2025-09-04 13:47:51,636 - INFO - Using font: Arial Unicode
2025-09-04 13:47:51,772 - INFO - Using font: Arial Unicode
2025-09-04 13:47:51,778 - INFO - Using font: Arial Unicode
2025-09-04 13:47:51,896 - INFO - Using font: Arial Unicode
2025-09-04 13:47:51,903 - INFO - Using font: Arial Unicode
2025-09-04 13:47:52,049 - INFO - Using font: Arial Unicode
2025-09-04 13:47:52,056 - INFO - Using font: Arial Unicode
2025-09-04 13:47:52,172 - INFO - Using font: Arial Unicode
2025-09-04 13:47:52,178 - INFO - Using font: Arial Unicode
2025-09-04 13:47:52,295 - INFO - Using font: Arial Unicode
2025-09-04 13:47:52,301 - INFO - Using font: Arial Unicode
2025-09-04 13:47:52,336 - INFO - Using font: Arial Unicode
2025-09-04 13:47:52,342 - INFO - Using font: Arial Unicode
2025-09-04 13:47:52,467 - INFO - Using font: Arial Unicode
2025-09-04 13:47:52,473 - INFO - Using font: Arial Unicode
2025-09-04 13:47:52,508 - INFO - Using font: Arial Unicode
2025-09-04 13:47:52,514 - INFO - Using font: Arial Unicode
2025-09-04 13:47:52,630 - INFO - Using font: Arial Unicode
2025-09-04 13:47:52,636 - INFO - Using font: Arial Unicode
2025-09-04 13:47:52,668 - INFO - Using font: Arial Unicode
2025-09-04 13:47:52,675 - INFO - Using font: Arial Unicode
2025-09-04 13:47:52,800 - INFO - Using font: Arial Unicode
2025-09-04 13:47:52,805 - INFO - Using font: Arial Unicode
2025-09-04 13:47:52,839 - INFO - Using font: Arial Unicode
2025-09-04 13:47:52,845 - INFO - Using font: Arial Unicode
2025-09-04 13:47:52,972 - INFO - Using font: Arial Unicode
2025-09-04 13:47:52,978 - INFO - Using font: Arial Unicode
2025-09-04 13:47:53,104 - INFO - Using font: Arial Unicode
2025-09-04 13:47:53,110 - INFO - Using font: Arial Unicode
2025-09-04 13:47:53,143 - INFO - Using font: Arial Unicode
2025-09-04 13:47:53,150 - INFO - Using font: Arial Unicode
2025-09-04 13:47:53,184 - INFO - Using font: Arial Unicode
2025-09-04 13:47:53,190 - INFO - Using font: Arial Unicode
2025-09-04 13:47:53,305 - INFO - Using font: Arial Unicode
2025-09-04 13:47:53,311 - INFO - Using font: Arial Unicode
2025-09-04 13:47:53,434 - INFO - Using font: Arial Unicode
2025-09-04 13:47:53,441 - INFO - Using font: Arial Unicode
2025-09-04 13:47:53,559 - INFO - Using font: Arial Unicode
2025-09-04 13:47:53,565 - INFO - Using font: Arial Unicode
2025-09-04 13:47:53,600 - INFO - Using font: Arial Unicode
2025-09-04 13:47:53,606 - INFO - Using font: Arial Unicode
2025-09-04 13:47:53,642 - INFO - Using font: Arial Unicode
2025-09-04 13:47:53,649 - INFO - Using font: Arial Unicode
2025-09-04 13:47:53,774 - INFO - Using font: Arial Unicode
2025-09-04 13:47:53,780 - INFO - Using font: Arial Unicode
2025-09-04 13:47:53,814 - INFO - Using font: Arial Unicode
2025-09-04 13:47:53,820 - INFO - Using font: Arial Unicode
2025-09-04 13:47:53,855 - INFO - Using font: Arial Unicode
2025-09-04 13:47:53,861 - INFO - Using font: Arial Unicode
2025-09-04 13:47:53,960 - INFO - Using font: Arial Unicode
2025-09-04 13:47:53,967 - INFO - Using font: Arial Unicode
2025-09-04 13:47:54,084 - INFO - Using font: Arial Unicode
2025-09-04 13:47:54,090 - INFO - Using font: Arial Unicode
2025-09-04 13:47:54,124 - INFO - Using font: Arial Unicode
2025-09-04 13:47:54,130 - INFO - Using font: Arial Unicode
2025-09-04 13:47:54,163 - INFO - Using font: Arial Unicode
2025-09-04 13:47:54,169 - INFO - Using font: Arial Unicode
2025-09-04 13:47:54,272 - INFO - Using font: Arial Unicode
2025-09-04 13:47:54,278 - INFO - Using font: Arial Unicode
2025-09-04 13:47:54,312 - INFO - Using font: Arial Unicode
2025-09-04 13:47:54,318 - INFO - Using font: Arial Unicode
2025-09-04 13:47:54,429 - INFO - Using font: Arial Unicode
2025-09-04 13:47:54,435 - INFO - Using font: Arial Unicode
2025-09-04 13:47:54,467 - INFO - Using font: Arial Unicode
2025-09-04 13:47:54,474 - INFO - Using font: Arial Unicode
2025-09-04 13:47:54,576 - INFO - Using font: Arial Unicode
2025-09-04 13:47:54,582 - INFO - Using font: Arial Unicode
2025-09-04 13:47:54,615 - INFO - Using font: Arial Unicode
2025-09-04 13:47:54,621 - INFO - Using font: Arial Unicode
2025-09-04 13:47:54,740 - INFO - Using font: Arial Unicode
2025-09-04 13:47:54,746 - INFO - Using font: Arial Unicode
2025-09-04 13:47:54,780 - INFO - Using font: Arial Unicode
2025-09-04 13:47:54,786 - INFO - Using font: Arial Unicode
2025-09-04 13:47:54,899 - INFO - Using font: Arial Unicode
2025-09-04 13:47:54,905 - INFO - Using font: Arial Unicode
2025-09-04 13:47:54,939 - INFO - Using font: Arial Unicode
2025-09-04 13:47:54,945 - INFO - Using font: Arial Unicode
2025-09-04 13:47:55,056 - INFO - Using font: Arial Unicode
2025-09-04 13:47:55,063 - INFO - Using font: Arial Unicode
2025-09-04 13:47:55,095 - INFO - Using font: Arial Unicode
2025-09-04 13:47:55,102 - INFO - Using font: Arial Unicode
2025-09-04 13:47:55,229 - INFO - Using font: Arial Unicode
2025-09-04 13:47:55,235 - INFO - Using font: Arial Unicode
2025-09-04 13:47:55,267 - INFO - Using font: Arial Unicode
2025-09-04 13:47:55,273 - INFO - Using font: Arial Unicode
2025-09-04 13:47:55,411 - INFO - Using font: Arial Unicode
2025-09-04 13:47:55,417 - INFO - Using font: Arial Unicode
2025-09-04 13:47:55,459 - INFO - Using font: Arial Unicode
2025-09-04 13:47:55,467 - INFO - Using font: Arial Unicode
2025-09-04 13:47:55,594 - INFO - Using font: Arial Unicode
2025-09-04 13:47:55,600 - INFO - Using font: Arial Unicode
2025-09-04 13:47:55,635 - INFO - Using font: Arial Unicode
2025-09-04 13:47:55,642 - INFO - Using font: Arial Unicode
2025-09-04 13:47:55,677 - INFO - Using font: Arial Unicode
2025-09-04 13:47:55,683 - INFO - Using font: Arial Unicode
2025-09-04 13:47:55,797 - INFO - Using font: Arial Unicode
2025-09-04 13:47:55,803 - INFO - Using font: Arial Unicode
2025-09-04 13:47:55,837 - INFO - Using font: Arial Unicode
2025-09-04 13:47:55,843 - INFO - Using font: Arial Unicode
2025-09-04 13:47:55,877 - INFO - Using font: Arial Unicode
2025-09-04 13:47:55,883 - INFO - Using font: Arial Unicode
2025-09-04 13:47:55,916 - INFO - Using font: Arial Unicode
2025-09-04 13:47:55,922 - INFO - Using font: Arial Unicode
2025-09-04 13:47:56,033 - INFO - Using font: Arial Unicode
2025-09-04 13:47:56,039 - INFO - Using font: Arial Unicode
2025-09-04 13:47:56,072 - INFO - Using font: Arial Unicode
2025-09-04 13:47:56,078 - INFO - Using font: Arial Unicode
2025-09-04 13:47:56,161 - INFO - Using font: Arial Unicode
2025-09-04 13:47:56,169 - INFO - Using font: Arial Unicode
2025-09-04 13:47:56,210 - INFO - Using font: Arial Unicode
2025-09-04 13:47:56,216 - INFO - Using font: Arial Unicode
2025-09-04 13:47:56,329 - INFO - Using font: Arial Unicode
2025-09-04 13:47:56,336 - INFO - Using font: Arial Unicode
2025-09-04 13:47:56,367 - INFO - Using font: Arial Unicode
2025-09-04 13:47:56,373 - INFO - Using font: Arial Unicode
2025-09-04 13:47:56,408 - INFO - Using font: Arial Unicode
2025-09-04 13:47:56,414 - INFO - Using font: Arial Unicode
2025-09-04 13:47:56,449 - INFO - Using font: Arial Unicode
2025-09-04 13:47:56,456 - INFO - Using font: Arial Unicode
2025-09-04 13:47:56,561 - INFO - Using font: Arial Unicode
2025-09-04 13:47:56,567 - INFO - Using font: Arial Unicode
2025-09-04 13:47:56,601 - INFO - Using font: Arial Unicode
2025-09-04 13:47:56,607 - INFO - Using font: Arial Unicode
2025-09-04 13:47:56,641 - INFO - Using font: Arial Unicode
2025-09-04 13:47:56,647 - INFO - Using font: Arial Unicode
2025-09-04 13:47:56,682 - INFO - Using font: Arial Unicode
2025-09-04 13:47:56,688 - INFO - Using font: Arial Unicode
2025-09-04 13:47:56,799 - INFO - Using font: Arial Unicode
2025-09-04 13:47:56,805 - INFO - Using font: Arial Unicode
2025-09-04 13:47:56,840 - INFO - Using font: Arial Unicode
2025-09-04 13:47:56,846 - INFO - Using font: Arial Unicode
2025-09-04 13:47:56,878 - INFO - Using font: Arial Unicode
2025-09-04 13:47:56,884 - INFO - Using font: Arial Unicode
2025-09-04 13:47:56,920 - INFO - Using font: Arial Unicode
2025-09-04 13:47:56,926 - INFO - Using font: Arial Unicode
2025-09-04 13:47:57,030 - INFO - Using font: Arial Unicode
2025-09-04 13:47:57,036 - INFO - Using font: Arial Unicode
2025-09-04 13:47:57,071 - INFO - Using font: Arial Unicode
2025-09-04 13:47:57,077 - INFO - Using font: Arial Unicode
2025-09-04 13:47:57,112 - INFO - Using font: Arial Unicode
2025-09-04 13:47:57,118 - INFO - Using font: Arial Unicode
2025-09-04 13:47:57,152 - INFO - Using font: Arial Unicode
2025-09-04 13:47:57,158 - INFO - Using font: Arial Unicode
2025-09-04 13:47:57,267 - INFO - Using font: Arial Unicode
2025-09-04 13:47:57,274 - INFO - Using font: Arial Unicode
2025-09-04 13:47:57,307 - INFO - Using font: Arial Unicode
2025-09-04 13:47:57,313 - INFO - Using font: Arial Unicode
2025-09-04 13:47:57,346 - INFO - Using font: Arial Unicode
2025-09-04 13:47:57,352 - INFO - Using font: Arial Unicode
2025-09-04 13:47:57,486 - INFO - Using font: Arial Unicode
2025-09-04 13:47:57,493 - INFO - Using font: Arial Unicode
2025-09-04 13:47:57,526 - INFO - Using font: Arial Unicode
2025-09-04 13:47:57,532 - INFO - Using font: Arial Unicode
2025-09-04 13:47:57,565 - INFO - Using font: Arial Unicode
2025-09-04 13:47:57,571 - INFO - Using font: Arial Unicode
2025-09-04 13:47:57,697 - INFO - Using font: Arial Unicode
2025-09-04 13:47:57,703 - INFO - Using font: Arial Unicode
2025-09-04 13:47:57,740 - INFO - Using font: Arial Unicode
2025-09-04 13:47:57,747 - INFO - Using font: Arial Unicode
2025-09-04 13:47:57,929 - INFO - Using font: Arial Unicode
2025-09-04 13:47:57,935 - INFO - Using font: Arial Unicode
2025-09-04 13:47:58,061 - INFO - Using font: Arial Unicode
2025-09-04 13:47:58,067 - INFO - Using font: Arial Unicode
2025-09-04 13:47:58,100 - INFO - Using font: Arial Unicode
2025-09-04 13:47:58,106 - INFO - Using font: Arial Unicode
2025-09-04 13:47:58,138 - INFO - Using font: Arial Unicode
2025-09-04 13:47:58,144 - INFO - Using font: Arial Unicode
2025-09-04 13:47:58,256 - INFO - Using font: Arial Unicode
2025-09-04 13:47:58,263 - INFO - Using font: Arial Unicode
2025-09-04 13:47:58,297 - INFO - Using font: Arial Unicode
2025-09-04 13:47:58,303 - INFO - Using font: Arial Unicode
2025-09-04 13:47:58,336 - INFO - Using font: Arial Unicode
2025-09-04 13:47:58,342 - INFO - Using font: Arial Unicode
2025-09-04 13:47:58,377 - INFO - Using font: Arial Unicode
2025-09-04 13:47:58,383 - INFO - Using font: Arial Unicode
2025-09-04 13:47:58,503 - INFO - Using font: Arial Unicode
2025-09-04 13:47:58,509 - INFO - Using font: Arial Unicode
2025-09-04 13:47:58,542 - INFO - Using font: Arial Unicode
2025-09-04 13:47:58,548 - INFO - Using font: Arial Unicode
2025-09-04 13:47:58,581 - INFO - Using font: Arial Unicode
2025-09-04 13:47:58,587 - INFO - Using font: Arial Unicode
2025-09-04 13:47:58,621 - INFO - Using font: Arial Unicode
2025-09-04 13:47:58,627 - INFO - Using font: Arial Unicode
2025-09-04 13:47:58,768 - INFO - Using font: Arial Unicode
2025-09-04 13:47:58,774 - INFO - Using font: Arial Unicode
2025-09-04 13:47:58,808 - INFO - Using font: Arial Unicode
2025-09-04 13:47:58,814 - INFO - Using font: Arial Unicode
2025-09-04 13:47:58,846 - INFO - Using font: Arial Unicode
2025-09-04 13:47:58,852 - INFO - Using font: Arial Unicode
2025-09-04 13:47:58,885 - INFO - Using font: Arial Unicode
2025-09-04 13:47:58,892 - INFO - Using font: Arial Unicode
2025-09-04 13:47:59,043 - INFO - Using font: Arial Unicode
2025-09-04 13:47:59,049 - INFO - Using font: Arial Unicode
2025-09-04 13:47:59,082 - INFO - Using font: Arial Unicode
2025-09-04 13:47:59,088 - INFO - Using font: Arial Unicode
2025-09-04 13:47:59,122 - INFO - Using font: Arial Unicode
2025-09-04 13:47:59,128 - INFO - Using font: Arial Unicode
2025-09-04 13:47:59,161 - INFO - Using font: Arial Unicode
2025-09-04 13:47:59,167 - INFO - Using font: Arial Unicode
2025-09-04 13:47:59,271 - INFO - Using font: Arial Unicode
2025-09-04 13:47:59,277 - INFO - Using font: Arial Unicode
2025-09-04 13:47:59,309 - INFO - Using font: Arial Unicode
2025-09-04 13:47:59,314 - INFO - Using font: Arial Unicode
2025-09-04 13:47:59,347 - INFO - Using font: Arial Unicode
2025-09-04 13:47:59,353 - INFO - Using font: Arial Unicode
2025-09-04 13:47:59,385 - INFO - Using font: Arial Unicode
2025-09-04 13:47:59,391 - INFO - Using font: Arial Unicode
2025-09-04 13:47:59,503 - INFO - Using font: Arial Unicode
2025-09-04 13:47:59,509 - INFO - Using font: Arial Unicode
2025-09-04 13:47:59,544 - INFO - Using font: Arial Unicode
2025-09-04 13:47:59,550 - INFO - Using font: Arial Unicode
2025-09-04 13:47:59,582 - INFO - Using font: Arial Unicode
2025-09-04 13:47:59,589 - INFO - Using font: Arial Unicode
2025-09-04 13:47:59,623 - INFO - Using font: Arial Unicode
2025-09-04 13:47:59,630 - INFO - Using font: Arial Unicode
2025-09-04 13:47:59,756 - INFO - Using font: Arial Unicode
2025-09-04 13:47:59,762 - INFO - Using font: Arial Unicode
2025-09-04 13:47:59,795 - INFO - Using font: Arial Unicode
2025-09-04 13:47:59,801 - INFO - Using font: Arial Unicode
2025-09-04 13:47:59,948 - INFO - Using font: Arial Unicode
2025-09-04 13:47:59,954 - INFO - Using font: Arial Unicode
2025-09-04 13:47:59,986 - INFO - Using font: Arial Unicode
2025-09-04 13:47:59,991 - INFO - Using font: Arial Unicode
2025-09-04 13:48:00,098 - INFO - Using font: Arial Unicode
2025-09-04 13:48:00,105 - INFO - Using font: Arial Unicode
2025-09-04 13:48:00,138 - INFO - Using font: Arial Unicode
2025-09-04 13:48:00,144 - INFO - Using font: Arial Unicode
2025-09-04 13:48:00,179 - INFO - Using font: Arial Unicode
2025-09-04 13:48:00,185 - INFO - Using font: Arial Unicode
2025-09-04 13:48:00,316 - INFO - Using font: Arial Unicode
2025-09-04 13:48:00,322 - INFO - Using font: Arial Unicode
2025-09-04 13:48:00,357 - INFO - Using font: Arial Unicode
2025-09-04 13:48:00,363 - INFO - Using font: Arial Unicode
2025-09-04 13:48:00,396 - INFO - Using font: Arial Unicode
2025-09-04 13:48:00,402 - INFO - Using font: Arial Unicode
2025-09-04 13:48:00,441 - INFO - Using font: Arial Unicode
2025-09-04 13:48:00,451 - INFO - Using font: Arial Unicode
2025-09-04 13:48:00,580 - INFO - Using font: Arial Unicode
2025-09-04 13:48:00,586 - INFO - Using font: Arial Unicode
2025-09-04 13:48:00,619 - INFO - Using font: Arial Unicode
2025-09-04 13:48:00,625 - INFO - Using font: Arial Unicode
2025-09-04 13:48:00,657 - INFO - Using font: Arial Unicode
2025-09-04 13:48:00,663 - INFO - Using font: Arial Unicode
2025-09-04 13:48:00,767 - INFO - Using font: Arial Unicode
2025-09-04 13:48:00,773 - INFO - Using font: Arial Unicode
2025-09-04 13:48:00,807 - INFO - Using font: Arial Unicode
2025-09-04 13:48:00,813 - INFO - Using font: Arial Unicode
2025-09-04 13:48:00,934 - INFO - Using font: Arial Unicode
2025-09-04 13:48:00,940 - INFO - Using font: Arial Unicode
2025-09-04 13:48:00,972 - INFO - Using font: Arial Unicode
2025-09-04 13:48:00,978 - INFO - Using font: Arial Unicode
2025-09-04 13:48:01,097 - INFO - Using font: Arial Unicode
2025-09-04 13:48:01,103 - INFO - Using font: Arial Unicode
2025-09-04 13:48:01,135 - INFO - Using font: Arial Unicode
2025-09-04 13:48:01,141 - INFO - Using font: Arial Unicode
2025-09-04 13:48:01,175 - INFO - Using font: Arial Unicode
2025-09-04 13:48:01,181 - INFO - Using font: Arial Unicode
2025-09-04 13:48:01,213 - INFO - Using font: Arial Unicode
2025-09-04 13:48:01,220 - INFO - Using font: Arial Unicode
2025-09-04 13:48:01,352 - INFO - Using font: Arial Unicode
2025-09-04 13:48:01,359 - INFO - Using font: Arial Unicode
2025-09-04 13:48:01,391 - INFO - Using font: Arial Unicode
2025-09-04 13:48:01,397 - INFO - Using font: Arial Unicode
2025-09-04 13:48:01,529 - INFO - Using font: Arial Unicode
2025-09-04 13:48:01,535 - INFO - Using font: Arial Unicode
2025-09-04 13:48:01,677 - INFO - Using font: Arial Unicode
2025-09-04 13:48:01,683 - INFO - Using font: Arial Unicode
2025-09-04 13:48:01,800 - INFO - Using font: Arial Unicode
2025-09-04 13:48:01,806 - INFO - Using font: Arial Unicode
2025-09-04 13:48:05,121 - INFO - Using font: Arial Unicode
2025-09-04 13:48:05,126 - INFO - Using font: Arial Unicode
2025-09-04 13:48:05,308 - INFO - Using font: Arial Unicode
2025-09-04 13:48:05,314 - INFO - Using font: Arial Unicode
2025-09-04 13:48:05,442 - INFO - Using font: Arial Unicode
2025-09-04 13:48:05,448 - INFO - Using font: Arial Unicode
2025-09-04 13:48:05,579 - INFO - Using font: Arial Unicode
2025-09-04 13:48:05,586 - INFO - Using font: Arial Unicode
2025-09-04 13:48:05,620 - INFO - Using font: Arial Unicode
2025-09-04 13:48:05,626 - INFO - Using font: Arial Unicode
2025-09-04 13:48:05,662 - INFO - Using font: Arial Unicode
2025-09-04 13:48:05,669 - INFO - Using font: Arial Unicode
2025-09-04 13:48:05,824 - INFO - Using font: Arial Unicode
2025-09-04 13:48:05,831 - INFO - Using font: Arial Unicode
2025-09-04 13:48:05,865 - INFO - Using font: Arial Unicode
2025-09-04 13:48:05,871 - INFO - Using font: Arial Unicode
2025-09-04 13:48:05,904 - INFO - Using font: Arial Unicode
2025-09-04 13:48:05,910 - INFO - Using font: Arial Unicode
2025-09-04 13:48:05,945 - INFO - Using font: Arial Unicode
2025-09-04 13:48:05,951 - INFO - Using font: Arial Unicode
2025-09-04 13:48:06,091 - INFO - Using font: Arial Unicode
2025-09-04 13:48:06,097 - INFO - Using font: Arial Unicode
2025-09-04 13:48:06,131 - INFO - Using font: Arial Unicode
2025-09-04 13:48:06,137 - INFO - Using font: Arial Unicode
2025-09-04 13:48:06,171 - INFO - Using font: Arial Unicode
2025-09-04 13:48:06,178 - INFO - Using font: Arial Unicode
2025-09-04 13:48:06,328 - INFO - Using font: Arial Unicode
2025-09-04 13:48:06,335 - INFO - Using font: Arial Unicode
2025-09-04 13:48:06,369 - INFO - Using font: Arial Unicode
2025-09-04 13:48:06,375 - INFO - Using font: Arial Unicode
2025-09-04 13:48:06,409 - INFO - Using font: Arial Unicode
2025-09-04 13:48:06,416 - INFO - Using font: Arial Unicode
2025-09-04 13:48:06,554 - INFO - Using font: Arial Unicode
2025-09-04 13:48:06,561 - INFO - Using font: Arial Unicode
2025-09-04 13:48:06,594 - INFO - Using font: Arial Unicode
2025-09-04 13:48:06,600 - INFO - Using font: Arial Unicode
2025-09-04 13:48:06,634 - INFO - Using font: Arial Unicode
2025-09-04 13:48:06,641 - INFO - Using font: Arial Unicode
2025-09-04 13:48:06,675 - INFO - Using font: Arial Unicode
2025-09-04 13:48:06,682 - INFO - Using font: Arial Unicode
2025-09-04 13:48:06,813 - INFO - Using font: Arial Unicode
2025-09-04 13:48:06,819 - INFO - Using font: Arial Unicode
2025-09-04 13:48:06,851 - INFO - Using font: Arial Unicode
2025-09-04 13:48:06,858 - INFO - Using font: Arial Unicode
2025-09-04 13:48:06,892 - INFO - Using font: Arial Unicode
2025-09-04 13:48:06,898 - INFO - Using font: Arial Unicode
2025-09-04 13:48:07,054 - INFO - Using font: Arial Unicode
2025-09-04 13:48:07,060 - INFO - Using font: Arial Unicode
2025-09-04 13:48:07,094 - INFO - Using font: Arial Unicode
2025-09-04 13:48:07,100 - INFO - Using font: Arial Unicode
2025-09-04 13:48:07,133 - INFO - Using font: Arial Unicode
2025-09-04 13:48:07,139 - INFO - Using font: Arial Unicode
2025-09-04 13:48:07,171 - INFO - Using font: Arial Unicode
2025-09-04 13:48:07,177 - INFO - Using font: Arial Unicode
2025-09-04 13:48:07,210 - INFO - Using font: Arial Unicode
2025-09-04 13:48:07,216 - INFO - Using font: Arial Unicode
2025-09-04 13:48:07,352 - INFO - Using font: Arial Unicode
2025-09-04 13:48:07,357 - INFO - Using font: Arial Unicode
2025-09-04 13:48:07,392 - INFO - Using font: Arial Unicode
2025-09-04 13:48:07,398 - INFO - Using font: Arial Unicode
2025-09-04 13:48:07,430 - INFO - Using font: Arial Unicode
2025-09-04 13:48:07,438 - INFO - Using font: Arial Unicode
2025-09-04 13:48:07,599 - INFO - Using font: Arial Unicode
2025-09-04 13:48:07,606 - INFO - Using font: Arial Unicode
2025-09-04 13:48:07,642 - INFO - Using font: Arial Unicode
2025-09-04 13:48:07,650 - INFO - Using font: Arial Unicode
2025-09-04 13:48:07,779 - INFO - Using font: Arial Unicode
2025-09-04 13:48:07,785 - INFO - Using font: Arial Unicode
2025-09-04 13:48:07,819 - INFO - Using font: Arial Unicode
2025-09-04 13:48:07,824 - INFO - Using font: Arial Unicode
2025-09-04 13:48:07,858 - INFO - Using font: Arial Unicode
2025-09-04 13:48:07,864 - INFO - Using font: Arial Unicode
2025-09-04 13:48:07,899 - INFO - Using font: Arial Unicode
2025-09-04 13:48:07,904 - INFO - Using font: Arial Unicode
2025-09-04 13:48:08,056 - INFO - Using font: Arial Unicode
2025-09-04 13:48:08,063 - INFO - Using font: Arial Unicode
2025-09-04 13:48:08,096 - INFO - Using font: Arial Unicode
2025-09-04 13:48:08,101 - INFO - Using font: Arial Unicode
2025-09-04 13:48:08,137 - INFO - Using font: Arial Unicode
2025-09-04 13:48:08,143 - INFO - Using font: Arial Unicode
2025-09-04 13:48:08,276 - INFO - Using font: Arial Unicode
2025-09-04 13:48:08,282 - INFO - Using font: Arial Unicode
2025-09-04 13:48:08,318 - INFO - Using font: Arial Unicode
2025-09-04 13:48:08,324 - INFO - Using font: Arial Unicode
2025-09-04 13:48:08,357 - INFO - Using font: Arial Unicode
2025-09-04 13:48:08,363 - INFO - Using font: Arial Unicode
2025-09-04 13:48:08,396 - INFO - Using font: Arial Unicode
2025-09-04 13:48:08,402 - INFO - Using font: Arial Unicode
2025-09-04 13:48:08,554 - INFO - Using font: Arial Unicode
2025-09-04 13:48:08,560 - INFO - Using font: Arial Unicode
2025-09-04 13:48:08,598 - INFO - Using font: Arial Unicode
2025-09-04 13:48:08,605 - INFO - Using font: Arial Unicode
2025-09-04 13:48:08,639 - INFO - Using font: Arial Unicode
2025-09-04 13:48:08,646 - INFO - Using font: Arial Unicode
2025-09-04 13:48:08,778 - INFO - Using font: Arial Unicode
2025-09-04 13:48:08,784 - INFO - Using font: Arial Unicode
2025-09-04 13:48:08,818 - INFO - Using font: Arial Unicode
2025-09-04 13:48:08,824 - INFO - Using font: Arial Unicode
2025-09-04 13:48:08,858 - INFO - Using font: Arial Unicode
2025-09-04 13:48:08,864 - INFO - Using font: Arial Unicode
2025-09-04 13:48:09,014 - INFO - Using font: Arial Unicode
2025-09-04 13:48:09,021 - INFO - Using font: Arial Unicode
2025-09-04 13:48:09,054 - INFO - Using font: Arial Unicode
2025-09-04 13:48:09,060 - INFO - Using font: Arial Unicode
2025-09-04 13:48:09,093 - INFO - Using font: Arial Unicode
2025-09-04 13:48:09,099 - INFO - Using font: Arial Unicode
2025-09-04 13:48:09,256 - INFO - Using font: Arial Unicode
2025-09-04 13:48:09,262 - INFO - Using font: Arial Unicode
2025-09-04 13:48:09,295 - INFO - Using font: Arial Unicode
2025-09-04 13:48:09,300 - INFO - Using font: Arial Unicode
2025-09-04 13:48:09,334 - INFO - Using font: Arial Unicode
2025-09-04 13:48:09,340 - INFO - Using font: Arial Unicode
2025-09-04 13:48:09,373 - INFO - Using font: Arial Unicode
2025-09-04 13:48:09,379 - INFO - Using font: Arial Unicode
2025-09-04 13:48:09,413 - INFO - Using font: Arial Unicode
2025-09-04 13:48:09,419 - INFO - Using font: Arial Unicode
2025-09-04 13:48:09,566 - INFO - Using font: Arial Unicode
2025-09-04 13:48:09,573 - INFO - Using font: Arial Unicode
2025-09-04 13:48:09,606 - INFO - Using font: Arial Unicode
2025-09-04 13:48:09,612 - INFO - Using font: Arial Unicode
2025-09-04 13:48:09,646 - INFO - Using font: Arial Unicode
2025-09-04 13:48:09,653 - INFO - Using font: Arial Unicode
2025-09-04 13:48:09,717 - INFO - Using font: Arial Unicode
2025-09-04 13:48:09,724 - INFO - Using font: Arial Unicode
2025-09-04 13:48:09,879 - INFO - Using font: Arial Unicode
2025-09-04 13:48:09,885 - INFO - Using font: Arial Unicode
2025-09-04 13:48:09,918 - INFO - Using font: Arial Unicode
2025-09-04 13:48:09,926 - INFO - Using font: Arial Unicode
2025-09-04 13:48:09,959 - INFO - Using font: Arial Unicode
2025-09-04 13:48:09,965 - INFO - Using font: Arial Unicode
2025-09-04 13:48:09,999 - INFO - Using font: Arial Unicode
2025-09-04 13:48:10,005 - INFO - Using font: Arial Unicode
2025-09-04 13:48:10,143 - INFO - Using font: Arial Unicode
2025-09-04 13:48:10,149 - INFO - Using font: Arial Unicode
2025-09-04 13:48:10,182 - INFO - Using font: Arial Unicode
2025-09-04 13:48:10,189 - INFO - Using font: Arial Unicode
2025-09-04 13:48:10,223 - INFO - Using font: Arial Unicode
2025-09-04 13:48:10,230 - INFO - Using font: Arial Unicode
2025-09-04 13:48:10,264 - INFO - Using font: Arial Unicode
2025-09-04 13:48:10,270 - INFO - Using font: Arial Unicode
2025-09-04 13:48:10,415 - INFO - Using font: Arial Unicode
2025-09-04 13:48:10,422 - INFO - Using font: Arial Unicode
2025-09-04 13:48:10,458 - INFO - Using font: Arial Unicode
2025-09-04 13:48:10,464 - INFO - Using font: Arial Unicode
2025-09-04 13:48:10,498 - INFO - Using font: Arial Unicode
2025-09-04 13:48:10,504 - INFO - Using font: Arial Unicode
2025-09-04 13:48:10,537 - INFO - Using font: Arial Unicode
2025-09-04 13:48:10,543 - INFO - Using font: Arial Unicode
2025-09-04 13:48:10,682 - INFO - Using font: Arial Unicode
2025-09-04 13:48:10,688 - INFO - Using font: Arial Unicode
2025-09-04 13:48:10,721 - INFO - Using font: Arial Unicode
2025-09-04 13:48:10,727 - INFO - Using font: Arial Unicode
2025-09-04 13:48:10,865 - INFO - Using font: Arial Unicode
2025-09-04 13:48:10,871 - INFO - Using font: Arial Unicode
2025-09-04 13:48:10,905 - INFO - Using font: Arial Unicode
2025-09-04 13:48:10,911 - INFO - Using font: Arial Unicode
2025-09-04 13:48:10,943 - INFO - Using font: Arial Unicode
2025-09-04 13:48:10,949 - INFO - Using font: Arial Unicode
2025-09-04 13:48:10,983 - INFO - Using font: Arial Unicode
2025-09-04 13:48:10,989 - INFO - Using font: Arial Unicode
2025-09-04 13:48:11,123 - INFO - Using font: Arial Unicode
2025-09-04 13:48:11,129 - INFO - Using font: Arial Unicode
2025-09-04 13:48:11,161 - INFO - Using font: Arial Unicode
2025-09-04 13:48:11,168 - INFO - Using font: Arial Unicode
2025-09-04 13:48:11,201 - INFO - Using font: Arial Unicode
2025-09-04 13:48:11,207 - INFO - Using font: Arial Unicode
2025-09-04 13:48:11,353 - INFO - Using font: Arial Unicode
2025-09-04 13:48:11,360 - INFO - Using font: Arial Unicode
2025-09-04 13:48:11,392 - INFO - Using font: Arial Unicode
2025-09-04 13:48:11,398 - INFO - Using font: Arial Unicode
2025-09-04 13:48:11,560 - INFO - Using font: Arial Unicode
2025-09-04 13:48:11,566 - INFO - Using font: Arial Unicode
2025-09-04 13:48:11,599 - INFO - Using font: Arial Unicode
2025-09-04 13:48:11,605 - INFO - Using font: Arial Unicode
2025-09-04 13:48:11,740 - INFO - Using font: Arial Unicode
2025-09-04 13:48:11,747 - INFO - Using font: Arial Unicode
2025-09-04 13:48:11,781 - INFO - Using font: Arial Unicode
2025-09-04 13:48:11,787 - INFO - Using font: Arial Unicode
2025-09-04 13:48:11,821 - INFO - Using font: Arial Unicode
2025-09-04 13:48:11,827 - INFO - Using font: Arial Unicode
2025-09-04 13:48:11,859 - INFO - Using font: Arial Unicode
2025-09-04 13:48:11,865 - INFO - Using font: Arial Unicode
2025-09-04 13:48:11,986 - INFO - Using font: Arial Unicode
2025-09-04 13:48:11,992 - INFO - Using font: Arial Unicode
2025-09-04 13:48:12,113 - INFO - Using font: Arial Unicode
2025-09-04 13:48:12,119 - INFO - Using font: Arial Unicode
2025-09-04 13:48:12,152 - INFO - Using font: Arial Unicode
2025-09-04 13:48:12,158 - INFO - Using font: Arial Unicode
2025-09-04 13:48:12,192 - INFO - Using font: Arial Unicode
2025-09-04 13:48:12,198 - INFO - Using font: Arial Unicode
2025-09-04 13:48:12,359 - INFO - Using font: Arial Unicode
2025-09-04 13:48:12,365 - INFO - Using font: Arial Unicode
2025-09-04 13:48:12,398 - INFO - Using font: Arial Unicode
2025-09-04 13:48:12,404 - INFO - Using font: Arial Unicode
2025-09-04 13:48:12,437 - INFO - Using font: Arial Unicode
2025-09-04 13:48:12,444 - INFO - Using font: Arial Unicode
2025-09-04 13:48:12,476 - INFO - Using font: Arial Unicode
2025-09-04 13:48:12,482 - INFO - Using font: Arial Unicode
2025-09-04 13:48:12,604 - INFO - Using font: Arial Unicode
2025-09-04 13:48:12,610 - INFO - Using font: Arial Unicode
2025-09-04 13:48:12,644 - INFO - Using font: Arial Unicode
2025-09-04 13:48:12,650 - INFO - Using font: Arial Unicode
2025-09-04 13:48:12,684 - INFO - Using font: Arial Unicode
2025-09-04 13:48:12,690 - INFO - Using font: Arial Unicode
2025-09-04 13:48:12,723 - INFO - Using font: Arial Unicode
2025-09-04 13:48:12,729 - INFO - Using font: Arial Unicode
2025-09-04 13:48:12,762 - INFO - Using font: Arial Unicode
2025-09-04 13:48:12,768 - INFO - Using font: Arial Unicode
2025-09-04 13:48:12,802 - INFO - Using font: Arial Unicode
2025-09-04 13:48:12,808 - INFO - Using font: Arial Unicode
2025-09-04 13:48:12,934 - INFO - Using font: Arial Unicode
2025-09-04 13:48:12,940 - INFO - Using font: Arial Unicode
2025-09-04 13:48:12,972 - INFO - Using font: Arial Unicode
2025-09-04 13:48:12,978 - INFO - Using font: Arial Unicode
2025-09-04 13:48:13,013 - INFO - Using font: Arial Unicode
2025-09-04 13:48:13,019 - INFO - Using font: Arial Unicode
2025-09-04 13:48:13,146 - INFO - Using font: Arial Unicode
2025-09-04 13:48:13,153 - INFO - Using font: Arial Unicode
2025-09-04 13:48:13,185 - INFO - Using font: Arial Unicode
2025-09-04 13:48:13,192 - INFO - Using font: Arial Unicode
2025-09-04 13:48:13,227 - INFO - Using font: Arial Unicode
2025-09-04 13:48:13,233 - INFO - Using font: Arial Unicode
2025-09-04 13:48:13,267 - INFO - Using font: Arial Unicode
2025-09-04 13:48:13,273 - INFO - Using font: Arial Unicode
2025-09-04 13:48:13,308 - INFO - Using font: Arial Unicode
2025-09-04 13:48:13,314 - INFO - Using font: Arial Unicode
2025-09-04 13:48:13,350 - INFO - Using font: Arial Unicode
2025-09-04 13:48:13,356 - INFO - Using font: Arial Unicode
2025-09-04 13:48:13,530 - INFO - Using font: Arial Unicode
2025-09-04 13:48:13,536 - INFO - Using font: Arial Unicode
2025-09-04 13:48:13,568 - INFO - Using font: Arial Unicode
2025-09-04 13:48:13,574 - INFO - Using font: Arial Unicode
2025-09-04 13:48:13,609 - INFO - Using font: Arial Unicode
2025-09-04 13:48:13,615 - INFO - Using font: Arial Unicode
2025-09-04 13:48:13,650 - INFO - Using font: Arial Unicode
2025-09-04 13:48:13,657 - INFO - Using font: Arial Unicode
2025-09-04 13:48:13,691 - INFO - Using font: Arial Unicode
2025-09-04 13:48:13,697 - INFO - Using font: Arial Unicode
2025-09-04 13:48:13,847 - INFO - Using font: Arial Unicode
2025-09-04 13:48:13,854 - INFO - Using font: Arial Unicode
2025-09-04 13:48:13,889 - INFO - Using font: Arial Unicode
2025-09-04 13:48:13,896 - INFO - Using font: Arial Unicode
2025-09-04 13:48:13,928 - INFO - Using font: Arial Unicode
2025-09-04 13:48:13,934 - INFO - Using font: Arial Unicode
2025-09-04 13:48:14,080 - INFO - Using font: Arial Unicode
2025-09-04 13:48:14,086 - INFO - Using font: Arial Unicode
2025-09-04 13:48:14,119 - INFO - Using font: Arial Unicode
2025-09-04 13:48:14,125 - INFO - Using font: Arial Unicode
2025-09-04 13:48:14,160 - INFO - Using font: Arial Unicode
2025-09-04 13:48:14,166 - INFO - Using font: Arial Unicode
2025-09-04 13:48:14,201 - INFO - Using font: Arial Unicode
2025-09-04 13:48:14,207 - INFO - Using font: Arial Unicode
2025-09-04 13:48:14,241 - INFO - Using font: Arial Unicode
2025-09-04 13:48:14,248 - INFO - Using font: Arial Unicode
2025-09-04 13:48:14,284 - INFO - Using font: Arial Unicode
2025-09-04 13:48:14,290 - INFO - Using font: Arial Unicode
2025-09-04 13:48:14,412 - INFO - Using font: Arial Unicode
2025-09-04 13:48:14,418 - INFO - Using font: Arial Unicode
2025-09-04 13:48:14,451 - INFO - Using font: Arial Unicode
2025-09-04 13:48:14,457 - INFO - Using font: Arial Unicode
2025-09-04 13:48:14,493 - INFO - Using font: Arial Unicode
2025-09-04 13:48:14,499 - INFO - Using font: Arial Unicode
2025-09-04 13:48:14,533 - INFO - Using font: Arial Unicode
2025-09-04 13:48:14,539 - INFO - Using font: Arial Unicode
2025-09-04 13:48:14,574 - INFO - Using font: Arial Unicode
2025-09-04 13:48:14,580 - INFO - Using font: Arial Unicode
2025-09-04 13:48:14,710 - INFO - Using font: Arial Unicode
2025-09-04 13:48:14,717 - INFO - Using font: Arial Unicode
2025-09-04 13:48:14,750 - INFO - Using font: Arial Unicode
2025-09-04 13:48:14,756 - INFO - Using font: Arial Unicode
2025-09-04 13:48:14,788 - INFO - Using font: Arial Unicode
2025-09-04 13:48:14,794 - INFO - Using font: Arial Unicode
2025-09-04 13:48:14,826 - INFO - Using font: Arial Unicode
2025-09-04 13:48:14,833 - INFO - Using font: Arial Unicode
2025-09-04 13:48:14,867 - INFO - Using font: Arial Unicode
2025-09-04 13:48:14,874 - INFO - Using font: Arial Unicode
2025-09-04 13:48:14,907 - INFO - Using font: Arial Unicode
2025-09-04 13:48:14,914 - INFO - Using font: Arial Unicode
2025-09-04 13:48:14,948 - INFO - Using font: Arial Unicode
2025-09-04 13:48:14,954 - INFO - Using font: Arial Unicode
2025-09-04 13:48:15,119 - INFO - Using font: Arial Unicode
2025-09-04 13:48:15,126 - INFO - Using font: Arial Unicode
2025-09-04 13:48:15,160 - INFO - Using font: Arial Unicode
2025-09-04 13:48:15,165 - INFO - Using font: Arial Unicode
2025-09-04 13:48:15,199 - INFO - Using font: Arial Unicode
2025-09-04 13:48:15,205 - INFO - Using font: Arial Unicode
2025-09-04 13:48:15,238 - INFO - Using font: Arial Unicode
2025-09-04 13:48:15,245 - INFO - Using font: Arial Unicode
2025-09-04 13:48:15,279 - INFO - Using font: Arial Unicode
2025-09-04 13:48:15,285 - INFO - Using font: Arial Unicode
2025-09-04 13:48:15,320 - INFO - Using font: Arial Unicode
2025-09-04 13:48:15,327 - INFO - Using font: Arial Unicode
2025-09-04 13:48:15,361 - INFO - Using font: Arial Unicode
2025-09-04 13:48:15,367 - INFO - Using font: Arial Unicode
2025-09-04 13:48:15,510 - INFO - Using font: Arial Unicode
2025-09-04 13:48:15,517 - INFO - Using font: Arial Unicode
2025-09-04 13:48:15,554 - INFO - Using font: Arial Unicode
2025-09-04 13:48:15,560 - INFO - Using font: Arial Unicode
2025-09-04 13:48:15,594 - INFO - Using font: Arial Unicode
2025-09-04 13:48:15,601 - INFO - Using font: Arial Unicode
2025-09-04 13:48:15,634 - INFO - Using font: Arial Unicode
2025-09-04 13:48:15,641 - INFO - Using font: Arial Unicode
2025-09-04 13:48:15,677 - INFO - Using font: Arial Unicode
2025-09-04 13:48:15,683 - INFO - Using font: Arial Unicode
2025-09-04 13:48:15,806 - INFO - Using font: Arial Unicode
2025-09-04 13:48:15,812 - INFO - Using font: Arial Unicode
2025-09-04 13:48:15,846 - INFO - Using font: Arial Unicode
2025-09-04 13:48:15,852 - INFO - Using font: Arial Unicode
2025-09-04 13:48:15,886 - INFO - Using font: Arial Unicode
2025-09-04 13:48:15,892 - INFO - Using font: Arial Unicode
2025-09-04 13:48:16,011 - INFO - Using font: Arial Unicode
2025-09-04 13:48:16,017 - INFO - Using font: Arial Unicode
2025-09-04 13:48:16,051 - INFO - Using font: Arial Unicode
2025-09-04 13:48:16,057 - INFO - Using font: Arial Unicode
2025-09-04 13:48:16,092 - INFO - Using font: Arial Unicode
2025-09-04 13:48:16,099 - INFO - Using font: Arial Unicode
2025-09-04 13:48:16,137 - INFO - Using font: Arial Unicode
2025-09-04 13:48:16,146 - INFO - Using font: Arial Unicode
2025-09-04 13:48:16,278 - INFO - Using font: Arial Unicode
2025-09-04 13:48:16,284 - INFO - Using font: Arial Unicode
2025-09-04 13:48:16,321 - INFO - Using font: Arial Unicode
2025-09-04 13:48:16,327 - INFO - Using font: Arial Unicode
2025-09-04 13:48:16,366 - INFO - Using font: Arial Unicode
2025-09-04 13:48:16,372 - INFO - Using font: Arial Unicode
2025-09-04 13:48:16,406 - INFO - Using font: Arial Unicode
2025-09-04 13:48:16,412 - INFO - Using font: Arial Unicode
2025-09-04 13:48:16,446 - INFO - Using font: Arial Unicode
2025-09-04 13:48:16,452 - INFO - Using font: Arial Unicode
2025-09-04 13:48:16,487 - INFO - Using font: Arial Unicode
2025-09-04 13:48:16,493 - INFO - Using font: Arial Unicode
2025-09-04 13:48:16,528 - INFO - Using font: Arial Unicode
2025-09-04 13:48:16,534 - INFO - Using font: Arial Unicode
2025-09-04 13:48:16,670 - INFO - Using font: Arial Unicode
2025-09-04 13:48:16,676 - INFO - Using font: Arial Unicode
2025-09-04 13:48:16,709 - INFO - Using font: Arial Unicode
2025-09-04 13:48:16,715 - INFO - Using font: Arial Unicode
2025-09-04 13:48:16,750 - INFO - Using font: Arial Unicode
2025-09-04 13:48:16,756 - INFO - Using font: Arial Unicode
2025-09-04 13:48:16,791 - INFO - Using font: Arial Unicode
2025-09-04 13:48:16,797 - INFO - Using font: Arial Unicode
2025-09-04 13:48:16,953 - INFO - Using font: Arial Unicode
2025-09-04 13:48:16,960 - INFO - Using font: Arial Unicode
2025-09-04 13:48:16,992 - INFO - Using font: Arial Unicode
2025-09-04 13:48:16,998 - INFO - Using font: Arial Unicode
2025-09-04 13:48:17,136 - INFO - Using font: Arial Unicode
2025-09-04 13:48:17,142 - INFO - Using font: Arial Unicode
2025-09-04 13:48:17,176 - INFO - Using font: Arial Unicode
2025-09-04 13:48:17,182 - INFO - Using font: Arial Unicode
2025-09-04 13:48:17,326 - INFO - Using font: Arial Unicode
2025-09-04 13:48:17,332 - INFO - Using font: Arial Unicode
2025-09-04 13:48:17,366 - INFO - Using font: Arial Unicode
2025-09-04 13:48:17,373 - INFO - Using font: Arial Unicode
2025-09-04 13:48:17,527 - INFO - Using font: Arial Unicode
2025-09-04 13:48:17,533 - INFO - Using font: Arial Unicode
2025-09-04 13:48:17,569 - INFO - Using font: Arial Unicode
2025-09-04 13:48:17,577 - INFO - Using font: Arial Unicode
2025-09-04 13:48:17,613 - INFO - Using font: Arial Unicode
2025-09-04 13:48:17,621 - INFO - Using font: Arial Unicode
2025-09-04 13:48:17,774 - INFO - Using font: Arial Unicode
2025-09-04 13:48:17,780 - INFO - Using font: Arial Unicode
2025-09-04 13:48:17,815 - INFO - Using font: Arial Unicode
2025-09-04 13:48:17,822 - INFO - Using font: Arial Unicode
2025-09-04 13:48:17,949 - INFO - Using font: Arial Unicode
2025-09-04 13:48:17,955 - INFO - Using font: Arial Unicode
2025-09-04 13:48:17,990 - INFO - Using font: Arial Unicode
2025-09-04 13:48:17,997 - INFO - Using font: Arial Unicode
2025-09-04 13:48:18,142 - INFO - Using font: Arial Unicode
2025-09-04 13:48:18,148 - INFO - Using font: Arial Unicode
2025-09-04 13:48:18,186 - INFO - Using font: Arial Unicode
2025-09-04 13:48:18,194 - INFO - Using font: Arial Unicode
2025-09-04 13:48:18,353 - INFO - Using font: Arial Unicode
2025-09-04 13:48:18,360 - INFO - Using font: Arial Unicode
2025-09-04 13:48:18,393 - INFO - Using font: Arial Unicode
2025-09-04 13:48:18,399 - INFO - Using font: Arial Unicode
2025-09-04 13:48:18,547 - INFO - Using font: Arial Unicode
2025-09-04 13:48:18,553 - INFO - Using font: Arial Unicode
2025-09-04 13:48:18,587 - INFO - Using font: Arial Unicode
2025-09-04 13:48:18,593 - INFO - Using font: Arial Unicode
2025-09-04 13:48:18,722 - INFO - Using font: Arial Unicode
2025-09-04 13:48:18,729 - INFO - Using font: Arial Unicode
2025-09-04 13:48:18,764 - INFO - Using font: Arial Unicode
2025-09-04 13:48:18,770 - INFO - Using font: Arial Unicode
2025-09-04 13:48:18,804 - INFO - Using font: Arial Unicode
2025-09-04 13:48:18,810 - INFO - Using font: Arial Unicode
2025-09-04 13:48:18,935 - INFO - Using font: Arial Unicode
2025-09-04 13:48:18,941 - INFO - Using font: Arial Unicode
2025-09-04 13:48:18,974 - INFO - Using font: Arial Unicode
2025-09-04 13:48:18,981 - INFO - Using font: Arial Unicode
2025-09-04 13:48:19,016 - INFO - Using font: Arial Unicode
2025-09-04 13:48:19,022 - INFO - Using font: Arial Unicode
2025-09-04 13:48:19,143 - INFO - Using font: Arial Unicode
2025-09-04 13:48:19,148 - INFO - Using font: Arial Unicode
2025-09-04 13:48:19,180 - INFO - Using font: Arial Unicode
2025-09-04 13:48:19,187 - INFO - Using font: Arial Unicode
2025-09-04 13:48:19,338 - INFO - Using font: Arial Unicode
2025-09-04 13:48:19,344 - INFO - Using font: Arial Unicode
2025-09-04 13:48:19,379 - INFO - Using font: Arial Unicode
2025-09-04 13:48:19,385 - INFO - Using font: Arial Unicode
2025-09-04 13:48:19,515 - INFO - Using font: Arial Unicode
2025-09-04 13:48:19,521 - INFO - Using font: Arial Unicode
2025-09-04 13:48:19,556 - INFO - Using font: Arial Unicode
2025-09-04 13:48:19,562 - INFO - Using font: Arial Unicode
2025-09-04 13:48:19,723 - INFO - Using font: Arial Unicode
2025-09-04 13:48:19,730 - INFO - Using font: Arial Unicode
2025-09-04 13:48:19,763 - INFO - Using font: Arial Unicode
2025-09-04 13:48:19,769 - INFO - Using font: Arial Unicode
2025-09-04 13:48:19,928 - INFO - Using font: Arial Unicode
2025-09-04 13:48:19,934 - INFO - Using font: Arial Unicode
2025-09-04 13:48:19,967 - INFO - Using font: Arial Unicode
2025-09-04 13:48:19,973 - INFO - Using font: Arial Unicode
2025-09-04 13:48:20,006 - INFO - Using font: Arial Unicode
2025-09-04 13:48:20,012 - INFO - Using font: Arial Unicode
2025-09-04 13:48:20,137 - INFO - Using font: Arial Unicode
2025-09-04 13:48:20,143 - INFO - Using font: Arial Unicode
2025-09-04 13:48:20,176 - INFO - Using font: Arial Unicode
2025-09-04 13:48:20,182 - INFO - Using font: Arial Unicode
2025-09-04 13:48:20,320 - INFO - Using font: Arial Unicode
2025-09-04 13:48:20,326 - INFO - Using font: Arial Unicode
2025-09-04 13:48:20,362 - INFO - Using font: Arial Unicode
2025-09-04 13:48:20,367 - INFO - Using font: Arial Unicode
2025-09-04 13:48:20,509 - INFO - Using font: Arial Unicode
2025-09-04 13:48:20,515 - INFO - Using font: Arial Unicode
2025-09-04 13:48:20,549 - INFO - Using font: Arial Unicode
2025-09-04 13:48:20,556 - INFO - Using font: Arial Unicode
2025-09-04 13:48:20,590 - INFO - Using font: Arial Unicode
2025-09-04 13:48:20,596 - INFO - Using font: Arial Unicode
2025-09-04 13:48:20,739 - INFO - Using font: Arial Unicode
2025-09-04 13:48:20,745 - INFO - Using font: Arial Unicode
2025-09-04 13:48:20,780 - INFO - Using font: Arial Unicode
2025-09-04 13:48:20,786 - INFO - Using font: Arial Unicode
2025-09-04 13:48:20,916 - INFO - Using font: Arial Unicode
2025-09-04 13:48:20,922 - INFO - Using font: Arial Unicode
2025-09-04 13:48:20,956 - INFO - Using font: Arial Unicode
2025-09-04 13:48:20,962 - INFO - Using font: Arial Unicode
2025-09-04 13:48:21,103 - INFO - Using font: Arial Unicode
2025-09-04 13:48:21,109 - INFO - Using font: Arial Unicode
2025-09-04 13:48:21,142 - INFO - Using font: Arial Unicode
2025-09-04 13:48:21,147 - INFO - Using font: Arial Unicode
2025-09-04 13:48:21,267 - INFO - Using font: Arial Unicode
2025-09-04 13:48:21,273 - INFO - Using font: Arial Unicode
2025-09-04 13:48:21,305 - INFO - Using font: Arial Unicode
2025-09-04 13:48:21,312 - INFO - Using font: Arial Unicode
2025-09-04 13:48:21,487 - INFO - Using font: Arial Unicode
2025-09-04 13:48:21,493 - INFO - Using font: Arial Unicode
2025-09-04 13:48:21,526 - INFO - Using font: Arial Unicode
2025-09-04 13:48:21,532 - INFO - Using font: Arial Unicode
2025-09-04 13:48:21,688 - INFO - Using font: Arial Unicode
2025-09-04 13:48:21,695 - INFO - Using font: Arial Unicode
2025-09-04 13:48:21,728 - INFO - Using font: Arial Unicode
2025-09-04 13:48:21,734 - INFO - Using font: Arial Unicode
2025-09-04 13:48:21,878 - INFO - Using font: Arial Unicode
2025-09-04 13:48:21,884 - INFO - Using font: Arial Unicode
2025-09-04 13:48:22,007 - INFO - Using font: Arial Unicode
2025-09-04 13:48:22,013 - INFO - Using font: Arial Unicode
2025-09-04 13:48:22,047 - INFO - Using font: Arial Unicode
2025-09-04 13:48:22,053 - INFO - Using font: Arial Unicode
2025-09-04 13:48:22,087 - INFO - Using font: Arial Unicode
2025-09-04 13:48:22,093 - INFO - Using font: Arial Unicode
2025-09-04 13:48:22,127 - INFO - Using font: Arial Unicode
2025-09-04 13:48:22,133 - INFO - Using font: Arial Unicode
2025-09-04 13:48:22,265 - INFO - Using font: Arial Unicode
2025-09-04 13:48:22,271 - INFO - Using font: Arial Unicode
2025-09-04 13:48:22,306 - INFO - Using font: Arial Unicode
2025-09-04 13:48:22,312 - INFO - Using font: Arial Unicode
2025-09-04 13:48:22,349 - INFO - Using font: Arial Unicode
2025-09-04 13:48:22,356 - INFO - Using font: Arial Unicode
2025-09-04 13:48:22,483 - INFO - Using font: Arial Unicode
2025-09-04 13:48:22,489 - INFO - Using font: Arial Unicode
2025-09-04 13:48:22,522 - INFO - Using font: Arial Unicode
2025-09-04 13:48:22,528 - INFO - Using font: Arial Unicode
2025-09-04 13:48:22,668 - INFO - Using font: Arial Unicode
2025-09-04 13:48:22,674 - INFO - Using font: Arial Unicode
2025-09-04 13:48:22,708 - INFO - Using font: Arial Unicode
2025-09-04 13:48:22,713 - INFO - Using font: Arial Unicode
2025-09-04 13:48:22,748 - INFO - Using font: Arial Unicode
2025-09-04 13:48:22,754 - INFO - Using font: Arial Unicode
2025-09-04 13:48:22,788 - INFO - Using font: Arial Unicode
2025-09-04 13:48:22,794 - INFO - Using font: Arial Unicode
2025-09-04 13:48:22,934 - INFO - Using font: Arial Unicode
2025-09-04 13:48:22,941 - INFO - Using font: Arial Unicode
2025-09-04 13:48:22,975 - INFO - Using font: Arial Unicode
2025-09-04 13:48:22,981 - INFO - Using font: Arial Unicode
2025-09-04 13:48:23,013 - INFO - Using font: Arial Unicode
2025-09-04 13:48:23,020 - INFO - Using font: Arial Unicode
2025-09-04 13:48:23,184 - INFO - Using font: Arial Unicode
2025-09-04 13:48:23,190 - INFO - Using font: Arial Unicode
2025-09-04 13:48:23,224 - INFO - Using font: Arial Unicode
2025-09-04 13:48:23,230 - INFO - Using font: Arial Unicode
2025-09-04 13:48:23,265 - INFO - Using font: Arial Unicode
2025-09-04 13:48:23,271 - INFO - Using font: Arial Unicode
2025-09-04 13:48:23,398 - INFO - Using font: Arial Unicode
2025-09-04 13:48:23,404 - INFO - Using font: Arial Unicode
2025-09-04 13:48:23,532 - INFO - Using font: Arial Unicode
2025-09-04 13:48:23,539 - INFO - Using font: Arial Unicode
2025-09-04 13:48:23,571 - INFO - Using font: Arial Unicode
2025-09-04 13:48:23,577 - INFO - Using font: Arial Unicode
2025-09-04 13:48:23,611 - INFO - Using font: Arial Unicode
2025-09-04 13:48:23,617 - INFO - Using font: Arial Unicode
2025-09-04 13:48:23,766 - INFO - Using font: Arial Unicode
2025-09-04 13:48:23,772 - INFO - Using font: Arial Unicode
2025-09-04 13:48:23,805 - INFO - Using font: Arial Unicode
2025-09-04 13:48:23,811 - INFO - Using font: Arial Unicode
2025-09-04 13:48:23,845 - INFO - Using font: Arial Unicode
2025-09-04 13:48:23,851 - INFO - Using font: Arial Unicode
2025-09-04 13:48:23,970 - INFO - Using font: Arial Unicode
2025-09-04 13:48:23,976 - INFO - Using font: Arial Unicode
2025-09-04 13:48:24,008 - INFO - Using font: Arial Unicode
2025-09-04 13:48:24,014 - INFO - Using font: Arial Unicode
2025-09-04 13:48:24,046 - INFO - Using font: Arial Unicode
2025-09-04 13:48:24,052 - INFO - Using font: Arial Unicode
2025-09-04 13:48:24,216 - INFO - Using font: Arial Unicode
2025-09-04 13:48:24,222 - INFO - Using font: Arial Unicode
2025-09-04 13:48:24,255 - INFO - Using font: Arial Unicode
2025-09-04 13:48:24,261 - INFO - Using font: Arial Unicode
2025-09-04 13:48:24,295 - INFO - Using font: Arial Unicode
2025-09-04 13:48:24,301 - INFO - Using font: Arial Unicode
2025-09-04 13:48:24,336 - INFO - Using font: Arial Unicode
2025-09-04 13:48:24,343 - INFO - Using font: Arial Unicode
2025-09-04 13:48:24,462 - INFO - Using font: Arial Unicode
2025-09-04 13:48:24,469 - INFO - Using font: Arial Unicode
2025-09-04 13:48:24,502 - INFO - Using font: Arial Unicode
2025-09-04 13:48:24,508 - INFO - Using font: Arial Unicode
2025-09-04 13:48:24,629 - INFO - Using font: Arial Unicode
2025-09-04 13:48:24,636 - INFO - Using font: Arial Unicode
2025-09-04 13:48:24,670 - INFO - Using font: Arial Unicode
2025-09-04 13:48:24,676 - INFO - Using font: Arial Unicode
2025-09-04 13:48:24,800 - INFO - Using font: Arial Unicode
2025-09-04 13:48:24,806 - INFO - Using font: Arial Unicode
2025-09-04 13:48:24,841 - INFO - Using font: Arial Unicode
2025-09-04 13:48:24,847 - INFO - Using font: Arial Unicode
2025-09-04 13:48:24,968 - INFO - Using font: Arial Unicode
2025-09-04 13:48:24,974 - INFO - Using font: Arial Unicode
2025-09-04 13:48:25,009 - INFO - Using font: Arial Unicode
2025-09-04 13:48:25,015 - INFO - Using font: Arial Unicode
2025-09-04 13:48:25,049 - INFO - Using font: Arial Unicode
2025-09-04 13:48:25,057 - INFO - Using font: Arial Unicode
2025-09-04 13:48:25,215 - INFO - Using font: Arial Unicode
2025-09-04 13:48:25,222 - INFO - Using font: Arial Unicode
2025-09-04 13:48:25,257 - INFO - Using font: Arial Unicode
2025-09-04 13:48:25,263 - INFO - Using font: Arial Unicode
2025-09-04 13:48:25,299 - INFO - Using font: Arial Unicode
2025-09-04 13:48:25,306 - INFO - Using font: Arial Unicode
2025-09-04 13:48:25,340 - INFO - Using font: Arial Unicode
2025-09-04 13:48:25,346 - INFO - Using font: Arial Unicode
2025-09-04 13:48:25,472 - INFO - Using font: Arial Unicode
2025-09-04 13:48:25,479 - INFO - Using font: Arial Unicode
2025-09-04 13:48:25,535 - INFO - Using font: Arial Unicode
2025-09-04 13:48:25,542 - INFO - Using font: Arial Unicode
2025-09-04 13:48:25,579 - INFO - Using font: Arial Unicode
2025-09-04 13:48:25,585 - INFO - Using font: Arial Unicode
2025-09-04 13:48:25,740 - INFO - Using font: Arial Unicode
2025-09-04 13:48:25,746 - INFO - Using font: Arial Unicode
2025-09-04 13:48:25,782 - INFO - Using font: Arial Unicode
2025-09-04 13:48:25,788 - INFO - Using font: Arial Unicode
2025-09-04 13:48:25,822 - INFO - Using font: Arial Unicode
2025-09-04 13:48:25,828 - INFO - Using font: Arial Unicode
2025-09-04 13:48:25,861 - INFO - Using font: Arial Unicode
2025-09-04 13:48:25,866 - INFO - Using font: Arial Unicode
2025-09-04 13:48:26,020 - INFO - Using font: Arial Unicode
2025-09-04 13:48:26,026 - INFO - Using font: Arial Unicode
2025-09-04 13:48:26,062 - INFO - Using font: Arial Unicode
2025-09-04 13:48:26,068 - INFO - Using font: Arial Unicode
2025-09-04 13:48:26,103 - INFO - Using font: Arial Unicode
2025-09-04 13:48:26,108 - INFO - Using font: Arial Unicode
2025-09-04 13:48:26,143 - INFO - Using font: Arial Unicode
2025-09-04 13:48:26,150 - INFO - Using font: Arial Unicode
2025-09-04 13:48:26,272 - INFO - Using font: Arial Unicode
2025-09-04 13:48:26,278 - INFO - Using font: Arial Unicode
2025-09-04 13:48:26,311 - INFO - Using font: Arial Unicode
2025-09-04 13:48:26,317 - INFO - Using font: Arial Unicode
2025-09-04 13:48:26,351 - INFO - Using font: Arial Unicode
2025-09-04 13:48:26,357 - INFO - Using font: Arial Unicode
2025-09-04 13:48:26,393 - INFO - Using font: Arial Unicode
2025-09-04 13:48:26,400 - INFO - Using font: Arial Unicode
2025-09-04 13:48:26,435 - INFO - Using font: Arial Unicode
2025-09-04 13:48:26,441 - INFO - Using font: Arial Unicode
2025-09-04 13:48:26,599 - INFO - Using font: Arial Unicode
2025-09-04 13:48:26,605 - INFO - Using font: Arial Unicode
2025-09-04 13:48:26,639 - INFO - Using font: Arial Unicode
2025-09-04 13:48:26,645 - INFO - Using font: Arial Unicode
2025-09-04 13:48:26,680 - INFO - Using font: Arial Unicode
2025-09-04 13:48:26,686 - INFO - Using font: Arial Unicode
2025-09-04 13:48:26,838 - INFO - Using font: Arial Unicode
2025-09-04 13:48:26,845 - INFO - Using font: Arial Unicode
2025-09-04 13:48:26,879 - INFO - Using font: Arial Unicode
2025-09-04 13:48:26,885 - INFO - Using font: Arial Unicode
2025-09-04 13:48:26,920 - INFO - Using font: Arial Unicode
2025-09-04 13:48:26,926 - INFO - Using font: Arial Unicode
2025-09-04 13:48:26,960 - INFO - Using font: Arial Unicode
2025-09-04 13:48:26,966 - INFO - Using font: Arial Unicode
2025-09-04 13:48:27,105 - INFO - Using font: Arial Unicode
2025-09-04 13:48:27,112 - INFO - Using font: Arial Unicode
2025-09-04 13:48:27,146 - INFO - Using font: Arial Unicode
2025-09-04 13:48:27,152 - INFO - Using font: Arial Unicode
2025-09-04 13:48:27,277 - INFO - Using font: Arial Unicode
2025-09-04 13:48:27,283 - INFO - Using font: Arial Unicode
2025-09-04 13:48:27,317 - INFO - Using font: Arial Unicode
2025-09-04 13:48:27,323 - INFO - Using font: Arial Unicode
2025-09-04 13:48:27,356 - INFO - Using font: Arial Unicode
2025-09-04 13:48:27,363 - INFO - Using font: Arial Unicode
2025-09-04 13:48:27,502 - INFO - Using font: Arial Unicode
2025-09-04 13:48:27,508 - INFO - Using font: Arial Unicode
2025-09-04 13:48:27,543 - INFO - Using font: Arial Unicode
2025-09-04 13:48:27,549 - INFO - Using font: Arial Unicode
2025-09-04 13:48:27,584 - INFO - Using font: Arial Unicode
2025-09-04 13:48:27,590 - INFO - Using font: Arial Unicode
2025-09-04 13:48:27,728 - INFO - Using font: Arial Unicode
2025-09-04 13:48:27,735 - INFO - Using font: Arial Unicode
2025-09-04 13:48:27,770 - INFO - Using font: Arial Unicode
2025-09-04 13:48:27,776 - INFO - Using font: Arial Unicode
2025-09-04 13:48:27,813 - INFO - Using font: Arial Unicode
2025-09-04 13:48:27,819 - INFO - Using font: Arial Unicode
2025-09-04 13:48:27,855 - INFO - Using font: Arial Unicode
2025-09-04 13:48:27,861 - INFO - Using font: Arial Unicode
2025-09-04 13:48:27,998 - INFO - Using font: Arial Unicode
2025-09-04 13:48:28,004 - INFO - Using font: Arial Unicode
2025-09-04 13:48:28,039 - INFO - Using font: Arial Unicode
2025-09-04 13:48:28,045 - INFO - Using font: Arial Unicode
2025-09-04 13:48:28,080 - INFO - Using font: Arial Unicode
2025-09-04 13:48:28,086 - INFO - Using font: Arial Unicode
2025-09-04 13:48:28,120 - INFO - Using font: Arial Unicode
2025-09-04 13:48:28,126 - INFO - Using font: Arial Unicode
2025-09-04 13:48:28,277 - INFO - Using font: Arial Unicode
2025-09-04 13:48:28,283 - INFO - Using font: Arial Unicode
2025-09-04 13:48:28,317 - INFO - Using font: Arial Unicode
2025-09-04 13:48:28,323 - INFO - Using font: Arial Unicode
2025-09-04 13:48:28,358 - INFO - Using font: Arial Unicode
2025-09-04 13:48:28,364 - INFO - Using font: Arial Unicode
2025-09-04 13:48:28,399 - INFO - Using font: Arial Unicode
2025-09-04 13:48:28,406 - INFO - Using font: Arial Unicode
2025-09-04 13:48:28,529 - INFO - Using font: Arial Unicode
2025-09-04 13:48:28,535 - INFO - Using font: Arial Unicode
2025-09-04 13:48:28,570 - INFO - Using font: Arial Unicode
2025-09-04 13:48:28,575 - INFO - Using font: Arial Unicode
2025-09-04 13:48:28,612 - INFO - Using font: Arial Unicode
2025-09-04 13:48:28,618 - INFO - Using font: Arial Unicode
2025-09-04 13:48:28,652 - INFO - Using font: Arial Unicode
2025-09-04 13:48:28,658 - INFO - Using font: Arial Unicode
2025-09-04 13:48:28,691 - INFO - Using font: Arial Unicode
2025-09-04 13:48:28,697 - INFO - Using font: Arial Unicode
2025-09-04 13:48:28,832 - INFO - Using font: Arial Unicode
2025-09-04 13:48:28,838 - INFO - Using font: Arial Unicode
2025-09-04 13:48:28,870 - INFO - Using font: Arial Unicode
2025-09-04 13:48:28,876 - INFO - Using font: Arial Unicode
2025-09-04 13:48:28,911 - INFO - Using font: Arial Unicode
2025-09-04 13:48:28,917 - INFO - Using font: Arial Unicode
2025-09-04 13:48:29,038 - INFO - Using font: Arial Unicode
2025-09-04 13:48:29,044 - INFO - Using font: Arial Unicode
2025-09-04 13:48:29,079 - INFO - Using font: Arial Unicode
2025-09-04 13:48:29,085 - INFO - Using font: Arial Unicode
2025-09-04 13:48:29,119 - INFO - Using font: Arial Unicode
2025-09-04 13:48:29,125 - INFO - Using font: Arial Unicode
2025-09-04 13:48:29,160 - INFO - Using font: Arial Unicode
2025-09-04 13:48:29,166 - INFO - Using font: Arial Unicode
2025-09-04 13:48:29,203 - INFO - Using font: Arial Unicode
2025-09-04 13:48:29,210 - INFO - Using font: Arial Unicode
2025-09-04 13:48:29,362 - INFO - Using font: Arial Unicode
2025-09-04 13:48:29,368 - INFO - Using font: Arial Unicode
2025-09-04 13:48:29,405 - INFO - Using font: Arial Unicode
2025-09-04 13:48:29,411 - INFO - Using font: Arial Unicode
2025-09-04 13:48:29,451 - INFO - Using font: Arial Unicode
2025-09-04 13:48:29,457 - INFO - Using font: Arial Unicode
2025-09-04 13:48:29,599 - INFO - Using font: Arial Unicode
2025-09-04 13:48:29,605 - INFO - Using font: Arial Unicode
2025-09-04 13:48:29,641 - INFO - Using font: Arial Unicode
2025-09-04 13:48:29,647 - INFO - Using font: Arial Unicode
2025-09-04 13:48:29,683 - INFO - Using font: Arial Unicode
2025-09-04 13:48:29,689 - INFO - Using font: Arial Unicode
2025-09-04 13:48:29,725 - INFO - Using font: Arial Unicode
2025-09-04 13:48:29,731 - INFO - Using font: Arial Unicode
2025-09-04 13:48:29,766 - INFO - Using font: Arial Unicode
2025-09-04 13:48:29,772 - INFO - Using font: Arial Unicode
2025-09-04 13:48:29,891 - INFO - Using font: Arial Unicode
2025-09-04 13:48:29,898 - INFO - Using font: Arial Unicode
2025-09-04 13:48:29,933 - INFO - Using font: Arial Unicode
2025-09-04 13:48:29,939 - INFO - Using font: Arial Unicode
2025-09-04 13:48:29,974 - INFO - Using font: Arial Unicode
2025-09-04 13:48:29,980 - INFO - Using font: Arial Unicode
2025-09-04 13:48:30,132 - INFO - Using font: Arial Unicode
2025-09-04 13:48:30,139 - INFO - Using font: Arial Unicode
2025-09-04 13:48:30,174 - INFO - Using font: Arial Unicode
2025-09-04 13:48:30,181 - INFO - Using font: Arial Unicode
2025-09-04 13:48:30,215 - INFO - Using font: Arial Unicode
2025-09-04 13:48:30,221 - INFO - Using font: Arial Unicode
2025-09-04 13:48:30,359 - INFO - Using font: Arial Unicode
2025-09-04 13:48:30,366 - INFO - Using font: Arial Unicode
2025-09-04 13:48:30,401 - INFO - Using font: Arial Unicode
2025-09-04 13:48:30,407 - INFO - Using font: Arial Unicode
2025-09-04 13:48:30,443 - INFO - Using font: Arial Unicode
2025-09-04 13:48:30,449 - INFO - Using font: Arial Unicode
2025-09-04 13:48:30,576 - INFO - Using font: Arial Unicode
2025-09-04 13:48:30,583 - INFO - Using font: Arial Unicode
2025-09-04 13:48:30,617 - INFO - Using font: Arial Unicode
2025-09-04 13:48:30,624 - INFO - Using font: Arial Unicode
2025-09-04 13:48:30,661 - INFO - Using font: Arial Unicode
2025-09-04 13:48:30,667 - INFO - Using font: Arial Unicode
2025-09-04 13:48:30,703 - INFO - Using font: Arial Unicode
2025-09-04 13:48:30,709 - INFO - Using font: Arial Unicode
2025-09-04 13:48:30,744 - INFO - Using font: Arial Unicode
2025-09-04 13:48:30,751 - INFO - Using font: Arial Unicode
2025-09-04 13:48:30,906 - INFO - Using font: Arial Unicode
2025-09-04 13:48:30,912 - INFO - Using font: Arial Unicode
2025-09-04 13:48:30,947 - INFO - Using font: Arial Unicode
2025-09-04 13:48:30,953 - INFO - Using font: Arial Unicode
2025-09-04 13:48:30,987 - INFO - Using font: Arial Unicode
2025-09-04 13:48:30,993 - INFO - Using font: Arial Unicode
2025-09-04 13:48:31,141 - INFO - Using font: Arial Unicode
2025-09-04 13:48:31,147 - INFO - Using font: Arial Unicode
2025-09-04 13:48:31,180 - INFO - Using font: Arial Unicode
2025-09-04 13:48:31,186 - INFO - Using font: Arial Unicode
2025-09-04 13:48:31,221 - INFO - Using font: Arial Unicode
2025-09-04 13:48:31,227 - INFO - Using font: Arial Unicode
2025-09-04 13:48:31,263 - INFO - Using font: Arial Unicode
2025-09-04 13:48:31,269 - INFO - Using font: Arial Unicode
2025-09-04 13:48:31,410 - INFO - Using font: Arial Unicode
2025-09-04 13:48:31,417 - INFO - Using font: Arial Unicode
2025-09-04 13:48:31,457 - INFO - Using font: Arial Unicode
2025-09-04 13:48:31,463 - INFO - Using font: Arial Unicode
2025-09-04 13:48:31,499 - INFO - Using font: Arial Unicode
2025-09-04 13:48:31,505 - INFO - Using font: Arial Unicode
2025-09-04 13:48:31,541 - INFO - Using font: Arial Unicode
2025-09-04 13:48:31,547 - INFO - Using font: Arial Unicode
2025-09-04 13:48:31,701 - INFO - Using font: Arial Unicode
2025-09-04 13:48:31,708 - INFO - Using font: Arial Unicode
2025-09-04 13:48:31,742 - INFO - Using font: Arial Unicode
2025-09-04 13:48:31,749 - INFO - Using font: Arial Unicode
2025-09-04 13:48:31,786 - INFO - Using font: Arial Unicode
2025-09-04 13:48:31,792 - INFO - Using font: Arial Unicode
2025-09-04 13:48:31,828 - INFO - Using font: Arial Unicode
2025-09-04 13:48:31,834 - INFO - Using font: Arial Unicode
2025-09-04 13:48:31,966 - INFO - Using font: Arial Unicode
2025-09-04 13:48:31,972 - INFO - Using font: Arial Unicode
2025-09-04 13:48:32,008 - INFO - Using font: Arial Unicode
2025-09-04 13:48:32,015 - INFO - Using font: Arial Unicode
2025-09-04 13:48:32,048 - INFO - Using font: Arial Unicode
2025-09-04 13:48:32,054 - INFO - Using font: Arial Unicode
2025-09-04 13:48:32,088 - INFO - Using font: Arial Unicode
2025-09-04 13:48:32,094 - INFO - Using font: Arial Unicode
2025-09-04 13:48:32,234 - INFO - Using font: Arial Unicode
2025-09-04 13:48:32,241 - INFO - Using font: Arial Unicode
2025-09-04 13:48:32,275 - INFO - Using font: Arial Unicode
2025-09-04 13:48:32,281 - INFO - Using font: Arial Unicode
2025-09-04 13:48:32,316 - INFO - Using font: Arial Unicode
2025-09-04 13:48:32,322 - INFO - Using font: Arial Unicode
2025-09-04 13:48:32,468 - INFO - Using font: Arial Unicode
2025-09-04 13:48:32,474 - INFO - Using font: Arial Unicode
2025-09-04 13:48:32,510 - INFO - Using font: Arial Unicode
2025-09-04 13:48:32,516 - INFO - Using font: Arial Unicode
2025-09-04 13:48:32,552 - INFO - Using font: Arial Unicode
2025-09-04 13:48:32,558 - INFO - Using font: Arial Unicode
2025-09-04 13:48:32,594 - INFO - Using font: Arial Unicode
2025-09-04 13:48:32,601 - INFO - Using font: Arial Unicode
2025-09-04 13:48:32,737 - INFO - Using font: Arial Unicode
2025-09-04 13:48:32,743 - INFO - Using font: Arial Unicode
2025-09-04 13:48:32,779 - INFO - Using font: Arial Unicode
2025-09-04 13:48:32,785 - INFO - Using font: Arial Unicode
2025-09-04 13:48:32,821 - INFO - Using font: Arial Unicode
2025-09-04 13:48:32,827 - INFO - Using font: Arial Unicode
2025-09-04 13:48:32,971 - INFO - Using font: Arial Unicode
2025-09-04 13:48:32,978 - INFO - Using font: Arial Unicode
2025-09-04 13:48:33,013 - INFO - Using font: Arial Unicode
2025-09-04 13:48:33,019 - INFO - Using font: Arial Unicode
2025-09-04 13:48:33,053 - INFO - Using font: Arial Unicode
2025-09-04 13:48:33,059 - INFO - Using font: Arial Unicode
2025-09-04 13:48:33,093 - INFO - Using font: Arial Unicode
2025-09-04 13:48:33,099 - INFO - Using font: Arial Unicode
2025-09-04 13:48:33,256 - INFO - Using font: Arial Unicode
2025-09-04 13:48:33,264 - INFO - Using font: Arial Unicode
2025-09-04 13:48:33,299 - INFO - Using font: Arial Unicode
2025-09-04 13:48:33,305 - INFO - Using font: Arial Unicode
2025-09-04 13:48:33,341 - INFO - Using font: Arial Unicode
2025-09-04 13:48:33,347 - INFO - Using font: Arial Unicode
2025-09-04 13:48:33,465 - INFO - Using font: Arial Unicode
2025-09-04 13:48:33,472 - INFO - Using font: Arial Unicode
2025-09-04 13:48:33,508 - INFO - Using font: Arial Unicode
2025-09-04 13:48:33,515 - INFO - Using font: Arial Unicode
2025-09-04 13:48:33,553 - INFO - Using font: Arial Unicode
2025-09-04 13:48:33,560 - INFO - Using font: Arial Unicode
2025-09-04 13:48:33,598 - INFO - Using font: Arial Unicode
2025-09-04 13:48:33,604 - INFO - Using font: Arial Unicode
2025-09-04 13:48:33,761 - INFO - Using font: Arial Unicode
2025-09-04 13:48:33,767 - INFO - Using font: Arial Unicode
2025-09-04 13:48:33,806 - INFO - Using font: Arial Unicode
2025-09-04 13:48:33,812 - INFO - Using font: Arial Unicode
2025-09-04 13:48:33,850 - INFO - Using font: Arial Unicode
2025-09-04 13:48:33,856 - INFO - Using font: Arial Unicode
2025-09-04 13:48:33,914 - INFO - Using font: Arial Unicode
2025-09-04 13:48:33,921 - INFO - Using font: Arial Unicode
2025-09-04 13:48:34,063 - INFO - Using font: Arial Unicode
2025-09-04 13:48:34,070 - INFO - Using font: Arial Unicode
2025-09-04 13:48:34,109 - INFO - Using font: Arial Unicode
2025-09-04 13:48:34,116 - INFO - Using font: Arial Unicode
2025-09-04 13:48:34,156 - INFO - Using font: Arial Unicode
2025-09-04 13:48:34,163 - INFO - Using font: Arial Unicode
2025-09-04 13:48:34,204 - INFO - Using font: Arial Unicode
2025-09-04 13:48:34,210 - INFO - Using font: Arial Unicode
2025-09-04 13:48:34,326 - INFO - Using font: Arial Unicode
2025-09-04 13:48:34,332 - INFO - Using font: Arial Unicode
2025-09-04 13:48:34,367 - INFO - Using font: Arial Unicode
2025-09-04 13:48:34,373 - INFO - Using font: Arial Unicode
2025-09-04 13:48:34,409 - INFO - Using font: Arial Unicode
2025-09-04 13:48:34,415 - INFO - Using font: Arial Unicode
2025-09-04 13:48:34,571 - INFO - Using font: Arial Unicode
2025-09-04 13:48:34,578 - INFO - Using font: Arial Unicode
2025-09-04 13:48:34,613 - INFO - Using font: Arial Unicode
2025-09-04 13:48:34,619 - INFO - Using font: Arial Unicode
2025-09-04 13:48:34,653 - INFO - Using font: Arial Unicode
2025-09-04 13:48:34,659 - INFO - Using font: Arial Unicode
2025-09-04 13:48:34,807 - INFO - Using font: Arial Unicode
2025-09-04 13:48:34,813 - INFO - Using font: Arial Unicode
2025-09-04 13:48:34,848 - INFO - Using font: Arial Unicode
2025-09-04 13:48:34,855 - INFO - Using font: Arial Unicode
2025-09-04 13:48:34,888 - INFO - Using font: Arial Unicode
2025-09-04 13:48:34,895 - INFO - Using font: Arial Unicode
2025-09-04 13:48:34,929 - INFO - Using font: Arial Unicode
2025-09-04 13:48:34,936 - INFO - Using font: Arial Unicode
2025-09-04 13:48:35,064 - INFO - Using font: Arial Unicode
2025-09-04 13:48:35,070 - INFO - Using font: Arial Unicode
2025-09-04 13:48:35,105 - INFO - Using font: Arial Unicode
2025-09-04 13:48:35,111 - INFO - Using font: Arial Unicode
2025-09-04 13:48:35,145 - INFO - Using font: Arial Unicode
2025-09-04 13:48:35,152 - INFO - Using font: Arial Unicode
2025-09-04 13:48:35,266 - INFO - Using font: Arial Unicode
2025-09-04 13:48:35,273 - INFO - Using font: Arial Unicode
2025-09-04 13:48:35,308 - INFO - Using font: Arial Unicode
2025-09-04 13:48:35,314 - INFO - Using font: Arial Unicode
2025-09-04 13:48:35,348 - INFO - Using font: Arial Unicode
2025-09-04 13:48:35,354 - INFO - Using font: Arial Unicode
2025-09-04 13:48:35,388 - INFO - Using font: Arial Unicode
2025-09-04 13:48:35,394 - INFO - Using font: Arial Unicode
2025-09-04 13:48:35,529 - INFO - Using font: Arial Unicode
2025-09-04 13:48:35,535 - INFO - Using font: Arial Unicode
2025-09-04 13:48:35,573 - INFO - Using font: Arial Unicode
2025-09-04 13:48:35,578 - INFO - Using font: Arial Unicode
2025-09-04 13:48:35,614 - INFO - Using font: Arial Unicode
2025-09-04 13:48:35,620 - INFO - Using font: Arial Unicode
2025-09-04 13:48:35,654 - INFO - Using font: Arial Unicode
2025-09-04 13:48:35,660 - INFO - Using font: Arial Unicode
2025-09-04 13:48:35,792 - INFO - Using font: Arial Unicode
2025-09-04 13:48:35,799 - INFO - Using font: Arial Unicode
2025-09-04 13:48:35,832 - INFO - Using font: Arial Unicode
2025-09-04 13:48:35,838 - INFO - Using font: Arial Unicode
2025-09-04 13:48:35,872 - INFO - Using font: Arial Unicode
2025-09-04 13:48:35,878 - INFO - Using font: Arial Unicode
2025-09-04 13:48:35,998 - INFO - Using font: Arial Unicode
2025-09-04 13:48:36,004 - INFO - Using font: Arial Unicode
2025-09-04 13:48:36,039 - INFO - Using font: Arial Unicode
2025-09-04 13:48:36,045 - INFO - Using font: Arial Unicode
2025-09-04 13:48:36,078 - INFO - Using font: Arial Unicode
2025-09-04 13:48:36,084 - INFO - Using font: Arial Unicode
2025-09-04 13:48:36,235 - INFO - Using font: Arial Unicode
2025-09-04 13:48:36,241 - INFO - Using font: Arial Unicode
2025-09-04 13:48:36,275 - INFO - Using font: Arial Unicode
2025-09-04 13:48:36,281 - INFO - Using font: Arial Unicode
2025-09-04 13:48:36,315 - INFO - Using font: Arial Unicode
2025-09-04 13:48:36,322 - INFO - Using font: Arial Unicode
2025-09-04 13:48:36,472 - INFO - Using font: Arial Unicode
2025-09-04 13:48:36,478 - INFO - Using font: Arial Unicode
2025-09-04 13:48:36,512 - INFO - Using font: Arial Unicode
2025-09-04 13:48:36,518 - INFO - Using font: Arial Unicode
2025-09-04 13:48:36,555 - INFO - Using font: Arial Unicode
2025-09-04 13:48:36,561 - INFO - Using font: Arial Unicode
2025-09-04 13:48:36,697 - INFO - Using font: Arial Unicode
2025-09-04 13:48:36,703 - INFO - Using font: Arial Unicode
2025-09-04 13:48:36,820 - INFO - Using font: Arial Unicode
2025-09-04 13:48:36,827 - INFO - Using font: Arial Unicode
2025-09-04 13:48:36,861 - INFO - Using font: Arial Unicode
2025-09-04 13:48:36,867 - INFO - Using font: Arial Unicode
2025-09-04 13:48:37,003 - INFO - Using font: Arial Unicode
2025-09-04 13:48:37,009 - INFO - Using font: Arial Unicode
2025-09-04 13:48:37,047 - INFO - Using font: Arial Unicode
2025-09-04 13:48:37,053 - INFO - Using font: Arial Unicode
2025-09-04 13:48:37,089 - INFO - Using font: Arial Unicode
2025-09-04 13:48:37,096 - INFO - Using font: Arial Unicode
2025-09-04 13:48:37,255 - INFO - Using font: Arial Unicode
2025-09-04 13:48:37,261 - INFO - Using font: Arial Unicode
2025-09-04 13:48:37,401 - INFO - Using font: Arial Unicode
2025-09-04 13:48:37,407 - INFO - Using font: Arial Unicode
2025-09-04 13:48:37,534 - INFO - Using font: Arial Unicode
2025-09-04 13:48:37,540 - INFO - Using font: Arial Unicode
2025-09-04 13:48:37,574 - INFO - Using font: Arial Unicode
2025-09-04 13:48:37,580 - INFO - Using font: Arial Unicode
2025-09-04 13:48:37,722 - INFO - Using font: Arial Unicode
2025-09-04 13:48:37,728 - INFO - Using font: Arial Unicode
2025-09-04 13:48:37,765 - INFO - Using font: Arial Unicode
2025-09-04 13:48:37,771 - INFO - Using font: Arial Unicode
2025-09-04 13:48:37,807 - INFO - Using font: Arial Unicode
2025-09-04 13:48:37,813 - INFO - Using font: Arial Unicode
2025-09-04 13:48:37,849 - INFO - Using font: Arial Unicode
2025-09-04 13:48:37,855 - INFO - Using font: Arial Unicode
2025-09-04 13:48:37,998 - INFO - Using font: Arial Unicode
2025-09-04 13:48:38,004 - INFO - Using font: Arial Unicode
2025-09-04 13:48:38,040 - INFO - Using font: Arial Unicode
2025-09-04 13:48:38,046 - INFO - Using font: Arial Unicode
2025-09-04 13:48:38,080 - INFO - Using font: Arial Unicode
2025-09-04 13:48:38,086 - INFO - Using font: Arial Unicode
2025-09-04 13:48:38,239 - INFO - Using font: Arial Unicode
2025-09-04 13:48:38,245 - INFO - Using font: Arial Unicode
2025-09-04 13:48:38,281 - INFO - Using font: Arial Unicode
2025-09-04 13:48:38,287 - INFO - Using font: Arial Unicode
2025-09-04 13:48:38,435 - INFO - Using font: Arial Unicode
2025-09-04 13:48:38,441 - INFO - Using font: Arial Unicode
2025-09-04 13:48:38,474 - INFO - Using font: Arial Unicode
2025-09-04 13:48:38,480 - INFO - Using font: Arial Unicode
2025-09-04 13:48:38,516 - INFO - Using font: Arial Unicode
2025-09-04 13:48:38,522 - INFO - Using font: Arial Unicode
2025-09-04 13:48:38,557 - INFO - Using font: Arial Unicode
2025-09-04 13:48:38,563 - INFO - Using font: Arial Unicode
2025-09-04 13:48:38,686 - INFO - Using font: Arial Unicode
2025-09-04 13:48:38,692 - INFO - Using font: Arial Unicode
2025-09-04 13:48:38,727 - INFO - Using font: Arial Unicode
2025-09-04 13:48:38,733 - INFO - Using font: Arial Unicode
2025-09-04 13:48:38,858 - INFO - Using font: Arial Unicode
2025-09-04 13:48:38,865 - INFO - Using font: Arial Unicode
2025-09-04 13:48:38,899 - INFO - Using font: Arial Unicode
2025-09-04 13:48:38,905 - INFO - Using font: Arial Unicode
2025-09-04 13:48:38,940 - INFO - Using font: Arial Unicode
2025-09-04 13:48:38,946 - INFO - Using font: Arial Unicode
2025-09-04 13:48:39,072 - INFO - Using font: Arial Unicode
2025-09-04 13:48:39,078 - INFO - Using font: Arial Unicode
2025-09-04 13:48:39,229 - INFO - Using font: Arial Unicode
2025-09-04 13:48:39,235 - INFO - Using font: Arial Unicode
2025-09-04 13:48:39,271 - INFO - Using font: Arial Unicode
2025-09-04 13:48:39,277 - INFO - Using font: Arial Unicode
2025-09-04 13:48:39,434 - INFO - Using font: Arial Unicode
2025-09-04 13:48:39,441 - INFO - Using font: Arial Unicode
2025-09-04 13:48:39,597 - INFO - Using font: Arial Unicode
2025-09-04 13:48:39,603 - INFO - Using font: Arial Unicode
2025-09-04 13:48:39,639 - INFO - Using font: Arial Unicode
2025-09-04 13:48:39,647 - INFO - Using font: Arial Unicode
2025-09-04 13:48:39,789 - INFO - Using font: Arial Unicode
2025-09-04 13:48:39,795 - INFO - Using font: Arial Unicode
2025-09-04 13:48:39,932 - INFO - Using font: Arial Unicode
2025-09-04 13:48:39,938 - INFO - Using font: Arial Unicode
2025-09-04 13:48:40,094 - INFO - Using font: Arial Unicode
2025-09-04 13:48:40,100 - INFO - Using font: Arial Unicode
2025-09-04 13:48:40,139 - INFO - Using font: Arial Unicode
2025-09-04 13:48:40,146 - INFO - Using font: Arial Unicode
2025-09-04 13:48:40,300 - INFO - Using font: Arial Unicode
2025-09-04 13:48:40,307 - INFO - Using font: Arial Unicode
2025-09-04 13:48:40,455 - INFO - Using font: Arial Unicode
2025-09-04 13:48:40,462 - INFO - Using font: Arial Unicode
2025-09-04 13:48:40,501 - INFO - Using font: Arial Unicode
2025-09-04 13:48:40,507 - INFO - Using font: Arial Unicode
2025-09-04 13:48:40,659 - INFO - Using font: Arial Unicode
2025-09-04 13:48:40,665 - INFO - Using font: Arial Unicode
2025-09-04 13:48:40,795 - INFO - Using font: Arial Unicode
2025-09-04 13:48:40,802 - INFO - Using font: Arial Unicode
2025-09-04 13:48:40,941 - INFO - Using font: Arial Unicode
2025-09-04 13:48:40,947 - INFO - Using font: Arial Unicode
2025-09-04 13:48:41,064 - INFO - Using font: Arial Unicode
2025-09-04 13:48:41,071 - INFO - Using font: Arial Unicode
2025-09-04 13:48:41,240 - INFO - Using font: Arial Unicode
2025-09-04 13:48:41,246 - INFO - Using font: Arial Unicode
2025-09-04 13:48:41,391 - INFO - Using font: Arial Unicode
2025-09-04 13:48:41,397 - INFO - Using font: Arial Unicode
2025-09-04 13:48:41,532 - INFO - Using font: Arial Unicode
2025-09-04 13:48:41,538 - INFO - Using font: Arial Unicode
2025-09-04 13:48:41,692 - INFO - Using font: Arial Unicode
2025-09-04 13:48:41,698 - INFO - Using font: Arial Unicode
2025-09-04 13:48:41,831 - INFO - Using font: Arial Unicode
2025-09-04 13:48:41,837 - INFO - Using font: Arial Unicode
2025-09-04 13:48:41,958 - INFO - Using font: Arial Unicode
2025-09-04 13:48:41,964 - INFO - Using font: Arial Unicode
2025-09-04 13:48:41,999 - INFO - Using font: Arial Unicode
2025-09-04 13:48:42,005 - INFO - Using font: Arial Unicode
2025-09-04 13:48:42,126 - INFO - Using font: Arial Unicode
2025-09-04 13:48:42,132 - INFO - Using font: Arial Unicode
2025-09-04 13:48:42,166 - INFO - Using font: Arial Unicode
2025-09-04 13:48:42,172 - INFO - Using font: Arial Unicode
2025-09-04 13:48:42,301 - INFO - Using font: Arial Unicode
2025-09-04 13:48:42,307 - INFO - Using font: Arial Unicode
2025-09-04 13:48:42,341 - INFO - Using font: Arial Unicode
2025-09-04 13:48:42,347 - INFO - Using font: Arial Unicode
2025-09-04 13:48:42,499 - INFO - Using font: Arial Unicode
2025-09-04 13:48:42,505 - INFO - Using font: Arial Unicode
2025-09-04 13:48:42,539 - INFO - Using font: Arial Unicode
2025-09-04 13:48:42,545 - INFO - Using font: Arial Unicode
2025-09-04 13:48:42,664 - INFO - Using font: Arial Unicode
2025-09-04 13:48:42,670 - INFO - Using font: Arial Unicode
2025-09-04 13:48:42,705 - INFO - Using font: Arial Unicode
2025-09-04 13:48:42,711 - INFO - Using font: Arial Unicode
2025-09-04 13:48:42,845 - INFO - Using font: Arial Unicode
2025-09-04 13:48:42,852 - INFO - Using font: Arial Unicode
2025-09-04 13:48:42,888 - INFO - Using font: Arial Unicode
2025-09-04 13:48:42,893 - INFO - Using font: Arial Unicode
2025-09-04 13:48:43,036 - INFO - Using font: Arial Unicode
2025-09-04 13:48:43,042 - INFO - Using font: Arial Unicode
2025-09-04 13:48:43,078 - INFO - Using font: Arial Unicode
2025-09-04 13:48:43,084 - INFO - Using font: Arial Unicode
2025-09-04 13:48:43,119 - INFO - Using font: Arial Unicode
2025-09-04 13:48:43,125 - INFO - Using font: Arial Unicode
2025-09-04 13:48:43,277 - INFO - Using font: Arial Unicode
2025-09-04 13:48:43,283 - INFO - Using font: Arial Unicode
2025-09-04 13:48:43,319 - INFO - Using font: Arial Unicode
2025-09-04 13:48:43,325 - INFO - Using font: Arial Unicode
2025-09-04 13:48:43,471 - INFO - Using font: Arial Unicode
2025-09-04 13:48:43,478 - INFO - Using font: Arial Unicode
2025-09-04 13:48:43,512 - INFO - Using font: Arial Unicode
2025-09-04 13:48:43,519 - INFO - Using font: Arial Unicode
2025-09-04 13:48:43,666 - INFO - Using font: Arial Unicode
2025-09-04 13:48:43,673 - INFO - Using font: Arial Unicode
2025-09-04 13:48:43,708 - INFO - Using font: Arial Unicode
2025-09-04 13:48:43,714 - INFO - Using font: Arial Unicode
2025-09-04 13:48:43,749 - INFO - Using font: Arial Unicode
2025-09-04 13:48:43,755 - INFO - Using font: Arial Unicode
2025-09-04 13:48:43,898 - INFO - Using font: Arial Unicode
2025-09-04 13:48:43,905 - INFO - Using font: Arial Unicode
2025-09-04 13:48:43,939 - INFO - Using font: Arial Unicode
2025-09-04 13:48:43,945 - INFO - Using font: Arial Unicode
2025-09-04 13:48:44,102 - INFO - Using font: Arial Unicode
2025-09-04 13:48:44,109 - INFO - Using font: Arial Unicode
2025-09-04 13:48:44,143 - INFO - Using font: Arial Unicode
2025-09-04 13:48:44,149 - INFO - Using font: Arial Unicode
2025-09-04 13:48:44,186 - INFO - Using font: Arial Unicode
2025-09-04 13:48:44,192 - INFO - Using font: Arial Unicode
2025-09-04 13:48:44,338 - INFO - Using font: Arial Unicode
2025-09-04 13:48:44,344 - INFO - Using font: Arial Unicode
2025-09-04 13:48:44,379 - INFO - Using font: Arial Unicode
2025-09-04 13:48:44,387 - INFO - Using font: Arial Unicode
2025-09-04 13:48:44,423 - INFO - Using font: Arial Unicode
2025-09-04 13:48:44,429 - INFO - Using font: Arial Unicode
2025-09-04 13:48:44,563 - INFO - Using font: Arial Unicode
2025-09-04 13:48:44,570 - INFO - Using font: Arial Unicode
2025-09-04 13:48:44,604 - INFO - Using font: Arial Unicode
2025-09-04 13:48:44,611 - INFO - Using font: Arial Unicode
2025-09-04 13:48:44,673 - INFO - Using font: Arial Unicode
2025-09-04 13:48:44,680 - INFO - Using font: Arial Unicode
2025-09-04 13:48:44,819 - INFO - Using font: Arial Unicode
2025-09-04 13:48:44,825 - INFO - Using font: Arial Unicode
2025-09-04 13:48:44,861 - INFO - Using font: Arial Unicode
2025-09-04 13:48:44,867 - INFO - Using font: Arial Unicode
2025-09-04 13:48:44,994 - INFO - Using font: Arial Unicode
2025-09-04 13:48:45,000 - INFO - Using font: Arial Unicode
2025-09-04 13:48:45,036 - INFO - Using font: Arial Unicode
2025-09-04 13:48:45,043 - INFO - Using font: Arial Unicode
2025-09-04 13:48:45,079 - INFO - Using font: Arial Unicode
2025-09-04 13:48:45,085 - INFO - Using font: Arial Unicode
2025-09-04 13:48:45,220 - INFO - Using font: Arial Unicode
2025-09-04 13:48:45,226 - INFO - Using font: Arial Unicode
2025-09-04 13:48:45,366 - INFO - Using font: Arial Unicode
2025-09-04 13:48:45,373 - INFO - Using font: Arial Unicode
2025-09-04 13:48:45,409 - INFO - Using font: Arial Unicode
2025-09-04 13:48:45,416 - INFO - Using font: Arial Unicode
2025-09-04 13:48:45,459 - INFO - Using font: Arial Unicode
2025-09-04 13:48:45,465 - INFO - Using font: Arial Unicode
2025-09-04 13:48:45,596 - INFO - Using font: Arial Unicode
2025-09-04 13:48:45,603 - INFO - Using font: Arial Unicode
2025-09-04 13:48:45,639 - INFO - Using font: Arial Unicode
2025-09-04 13:48:45,646 - INFO - Using font: Arial Unicode
2025-09-04 13:48:45,800 - INFO - Using font: Arial Unicode
2025-09-04 13:48:45,806 - INFO - Using font: Arial Unicode
2025-09-04 13:48:45,843 - INFO - Using font: Arial Unicode
2025-09-04 13:48:45,849 - INFO - Using font: Arial Unicode
2025-09-04 13:48:45,994 - INFO - Using font: Arial Unicode
2025-09-04 13:48:46,001 - INFO - Using font: Arial Unicode
2025-09-04 13:48:46,035 - INFO - Using font: Arial Unicode
2025-09-04 13:48:46,042 - INFO - Using font: Arial Unicode
2025-09-04 13:48:46,080 - INFO - Using font: Arial Unicode
2025-09-04 13:48:46,086 - INFO - Using font: Arial Unicode
2025-09-04 13:48:46,229 - INFO - Using font: Arial Unicode
2025-09-04 13:48:46,235 - INFO - Using font: Arial Unicode
2025-09-04 13:48:46,274 - INFO - Using font: Arial Unicode
2025-09-04 13:48:46,280 - INFO - Using font: Arial Unicode
2025-09-04 13:48:46,314 - INFO - Using font: Arial Unicode
2025-09-04 13:48:46,319 - INFO - Using font: Arial Unicode
2025-09-04 13:48:46,468 - INFO - Using font: Arial Unicode
2025-09-04 13:48:46,474 - INFO - Using font: Arial Unicode
2025-09-04 13:48:46,645 - INFO - Using font: Arial Unicode
2025-09-04 13:48:46,651 - INFO - Using font: Arial Unicode
2025-09-04 13:48:46,685 - INFO - Using font: Arial Unicode
2025-09-04 13:48:46,691 - INFO - Using font: Arial Unicode
2025-09-04 13:48:46,728 - INFO - Using font: Arial Unicode
2025-09-04 13:48:46,734 - INFO - Using font: Arial Unicode
2025-09-04 13:48:46,860 - INFO - Using font: Arial Unicode
2025-09-04 13:48:46,867 - INFO - Using font: Arial Unicode
2025-09-04 13:48:46,902 - INFO - Using font: Arial Unicode
2025-09-04 13:48:46,908 - INFO - Using font: Arial Unicode
2025-09-04 13:48:46,941 - INFO - Using font: Arial Unicode
2025-09-04 13:48:46,948 - INFO - Using font: Arial Unicode
2025-09-04 13:48:47,089 - INFO - Using font: Arial Unicode
2025-09-04 13:48:47,096 - INFO - Using font: Arial Unicode
2025-09-04 13:48:47,132 - INFO - Using font: Arial Unicode
2025-09-04 13:48:47,140 - INFO - Using font: Arial Unicode
2025-09-04 13:48:47,296 - INFO - Using font: Arial Unicode
2025-09-04 13:48:47,302 - INFO - Using font: Arial Unicode
2025-09-04 13:48:47,337 - INFO - Using font: Arial Unicode
2025-09-04 13:48:47,343 - INFO - Using font: Arial Unicode
2025-09-04 13:48:47,503 - INFO - Using font: Arial Unicode
2025-09-04 13:48:47,509 - INFO - Using font: Arial Unicode
2025-09-04 13:48:47,546 - INFO - Using font: Arial Unicode
2025-09-04 13:48:47,552 - INFO - Using font: Arial Unicode
2025-09-04 13:48:47,696 - INFO - Using font: Arial Unicode
2025-09-04 13:48:47,702 - INFO - Using font: Arial Unicode
2025-09-04 13:48:47,738 - INFO - Using font: Arial Unicode
2025-09-04 13:48:47,744 - INFO - Using font: Arial Unicode
2025-09-04 13:48:47,897 - INFO - Using font: Arial Unicode
2025-09-04 13:48:47,903 - INFO - Using font: Arial Unicode
2025-09-04 13:48:47,939 - INFO - Using font: Arial Unicode
2025-09-04 13:48:47,945 - INFO - Using font: Arial Unicode
2025-09-04 13:48:47,980 - INFO - Using font: Arial Unicode
2025-09-04 13:48:47,987 - INFO - Using font: Arial Unicode
2025-09-04 13:48:48,117 - INFO - Using font: Arial Unicode
2025-09-04 13:48:48,123 - INFO - Using font: Arial Unicode
2025-09-04 13:48:48,159 - INFO - Using font: Arial Unicode
2025-09-04 13:48:48,166 - INFO - Using font: Arial Unicode
2025-09-04 13:48:48,201 - INFO - Using font: Arial Unicode
2025-09-04 13:48:48,208 - INFO - Using font: Arial Unicode
2025-09-04 13:48:48,364 - INFO - Using font: Arial Unicode
2025-09-04 13:48:48,371 - INFO - Using font: Arial Unicode
2025-09-04 13:48:48,407 - INFO - Using font: Arial Unicode
2025-09-04 13:48:48,412 - INFO - Using font: Arial Unicode
2025-09-04 13:48:48,449 - INFO - Using font: Arial Unicode
2025-09-04 13:48:48,455 - INFO - Using font: Arial Unicode
2025-09-04 13:48:48,596 - INFO - Using font: Arial Unicode
2025-09-04 13:48:48,602 - INFO - Using font: Arial Unicode
2025-09-04 13:48:48,638 - INFO - Using font: Arial Unicode
2025-09-04 13:48:48,644 - INFO - Using font: Arial Unicode
2025-09-04 13:48:48,680 - INFO - Using font: Arial Unicode
2025-09-04 13:48:48,686 - INFO - Using font: Arial Unicode
2025-09-04 13:48:48,822 - INFO - Using font: Arial Unicode
2025-09-04 13:48:48,829 - INFO - Using font: Arial Unicode
2025-09-04 13:48:48,863 - INFO - Using font: Arial Unicode
2025-09-04 13:48:48,869 - INFO - Using font: Arial Unicode
2025-09-04 13:48:48,902 - INFO - Using font: Arial Unicode
2025-09-04 13:48:48,908 - INFO - Using font: Arial Unicode
2025-09-04 13:48:48,945 - INFO - Using font: Arial Unicode
2025-09-04 13:48:48,951 - INFO - Using font: Arial Unicode
2025-09-04 13:48:49,106 - INFO - Using font: Arial Unicode
2025-09-04 13:48:49,113 - INFO - Using font: Arial Unicode
2025-09-04 13:48:49,147 - INFO - Using font: Arial Unicode
2025-09-04 13:48:49,153 - INFO - Using font: Arial Unicode
2025-09-04 13:48:49,187 - INFO - Using font: Arial Unicode
2025-09-04 13:48:49,193 - INFO - Using font: Arial Unicode
2025-09-04 13:48:49,229 - INFO - Using font: Arial Unicode
2025-09-04 13:48:49,235 - INFO - Using font: Arial Unicode
2025-09-04 13:48:49,365 - INFO - Using font: Arial Unicode
2025-09-04 13:48:49,371 - INFO - Using font: Arial Unicode
2025-09-04 13:48:49,407 - INFO - Using font: Arial Unicode
2025-09-04 13:48:49,413 - INFO - Using font: Arial Unicode
2025-09-04 13:48:49,561 - INFO - Using font: Arial Unicode
2025-09-04 13:48:49,568 - INFO - Using font: Arial Unicode
2025-09-04 13:48:49,604 - INFO - Using font: Arial Unicode
2025-09-04 13:48:49,613 - INFO - Using font: Arial Unicode
2025-09-04 13:48:49,655 - INFO - Using font: Arial Unicode
2025-09-04 13:48:49,662 - INFO - Using font: Arial Unicode
2025-09-04 13:48:49,796 - INFO - Using font: Arial Unicode
2025-09-04 13:48:49,804 - INFO - Using font: Arial Unicode
2025-09-04 13:48:49,976 - INFO - Using font: Arial Unicode
2025-09-04 13:48:49,982 - INFO - Using font: Arial Unicode
2025-09-04 13:48:50,021 - INFO - Using font: Arial Unicode
2025-09-04 13:48:50,027 - INFO - Using font: Arial Unicode
2025-09-04 13:48:50,159 - INFO - Using font: Arial Unicode
2025-09-04 13:48:50,166 - INFO - Using font: Arial Unicode
2025-09-04 13:48:50,207 - INFO - Using font: Arial Unicode
2025-09-04 13:48:50,213 - INFO - Using font: Arial Unicode
2025-09-04 13:48:50,253 - INFO - Using font: Arial Unicode
2025-09-04 13:48:50,260 - INFO - Using font: Arial Unicode
2025-09-04 13:48:50,393 - INFO - Using font: Arial Unicode
2025-09-04 13:48:50,399 - INFO - Using font: Arial Unicode
2025-09-04 13:48:50,436 - INFO - Using font: Arial Unicode
2025-09-04 13:48:50,442 - INFO - Using font: Arial Unicode
2025-09-04 13:48:50,479 - INFO - Using font: Arial Unicode
2025-09-04 13:48:50,485 - INFO - Using font: Arial Unicode
2025-09-04 13:48:50,519 - INFO - Using font: Arial Unicode
2025-09-04 13:48:50,525 - INFO - Using font: Arial Unicode
2025-09-04 13:48:50,655 - INFO - Using font: Arial Unicode
2025-09-04 13:48:50,661 - INFO - Using font: Arial Unicode
2025-09-04 13:48:50,723 - INFO - Using font: Arial Unicode
2025-09-04 13:48:50,731 - INFO - Using font: Arial Unicode
2025-09-04 13:48:50,770 - INFO - Using font: Arial Unicode
2025-09-04 13:48:50,776 - INFO - Using font: Arial Unicode
2025-09-04 13:48:50,811 - INFO - Using font: Arial Unicode
2025-09-04 13:48:50,817 - INFO - Using font: Arial Unicode
2025-09-04 13:48:50,853 - INFO - Using font: Arial Unicode
2025-09-04 13:48:50,860 - INFO - Using font: Arial Unicode
2025-09-04 13:48:50,991 - INFO - Using font: Arial Unicode
2025-09-04 13:48:50,998 - INFO - Using font: Arial Unicode
2025-09-04 13:48:51,033 - INFO - Using font: Arial Unicode
2025-09-04 13:48:51,040 - INFO - Using font: Arial Unicode
2025-09-04 13:48:51,075 - INFO - Using font: Arial Unicode
2025-09-04 13:48:51,081 - INFO - Using font: Arial Unicode
2025-09-04 13:48:51,115 - INFO - Using font: Arial Unicode
2025-09-04 13:48:51,121 - INFO - Using font: Arial Unicode
2025-09-04 13:48:51,272 - INFO - Using font: Arial Unicode
2025-09-04 13:48:51,278 - INFO - Using font: Arial Unicode
2025-09-04 13:48:51,314 - INFO - Using font: Arial Unicode
2025-09-04 13:48:51,320 - INFO - Using font: Arial Unicode
2025-09-04 13:48:51,355 - INFO - Using font: Arial Unicode
2025-09-04 13:48:51,361 - INFO - Using font: Arial Unicode
2025-09-04 13:48:51,394 - INFO - Using font: Arial Unicode
2025-09-04 13:48:51,401 - INFO - Using font: Arial Unicode
2025-09-04 13:48:51,554 - INFO - Using font: Arial Unicode
2025-09-04 13:48:51,560 - INFO - Using font: Arial Unicode
2025-09-04 13:48:51,594 - INFO - Using font: Arial Unicode
2025-09-04 13:48:51,600 - INFO - Using font: Arial Unicode
2025-09-04 13:48:51,635 - INFO - Using font: Arial Unicode
2025-09-04 13:48:51,641 - INFO - Using font: Arial Unicode
2025-09-04 13:48:51,676 - INFO - Using font: Arial Unicode
2025-09-04 13:48:51,683 - INFO - Using font: Arial Unicode
2025-09-04 13:48:51,718 - INFO - Using font: Arial Unicode
2025-09-04 13:48:51,724 - INFO - Using font: Arial Unicode
2025-09-04 13:48:51,866 - INFO - Using font: Arial Unicode
2025-09-04 13:48:51,872 - INFO - Using font: Arial Unicode
2025-09-04 13:48:51,910 - INFO - Using font: Arial Unicode
2025-09-04 13:48:51,916 - INFO - Using font: Arial Unicode
2025-09-04 13:48:51,951 - INFO - Using font: Arial Unicode
2025-09-04 13:48:51,957 - INFO - Using font: Arial Unicode
2025-09-04 13:48:51,990 - INFO - Using font: Arial Unicode
2025-09-04 13:48:51,996 - INFO - Using font: Arial Unicode
2025-09-04 13:48:52,031 - INFO - Using font: Arial Unicode
2025-09-04 13:48:52,037 - INFO - Using font: Arial Unicode
2025-09-04 13:48:52,160 - INFO - Using font: Arial Unicode
2025-09-04 13:48:52,166 - INFO - Using font: Arial Unicode
2025-09-04 13:48:52,200 - INFO - Using font: Arial Unicode
2025-09-04 13:48:52,207 - INFO - Using font: Arial Unicode
2025-09-04 13:48:52,242 - INFO - Using font: Arial Unicode
2025-09-04 13:48:52,248 - INFO - Using font: Arial Unicode
2025-09-04 13:48:52,282 - INFO - Using font: Arial Unicode
2025-09-04 13:48:52,288 - INFO - Using font: Arial Unicode
2025-09-04 13:48:52,428 - INFO - Using font: Arial Unicode
2025-09-04 13:48:52,436 - INFO - Using font: Arial Unicode
2025-09-04 13:48:52,470 - INFO - Using font: Arial Unicode
2025-09-04 13:48:52,477 - INFO - Using font: Arial Unicode
2025-09-04 13:48:52,512 - INFO - Using font: Arial Unicode
2025-09-04 13:48:52,518 - INFO - Using font: Arial Unicode
2025-09-04 13:48:52,554 - INFO - Using font: Arial Unicode
2025-09-04 13:48:52,560 - INFO - Using font: Arial Unicode
2025-09-04 13:48:52,595 - INFO - Using font: Arial Unicode
2025-09-04 13:48:52,601 - INFO - Using font: Arial Unicode
2025-09-04 13:48:52,635 - INFO - Using font: Arial Unicode
2025-09-04 13:48:52,641 - INFO - Using font: Arial Unicode
2025-09-04 13:48:52,674 - INFO - Using font: Arial Unicode
2025-09-04 13:48:52,681 - INFO - Using font: Arial Unicode
2025-09-04 13:48:52,717 - INFO - Using font: Arial Unicode
2025-09-04 13:48:52,723 - INFO - Using font: Arial Unicode
2025-09-04 13:48:52,757 - INFO - Using font: Arial Unicode
2025-09-04 13:48:52,764 - INFO - Using font: Arial Unicode
2025-09-04 13:48:52,957 - INFO - Using font: Arial Unicode
2025-09-04 13:48:52,964 - INFO - Using font: Arial Unicode
2025-09-04 13:48:53,003 - INFO - Using font: Arial Unicode
2025-09-04 13:48:53,010 - INFO - Using font: Arial Unicode
2025-09-04 13:48:53,046 - INFO - Using font: Arial Unicode
2025-09-04 13:48:53,053 - INFO - Using font: Arial Unicode
2025-09-04 13:48:53,092 - INFO - Using font: Arial Unicode
2025-09-04 13:48:53,098 - INFO - Using font: Arial Unicode
2025-09-04 13:48:53,236 - INFO - Using font: Arial Unicode
2025-09-04 13:48:53,243 - INFO - Using font: Arial Unicode
2025-09-04 13:48:53,278 - INFO - Using font: Arial Unicode
2025-09-04 13:48:53,284 - INFO - Using font: Arial Unicode
2025-09-04 13:48:53,320 - INFO - Using font: Arial Unicode
2025-09-04 13:48:53,327 - INFO - Using font: Arial Unicode
2025-09-04 13:48:53,459 - INFO - Using font: Arial Unicode
2025-09-04 13:48:53,465 - INFO - Using font: Arial Unicode
2025-09-04 13:48:53,500 - INFO - Using font: Arial Unicode
2025-09-04 13:48:53,506 - INFO - Using font: Arial Unicode
2025-09-04 13:48:53,540 - INFO - Using font: Arial Unicode
2025-09-04 13:48:53,547 - INFO - Using font: Arial Unicode
2025-09-04 13:48:53,586 - INFO - Using font: Arial Unicode
2025-09-04 13:48:53,593 - INFO - Using font: Arial Unicode
2025-09-04 13:48:53,716 - INFO - Using font: Arial Unicode
2025-09-04 13:48:53,722 - INFO - Using font: Arial Unicode
2025-09-04 13:48:53,756 - INFO - Using font: Arial Unicode
2025-09-04 13:48:53,762 - INFO - Using font: Arial Unicode
2025-09-04 13:48:53,798 - INFO - Using font: Arial Unicode
2025-09-04 13:48:53,804 - INFO - Using font: Arial Unicode
2025-09-04 13:48:53,840 - INFO - Using font: Arial Unicode
2025-09-04 13:48:53,847 - INFO - Using font: Arial Unicode
2025-09-04 13:48:53,882 - INFO - Using font: Arial Unicode
2025-09-04 13:48:53,889 - INFO - Using font: Arial Unicode
2025-09-04 13:48:53,925 - INFO - Using font: Arial Unicode
2025-09-04 13:48:53,931 - INFO - Using font: Arial Unicode
2025-09-04 13:48:54,050 - INFO - Using font: Arial Unicode
2025-09-04 13:48:54,057 - INFO - Using font: Arial Unicode
2025-09-04 13:48:54,092 - INFO - Using font: Arial Unicode
2025-09-04 13:48:54,099 - INFO - Using font: Arial Unicode
2025-09-04 13:48:54,218 - INFO - Using font: Arial Unicode
2025-09-04 13:48:54,225 - INFO - Using font: Arial Unicode
2025-09-04 13:48:54,260 - INFO - Using font: Arial Unicode
2025-09-04 13:48:54,266 - INFO - Using font: Arial Unicode
2025-09-04 13:48:54,433 - INFO - Using font: Arial Unicode
2025-09-04 13:48:54,439 - INFO - Using font: Arial Unicode
2025-09-04 13:48:54,474 - INFO - Using font: Arial Unicode
2025-09-04 13:48:54,480 - INFO - Using font: Arial Unicode
2025-09-04 13:48:54,516 - INFO - Using font: Arial Unicode
2025-09-04 13:48:54,522 - INFO - Using font: Arial Unicode
2025-09-04 13:48:54,652 - INFO - Using font: Arial Unicode
2025-09-04 13:48:54,659 - INFO - Using font: Arial Unicode
2025-09-04 13:48:54,694 - INFO - Using font: Arial Unicode
2025-09-04 13:48:54,700 - INFO - Using font: Arial Unicode
2025-09-04 13:48:54,735 - INFO - Using font: Arial Unicode
2025-09-04 13:48:54,741 - INFO - Using font: Arial Unicode
2025-09-04 13:48:54,774 - INFO - Using font: Arial Unicode
2025-09-04 13:48:54,781 - INFO - Using font: Arial Unicode
2025-09-04 13:48:54,921 - INFO - Using font: Arial Unicode
2025-09-04 13:48:54,928 - INFO - Using font: Arial Unicode
2025-09-04 13:48:54,964 - INFO - Using font: Arial Unicode
2025-09-04 13:48:54,970 - INFO - Using font: Arial Unicode
2025-09-04 13:48:55,006 - INFO - Using font: Arial Unicode
2025-09-04 13:48:55,012 - INFO - Using font: Arial Unicode
2025-09-04 13:48:55,046 - INFO - Using font: Arial Unicode
2025-09-04 13:48:55,052 - INFO - Using font: Arial Unicode
2025-09-04 13:48:55,196 - INFO - Using font: Arial Unicode
2025-09-04 13:48:55,203 - INFO - Using font: Arial Unicode
2025-09-04 13:48:55,238 - INFO - Using font: Arial Unicode
2025-09-04 13:48:55,246 - INFO - Using font: Arial Unicode
2025-09-04 13:48:55,285 - INFO - Using font: Arial Unicode
2025-09-04 13:48:55,292 - INFO - Using font: Arial Unicode
2025-09-04 13:48:55,429 - INFO - Using font: Arial Unicode
2025-09-04 13:48:55,440 - INFO - Using font: Arial Unicode
2025-09-04 13:48:55,476 - INFO - Using font: Arial Unicode
2025-09-04 13:48:55,482 - INFO - Using font: Arial Unicode
2025-09-04 13:48:55,520 - INFO - Using font: Arial Unicode
2025-09-04 13:48:55,526 - INFO - Using font: Arial Unicode
2025-09-04 13:48:55,565 - INFO - Using font: Arial Unicode
2025-09-04 13:48:55,571 - INFO - Using font: Arial Unicode
2025-09-04 13:48:55,690 - INFO - Using font: Arial Unicode
2025-09-04 13:48:55,697 - INFO - Using font: Arial Unicode
2025-09-04 13:48:55,733 - INFO - Using font: Arial Unicode
2025-09-04 13:48:55,739 - INFO - Using font: Arial Unicode
2025-09-04 13:48:55,775 - INFO - Using font: Arial Unicode
2025-09-04 13:48:55,781 - INFO - Using font: Arial Unicode
2025-09-04 13:48:55,816 - INFO - Using font: Arial Unicode
2025-09-04 13:48:55,822 - INFO - Using font: Arial Unicode
2025-09-04 13:48:55,858 - INFO - Using font: Arial Unicode
2025-09-04 13:48:55,864 - INFO - Using font: Arial Unicode
2025-09-04 13:48:55,992 - INFO - Using font: Arial Unicode
2025-09-04 13:48:55,998 - INFO - Using font: Arial Unicode
2025-09-04 13:48:56,032 - INFO - Using font: Arial Unicode
2025-09-04 13:48:56,039 - INFO - Using font: Arial Unicode
2025-09-04 13:48:56,075 - INFO - Using font: Arial Unicode
2025-09-04 13:48:56,082 - INFO - Using font: Arial Unicode
2025-09-04 13:48:56,118 - INFO - Using font: Arial Unicode
2025-09-04 13:48:56,124 - INFO - Using font: Arial Unicode
2025-09-04 13:48:56,256 - INFO - Using font: Arial Unicode
2025-09-04 13:48:56,263 - INFO - Using font: Arial Unicode
2025-09-04 13:48:56,298 - INFO - Using font: Arial Unicode
2025-09-04 13:48:56,305 - INFO - Using font: Arial Unicode
2025-09-04 13:48:56,372 - INFO - Using font: Arial Unicode
2025-09-04 13:48:56,379 - INFO - Using font: Arial Unicode
2025-09-04 13:48:56,421 - INFO - Using font: Arial Unicode
2025-09-04 13:48:56,428 - INFO - Using font: Arial Unicode
2025-09-04 13:48:56,464 - INFO - Using font: Arial Unicode
2025-09-04 13:48:56,471 - INFO - Using font: Arial Unicode
2025-09-04 13:48:56,625 - INFO - Using font: Arial Unicode
2025-09-04 13:48:56,631 - INFO - Using font: Arial Unicode
2025-09-04 13:48:56,665 - INFO - Using font: Arial Unicode
2025-09-04 13:48:56,672 - INFO - Using font: Arial Unicode
2025-09-04 13:48:56,706 - INFO - Using font: Arial Unicode
2025-09-04 13:48:56,713 - INFO - Using font: Arial Unicode
2025-09-04 13:48:56,748 - INFO - Using font: Arial Unicode
2025-09-04 13:48:56,754 - INFO - Using font: Arial Unicode
2025-09-04 13:48:56,892 - INFO - Using font: Arial Unicode
2025-09-04 13:48:56,898 - INFO - Using font: Arial Unicode
2025-09-04 13:48:56,935 - INFO - Using font: Arial Unicode
2025-09-04 13:48:56,941 - INFO - Using font: Arial Unicode
2025-09-04 13:48:56,976 - INFO - Using font: Arial Unicode
2025-09-04 13:48:56,982 - INFO - Using font: Arial Unicode
2025-09-04 13:48:57,123 - INFO - Using font: Arial Unicode
2025-09-04 13:48:57,129 - INFO - Using font: Arial Unicode
2025-09-04 13:48:57,164 - INFO - Using font: Arial Unicode
2025-09-04 13:48:57,171 - INFO - Using font: Arial Unicode
2025-09-04 13:48:57,205 - INFO - Using font: Arial Unicode
2025-09-04 13:48:57,211 - INFO - Using font: Arial Unicode
2025-09-04 13:48:57,370 - INFO - Using font: Arial Unicode
2025-09-04 13:48:57,376 - INFO - Using font: Arial Unicode
2025-09-04 13:48:57,411 - INFO - Using font: Arial Unicode
2025-09-04 13:48:57,417 - INFO - Using font: Arial Unicode
2025-09-04 13:48:57,453 - INFO - Using font: Arial Unicode
2025-09-04 13:48:57,459 - INFO - Using font: Arial Unicode
2025-09-04 13:48:57,493 - INFO - Using font: Arial Unicode
2025-09-04 13:48:57,500 - INFO - Using font: Arial Unicode
2025-09-04 13:48:57,630 - INFO - Using font: Arial Unicode
2025-09-04 13:48:57,638 - INFO - Using font: Arial Unicode
2025-09-04 13:48:57,672 - INFO - Using font: Arial Unicode
2025-09-04 13:48:57,678 - INFO - Using font: Arial Unicode
2025-09-04 13:48:57,713 - INFO - Using font: Arial Unicode
2025-09-04 13:48:57,719 - INFO - Using font: Arial Unicode
2025-09-04 13:48:57,753 - INFO - Using font: Arial Unicode
2025-09-04 13:48:57,759 - INFO - Using font: Arial Unicode
2025-09-04 13:48:57,794 - INFO - Using font: Arial Unicode
2025-09-04 13:48:57,801 - INFO - Using font: Arial Unicode
2025-09-04 13:48:57,963 - INFO - Using font: Arial Unicode
2025-09-04 13:48:57,969 - INFO - Using font: Arial Unicode
2025-09-04 13:48:58,004 - INFO - Using font: Arial Unicode
2025-09-04 13:48:58,010 - INFO - Using font: Arial Unicode
2025-09-04 13:48:58,045 - INFO - Using font: Arial Unicode
2025-09-04 13:48:58,051 - INFO - Using font: Arial Unicode
2025-09-04 13:48:58,085 - INFO - Using font: Arial Unicode
2025-09-04 13:48:58,091 - INFO - Using font: Arial Unicode
2025-09-04 13:48:58,125 - INFO - Using font: Arial Unicode
2025-09-04 13:48:58,131 - INFO - Using font: Arial Unicode
2025-09-04 13:48:58,167 - INFO - Using font: Arial Unicode
2025-09-04 13:48:58,173 - INFO - Using font: Arial Unicode
2025-09-04 13:48:58,207 - INFO - Using font: Arial Unicode
2025-09-04 13:48:58,214 - INFO - Using font: Arial Unicode
2025-09-04 13:48:58,355 - INFO - Using font: Arial Unicode
2025-09-04 13:48:58,361 - INFO - Using font: Arial Unicode
2025-09-04 13:48:58,397 - INFO - Using font: Arial Unicode
2025-09-04 13:48:58,403 - INFO - Using font: Arial Unicode
2025-09-04 13:48:58,438 - INFO - Using font: Arial Unicode
2025-09-04 13:48:58,444 - INFO - Using font: Arial Unicode
2025-09-04 13:48:58,581 - INFO - Using font: Arial Unicode
2025-09-04 13:48:58,587 - INFO - Using font: Arial Unicode
2025-09-04 13:48:58,622 - INFO - Using font: Arial Unicode
2025-09-04 13:48:58,628 - INFO - Using font: Arial Unicode
2025-09-04 13:48:58,663 - INFO - Using font: Arial Unicode
2025-09-04 13:48:58,669 - INFO - Using font: Arial Unicode
2025-09-04 13:48:58,702 - INFO - Using font: Arial Unicode
2025-09-04 13:48:58,709 - INFO - Using font: Arial Unicode
2025-09-04 13:48:58,856 - INFO - Using font: Arial Unicode
2025-09-04 13:48:58,862 - INFO - Using font: Arial Unicode
2025-09-04 13:48:58,899 - INFO - Using font: Arial Unicode
2025-09-04 13:48:58,905 - INFO - Using font: Arial Unicode
2025-09-04 13:48:59,055 - INFO - Using font: Arial Unicode
2025-09-04 13:48:59,062 - INFO - Using font: Arial Unicode
2025-09-04 13:48:59,098 - INFO - Using font: Arial Unicode
2025-09-04 13:48:59,104 - INFO - Using font: Arial Unicode
2025-09-04 13:48:59,139 - INFO - Using font: Arial Unicode
2025-09-04 13:48:59,145 - INFO - Using font: Arial Unicode
2025-09-04 13:48:59,181 - INFO - Using font: Arial Unicode
2025-09-04 13:48:59,187 - INFO - Using font: Arial Unicode
2025-09-04 13:48:59,326 - INFO - Using font: Arial Unicode
2025-09-04 13:48:59,333 - INFO - Using font: Arial Unicode
2025-09-04 13:48:59,370 - INFO - Using font: Arial Unicode
2025-09-04 13:48:59,377 - INFO - Using font: Arial Unicode
2025-09-04 13:48:59,416 - INFO - Using font: Arial Unicode
2025-09-04 13:48:59,422 - INFO - Using font: Arial Unicode
2025-09-04 13:48:59,462 - INFO - Using font: Arial Unicode
2025-09-04 13:48:59,469 - INFO - Using font: Arial Unicode
2025-09-04 13:48:59,621 - INFO - Using font: Arial Unicode
2025-09-04 13:48:59,627 - INFO - Using font: Arial Unicode
2025-09-04 13:48:59,666 - INFO - Using font: Arial Unicode
2025-09-04 13:48:59,672 - INFO - Using font: Arial Unicode
2025-09-04 13:48:59,708 - INFO - Using font: Arial Unicode
2025-09-04 13:48:59,714 - INFO - Using font: Arial Unicode
2025-09-04 13:48:59,748 - INFO - Using font: Arial Unicode
2025-09-04 13:48:59,754 - INFO - Using font: Arial Unicode
2025-09-04 13:48:59,879 - INFO - Using font: Arial Unicode
2025-09-04 13:48:59,885 - INFO - Using font: Arial Unicode
2025-09-04 13:48:59,921 - INFO - Using font: Arial Unicode
2025-09-04 13:48:59,927 - INFO - Using font: Arial Unicode
2025-09-04 13:48:59,962 - INFO - Using font: Arial Unicode
2025-09-04 13:48:59,969 - INFO - Using font: Arial Unicode
2025-09-04 13:49:00,004 - INFO - Using font: Arial Unicode
2025-09-04 13:49:00,010 - INFO - Using font: Arial Unicode
2025-09-04 13:49:00,045 - INFO - Using font: Arial Unicode
2025-09-04 13:49:00,051 - INFO - Using font: Arial Unicode
2025-09-04 13:49:00,197 - INFO - Using font: Arial Unicode
2025-09-04 13:49:00,203 - INFO - Using font: Arial Unicode
2025-09-04 13:49:00,240 - INFO - Using font: Arial Unicode
2025-09-04 13:49:00,246 - INFO - Using font: Arial Unicode
2025-09-04 13:49:00,284 - INFO - Using font: Arial Unicode
2025-09-04 13:49:00,291 - INFO - Using font: Arial Unicode
2025-09-04 13:49:00,327 - INFO - Using font: Arial Unicode
2025-09-04 13:49:00,334 - INFO - Using font: Arial Unicode
2025-09-04 13:49:00,369 - INFO - Using font: Arial Unicode
2025-09-04 13:49:00,375 - INFO - Using font: Arial Unicode
2025-09-04 13:49:00,563 - INFO - Using font: Arial Unicode
2025-09-04 13:49:00,571 - INFO - Using font: Arial Unicode
2025-09-04 13:49:00,637 - INFO - Using font: Arial Unicode
2025-09-04 13:49:00,645 - INFO - Using font: Arial Unicode
2025-09-04 13:49:00,683 - INFO - Using font: Arial Unicode
2025-09-04 13:49:00,689 - INFO - Using font: Arial Unicode
2025-09-04 13:49:00,724 - INFO - Using font: Arial Unicode
2025-09-04 13:49:00,730 - INFO - Using font: Arial Unicode
2025-09-04 13:49:00,766 - INFO - Using font: Arial Unicode
2025-09-04 13:49:00,772 - INFO - Using font: Arial Unicode
2025-09-04 13:49:00,923 - INFO - Using font: Arial Unicode
2025-09-04 13:49:00,930 - INFO - Using font: Arial Unicode
2025-09-04 13:49:00,966 - INFO - Using font: Arial Unicode
2025-09-04 13:49:00,972 - INFO - Using font: Arial Unicode
2025-09-04 13:49:01,007 - INFO - Using font: Arial Unicode
2025-09-04 13:49:01,013 - INFO - Using font: Arial Unicode
2025-09-04 13:49:01,047 - INFO - Using font: Arial Unicode
2025-09-04 13:49:01,053 - INFO - Using font: Arial Unicode
2025-09-04 13:49:01,088 - INFO - Using font: Arial Unicode
2025-09-04 13:49:01,095 - INFO - Using font: Arial Unicode
2025-09-04 13:49:01,130 - INFO - Using font: Arial Unicode
2025-09-04 13:49:01,136 - INFO - Using font: Arial Unicode
2025-09-04 13:49:01,303 - INFO - Using font: Arial Unicode
2025-09-04 13:49:01,310 - INFO - Using font: Arial Unicode
2025-09-04 13:49:01,343 - INFO - Using font: Arial Unicode
2025-09-04 13:49:01,350 - INFO - Using font: Arial Unicode
2025-09-04 13:49:01,384 - INFO - Using font: Arial Unicode
2025-09-04 13:49:01,390 - INFO - Using font: Arial Unicode
2025-09-04 13:49:01,424 - INFO - Using font: Arial Unicode
2025-09-04 13:49:01,430 - INFO - Using font: Arial Unicode
2025-09-04 13:49:01,561 - INFO - Using font: Arial Unicode
2025-09-04 13:49:01,567 - INFO - Using font: Arial Unicode
2025-09-04 13:49:01,600 - INFO - Using font: Arial Unicode
2025-09-04 13:49:01,607 - INFO - Using font: Arial Unicode
2025-09-04 13:49:01,646 - INFO - Using font: Arial Unicode
2025-09-04 13:49:01,652 - INFO - Using font: Arial Unicode
2025-09-04 13:49:01,687 - INFO - Using font: Arial Unicode
2025-09-04 13:49:01,693 - INFO - Using font: Arial Unicode
2025-09-04 13:49:01,729 - INFO - Using font: Arial Unicode
2025-09-04 13:49:01,735 - INFO - Using font: Arial Unicode
2025-09-04 13:49:01,881 - INFO - Using font: Arial Unicode
2025-09-04 13:49:01,887 - INFO - Using font: Arial Unicode
2025-09-04 13:49:01,922 - INFO - Using font: Arial Unicode
2025-09-04 13:49:01,929 - INFO - Using font: Arial Unicode
2025-09-04 13:49:01,965 - INFO - Using font: Arial Unicode
2025-09-04 13:49:01,971 - INFO - Using font: Arial Unicode
2025-09-04 13:49:02,118 - INFO - Using font: Arial Unicode
2025-09-04 13:49:02,124 - INFO - Using font: Arial Unicode
2025-09-04 13:49:02,160 - INFO - Using font: Arial Unicode
2025-09-04 13:49:02,166 - INFO - Using font: Arial Unicode
2025-09-04 13:49:02,202 - INFO - Using font: Arial Unicode
2025-09-04 13:49:02,208 - INFO - Using font: Arial Unicode
2025-09-04 13:49:02,243 - INFO - Using font: Arial Unicode
2025-09-04 13:49:02,249 - INFO - Using font: Arial Unicode
2025-09-04 13:49:02,392 - INFO - Using font: Arial Unicode
2025-09-04 13:49:02,398 - INFO - Using font: Arial Unicode
2025-09-04 13:49:02,433 - INFO - Using font: Arial Unicode
2025-09-04 13:49:02,439 - INFO - Using font: Arial Unicode
2025-09-04 13:49:02,474 - INFO - Using font: Arial Unicode
2025-09-04 13:49:02,480 - INFO - Using font: Arial Unicode
2025-09-04 13:49:02,515 - INFO - Using font: Arial Unicode
2025-09-04 13:49:02,522 - INFO - Using font: Arial Unicode
2025-09-04 13:49:02,649 - INFO - Using font: Arial Unicode
2025-09-04 13:49:02,656 - INFO - Using font: Arial Unicode
2025-09-04 13:49:02,693 - INFO - Using font: Arial Unicode
2025-09-04 13:49:02,700 - INFO - Using font: Arial Unicode
2025-09-04 13:49:02,734 - INFO - Using font: Arial Unicode
2025-09-04 13:49:02,741 - INFO - Using font: Arial Unicode
2025-09-04 13:49:02,777 - INFO - Using font: Arial Unicode
2025-09-04 13:49:02,783 - INFO - Using font: Arial Unicode
2025-09-04 13:49:02,818 - INFO - Using font: Arial Unicode
2025-09-04 13:49:02,824 - INFO - Using font: Arial Unicode
2025-09-04 13:49:02,967 - INFO - Using font: Arial Unicode
2025-09-04 13:49:02,973 - INFO - Using font: Arial Unicode
2025-09-04 13:49:03,008 - INFO - Using font: Arial Unicode
2025-09-04 13:49:03,014 - INFO - Using font: Arial Unicode
2025-09-04 13:49:03,049 - INFO - Using font: Arial Unicode
2025-09-04 13:49:03,056 - INFO - Using font: Arial Unicode
2025-09-04 13:49:03,089 - INFO - Using font: Arial Unicode
2025-09-04 13:49:03,096 - INFO - Using font: Arial Unicode
2025-09-04 13:49:03,130 - INFO - Using font: Arial Unicode
2025-09-04 13:49:03,136 - INFO - Using font: Arial Unicode
2025-09-04 13:49:03,170 - INFO - Using font: Arial Unicode
2025-09-04 13:49:03,176 - INFO - Using font: Arial Unicode
2025-09-04 13:49:03,315 - INFO - Using font: Arial Unicode
2025-09-04 13:49:03,322 - INFO - Using font: Arial Unicode
2025-09-04 13:49:03,355 - INFO - Using font: Arial Unicode
2025-09-04 13:49:03,362 - INFO - Using font: Arial Unicode
2025-09-04 13:49:03,399 - INFO - Using font: Arial Unicode
2025-09-04 13:49:03,405 - INFO - Using font: Arial Unicode
2025-09-04 13:49:03,446 - INFO - Using font: Arial Unicode
2025-09-04 13:49:03,453 - INFO - Using font: Arial Unicode
2025-09-04 13:49:03,597 - INFO - Using font: Arial Unicode
2025-09-04 13:49:03,604 - INFO - Using font: Arial Unicode
2025-09-04 13:49:03,639 - INFO - Using font: Arial Unicode
2025-09-04 13:49:03,646 - INFO - Using font: Arial Unicode
2025-09-04 13:49:03,683 - INFO - Using font: Arial Unicode
2025-09-04 13:49:03,689 - INFO - Using font: Arial Unicode
2025-09-04 13:49:03,725 - INFO - Using font: Arial Unicode
2025-09-04 13:49:03,730 - INFO - Using font: Arial Unicode
2025-09-04 13:49:03,863 - INFO - Using font: Arial Unicode
2025-09-04 13:49:03,869 - INFO - Using font: Arial Unicode
2025-09-04 13:49:03,904 - INFO - Using font: Arial Unicode
2025-09-04 13:49:03,910 - INFO - Using font: Arial Unicode
2025-09-04 13:49:03,944 - INFO - Using font: Arial Unicode
2025-09-04 13:49:03,950 - INFO - Using font: Arial Unicode
2025-09-04 13:49:03,984 - INFO - Using font: Arial Unicode
2025-09-04 13:49:03,990 - INFO - Using font: Arial Unicode
2025-09-04 13:49:04,120 - INFO - Using font: Arial Unicode
2025-09-04 13:49:04,126 - INFO - Using font: Arial Unicode
2025-09-04 13:49:04,160 - INFO - Using font: Arial Unicode
2025-09-04 13:49:04,165 - INFO - Using font: Arial Unicode
2025-09-04 13:49:04,203 - INFO - Using font: Arial Unicode
2025-09-04 13:49:04,209 - INFO - Using font: Arial Unicode
2025-09-04 13:49:04,244 - INFO - Using font: Arial Unicode
2025-09-04 13:49:04,250 - INFO - Using font: Arial Unicode
2025-09-04 13:49:04,378 - INFO - Using font: Arial Unicode
2025-09-04 13:49:04,385 - INFO - Using font: Arial Unicode
2025-09-04 13:49:04,443 - INFO - Using font: Arial Unicode
2025-09-04 13:49:04,450 - INFO - Using font: Arial Unicode
2025-09-04 13:49:04,488 - INFO - Using font: Arial Unicode
2025-09-04 13:49:04,494 - INFO - Using font: Arial Unicode
2025-09-04 13:49:04,528 - INFO - Using font: Arial Unicode
2025-09-04 13:49:04,535 - INFO - Using font: Arial Unicode
2025-09-04 13:49:04,681 - INFO - Using font: Arial Unicode
2025-09-04 13:49:04,687 - INFO - Using font: Arial Unicode
2025-09-04 13:49:04,723 - INFO - Using font: Arial Unicode
2025-09-04 13:49:04,730 - INFO - Using font: Arial Unicode
2025-09-04 13:49:04,766 - INFO - Using font: Arial Unicode
2025-09-04 13:49:04,773 - INFO - Using font: Arial Unicode
2025-09-04 13:49:04,807 - INFO - Using font: Arial Unicode
2025-09-04 13:49:04,813 - INFO - Using font: Arial Unicode
2025-09-04 13:49:04,848 - INFO - Using font: Arial Unicode
2025-09-04 13:49:04,854 - INFO - Using font: Arial Unicode
2025-09-04 13:49:04,888 - INFO - Using font: Arial Unicode
2025-09-04 13:49:04,894 - INFO - Using font: Arial Unicode
2025-09-04 13:49:05,016 - INFO - Using font: Arial Unicode
2025-09-04 13:49:05,023 - INFO - Using font: Arial Unicode
2025-09-04 13:49:05,057 - INFO - Using font: Arial Unicode
2025-09-04 13:49:05,063 - INFO - Using font: Arial Unicode
2025-09-04 13:49:05,099 - INFO - Using font: Arial Unicode
2025-09-04 13:49:05,105 - INFO - Using font: Arial Unicode
2025-09-04 13:49:05,244 - INFO - Using font: Arial Unicode
2025-09-04 13:49:05,250 - INFO - Using font: Arial Unicode
2025-09-04 13:49:05,286 - INFO - Using font: Arial Unicode
2025-09-04 13:49:05,293 - INFO - Using font: Arial Unicode
2025-09-04 13:49:05,329 - INFO - Using font: Arial Unicode
2025-09-04 13:49:05,335 - INFO - Using font: Arial Unicode
2025-09-04 13:49:05,369 - INFO - Using font: Arial Unicode
2025-09-04 13:49:05,375 - INFO - Using font: Arial Unicode
2025-09-04 13:49:05,526 - INFO - Using font: Arial Unicode
2025-09-04 13:49:05,533 - INFO - Using font: Arial Unicode
2025-09-04 13:49:05,570 - INFO - Using font: Arial Unicode
2025-09-04 13:49:05,576 - INFO - Using font: Arial Unicode
2025-09-04 13:49:05,612 - INFO - Using font: Arial Unicode
2025-09-04 13:49:05,618 - INFO - Using font: Arial Unicode
2025-09-04 13:49:05,655 - INFO - Using font: Arial Unicode
2025-09-04 13:49:05,663 - INFO - Using font: Arial Unicode
2025-09-04 13:49:05,698 - INFO - Using font: Arial Unicode
2025-09-04 13:49:05,705 - INFO - Using font: Arial Unicode
2025-09-04 13:49:05,743 - INFO - Using font: Arial Unicode
2025-09-04 13:49:05,749 - INFO - Using font: Arial Unicode
2025-09-04 13:49:05,897 - INFO - Using font: Arial Unicode
2025-09-04 13:49:05,903 - INFO - Using font: Arial Unicode
2025-09-04 13:49:05,942 - INFO - Using font: Arial Unicode
2025-09-04 13:49:05,948 - INFO - Using font: Arial Unicode
2025-09-04 13:49:05,989 - INFO - Using font: Arial Unicode
2025-09-04 13:49:05,996 - INFO - Using font: Arial Unicode
2025-09-04 13:49:06,035 - INFO - Using font: Arial Unicode
2025-09-04 13:49:06,042 - INFO - Using font: Arial Unicode
2025-09-04 13:49:06,182 - INFO - Using font: Arial Unicode
2025-09-04 13:49:06,188 - INFO - Using font: Arial Unicode
2025-09-04 13:49:06,228 - INFO - Using font: Arial Unicode
2025-09-04 13:49:06,235 - INFO - Using font: Arial Unicode
2025-09-04 13:49:06,273 - INFO - Using font: Arial Unicode
2025-09-04 13:49:06,280 - INFO - Using font: Arial Unicode
2025-09-04 13:49:06,315 - INFO - Using font: Arial Unicode
2025-09-04 13:49:06,321 - INFO - Using font: Arial Unicode
2025-09-04 13:49:06,355 - INFO - Using font: Arial Unicode
2025-09-04 13:49:06,361 - INFO - Using font: Arial Unicode
2025-09-04 13:49:06,519 - INFO - Using font: Arial Unicode
2025-09-04 13:49:06,525 - INFO - Using font: Arial Unicode
2025-09-04 13:49:06,560 - INFO - Using font: Arial Unicode
2025-09-04 13:49:06,566 - INFO - Using font: Arial Unicode
2025-09-04 13:49:06,603 - INFO - Using font: Arial Unicode
2025-09-04 13:49:06,609 - INFO - Using font: Arial Unicode
2025-09-04 13:49:06,646 - INFO - Using font: Arial Unicode
2025-09-04 13:49:06,653 - INFO - Using font: Arial Unicode
2025-09-04 13:49:06,784 - INFO - Using font: Arial Unicode
2025-09-04 13:49:06,790 - INFO - Using font: Arial Unicode
2025-09-04 13:49:06,824 - INFO - Using font: Arial Unicode
2025-09-04 13:49:06,830 - INFO - Using font: Arial Unicode
2025-09-04 13:49:06,962 - INFO - Using font: Arial Unicode
2025-09-04 13:49:06,968 - INFO - Using font: Arial Unicode
2025-09-04 13:49:07,003 - INFO - Using font: Arial Unicode
2025-09-04 13:49:07,009 - INFO - Using font: Arial Unicode
2025-09-04 13:49:07,043 - INFO - Using font: Arial Unicode
2025-09-04 13:49:07,050 - INFO - Using font: Arial Unicode
2025-09-04 13:49:07,084 - INFO - Using font: Arial Unicode
2025-09-04 13:49:07,091 - INFO - Using font: Arial Unicode
2025-09-04 13:49:07,217 - INFO - Using font: Arial Unicode
2025-09-04 13:49:07,224 - INFO - Using font: Arial Unicode
2025-09-04 13:49:07,259 - INFO - Using font: Arial Unicode
2025-09-04 13:49:07,266 - INFO - Using font: Arial Unicode
2025-09-04 13:49:07,301 - INFO - Using font: Arial Unicode
2025-09-04 13:49:07,307 - INFO - Using font: Arial Unicode
2025-09-04 13:49:07,341 - INFO - Using font: Arial Unicode
2025-09-04 13:49:07,348 - INFO - Using font: Arial Unicode
2025-09-04 13:49:07,484 - INFO - Using font: Arial Unicode
2025-09-04 13:49:07,490 - INFO - Using font: Arial Unicode
2025-09-04 13:49:07,525 - INFO - Using font: Arial Unicode
2025-09-04 13:49:07,531 - INFO - Using font: Arial Unicode
2025-09-04 13:49:07,568 - INFO - Using font: Arial Unicode
2025-09-04 13:49:07,575 - INFO - Using font: Arial Unicode
2025-09-04 13:49:07,609 - INFO - Using font: Arial Unicode
2025-09-04 13:49:07,615 - INFO - Using font: Arial Unicode
2025-09-04 13:49:07,756 - INFO - Using font: Arial Unicode
2025-09-04 13:49:07,762 - INFO - Using font: Arial Unicode
2025-09-04 13:49:07,796 - INFO - Using font: Arial Unicode
2025-09-04 13:49:07,804 - INFO - Using font: Arial Unicode
2025-09-04 13:49:07,839 - INFO - Using font: Arial Unicode
2025-09-04 13:49:07,845 - INFO - Using font: Arial Unicode
2025-09-04 13:49:07,879 - INFO - Using font: Arial Unicode
2025-09-04 13:49:07,886 - INFO - Using font: Arial Unicode
2025-09-04 13:49:08,026 - INFO - Using font: Arial Unicode
2025-09-04 13:49:08,032 - INFO - Using font: Arial Unicode
2025-09-04 13:49:08,066 - INFO - Using font: Arial Unicode
2025-09-04 13:49:08,071 - INFO - Using font: Arial Unicode
2025-09-04 13:49:08,133 - INFO - Using font: Arial Unicode
2025-09-04 13:49:08,142 - INFO - Using font: Arial Unicode
2025-09-04 13:49:08,182 - INFO - Using font: Arial Unicode
2025-09-04 13:49:08,188 - INFO - Using font: Arial Unicode
2025-09-04 13:49:08,225 - INFO - Using font: Arial Unicode
2025-09-04 13:49:08,231 - INFO - Using font: Arial Unicode
2025-09-04 13:49:08,265 - INFO - Using font: Arial Unicode
2025-09-04 13:49:08,272 - INFO - Using font: Arial Unicode
2025-09-04 13:49:08,414 - INFO - Using font: Arial Unicode
2025-09-04 13:49:08,420 - INFO - Using font: Arial Unicode
2025-09-04 13:49:08,458 - INFO - Using font: Arial Unicode
2025-09-04 13:49:08,464 - INFO - Using font: Arial Unicode
2025-09-04 13:49:08,500 - INFO - Using font: Arial Unicode
2025-09-04 13:49:08,506 - INFO - Using font: Arial Unicode
2025-09-04 13:49:08,540 - INFO - Using font: Arial Unicode
2025-09-04 13:49:08,546 - INFO - Using font: Arial Unicode
2025-09-04 13:49:08,680 - INFO - Using font: Arial Unicode
2025-09-04 13:49:08,686 - INFO - Using font: Arial Unicode
2025-09-04 13:49:08,721 - INFO - Using font: Arial Unicode
2025-09-04 13:49:08,728 - INFO - Using font: Arial Unicode
2025-09-04 13:49:08,762 - INFO - Using font: Arial Unicode
2025-09-04 13:49:08,768 - INFO - Using font: Arial Unicode
2025-09-04 13:49:08,803 - INFO - Using font: Arial Unicode
2025-09-04 13:49:08,809 - INFO - Using font: Arial Unicode
2025-09-04 13:49:08,934 - INFO - Using font: Arial Unicode
2025-09-04 13:49:08,940 - INFO - Using font: Arial Unicode
2025-09-04 13:49:08,973 - INFO - Using font: Arial Unicode
2025-09-04 13:49:08,979 - INFO - Using font: Arial Unicode
2025-09-04 13:49:09,016 - INFO - Using font: Arial Unicode
2025-09-04 13:49:09,023 - INFO - Using font: Arial Unicode
2025-09-04 13:49:09,058 - INFO - Using font: Arial Unicode
2025-09-04 13:49:09,064 - INFO - Using font: Arial Unicode
2025-09-04 13:49:09,187 - INFO - Using font: Arial Unicode
2025-09-04 13:49:09,193 - INFO - Using font: Arial Unicode
2025-09-04 13:49:09,229 - INFO - Using font: Arial Unicode
2025-09-04 13:49:09,236 - INFO - Using font: Arial Unicode
2025-09-04 13:49:09,270 - INFO - Using font: Arial Unicode
2025-09-04 13:49:09,277 - INFO - Using font: Arial Unicode
2025-09-04 13:49:09,411 - INFO - Using font: Arial Unicode
2025-09-04 13:49:09,417 - INFO - Using font: Arial Unicode
2025-09-04 13:49:09,460 - INFO - Using font: Arial Unicode
2025-09-04 13:49:09,467 - INFO - Using font: Arial Unicode
2025-09-04 13:49:09,509 - INFO - Using font: Arial Unicode
2025-09-04 13:49:09,516 - INFO - Using font: Arial Unicode
2025-09-04 13:49:09,552 - INFO - Using font: Arial Unicode
2025-09-04 13:49:09,558 - INFO - Using font: Arial Unicode
2025-09-04 13:49:09,697 - INFO - Using font: Arial Unicode
2025-09-04 13:49:09,703 - INFO - Using font: Arial Unicode
2025-09-04 13:49:09,743 - INFO - Using font: Arial Unicode
2025-09-04 13:49:09,749 - INFO - Using font: Arial Unicode
2025-09-04 13:49:09,785 - INFO - Using font: Arial Unicode
2025-09-04 13:49:09,791 - INFO - Using font: Arial Unicode
2025-09-04 13:49:09,827 - INFO - Using font: Arial Unicode
2025-09-04 13:49:09,833 - INFO - Using font: Arial Unicode
2025-09-04 13:49:09,978 - INFO - Using font: Arial Unicode
2025-09-04 13:49:09,984 - INFO - Using font: Arial Unicode
2025-09-04 13:49:10,021 - INFO - Using font: Arial Unicode
2025-09-04 13:49:10,027 - INFO - Using font: Arial Unicode
2025-09-04 13:49:10,062 - INFO - Using font: Arial Unicode
2025-09-04 13:49:10,068 - INFO - Using font: Arial Unicode
2025-09-04 13:49:10,104 - INFO - Using font: Arial Unicode
2025-09-04 13:49:10,110 - INFO - Using font: Arial Unicode
2025-09-04 13:49:10,249 - INFO - Using font: Arial Unicode
2025-09-04 13:49:10,256 - INFO - Using font: Arial Unicode
2025-09-04 13:49:10,291 - INFO - Using font: Arial Unicode
2025-09-04 13:49:10,298 - INFO - Using font: Arial Unicode
2025-09-04 13:49:10,333 - INFO - Using font: Arial Unicode
2025-09-04 13:49:10,339 - INFO - Using font: Arial Unicode
2025-09-04 13:49:10,373 - INFO - Using font: Arial Unicode
2025-09-04 13:49:10,379 - INFO - Using font: Arial Unicode
2025-09-04 13:49:10,519 - INFO - Using font: Arial Unicode
2025-09-04 13:49:10,525 - INFO - Using font: Arial Unicode
2025-09-04 13:49:10,558 - INFO - Using font: Arial Unicode
2025-09-04 13:49:10,565 - INFO - Using font: Arial Unicode
2025-09-04 13:49:10,600 - INFO - Using font: Arial Unicode
2025-09-04 13:49:10,606 - INFO - Using font: Arial Unicode
2025-09-04 13:49:10,752 - INFO - Using font: Arial Unicode
2025-09-04 13:49:10,758 - INFO - Using font: Arial Unicode
2025-09-04 13:49:10,794 - INFO - Using font: Arial Unicode
2025-09-04 13:49:10,800 - INFO - Using font: Arial Unicode
2025-09-04 13:49:10,836 - INFO - Using font: Arial Unicode
2025-09-04 13:49:10,842 - INFO - Using font: Arial Unicode
2025-09-04 13:49:10,878 - INFO - Using font: Arial Unicode
2025-09-04 13:49:10,884 - INFO - Using font: Arial Unicode
2025-09-04 13:49:11,009 - INFO - Using font: Arial Unicode
2025-09-04 13:49:11,016 - INFO - Using font: Arial Unicode
2025-09-04 13:49:11,051 - INFO - Using font: Arial Unicode
2025-09-04 13:49:11,057 - INFO - Using font: Arial Unicode
2025-09-04 13:49:11,092 - INFO - Using font: Arial Unicode
2025-09-04 13:49:11,098 - INFO - Using font: Arial Unicode
2025-09-04 13:49:11,134 - INFO - Using font: Arial Unicode
2025-09-04 13:49:11,140 - INFO - Using font: Arial Unicode
2025-09-04 13:49:11,174 - INFO - Using font: Arial Unicode
2025-09-04 13:49:11,180 - INFO - Using font: Arial Unicode
2025-09-04 13:49:11,213 - INFO - Using font: Arial Unicode
2025-09-04 13:49:11,219 - INFO - Using font: Arial Unicode
2025-09-04 13:49:11,349 - INFO - Using font: Arial Unicode
2025-09-04 13:49:11,355 - INFO - Using font: Arial Unicode
2025-09-04 13:49:11,390 - INFO - Using font: Arial Unicode
2025-09-04 13:49:11,397 - INFO - Using font: Arial Unicode
2025-09-04 13:49:11,434 - INFO - Using font: Arial Unicode
2025-09-04 13:49:11,442 - INFO - Using font: Arial Unicode
2025-09-04 13:49:11,477 - INFO - Using font: Arial Unicode
2025-09-04 13:49:11,483 - INFO - Using font: Arial Unicode
2025-09-04 13:49:11,607 - INFO - Using font: Arial Unicode
2025-09-04 13:49:11,613 - INFO - Using font: Arial Unicode
2025-09-04 13:49:11,677 - INFO - Using font: Arial Unicode
2025-09-04 13:49:11,684 - INFO - Using font: Arial Unicode
2025-09-04 13:49:11,721 - INFO - Using font: Arial Unicode
2025-09-04 13:49:11,727 - INFO - Using font: Arial Unicode
2025-09-04 13:49:11,763 - INFO - Using font: Arial Unicode
2025-09-04 13:49:11,769 - INFO - Using font: Arial Unicode
2025-09-04 13:49:11,803 - INFO - Using font: Arial Unicode
2025-09-04 13:49:11,809 - INFO - Using font: Arial Unicode
2025-09-04 13:49:11,843 - INFO - Using font: Arial Unicode
2025-09-04 13:49:11,849 - INFO - Using font: Arial Unicode
2025-09-04 13:49:11,978 - INFO - Using font: Arial Unicode
2025-09-04 13:49:11,984 - INFO - Using font: Arial Unicode
2025-09-04 13:49:12,019 - INFO - Using font: Arial Unicode
2025-09-04 13:49:12,025 - INFO - Using font: Arial Unicode
2025-09-04 13:49:12,060 - INFO - Using font: Arial Unicode
2025-09-04 13:49:12,066 - INFO - Using font: Arial Unicode
2025-09-04 13:49:12,101 - INFO - Using font: Arial Unicode
2025-09-04 13:49:12,107 - INFO - Using font: Arial Unicode
2025-09-04 13:49:12,143 - INFO - Using font: Arial Unicode
2025-09-04 13:49:12,150 - INFO - Using font: Arial Unicode
2025-09-04 13:49:12,287 - INFO - Using font: Arial Unicode
2025-09-04 13:49:12,294 - INFO - Using font: Arial Unicode
2025-09-04 13:49:12,327 - INFO - Using font: Arial Unicode
2025-09-04 13:49:12,333 - INFO - Using font: Arial Unicode
2025-09-04 13:49:12,369 - INFO - Using font: Arial Unicode
2025-09-04 13:49:12,376 - INFO - Using font: Arial Unicode
2025-09-04 13:49:12,412 - INFO - Using font: Arial Unicode
2025-09-04 13:49:12,418 - INFO - Using font: Arial Unicode
2025-09-04 13:49:12,546 - INFO - Using font: Arial Unicode
2025-09-04 13:49:12,552 - INFO - Using font: Arial Unicode
2025-09-04 13:49:12,587 - INFO - Using font: Arial Unicode
2025-09-04 13:49:12,594 - INFO - Using font: Arial Unicode
2025-09-04 13:49:12,627 - INFO - Using font: Arial Unicode
2025-09-04 13:49:12,633 - INFO - Using font: Arial Unicode
2025-09-04 13:49:12,670 - INFO - Using font: Arial Unicode
2025-09-04 13:49:12,676 - INFO - Using font: Arial Unicode
2025-09-04 13:49:12,710 - INFO - Using font: Arial Unicode
2025-09-04 13:49:12,717 - INFO - Using font: Arial Unicode
2025-09-04 13:49:12,750 - INFO - Using font: Arial Unicode
2025-09-04 13:49:12,756 - INFO - Using font: Arial Unicode
2025-09-04 13:49:12,792 - INFO - Using font: Arial Unicode
2025-09-04 13:49:12,798 - INFO - Using font: Arial Unicode
2025-09-04 13:49:12,964 - INFO - Using font: Arial Unicode
2025-09-04 13:49:12,970 - INFO - Using font: Arial Unicode
2025-09-04 13:49:13,005 - INFO - Using font: Arial Unicode
2025-09-04 13:49:13,011 - INFO - Using font: Arial Unicode
2025-09-04 13:49:13,046 - INFO - Using font: Arial Unicode
2025-09-04 13:49:13,052 - INFO - Using font: Arial Unicode
2025-09-04 13:49:13,088 - INFO - Using font: Arial Unicode
2025-09-04 13:49:13,095 - INFO - Using font: Arial Unicode
2025-09-04 13:49:13,251 - INFO - Using font: Arial Unicode
2025-09-04 13:49:13,257 - INFO - Using font: Arial Unicode
2025-09-04 13:49:13,292 - INFO - Using font: Arial Unicode
2025-09-04 13:49:13,299 - INFO - Using font: Arial Unicode
2025-09-04 13:49:13,335 - INFO - Using font: Arial Unicode
2025-09-04 13:49:13,341 - INFO - Using font: Arial Unicode
2025-09-04 13:49:13,373 - INFO - Using font: Arial Unicode
2025-09-04 13:49:13,380 - INFO - Using font: Arial Unicode
2025-09-04 13:49:13,413 - INFO - Using font: Arial Unicode
2025-09-04 13:49:13,419 - INFO - Using font: Arial Unicode
2025-09-04 13:49:13,454 - INFO - Using font: Arial Unicode
2025-09-04 13:49:13,460 - INFO - Using font: Arial Unicode
2025-09-04 13:49:13,494 - INFO - Using font: Arial Unicode
2025-09-04 13:49:13,501 - INFO - Using font: Arial Unicode
2025-09-04 13:49:13,658 - INFO - Using font: Arial Unicode
2025-09-04 13:49:13,664 - INFO - Using font: Arial Unicode
2025-09-04 13:49:13,701 - INFO - Using font: Arial Unicode
2025-09-04 13:49:13,707 - INFO - Using font: Arial Unicode
2025-09-04 13:49:13,742 - INFO - Using font: Arial Unicode
2025-09-04 13:49:13,748 - INFO - Using font: Arial Unicode
2025-09-04 13:49:13,784 - INFO - Using font: Arial Unicode
2025-09-04 13:49:13,790 - INFO - Using font: Arial Unicode
2025-09-04 13:49:13,825 - INFO - Using font: Arial Unicode
2025-09-04 13:49:13,831 - INFO - Using font: Arial Unicode
2025-09-04 13:49:13,978 - INFO - Using font: Arial Unicode
2025-09-04 13:49:13,984 - INFO - Using font: Arial Unicode
2025-09-04 13:49:14,019 - INFO - Using font: Arial Unicode
2025-09-04 13:49:14,026 - INFO - Using font: Arial Unicode
2025-09-04 13:49:14,062 - INFO - Using font: Arial Unicode
2025-09-04 13:49:14,068 - INFO - Using font: Arial Unicode
2025-09-04 13:49:14,103 - INFO - Using font: Arial Unicode
2025-09-04 13:49:14,110 - INFO - Using font: Arial Unicode
2025-09-04 13:49:14,146 - INFO - Using font: Arial Unicode
2025-09-04 13:49:14,153 - INFO - Using font: Arial Unicode
2025-09-04 13:49:14,290 - INFO - Using font: Arial Unicode
2025-09-04 13:49:14,296 - INFO - Using font: Arial Unicode
2025-09-04 13:49:14,330 - INFO - Using font: Arial Unicode
2025-09-04 13:49:14,336 - INFO - Using font: Arial Unicode
2025-09-04 13:49:14,372 - INFO - Using font: Arial Unicode
2025-09-04 13:49:14,379 - INFO - Using font: Arial Unicode
2025-09-04 13:49:14,413 - INFO - Using font: Arial Unicode
2025-09-04 13:49:14,419 - INFO - Using font: Arial Unicode
2025-09-04 13:49:14,455 - INFO - Using font: Arial Unicode
2025-09-04 13:49:14,461 - INFO - Using font: Arial Unicode
2025-09-04 13:49:14,494 - INFO - Using font: Arial Unicode
2025-09-04 13:49:14,501 - INFO - Using font: Arial Unicode
2025-09-04 13:49:14,663 - INFO - Using font: Arial Unicode
2025-09-04 13:49:14,669 - INFO - Using font: Arial Unicode
2025-09-04 13:49:14,703 - INFO - Using font: Arial Unicode
2025-09-04 13:49:14,709 - INFO - Using font: Arial Unicode
2025-09-04 13:49:14,743 - INFO - Using font: Arial Unicode
2025-09-04 13:49:14,749 - INFO - Using font: Arial Unicode
2025-09-04 13:49:14,812 - INFO - Using font: Arial Unicode
2025-09-04 13:49:14,819 - INFO - Using font: Arial Unicode
2025-09-04 13:49:14,979 - INFO - Using font: Arial Unicode
2025-09-04 13:49:14,985 - INFO - Using font: Arial Unicode
2025-09-04 13:49:15,023 - INFO - Using font: Arial Unicode
2025-09-04 13:49:15,029 - INFO - Using font: Arial Unicode
2025-09-04 13:49:15,064 - INFO - Using font: Arial Unicode
2025-09-04 13:49:15,070 - INFO - Using font: Arial Unicode
2025-09-04 13:49:15,105 - INFO - Using font: Arial Unicode
2025-09-04 13:49:15,111 - INFO - Using font: Arial Unicode
2025-09-04 13:49:15,146 - INFO - Using font: Arial Unicode
2025-09-04 13:49:15,152 - INFO - Using font: Arial Unicode
2025-09-04 13:49:15,190 - INFO - Using font: Arial Unicode
2025-09-04 13:49:15,196 - INFO - Using font: Arial Unicode
2025-09-04 13:49:15,231 - INFO - Using font: Arial Unicode
2025-09-04 13:49:15,237 - INFO - Using font: Arial Unicode
2025-09-04 13:49:15,273 - INFO - Using font: Arial Unicode
2025-09-04 13:49:15,280 - INFO - Using font: Arial Unicode
2025-09-04 13:49:15,421 - INFO - Using font: Arial Unicode
2025-09-04 13:49:15,428 - INFO - Using font: Arial Unicode
2025-09-04 13:49:15,466 - INFO - Using font: Arial Unicode
2025-09-04 13:49:15,473 - INFO - Using font: Arial Unicode
2025-09-04 13:49:15,507 - INFO - Using font: Arial Unicode
2025-09-04 13:49:15,514 - INFO - Using font: Arial Unicode
2025-09-04 13:49:15,548 - INFO - Using font: Arial Unicode
2025-09-04 13:49:15,554 - INFO - Using font: Arial Unicode
2025-09-04 13:49:15,586 - INFO - Using font: Arial Unicode
2025-09-04 13:49:15,593 - INFO - Using font: Arial Unicode
2025-09-04 13:49:15,721 - INFO - Using font: Arial Unicode
2025-09-04 13:49:15,727 - INFO - Using font: Arial Unicode
2025-09-04 13:49:15,762 - INFO - Using font: Arial Unicode
2025-09-04 13:49:15,768 - INFO - Using font: Arial Unicode
2025-09-04 13:49:15,802 - INFO - Using font: Arial Unicode
2025-09-04 13:49:15,809 - INFO - Using font: Arial Unicode
2025-09-04 13:49:15,941 - INFO - Using font: Arial Unicode
2025-09-04 13:49:15,948 - INFO - Using font: Arial Unicode
2025-09-04 13:49:15,983 - INFO - Using font: Arial Unicode
2025-09-04 13:49:15,989 - INFO - Using font: Arial Unicode
2025-09-04 13:49:16,025 - INFO - Using font: Arial Unicode
2025-09-04 13:49:16,031 - INFO - Using font: Arial Unicode
2025-09-04 13:49:16,179 - INFO - Using font: Arial Unicode
2025-09-04 13:49:16,186 - INFO - Using font: Arial Unicode
2025-09-04 13:49:16,227 - INFO - Using font: Arial Unicode
2025-09-04 13:49:16,234 - INFO - Using font: Arial Unicode
2025-09-04 13:49:16,378 - INFO - Using font: Arial Unicode
2025-09-04 13:49:16,384 - INFO - Using font: Arial Unicode
2025-09-04 13:49:16,420 - INFO - Using font: Arial Unicode
2025-09-04 13:49:16,426 - INFO - Using font: Arial Unicode
2025-09-04 13:49:16,461 - INFO - Using font: Arial Unicode
2025-09-04 13:49:16,467 - INFO - Using font: Arial Unicode
2025-09-04 13:49:16,503 - INFO - Using font: Arial Unicode
2025-09-04 13:49:16,510 - INFO - Using font: Arial Unicode
2025-09-04 13:49:16,639 - INFO - Using font: Arial Unicode
2025-09-04 13:49:16,646 - INFO - Using font: Arial Unicode
2025-09-04 13:49:16,680 - INFO - Using font: Arial Unicode
2025-09-04 13:49:16,686 - INFO - Using font: Arial Unicode
2025-09-04 13:49:16,720 - INFO - Using font: Arial Unicode
2025-09-04 13:49:16,727 - INFO - Using font: Arial Unicode
2025-09-04 13:49:16,850 - INFO - Using font: Arial Unicode
2025-09-04 13:49:16,856 - INFO - Using font: Arial Unicode
2025-09-04 13:49:16,892 - INFO - Using font: Arial Unicode
2025-09-04 13:49:16,899 - INFO - Using font: Arial Unicode
2025-09-04 13:49:16,935 - INFO - Using font: Arial Unicode
2025-09-04 13:49:16,942 - INFO - Using font: Arial Unicode
2025-09-04 13:49:16,977 - INFO - Using font: Arial Unicode
2025-09-04 13:49:16,983 - INFO - Using font: Arial Unicode
2025-09-04 13:49:17,114 - INFO - Using font: Arial Unicode
2025-09-04 13:49:17,120 - INFO - Using font: Arial Unicode
2025-09-04 13:49:17,158 - INFO - Using font: Arial Unicode
2025-09-04 13:49:17,164 - INFO - Using font: Arial Unicode
2025-09-04 13:49:17,199 - INFO - Using font: Arial Unicode
2025-09-04 13:49:17,205 - INFO - Using font: Arial Unicode
2025-09-04 13:49:17,239 - INFO - Using font: Arial Unicode
2025-09-04 13:49:17,246 - INFO - Using font: Arial Unicode
2025-09-04 13:49:17,380 - INFO - Using font: Arial Unicode
2025-09-04 13:49:17,386 - INFO - Using font: Arial Unicode
2025-09-04 13:49:17,422 - INFO - Using font: Arial Unicode
2025-09-04 13:49:17,428 - INFO - Using font: Arial Unicode
2025-09-04 13:49:17,466 - INFO - Using font: Arial Unicode
2025-09-04 13:49:17,472 - INFO - Using font: Arial Unicode
2025-09-04 13:49:17,507 - INFO - Using font: Arial Unicode
2025-09-04 13:49:17,514 - INFO - Using font: Arial Unicode
2025-09-04 13:49:17,546 - INFO - Using font: Arial Unicode
2025-09-04 13:49:17,552 - INFO - Using font: Arial Unicode
2025-09-04 13:49:17,701 - INFO - Using font: Arial Unicode
2025-09-04 13:49:17,707 - INFO - Using font: Arial Unicode
2025-09-04 13:49:17,743 - INFO - Using font: Arial Unicode
2025-09-04 13:49:17,749 - INFO - Using font: Arial Unicode
2025-09-04 13:49:17,784 - INFO - Using font: Arial Unicode
2025-09-04 13:49:17,790 - INFO - Using font: Arial Unicode
2025-09-04 13:49:17,921 - INFO - Using font: Arial Unicode
2025-09-04 13:49:17,927 - INFO - Using font: Arial Unicode
2025-09-04 13:49:17,963 - INFO - Using font: Arial Unicode
2025-09-04 13:49:17,970 - INFO - Using font: Arial Unicode
2025-09-04 13:49:18,004 - INFO - Using font: Arial Unicode
2025-09-04 13:49:18,010 - INFO - Using font: Arial Unicode
2025-09-04 13:49:18,144 - INFO - Using font: Arial Unicode
2025-09-04 13:49:18,150 - INFO - Using font: Arial Unicode
2025-09-04 13:49:18,185 - INFO - Using font: Arial Unicode
2025-09-04 13:49:18,191 - INFO - Using font: Arial Unicode
2025-09-04 13:49:18,351 - INFO - Using font: Arial Unicode
2025-09-04 13:49:18,358 - INFO - Using font: Arial Unicode
2025-09-04 13:49:18,394 - INFO - Using font: Arial Unicode
2025-09-04 13:49:18,401 - INFO - Using font: Arial Unicode
2025-09-04 13:49:18,463 - INFO - Using font: Arial Unicode
2025-09-04 13:49:18,471 - INFO - Using font: Arial Unicode
2025-09-04 13:49:18,620 - INFO - Using font: Arial Unicode
2025-09-04 13:49:18,626 - INFO - Using font: Arial Unicode
2025-09-04 13:49:18,664 - INFO - Using font: Arial Unicode
2025-09-04 13:49:18,670 - INFO - Using font: Arial Unicode
2025-09-04 13:49:18,708 - INFO - Using font: Arial Unicode
2025-09-04 13:49:18,714 - INFO - Using font: Arial Unicode
2025-09-04 13:49:18,748 - INFO - Using font: Arial Unicode
2025-09-04 13:49:18,755 - INFO - Using font: Arial Unicode
2025-09-04 13:49:18,911 - INFO - Using font: Arial Unicode
2025-09-04 13:49:18,917 - INFO - Using font: Arial Unicode
2025-09-04 13:49:18,953 - INFO - Using font: Arial Unicode
2025-09-04 13:49:18,959 - INFO - Using font: Arial Unicode
2025-09-04 13:49:19,121 - INFO - Using font: Arial Unicode
2025-09-04 13:49:19,127 - INFO - Using font: Arial Unicode
2025-09-04 13:49:19,161 - INFO - Using font: Arial Unicode
2025-09-04 13:49:19,167 - INFO - Using font: Arial Unicode
2025-09-04 13:49:19,303 - INFO - Using font: Arial Unicode
2025-09-04 13:49:19,309 - INFO - Using font: Arial Unicode
2025-09-04 13:49:19,344 - INFO - Using font: Arial Unicode
2025-09-04 13:49:19,350 - INFO - Using font: Arial Unicode
2025-09-04 13:49:19,385 - INFO - Using font: Arial Unicode
2025-09-04 13:49:19,392 - INFO - Using font: Arial Unicode
2025-09-04 13:49:19,554 - INFO - Using font: Arial Unicode
2025-09-04 13:49:19,560 - INFO - Using font: Arial Unicode
2025-09-04 13:49:19,594 - INFO - Using font: Arial Unicode
2025-09-04 13:49:19,600 - INFO - Using font: Arial Unicode
2025-09-04 13:49:19,637 - INFO - Using font: Arial Unicode
2025-09-04 13:49:19,644 - INFO - Using font: Arial Unicode
2025-09-04 13:49:19,678 - INFO - Using font: Arial Unicode
2025-09-04 13:49:19,685 - INFO - Using font: Arial Unicode
2025-09-04 13:49:19,721 - INFO - Using font: Arial Unicode
2025-09-04 13:49:19,728 - INFO - Using font: Arial Unicode
2025-09-04 13:49:19,762 - INFO - Using font: Arial Unicode
2025-09-04 13:49:19,769 - INFO - Using font: Arial Unicode
2025-09-04 13:49:19,909 - INFO - Using font: Arial Unicode
2025-09-04 13:49:19,915 - INFO - Using font: Arial Unicode
2025-09-04 13:49:20,041 - INFO - Using font: Arial Unicode
2025-09-04 13:49:20,047 - INFO - Using font: Arial Unicode
2025-09-04 13:49:20,167 - INFO - Using font: Arial Unicode
2025-09-04 13:49:20,174 - INFO - Using font: Arial Unicode
2025-09-04 13:49:20,210 - INFO - Using font: Arial Unicode
2025-09-04 13:49:20,216 - INFO - Using font: Arial Unicode
2025-09-04 13:49:20,252 - INFO - Using font: Arial Unicode
2025-09-04 13:49:20,258 - INFO - Using font: Arial Unicode
2025-09-04 13:49:20,397 - INFO - Using font: Arial Unicode
2025-09-04 13:49:20,403 - INFO - Using font: Arial Unicode
2025-09-04 13:49:20,439 - INFO - Using font: Arial Unicode
2025-09-04 13:49:20,445 - INFO - Using font: Arial Unicode
2025-09-04 13:49:20,563 - INFO - Using font: Arial Unicode
2025-09-04 13:49:20,569 - INFO - Using font: Arial Unicode
2025-09-04 13:49:20,605 - INFO - Using font: Arial Unicode
2025-09-04 13:49:20,611 - INFO - Using font: Arial Unicode
2025-09-04 13:49:20,749 - INFO - Using font: Arial Unicode
2025-09-04 13:49:20,756 - INFO - Using font: Arial Unicode
2025-09-04 13:49:20,790 - INFO - Using font: Arial Unicode
2025-09-04 13:49:20,797 - INFO - Using font: Arial Unicode
2025-09-04 13:49:20,952 - INFO - Using font: Arial Unicode
2025-09-04 13:49:20,959 - INFO - Using font: Arial Unicode
2025-09-04 13:49:20,995 - INFO - Using font: Arial Unicode
2025-09-04 13:49:21,001 - INFO - Using font: Arial Unicode
2025-09-04 13:49:21,138 - INFO - Using font: Arial Unicode
2025-09-04 13:49:21,144 - INFO - Using font: Arial Unicode
2025-09-04 13:49:21,266 - INFO - Using font: Arial Unicode
2025-09-04 13:49:21,273 - INFO - Using font: Arial Unicode
2025-09-04 13:49:21,308 - INFO - Using font: Arial Unicode
2025-09-04 13:49:21,315 - INFO - Using font: Arial Unicode
2025-09-04 13:49:21,349 - INFO - Using font: Arial Unicode
2025-09-04 13:49:21,355 - INFO - Using font: Arial Unicode
2025-09-04 13:49:21,501 - INFO - Using font: Arial Unicode
2025-09-04 13:49:21,508 - INFO - Using font: Arial Unicode
2025-09-04 13:49:21,640 - INFO - Using font: Arial Unicode
2025-09-04 13:49:21,647 - INFO - Using font: Arial Unicode
2025-09-04 13:49:21,684 - INFO - Using font: Arial Unicode
2025-09-04 13:49:21,691 - INFO - Using font: Arial Unicode
2025-09-04 13:49:21,731 - INFO - Using font: Arial Unicode
2025-09-04 13:49:21,737 - INFO - Using font: Arial Unicode
2025-09-04 13:49:21,775 - INFO - Using font: Arial Unicode
2025-09-04 13:49:21,782 - INFO - Using font: Arial Unicode
2025-09-04 13:49:21,898 - INFO - Using font: Arial Unicode
2025-09-04 13:49:21,904 - INFO - Using font: Arial Unicode
2025-09-04 13:49:21,943 - INFO - Using font: Arial Unicode
2025-09-04 13:49:21,949 - INFO - Using font: Arial Unicode
2025-09-04 13:49:22,103 - INFO - Using font: Arial Unicode
2025-09-04 13:49:22,109 - INFO - Using font: Arial Unicode
2025-09-04 13:49:22,148 - INFO - Using font: Arial Unicode
2025-09-04 13:49:22,154 - INFO - Using font: Arial Unicode
2025-09-04 13:49:22,259 - INFO - Using font: Arial Unicode
2025-09-04 13:49:22,265 - INFO - Using font: Arial Unicode
2025-09-04 13:49:22,368 - INFO - Using font: Arial Unicode
2025-09-04 13:49:22,374 - INFO - Using font: Arial Unicode
2025-09-04 13:49:22,504 - INFO - Using font: Arial Unicode
2025-09-04 13:49:22,510 - INFO - Using font: Arial Unicode
2025-09-04 13:49:22,623 - INFO - Using font: Arial Unicode
2025-09-04 13:49:22,629 - INFO - Using font: Arial Unicode
2025-09-04 13:49:22,755 - INFO - Using font: Arial Unicode
2025-09-04 13:49:22,762 - INFO - Using font: Arial Unicode
2025-09-04 13:49:22,798 - INFO - Using font: Arial Unicode
2025-09-04 13:49:22,804 - INFO - Using font: Arial Unicode
2025-09-04 13:49:22,867 - INFO - Using font: Arial Unicode
2025-09-04 13:49:22,874 - INFO - Using font: Arial Unicode
2025-09-04 13:49:22,991 - INFO - Using font: Arial Unicode
2025-09-04 13:49:22,998 - INFO - Using font: Arial Unicode
2025-09-04 13:49:23,033 - INFO - Using font: Arial Unicode
2025-09-04 13:49:23,039 - INFO - Using font: Arial Unicode
2025-09-04 13:49:23,075 - INFO - Using font: Arial Unicode
2025-09-04 13:49:23,082 - INFO - Using font: Arial Unicode
2025-09-04 13:49:23,202 - INFO - Using font: Arial Unicode
2025-09-04 13:49:23,208 - INFO - Using font: Arial Unicode
2025-09-04 13:49:23,343 - INFO - Using font: Arial Unicode
2025-09-04 13:49:23,349 - INFO - Using font: Arial Unicode
2025-09-04 13:49:23,385 - INFO - Using font: Arial Unicode
2025-09-04 13:49:23,392 - INFO - Using font: Arial Unicode
2025-09-04 13:49:23,427 - INFO - Using font: Arial Unicode
2025-09-04 13:49:23,436 - INFO - Using font: Arial Unicode
2025-09-04 13:49:23,574 - INFO - Using font: Arial Unicode
2025-09-04 13:49:23,580 - INFO - Using font: Arial Unicode
2025-09-04 13:49:23,614 - INFO - Using font: Arial Unicode
2025-09-04 13:49:23,620 - INFO - Using font: Arial Unicode
2025-09-04 13:49:23,657 - INFO - Using font: Arial Unicode
2025-09-04 13:49:23,663 - INFO - Using font: Arial Unicode
2025-09-04 13:49:23,796 - INFO - Using font: Arial Unicode
2025-09-04 13:49:23,802 - INFO - Using font: Arial Unicode
2025-09-04 13:49:23,839 - INFO - Using font: Arial Unicode
2025-09-04 13:49:23,845 - INFO - Using font: Arial Unicode
2025-09-04 13:49:23,960 - INFO - Using font: Arial Unicode
2025-09-04 13:49:23,967 - INFO - Using font: Arial Unicode
2025-09-04 13:49:24,002 - INFO - Using font: Arial Unicode
2025-09-04 13:49:24,009 - INFO - Using font: Arial Unicode
2025-09-04 13:49:24,139 - INFO - Using font: Arial Unicode
2025-09-04 13:49:24,146 - INFO - Using font: Arial Unicode
2025-09-04 13:49:24,182 - INFO - Using font: Arial Unicode
2025-09-04 13:49:24,188 - INFO - Using font: Arial Unicode
2025-09-04 13:49:24,226 - INFO - Using font: Arial Unicode
2025-09-04 13:49:24,232 - INFO - Using font: Arial Unicode
2025-09-04 13:49:24,267 - INFO - Using font: Arial Unicode
2025-09-04 13:49:24,274 - INFO - Using font: Arial Unicode
2025-09-04 13:49:24,393 - INFO - Using font: Arial Unicode
2025-09-04 13:49:24,400 - INFO - Using font: Arial Unicode
2025-09-04 13:49:24,435 - INFO - Using font: Arial Unicode
2025-09-04 13:49:24,441 - INFO - Using font: Arial Unicode
2025-09-04 13:49:24,477 - INFO - Using font: Arial Unicode
2025-09-04 13:49:24,483 - INFO - Using font: Arial Unicode
2025-09-04 13:49:24,601 - INFO - Using font: Arial Unicode
2025-09-04 13:49:24,607 - INFO - Using font: Arial Unicode
2025-09-04 13:49:24,641 - INFO - Using font: Arial Unicode
2025-09-04 13:49:24,647 - INFO - Using font: Arial Unicode
2025-09-04 13:49:24,759 - INFO - Using font: Arial Unicode
2025-09-04 13:49:24,766 - INFO - Using font: Arial Unicode
2025-09-04 13:49:24,800 - INFO - Using font: Arial Unicode
2025-09-04 13:49:24,806 - INFO - Using font: Arial Unicode
2025-09-04 13:49:24,931 - INFO - Using font: Arial Unicode
2025-09-04 13:49:24,938 - INFO - Using font: Arial Unicode
2025-09-04 13:49:25,069 - INFO - Using font: Arial Unicode
2025-09-04 13:49:25,075 - INFO - Using font: Arial Unicode
2025-09-04 13:49:25,220 - INFO - Using font: Arial Unicode
2025-09-04 13:49:25,226 - INFO - Using font: Arial Unicode
2025-09-04 13:49:25,376 - INFO - Using font: Arial Unicode
2025-09-04 13:49:25,382 - INFO - Using font: Arial Unicode
2025-09-04 13:49:25,416 - INFO - Using font: Arial Unicode
2025-09-04 13:49:25,423 - INFO - Using font: Arial Unicode
2025-09-04 13:49:25,554 - INFO - Using font: Arial Unicode
2025-09-04 13:49:25,561 - INFO - Using font: Arial Unicode
2025-09-04 13:49:25,596 - INFO - Using font: Arial Unicode
2025-09-04 13:49:25,603 - INFO - Using font: Arial Unicode
2025-09-04 13:49:25,637 - INFO - Using font: Arial Unicode
2025-09-04 13:49:25,644 - INFO - Using font: Arial Unicode
2025-09-04 13:49:25,757 - INFO - Using font: Arial Unicode
2025-09-04 13:49:25,764 - INFO - Using font: Arial Unicode
2025-09-04 13:49:25,807 - INFO - Using font: Arial Unicode
2025-09-04 13:49:25,814 - INFO - Using font: Arial Unicode
2025-09-04 13:49:25,849 - INFO - Using font: Arial Unicode
2025-09-04 13:49:25,856 - INFO - Using font: Arial Unicode
2025-09-04 13:49:25,893 - INFO - Using font: Arial Unicode
2025-09-04 13:49:25,900 - INFO - Using font: Arial Unicode
2025-09-04 13:49:26,038 - INFO - Using font: Arial Unicode
2025-09-04 13:49:26,044 - INFO - Using font: Arial Unicode
2025-09-04 13:49:26,166 - INFO - Using font: Arial Unicode
2025-09-04 13:49:26,172 - INFO - Using font: Arial Unicode
2025-09-04 13:49:26,311 - INFO - Using font: Arial Unicode
2025-09-04 13:49:26,317 - INFO - Using font: Arial Unicode
2025-09-04 13:49:26,430 - INFO - Using font: Arial Unicode
2025-09-04 13:49:26,436 - INFO - Using font: Arial Unicode
2025-09-04 13:49:26,568 - INFO - Using font: Arial Unicode
2025-09-04 13:49:26,575 - INFO - Using font: Arial Unicode
2025-09-04 13:49:26,610 - INFO - Using font: Arial Unicode
2025-09-04 13:49:26,616 - INFO - Using font: Arial Unicode
2025-09-04 13:49:26,651 - INFO - Using font: Arial Unicode
2025-09-04 13:49:26,657 - INFO - Using font: Arial Unicode
2025-09-04 13:49:26,692 - INFO - Using font: Arial Unicode
2025-09-04 13:49:26,698 - INFO - Using font: Arial Unicode
2025-09-04 13:49:26,840 - INFO - Using font: Arial Unicode
2025-09-04 13:49:26,847 - INFO - Using font: Arial Unicode
2025-09-04 13:49:26,881 - INFO - Using font: Arial Unicode
2025-09-04 13:49:26,887 - INFO - Using font: Arial Unicode
2025-09-04 13:49:26,924 - INFO - Using font: Arial Unicode
2025-09-04 13:49:26,930 - INFO - Using font: Arial Unicode
2025-09-04 13:49:26,965 - INFO - Using font: Arial Unicode
2025-09-04 13:49:26,971 - INFO - Using font: Arial Unicode
2025-09-04 13:49:27,006 - INFO - Using font: Arial Unicode
2025-09-04 13:49:27,011 - INFO - Using font: Arial Unicode
2025-09-04 13:49:27,046 - INFO - Using font: Arial Unicode
2025-09-04 13:49:27,052 - INFO - Using font: Arial Unicode
2025-09-04 13:49:27,207 - INFO - Using font: Arial Unicode
2025-09-04 13:49:27,214 - INFO - Using font: Arial Unicode
2025-09-04 13:49:27,249 - INFO - Using font: Arial Unicode
2025-09-04 13:49:27,255 - INFO - Using font: Arial Unicode
2025-09-04 13:49:27,289 - INFO - Using font: Arial Unicode
2025-09-04 13:49:27,296 - INFO - Using font: Arial Unicode
2025-09-04 13:49:27,331 - INFO - Using font: Arial Unicode
2025-09-04 13:49:27,337 - INFO - Using font: Arial Unicode
2025-09-04 13:49:27,373 - INFO - Using font: Arial Unicode
2025-09-04 13:49:27,379 - INFO - Using font: Arial Unicode
2025-09-04 13:49:27,509 - INFO - Using font: Arial Unicode
2025-09-04 13:49:27,515 - INFO - Using font: Arial Unicode
2025-09-04 13:49:27,548 - INFO - Using font: Arial Unicode
2025-09-04 13:49:27,555 - INFO - Using font: Arial Unicode
2025-09-04 13:49:27,591 - INFO - Using font: Arial Unicode
2025-09-04 13:49:27,597 - INFO - Using font: Arial Unicode
2025-09-04 13:49:27,631 - INFO - Using font: Arial Unicode
2025-09-04 13:49:27,638 - INFO - Using font: Arial Unicode
2025-09-04 13:49:27,767 - INFO - Using font: Arial Unicode
2025-09-04 13:49:27,774 - INFO - Using font: Arial Unicode
2025-09-04 13:49:27,810 - INFO - Using font: Arial Unicode
2025-09-04 13:49:27,816 - INFO - Using font: Arial Unicode
2025-09-04 13:49:27,851 - INFO - Using font: Arial Unicode
2025-09-04 13:49:27,857 - INFO - Using font: Arial Unicode
2025-09-04 13:49:28,008 - INFO - Using font: Arial Unicode
2025-09-04 13:49:28,014 - INFO - Using font: Arial Unicode
2025-09-04 13:49:28,050 - INFO - Using font: Arial Unicode
2025-09-04 13:49:28,056 - INFO - Using font: Arial Unicode
2025-09-04 13:49:28,090 - INFO - Using font: Arial Unicode
2025-09-04 13:49:28,096 - INFO - Using font: Arial Unicode
2025-09-04 13:49:28,236 - INFO - Using font: Arial Unicode
2025-09-04 13:49:28,242 - INFO - Using font: Arial Unicode
2025-09-04 13:49:28,275 - INFO - Using font: Arial Unicode
2025-09-04 13:49:28,281 - INFO - Using font: Arial Unicode
2025-09-04 13:49:28,315 - INFO - Using font: Arial Unicode
2025-09-04 13:49:28,321 - INFO - Using font: Arial Unicode
2025-09-04 13:49:28,454 - INFO - Using font: Arial Unicode
2025-09-04 13:49:28,460 - INFO - Using font: Arial Unicode
2025-09-04 13:49:28,602 - INFO - Using font: Arial Unicode
2025-09-04 13:49:28,609 - INFO - Using font: Arial Unicode
2025-09-04 13:49:28,728 - INFO - Using font: Arial Unicode
2025-09-04 13:49:28,734 - INFO - Using font: Arial Unicode
2025-09-04 13:49:28,864 - INFO - Using font: Arial Unicode
2025-09-04 13:49:28,870 - INFO - Using font: Arial Unicode
2025-09-04 13:49:28,904 - INFO - Using font: Arial Unicode
2025-09-04 13:49:28,911 - INFO - Using font: Arial Unicode
2025-09-04 13:49:28,947 - INFO - Using font: Arial Unicode
2025-09-04 13:49:28,953 - INFO - Using font: Arial Unicode
2025-09-04 13:49:29,106 - INFO - Using font: Arial Unicode
2025-09-04 13:49:29,113 - INFO - Using font: Arial Unicode
2025-09-04 13:49:29,155 - INFO - Using font: Arial Unicode
2025-09-04 13:49:29,162 - INFO - Using font: Arial Unicode
2025-09-04 13:49:29,206 - INFO - Using font: Arial Unicode
2025-09-04 13:49:29,213 - INFO - Using font: Arial Unicode
2025-09-04 13:49:29,248 - INFO - Using font: Arial Unicode
2025-09-04 13:49:29,254 - INFO - Using font: Arial Unicode
2025-09-04 13:49:29,386 - INFO - Using font: Arial Unicode
2025-09-04 13:49:29,393 - INFO - Using font: Arial Unicode
2025-09-04 13:49:29,427 - INFO - Using font: Arial Unicode
2025-09-04 13:49:29,436 - INFO - Using font: Arial Unicode
2025-09-04 13:49:29,475 - INFO - Using font: Arial Unicode
2025-09-04 13:49:29,481 - INFO - Using font: Arial Unicode
2025-09-04 13:49:29,515 - INFO - Using font: Arial Unicode
2025-09-04 13:49:29,521 - INFO - Using font: Arial Unicode
2025-09-04 13:49:29,658 - INFO - Using font: Arial Unicode
2025-09-04 13:49:29,664 - INFO - Using font: Arial Unicode
2025-09-04 13:49:29,727 - INFO - Using font: Arial Unicode
2025-09-04 13:49:29,734 - INFO - Using font: Arial Unicode
2025-09-04 13:49:29,869 - INFO - Using font: Arial Unicode
2025-09-04 13:49:29,875 - INFO - Using font: Arial Unicode
2025-09-04 13:49:29,911 - INFO - Using font: Arial Unicode
2025-09-04 13:49:29,917 - INFO - Using font: Arial Unicode
2025-09-04 13:49:30,021 - INFO - Using font: Arial Unicode
2025-09-04 13:49:30,028 - INFO - Using font: Arial Unicode
2025-09-04 13:49:30,063 - INFO - Using font: Arial Unicode
2025-09-04 13:49:30,069 - INFO - Using font: Arial Unicode
2025-09-04 13:49:30,104 - INFO - Using font: Arial Unicode
2025-09-04 13:49:30,111 - INFO - Using font: Arial Unicode
2025-09-04 13:49:30,145 - INFO - Using font: Arial Unicode
2025-09-04 13:49:30,151 - INFO - Using font: Arial Unicode
2025-09-04 13:49:30,264 - INFO - Using font: Arial Unicode
2025-09-04 13:49:30,270 - INFO - Using font: Arial Unicode
2025-09-04 13:49:30,306 - INFO - Using font: Arial Unicode
2025-09-04 13:49:30,313 - INFO - Using font: Arial Unicode
2025-09-04 13:49:30,464 - INFO - Using font: Arial Unicode
2025-09-04 13:49:30,471 - INFO - Using font: Arial Unicode
2025-09-04 13:49:30,594 - INFO - Using font: Arial Unicode
2025-09-04 13:49:30,600 - INFO - Using font: Arial Unicode
2025-09-04 13:49:30,734 - INFO - Using font: Arial Unicode
2025-09-04 13:49:30,740 - INFO - Using font: Arial Unicode
2025-09-04 13:49:30,776 - INFO - Using font: Arial Unicode
2025-09-04 13:49:30,782 - INFO - Using font: Arial Unicode
2025-09-04 13:49:30,893 - INFO - Using font: Arial Unicode
2025-09-04 13:49:30,899 - INFO - Using font: Arial Unicode
2025-09-04 13:49:31,026 - INFO - Using font: Arial Unicode
2025-09-04 13:49:31,032 - INFO - Using font: Arial Unicode
2025-09-04 13:49:31,161 - INFO - Using font: Arial Unicode
2025-09-04 13:49:31,168 - INFO - Using font: Arial Unicode
2025-09-04 13:49:31,296 - INFO - Using font: Arial Unicode
2025-09-04 13:49:31,303 - INFO - Using font: Arial Unicode
2025-09-04 13:49:31,337 - INFO - Using font: Arial Unicode
2025-09-04 13:49:31,344 - INFO - Using font: Arial Unicode
2025-09-04 13:49:31,469 - INFO - Using font: Arial Unicode
2025-09-04 13:49:31,475 - INFO - Using font: Arial Unicode
2025-09-04 13:49:31,586 - INFO - Using font: Arial Unicode
2025-09-04 13:49:31,592 - INFO - Using font: Arial Unicode
2025-09-04 13:49:31,626 - INFO - Using font: Arial Unicode
2025-09-04 13:49:31,632 - INFO - Using font: Arial Unicode
2025-09-04 13:49:31,762 - INFO - Using font: Arial Unicode
2025-09-04 13:49:31,768 - INFO - Using font: Arial Unicode
2025-09-04 13:49:31,803 - INFO - Using font: Arial Unicode
2025-09-04 13:49:31,810 - INFO - Using font: Arial Unicode
2025-09-04 13:49:31,936 - INFO - Using font: Arial Unicode
2025-09-04 13:49:31,942 - INFO - Using font: Arial Unicode
2025-09-04 13:49:31,978 - INFO - Using font: Arial Unicode
2025-09-04 13:49:31,984 - INFO - Using font: Arial Unicode
2025-09-04 13:49:32,021 - INFO - Using font: Arial Unicode
2025-09-04 13:49:32,028 - INFO - Using font: Arial Unicode
2025-09-04 13:49:32,063 - INFO - Using font: Arial Unicode
2025-09-04 13:49:32,070 - INFO - Using font: Arial Unicode
2025-09-04 13:49:32,198 - INFO - Using font: Arial Unicode
2025-09-04 13:49:32,204 - INFO - Using font: Arial Unicode
2025-09-04 13:49:32,240 - INFO - Using font: Arial Unicode
2025-09-04 13:49:32,246 - INFO - Using font: Arial Unicode
2025-09-04 13:49:32,281 - INFO - Using font: Arial Unicode
2025-09-04 13:49:32,287 - INFO - Using font: Arial Unicode
2025-09-04 13:49:32,444 - INFO - Using font: Arial Unicode
2025-09-04 13:49:32,450 - INFO - Using font: Arial Unicode
2025-09-04 13:49:32,484 - INFO - Using font: Arial Unicode
2025-09-04 13:49:32,491 - INFO - Using font: Arial Unicode
2025-09-04 13:49:32,525 - INFO - Using font: Arial Unicode
2025-09-04 13:49:32,531 - INFO - Using font: Arial Unicode
2025-09-04 13:49:32,565 - INFO - Using font: Arial Unicode
2025-09-04 13:49:32,571 - INFO - Using font: Arial Unicode
2025-09-04 13:49:32,688 - INFO - Using font: Arial Unicode
2025-09-04 13:49:32,694 - INFO - Using font: Arial Unicode
2025-09-04 13:49:32,731 - INFO - Using font: Arial Unicode
2025-09-04 13:49:32,738 - INFO - Using font: Arial Unicode
2025-09-04 13:49:32,865 - INFO - Using font: Arial Unicode
2025-09-04 13:49:32,872 - INFO - Using font: Arial Unicode
2025-09-04 13:49:32,907 - INFO - Using font: Arial Unicode
2025-09-04 13:49:32,914 - INFO - Using font: Arial Unicode
2025-09-04 13:49:33,084 - INFO - Using font: Arial Unicode
2025-09-04 13:49:33,090 - INFO - Using font: Arial Unicode
2025-09-04 13:49:33,124 - INFO - Using font: Arial Unicode
2025-09-04 13:49:33,130 - INFO - Using font: Arial Unicode
2025-09-04 13:49:33,166 - INFO - Using font: Arial Unicode
2025-09-04 13:49:33,172 - INFO - Using font: Arial Unicode
2025-09-04 13:49:33,207 - INFO - Using font: Arial Unicode
2025-09-04 13:49:33,213 - INFO - Using font: Arial Unicode
2025-09-04 13:49:33,368 - INFO - Using font: Arial Unicode
2025-09-04 13:49:33,374 - INFO - Using font: Arial Unicode
2025-09-04 13:49:33,409 - INFO - Using font: Arial Unicode
2025-09-04 13:49:33,415 - INFO - Using font: Arial Unicode
2025-09-04 13:49:33,453 - INFO - Using font: Arial Unicode
2025-09-04 13:49:33,459 - INFO - Using font: Arial Unicode
2025-09-04 13:49:33,494 - INFO - Using font: Arial Unicode
2025-09-04 13:49:33,500 - INFO - Using font: Arial Unicode
2025-09-04 13:49:33,536 - INFO - Using font: Arial Unicode
2025-09-04 13:49:33,542 - INFO - Using font: Arial Unicode
2025-09-04 13:49:33,669 - INFO - Using font: Arial Unicode
2025-09-04 13:49:33,675 - INFO - Using font: Arial Unicode
2025-09-04 13:49:33,711 - INFO - Using font: Arial Unicode
2025-09-04 13:49:33,717 - INFO - Using font: Arial Unicode
2025-09-04 13:49:33,863 - INFO - Using font: Arial Unicode
2025-09-04 13:49:33,869 - INFO - Using font: Arial Unicode
2025-09-04 13:49:33,903 - INFO - Using font: Arial Unicode
2025-09-04 13:49:33,909 - INFO - Using font: Arial Unicode
2025-09-04 13:49:34,056 - INFO - Using font: Arial Unicode
2025-09-04 13:49:34,062 - INFO - Using font: Arial Unicode
2025-09-04 13:49:34,097 - INFO - Using font: Arial Unicode
2025-09-04 13:49:34,103 - INFO - Using font: Arial Unicode
2025-09-04 13:49:34,138 - INFO - Using font: Arial Unicode
2025-09-04 13:49:34,144 - INFO - Using font: Arial Unicode
2025-09-04 13:49:34,180 - INFO - Using font: Arial Unicode
2025-09-04 13:49:34,186 - INFO - Using font: Arial Unicode
2025-09-04 13:49:34,222 - INFO - Using font: Arial Unicode
2025-09-04 13:49:34,228 - INFO - Using font: Arial Unicode
2025-09-04 13:49:34,354 - INFO - Using font: Arial Unicode
2025-09-04 13:49:34,361 - INFO - Using font: Arial Unicode
2025-09-04 13:49:34,402 - INFO - Using font: Arial Unicode
2025-09-04 13:49:34,418 - INFO - Using font: Arial Unicode
2025-09-04 13:49:34,573 - INFO - Using font: Arial Unicode
2025-09-04 13:49:34,579 - INFO - Using font: Arial Unicode
2025-09-04 13:49:34,617 - INFO - Using font: Arial Unicode
2025-09-04 13:49:34,624 - INFO - Using font: Arial Unicode
2025-09-04 13:49:34,759 - INFO - Using font: Arial Unicode
2025-09-04 13:49:34,766 - INFO - Using font: Arial Unicode
2025-09-04 13:49:34,802 - INFO - Using font: Arial Unicode
2025-09-04 13:49:34,809 - INFO - Using font: Arial Unicode
2025-09-04 13:49:34,926 - INFO - Using font: Arial Unicode
2025-09-04 13:49:34,932 - INFO - Using font: Arial Unicode
2025-09-04 13:49:34,965 - INFO - Using font: Arial Unicode
2025-09-04 13:49:34,971 - INFO - Using font: Arial Unicode
2025-09-04 13:49:35,101 - INFO - Using font: Arial Unicode
2025-09-04 13:49:35,107 - INFO - Using font: Arial Unicode
2025-09-04 13:49:35,141 - INFO - Using font: Arial Unicode
2025-09-04 13:49:35,147 - INFO - Using font: Arial Unicode
2025-09-04 13:49:35,183 - INFO - Using font: Arial Unicode
2025-09-04 13:49:35,189 - INFO - Using font: Arial Unicode
2025-09-04 13:49:35,323 - INFO - Using font: Arial Unicode
2025-09-04 13:49:35,329 - INFO - Using font: Arial Unicode
2025-09-04 13:49:35,365 - INFO - Using font: Arial Unicode
2025-09-04 13:49:35,371 - INFO - Using font: Arial Unicode
2025-09-04 13:49:35,405 - INFO - Using font: Arial Unicode
2025-09-04 13:49:35,412 - INFO - Using font: Arial Unicode
2025-09-04 13:49:35,450 - INFO - Using font: Arial Unicode
2025-09-04 13:49:35,456 - INFO - Using font: Arial Unicode
2025-09-04 13:49:35,590 - INFO - Using font: Arial Unicode
2025-09-04 13:49:35,596 - INFO - Using font: Arial Unicode
2025-09-04 13:49:35,630 - INFO - Using font: Arial Unicode
2025-09-04 13:49:35,640 - INFO - Using font: Arial Unicode
2025-09-04 13:49:35,750 - INFO - Using font: Arial Unicode
2025-09-04 13:49:35,757 - INFO - Using font: Arial Unicode
2025-09-04 13:49:35,791 - INFO - Using font: Arial Unicode
2025-09-04 13:49:35,797 - INFO - Using font: Arial Unicode
2025-09-04 13:49:35,921 - INFO - Using font: Arial Unicode
2025-09-04 13:49:35,927 - INFO - Using font: Arial Unicode
2025-09-04 13:49:36,055 - INFO - Using font: Arial Unicode
2025-09-04 13:49:36,061 - INFO - Using font: Arial Unicode
2025-09-04 13:49:36,186 - INFO - Using font: Arial Unicode
2025-09-04 13:49:36,192 - INFO - Using font: Arial Unicode
2025-09-04 13:49:36,342 - INFO - Using font: Arial Unicode
2025-09-04 13:49:36,349 - INFO - Using font: Arial Unicode
2025-09-04 13:49:36,382 - INFO - Using font: Arial Unicode
2025-09-04 13:49:36,388 - INFO - Using font: Arial Unicode
2025-09-04 13:49:36,518 - INFO - Using font: Arial Unicode
2025-09-04 13:49:36,524 - INFO - Using font: Arial Unicode
2025-09-04 13:49:36,645 - INFO - Using font: Arial Unicode
2025-09-04 13:49:36,651 - INFO - Using font: Arial Unicode
2025-09-04 13:49:36,685 - INFO - Using font: Arial Unicode
2025-09-04 13:49:36,691 - INFO - Using font: Arial Unicode
2025-09-04 13:49:36,822 - INFO - Using font: Arial Unicode
2025-09-04 13:49:36,828 - INFO - Using font: Arial Unicode
2025-09-04 13:49:36,863 - INFO - Using font: Arial Unicode
2025-09-04 13:49:36,870 - INFO - Using font: Arial Unicode
2025-09-04 13:49:36,978 - INFO - Using font: Arial Unicode
2025-09-04 13:49:36,984 - INFO - Using font: Arial Unicode
2025-09-04 13:49:37,020 - INFO - Using font: Arial Unicode
2025-09-04 13:49:37,026 - INFO - Using font: Arial Unicode
2025-09-04 13:49:37,148 - INFO - Using font: Arial Unicode
2025-09-04 13:49:37,154 - INFO - Using font: Arial Unicode
2025-09-04 13:49:37,188 - INFO - Using font: Arial Unicode
2025-09-04 13:49:37,194 - INFO - Using font: Arial Unicode
2025-09-04 13:49:37,322 - INFO - Using font: Arial Unicode
2025-09-04 13:49:37,328 - INFO - Using font: Arial Unicode
2025-09-04 13:49:37,459 - INFO - Using font: Arial Unicode
2025-09-04 13:49:37,466 - INFO - Using font: Arial Unicode
2025-09-04 13:49:37,503 - INFO - Using font: Arial Unicode
2025-09-04 13:49:37,510 - INFO - Using font: Arial Unicode
2025-09-04 13:49:37,637 - INFO - Using font: Arial Unicode
2025-09-04 13:49:37,644 - INFO - Using font: Arial Unicode
2025-09-04 13:49:37,681 - INFO - Using font: Arial Unicode
2025-09-04 13:49:37,687 - INFO - Using font: Arial Unicode
2025-09-04 13:49:37,727 - INFO - Using font: Arial Unicode
2025-09-04 13:49:37,733 - INFO - Using font: Arial Unicode
2025-09-04 13:49:37,855 - INFO - Using font: Arial Unicode
2025-09-04 13:49:37,862 - INFO - Using font: Arial Unicode
2025-09-04 13:49:37,903 - INFO - Using font: Arial Unicode
2025-09-04 13:49:37,909 - INFO - Using font: Arial Unicode
2025-09-04 13:49:37,945 - INFO - Using font: Arial Unicode
2025-09-04 13:49:37,952 - INFO - Using font: Arial Unicode
2025-09-04 13:49:37,994 - INFO - Using font: Arial Unicode
2025-09-04 13:49:38,001 - INFO - Using font: Arial Unicode
2025-09-04 13:49:38,129 - INFO - Using font: Arial Unicode
2025-09-04 13:49:38,136 - INFO - Using font: Arial Unicode
2025-09-04 13:49:38,174 - INFO - Using font: Arial Unicode
2025-09-04 13:49:38,181 - INFO - Using font: Arial Unicode
2025-09-04 13:49:38,219 - INFO - Using font: Arial Unicode
2025-09-04 13:49:38,226 - INFO - Using font: Arial Unicode
2025-09-04 13:49:38,347 - INFO - Using font: Arial Unicode
2025-09-04 13:49:38,353 - INFO - Using font: Arial Unicode
2025-09-04 13:49:38,388 - INFO - Using font: Arial Unicode
2025-09-04 13:49:38,394 - INFO - Using font: Arial Unicode
2025-09-04 13:49:38,429 - INFO - Using font: Arial Unicode
2025-09-04 13:49:38,436 - INFO - Using font: Arial Unicode
2025-09-04 13:49:38,470 - INFO - Using font: Arial Unicode
2025-09-04 13:49:38,476 - INFO - Using font: Arial Unicode
2025-09-04 13:49:38,510 - INFO - Using font: Arial Unicode
2025-09-04 13:49:38,517 - INFO - Using font: Arial Unicode
2025-09-04 13:49:38,672 - INFO - Using font: Arial Unicode
2025-09-04 13:49:38,679 - INFO - Using font: Arial Unicode
2025-09-04 13:49:38,714 - INFO - Using font: Arial Unicode
2025-09-04 13:49:38,720 - INFO - Using font: Arial Unicode
2025-09-04 13:49:38,755 - INFO - Using font: Arial Unicode
2025-09-04 13:49:38,761 - INFO - Using font: Arial Unicode
2025-09-04 13:49:38,795 - INFO - Using font: Arial Unicode
2025-09-04 13:49:38,801 - INFO - Using font: Arial Unicode
2025-09-04 13:49:38,838 - INFO - Using font: Arial Unicode
2025-09-04 13:49:38,845 - INFO - Using font: Arial Unicode
2025-09-04 13:49:38,880 - INFO - Using font: Arial Unicode
2025-09-04 13:49:38,887 - INFO - Using font: Arial Unicode
2025-09-04 13:49:39,045 - INFO - Using font: Arial Unicode
2025-09-04 13:49:39,051 - INFO - Using font: Arial Unicode
2025-09-04 13:49:39,086 - INFO - Using font: Arial Unicode
2025-09-04 13:49:39,092 - INFO - Using font: Arial Unicode
2025-09-04 13:49:39,128 - INFO - Using font: Arial Unicode
2025-09-04 13:49:39,134 - INFO - Using font: Arial Unicode
2025-09-04 13:49:39,169 - INFO - Using font: Arial Unicode
2025-09-04 13:49:39,176 - INFO - Using font: Arial Unicode
2025-09-04 13:49:39,290 - INFO - Using font: Arial Unicode
2025-09-04 13:49:39,296 - INFO - Using font: Arial Unicode
2025-09-04 13:49:39,331 - INFO - Using font: Arial Unicode
2025-09-04 13:49:39,338 - INFO - Using font: Arial Unicode
2025-09-04 13:49:39,372 - INFO - Using font: Arial Unicode
2025-09-04 13:49:39,379 - INFO - Using font: Arial Unicode
2025-09-04 13:49:39,413 - INFO - Using font: Arial Unicode
2025-09-04 13:49:39,420 - INFO - Using font: Arial Unicode
2025-09-04 13:49:39,565 - INFO - Using font: Arial Unicode
2025-09-04 13:49:39,571 - INFO - Using font: Arial Unicode
2025-09-04 13:49:39,607 - INFO - Using font: Arial Unicode
2025-09-04 13:49:39,613 - INFO - Using font: Arial Unicode
2025-09-04 13:49:39,650 - INFO - Using font: Arial Unicode
2025-09-04 13:49:39,657 - INFO - Using font: Arial Unicode
2025-09-04 13:49:39,801 - INFO - Using font: Arial Unicode
2025-09-04 13:49:39,809 - INFO - Using font: Arial Unicode
2025-09-04 13:49:39,846 - INFO - Using font: Arial Unicode
2025-09-04 13:49:39,854 - INFO - Using font: Arial Unicode
2025-09-04 13:49:39,999 - INFO - Using font: Arial Unicode
2025-09-04 13:49:40,005 - INFO - Using font: Arial Unicode
2025-09-04 13:49:40,041 - INFO - Using font: Arial Unicode
2025-09-04 13:49:40,047 - INFO - Using font: Arial Unicode
2025-09-04 13:49:40,083 - INFO - Using font: Arial Unicode
2025-09-04 13:49:40,089 - INFO - Using font: Arial Unicode
2025-09-04 13:49:40,124 - INFO - Using font: Arial Unicode
2025-09-04 13:49:40,131 - INFO - Using font: Arial Unicode
2025-09-04 13:49:40,267 - INFO - Using font: Arial Unicode
2025-09-04 13:49:40,273 - INFO - Using font: Arial Unicode
2025-09-04 13:49:40,309 - INFO - Using font: Arial Unicode
2025-09-04 13:49:40,315 - INFO - Using font: Arial Unicode
2025-09-04 13:49:40,349 - INFO - Using font: Arial Unicode
2025-09-04 13:49:40,356 - INFO - Using font: Arial Unicode
2025-09-04 13:49:40,478 - INFO - Using font: Arial Unicode
2025-09-04 13:49:40,484 - INFO - Using font: Arial Unicode
2025-09-04 13:49:40,519 - INFO - Using font: Arial Unicode
2025-09-04 13:49:40,526 - INFO - Using font: Arial Unicode
2025-09-04 13:49:40,559 - INFO - Using font: Arial Unicode
2025-09-04 13:49:40,566 - INFO - Using font: Arial Unicode
2025-09-04 13:49:40,600 - INFO - Using font: Arial Unicode
2025-09-04 13:49:40,607 - INFO - Using font: Arial Unicode
2025-09-04 13:49:40,729 - INFO - Using font: Arial Unicode
2025-09-04 13:49:40,736 - INFO - Using font: Arial Unicode
2025-09-04 13:49:40,770 - INFO - Using font: Arial Unicode
2025-09-04 13:49:40,776 - INFO - Using font: Arial Unicode
2025-09-04 13:49:40,811 - INFO - Using font: Arial Unicode
2025-09-04 13:49:40,817 - INFO - Using font: Arial Unicode
2025-09-04 13:49:40,964 - INFO - Using font: Arial Unicode
2025-09-04 13:49:40,970 - INFO - Using font: Arial Unicode
2025-09-04 13:49:41,004 - INFO - Using font: Arial Unicode
2025-09-04 13:49:41,010 - INFO - Using font: Arial Unicode
2025-09-04 13:49:41,045 - INFO - Using font: Arial Unicode
2025-09-04 13:49:41,053 - INFO - Using font: Arial Unicode
2025-09-04 13:49:41,210 - INFO - Using font: Arial Unicode
2025-09-04 13:49:41,217 - INFO - Using font: Arial Unicode
2025-09-04 13:49:41,252 - INFO - Using font: Arial Unicode
2025-09-04 13:49:41,259 - INFO - Using font: Arial Unicode
2025-09-04 13:49:41,294 - INFO - Using font: Arial Unicode
2025-09-04 13:49:41,300 - INFO - Using font: Arial Unicode
2025-09-04 13:49:41,336 - INFO - Using font: Arial Unicode
2025-09-04 13:49:41,342 - INFO - Using font: Arial Unicode
2025-09-04 13:49:41,376 - INFO - Using font: Arial Unicode
2025-09-04 13:49:41,383 - INFO - Using font: Arial Unicode
2025-09-04 13:49:41,529 - INFO - Using font: Arial Unicode
2025-09-04 13:49:41,536 - INFO - Using font: Arial Unicode
2025-09-04 13:49:41,571 - INFO - Using font: Arial Unicode
2025-09-04 13:49:41,578 - INFO - Using font: Arial Unicode
2025-09-04 13:49:41,612 - INFO - Using font: Arial Unicode
2025-09-04 13:49:41,619 - INFO - Using font: Arial Unicode
2025-09-04 13:49:41,655 - INFO - Using font: Arial Unicode
2025-09-04 13:49:41,660 - INFO - Using font: Arial Unicode
2025-09-04 13:49:41,802 - INFO - Using font: Arial Unicode
2025-09-04 13:49:41,808 - INFO - Using font: Arial Unicode
2025-09-04 13:49:41,843 - INFO - Using font: Arial Unicode
2025-09-04 13:49:41,849 - INFO - Using font: Arial Unicode
2025-09-04 13:49:41,885 - INFO - Using font: Arial Unicode
2025-09-04 13:49:41,892 - INFO - Using font: Arial Unicode
2025-09-04 13:49:41,927 - INFO - Using font: Arial Unicode
2025-09-04 13:49:41,933 - INFO - Using font: Arial Unicode
2025-09-04 13:49:42,066 - INFO - Using font: Arial Unicode
2025-09-04 13:49:42,072 - INFO - Using font: Arial Unicode
2025-09-04 13:49:42,105 - INFO - Using font: Arial Unicode
2025-09-04 13:49:42,110 - INFO - Using font: Arial Unicode
2025-09-04 13:49:42,242 - INFO - Using font: Arial Unicode
2025-09-04 13:49:42,248 - INFO - Using font: Arial Unicode
2025-09-04 13:49:42,283 - INFO - Using font: Arial Unicode
2025-09-04 13:49:42,289 - INFO - Using font: Arial Unicode
2025-09-04 13:49:42,322 - INFO - Using font: Arial Unicode
2025-09-04 13:49:42,329 - INFO - Using font: Arial Unicode
2025-09-04 13:49:42,467 - INFO - Using font: Arial Unicode
2025-09-04 13:49:42,473 - INFO - Using font: Arial Unicode
2025-09-04 13:49:42,508 - INFO - Using font: Arial Unicode
2025-09-04 13:49:42,514 - INFO - Using font: Arial Unicode
2025-09-04 13:49:42,547 - INFO - Using font: Arial Unicode
2025-09-04 13:49:42,554 - INFO - Using font: Arial Unicode
2025-09-04 13:49:42,595 - INFO - Using font: Arial Unicode
2025-09-04 13:49:42,606 - INFO - Using font: Arial Unicode
2025-09-04 13:49:42,746 - INFO - Using font: Arial Unicode
2025-09-04 13:49:42,752 - INFO - Using font: Arial Unicode
2025-09-04 13:49:42,786 - INFO - Using font: Arial Unicode
2025-09-04 13:49:42,793 - INFO - Using font: Arial Unicode
2025-09-04 13:49:42,830 - INFO - Using font: Arial Unicode
2025-09-04 13:49:42,836 - INFO - Using font: Arial Unicode
2025-09-04 13:49:42,961 - INFO - Using font: Arial Unicode
2025-09-04 13:49:42,967 - INFO - Using font: Arial Unicode
2025-09-04 13:49:43,002 - INFO - Using font: Arial Unicode
2025-09-04 13:49:43,008 - INFO - Using font: Arial Unicode
2025-09-04 13:49:43,167 - INFO - Using font: Arial Unicode
2025-09-04 13:49:43,173 - INFO - Using font: Arial Unicode
2025-09-04 13:49:43,208 - INFO - Using font: Arial Unicode
2025-09-04 13:49:43,214 - INFO - Using font: Arial Unicode
2025-09-04 13:49:43,360 - INFO - Using font: Arial Unicode
2025-09-04 13:49:43,366 - INFO - Using font: Arial Unicode
2025-09-04 13:49:43,400 - INFO - Using font: Arial Unicode
2025-09-04 13:49:43,405 - INFO - Using font: Arial Unicode
2025-09-04 13:49:43,521 - INFO - Using font: Arial Unicode
2025-09-04 13:49:43,528 - INFO - Using font: Arial Unicode
2025-09-04 13:49:43,562 - INFO - Using font: Arial Unicode
2025-09-04 13:49:43,569 - INFO - Using font: Arial Unicode
2025-09-04 13:49:43,603 - INFO - Using font: Arial Unicode
2025-09-04 13:49:43,609 - INFO - Using font: Arial Unicode
2025-09-04 13:49:43,645 - INFO - Using font: Arial Unicode
2025-09-04 13:49:43,652 - INFO - Using font: Arial Unicode
2025-09-04 13:49:43,768 - INFO - Using font: Arial Unicode
2025-09-04 13:49:43,774 - INFO - Using font: Arial Unicode
2025-09-04 13:49:43,810 - INFO - Using font: Arial Unicode
2025-09-04 13:49:43,817 - INFO - Using font: Arial Unicode
2025-09-04 13:49:43,961 - INFO - Using font: Arial Unicode
2025-09-04 13:49:43,967 - INFO - Using font: Arial Unicode
2025-09-04 13:49:44,003 - INFO - Using font: Arial Unicode
2025-09-04 13:49:44,009 - INFO - Using font: Arial Unicode
2025-09-04 13:49:44,161 - INFO - Using font: Arial Unicode
2025-09-04 13:49:44,167 - INFO - Using font: Arial Unicode
2025-09-04 13:49:44,201 - INFO - Using font: Arial Unicode
2025-09-04 13:49:44,207 - INFO - Using font: Arial Unicode
2025-09-04 13:49:44,640 - INFO - Using font: Arial Unicode
2025-09-04 13:49:44,647 - INFO - Using font: Arial Unicode
2025-09-04 13:49:44,682 - INFO - Using font: Arial Unicode
2025-09-04 13:49:44,688 - INFO - Using font: Arial Unicode
2025-09-04 13:49:44,722 - INFO - Using font: Arial Unicode
2025-09-04 13:49:44,728 - INFO - Using font: Arial Unicode
2025-09-04 13:49:44,764 - INFO - Using font: Arial Unicode
2025-09-04 13:49:44,770 - INFO - Using font: Arial Unicode
2025-09-04 13:49:44,887 - INFO - Using font: Arial Unicode
2025-09-04 13:49:44,894 - INFO - Using font: Arial Unicode
2025-09-04 13:49:44,928 - INFO - Using font: Arial Unicode
2025-09-04 13:49:44,934 - INFO - Using font: Arial Unicode
2025-09-04 13:49:44,968 - INFO - Using font: Arial Unicode
2025-09-04 13:49:44,975 - INFO - Using font: Arial Unicode
2025-09-04 13:49:45,090 - INFO - Using font: Arial Unicode
2025-09-04 13:49:45,095 - INFO - Using font: Arial Unicode
2025-09-04 13:49:45,130 - INFO - Using font: Arial Unicode
2025-09-04 13:49:45,136 - INFO - Using font: Arial Unicode
2025-09-04 13:49:45,171 - INFO - Using font: Arial Unicode
2025-09-04 13:49:45,177 - INFO - Using font: Arial Unicode
2025-09-04 13:49:45,332 - INFO - Using font: Arial Unicode
2025-09-04 13:49:45,339 - INFO - Using font: Arial Unicode
2025-09-04 13:49:45,375 - INFO - Using font: Arial Unicode
2025-09-04 13:49:45,381 - INFO - Using font: Arial Unicode
2025-09-04 13:49:45,417 - INFO - Using font: Arial Unicode
2025-09-04 13:49:45,424 - INFO - Using font: Arial Unicode
2025-09-04 13:49:45,577 - INFO - Using font: Arial Unicode
2025-09-04 13:49:45,583 - INFO - Using font: Arial Unicode
2025-09-04 13:49:45,620 - INFO - Using font: Arial Unicode
2025-09-04 13:49:45,627 - INFO - Using font: Arial Unicode
2025-09-04 13:49:45,663 - INFO - Using font: Arial Unicode
2025-09-04 13:49:45,669 - INFO - Using font: Arial Unicode
2025-09-04 13:49:45,704 - INFO - Using font: Arial Unicode
2025-09-04 13:49:45,710 - INFO - Using font: Arial Unicode
2025-09-04 13:49:45,836 - INFO - Using font: Arial Unicode
2025-09-04 13:49:45,843 - INFO - Using font: Arial Unicode
2025-09-04 13:49:45,877 - INFO - Using font: Arial Unicode
2025-09-04 13:49:45,884 - INFO - Using font: Arial Unicode
2025-09-04 13:49:45,921 - INFO - Using font: Arial Unicode
2025-09-04 13:49:45,927 - INFO - Using font: Arial Unicode
2025-09-04 13:49:46,060 - INFO - Using font: Arial Unicode
2025-09-04 13:49:46,066 - INFO - Using font: Arial Unicode
2025-09-04 13:49:46,101 - INFO - Using font: Arial Unicode
2025-09-04 13:49:46,107 - INFO - Using font: Arial Unicode
2025-09-04 13:49:46,142 - INFO - Using font: Arial Unicode
2025-09-04 13:49:46,148 - INFO - Using font: Arial Unicode
2025-09-04 13:49:46,290 - INFO - Using font: Arial Unicode
2025-09-04 13:49:46,296 - INFO - Using font: Arial Unicode
2025-09-04 13:49:46,331 - INFO - Using font: Arial Unicode
2025-09-04 13:49:46,338 - INFO - Using font: Arial Unicode
2025-09-04 13:49:46,372 - INFO - Using font: Arial Unicode
2025-09-04 13:49:46,378 - INFO - Using font: Arial Unicode
2025-09-04 13:49:46,529 - INFO - Using font: Arial Unicode
2025-09-04 13:49:46,535 - INFO - Using font: Arial Unicode
2025-09-04 13:49:46,570 - INFO - Using font: Arial Unicode
2025-09-04 13:49:46,577 - INFO - Using font: Arial Unicode
2025-09-04 13:49:46,722 - INFO - Using font: Arial Unicode
2025-09-04 13:49:46,729 - INFO - Using font: Arial Unicode
2025-09-04 13:49:46,767 - INFO - Using font: Arial Unicode
2025-09-04 13:49:46,773 - INFO - Using font: Arial Unicode
2025-09-04 13:49:46,809 - INFO - Using font: Arial Unicode
2025-09-04 13:49:46,815 - INFO - Using font: Arial Unicode
2025-09-04 13:49:46,957 - INFO - Using font: Arial Unicode
2025-09-04 13:49:46,963 - INFO - Using font: Arial Unicode
2025-09-04 13:49:46,998 - INFO - Using font: Arial Unicode
2025-09-04 13:49:47,004 - INFO - Using font: Arial Unicode
2025-09-04 13:49:47,040 - INFO - Using font: Arial Unicode
2025-09-04 13:49:47,046 - INFO - Using font: Arial Unicode
2025-09-04 13:49:47,189 - INFO - Using font: Arial Unicode
2025-09-04 13:49:47,195 - INFO - Using font: Arial Unicode
2025-09-04 13:49:47,229 - INFO - Using font: Arial Unicode
2025-09-04 13:49:47,236 - INFO - Using font: Arial Unicode
2025-09-04 13:49:47,275 - INFO - Using font: Arial Unicode
2025-09-04 13:49:47,281 - INFO - Using font: Arial Unicode
2025-09-04 13:49:47,315 - INFO - Using font: Arial Unicode
2025-09-04 13:49:47,322 - INFO - Using font: Arial Unicode
2025-09-04 13:49:47,354 - INFO - Using font: Arial Unicode
2025-09-04 13:49:47,360 - INFO - Using font: Arial Unicode
2025-09-04 13:49:47,395 - INFO - Using font: Arial Unicode
2025-09-04 13:49:47,401 - INFO - Using font: Arial Unicode
2025-09-04 13:49:47,550 - INFO - Using font: Arial Unicode
2025-09-04 13:49:47,558 - INFO - Using font: Arial Unicode
2025-09-04 13:49:47,593 - INFO - Using font: Arial Unicode
2025-09-04 13:49:47,600 - INFO - Using font: Arial Unicode
2025-09-04 13:49:47,635 - INFO - Using font: Arial Unicode
2025-09-04 13:49:47,643 - INFO - Using font: Arial Unicode
2025-09-04 13:49:47,680 - INFO - Using font: Arial Unicode
2025-09-04 13:49:47,686 - INFO - Using font: Arial Unicode
2025-09-04 13:49:47,825 - INFO - Using font: Arial Unicode
2025-09-04 13:49:47,831 - INFO - Using font: Arial Unicode
2025-09-04 13:49:47,868 - INFO - Using font: Arial Unicode
2025-09-04 13:49:47,874 - INFO - Using font: Arial Unicode
2025-09-04 13:49:47,909 - INFO - Using font: Arial Unicode
2025-09-04 13:49:47,915 - INFO - Using font: Arial Unicode
2025-09-04 13:49:47,950 - INFO - Using font: Arial Unicode
2025-09-04 13:49:47,957 - INFO - Using font: Arial Unicode
2025-09-04 13:49:48,076 - INFO - Using font: Arial Unicode
2025-09-04 13:49:48,083 - INFO - Using font: Arial Unicode
2025-09-04 13:49:48,116 - INFO - Using font: Arial Unicode
2025-09-04 13:49:48,123 - INFO - Using font: Arial Unicode
2025-09-04 13:49:48,157 - INFO - Using font: Arial Unicode
2025-09-04 13:49:48,163 - INFO - Using font: Arial Unicode
2025-09-04 13:49:48,196 - INFO - Using font: Arial Unicode
2025-09-04 13:49:48,203 - INFO - Using font: Arial Unicode
2025-09-04 13:49:48,322 - INFO - Using font: Arial Unicode
2025-09-04 13:49:48,328 - INFO - Using font: Arial Unicode
2025-09-04 13:49:48,365 - INFO - Using font: Arial Unicode
2025-09-04 13:49:48,372 - INFO - Using font: Arial Unicode
2025-09-04 13:49:48,409 - INFO - Using font: Arial Unicode
2025-09-04 13:49:48,416 - INFO - Using font: Arial Unicode
2025-09-04 13:49:48,553 - INFO - Using font: Arial Unicode
2025-09-04 13:49:48,560 - INFO - Using font: Arial Unicode
2025-09-04 13:49:48,595 - INFO - Using font: Arial Unicode
2025-09-04 13:49:48,601 - INFO - Using font: Arial Unicode
2025-09-04 13:49:48,636 - INFO - Using font: Arial Unicode
2025-09-04 13:49:48,642 - INFO - Using font: Arial Unicode
2025-09-04 13:49:48,677 - INFO - Using font: Arial Unicode
2025-09-04 13:49:48,684 - INFO - Using font: Arial Unicode
2025-09-04 13:49:48,717 - INFO - Using font: Arial Unicode
2025-09-04 13:49:48,724 - INFO - Using font: Arial Unicode
2025-09-04 13:49:48,851 - INFO - Using font: Arial Unicode
2025-09-04 13:49:48,858 - INFO - Using font: Arial Unicode
2025-09-04 13:49:48,892 - INFO - Using font: Arial Unicode
2025-09-04 13:49:48,898 - INFO - Using font: Arial Unicode
2025-09-04 13:49:48,933 - INFO - Using font: Arial Unicode
2025-09-04 13:49:48,939 - INFO - Using font: Arial Unicode
2025-09-04 13:49:48,977 - INFO - Using font: Arial Unicode
2025-09-04 13:49:48,983 - INFO - Using font: Arial Unicode
2025-09-04 13:49:49,114 - INFO - Using font: Arial Unicode
2025-09-04 13:49:49,120 - INFO - Using font: Arial Unicode
2025-09-04 13:49:49,154 - INFO - Using font: Arial Unicode
2025-09-04 13:49:49,160 - INFO - Using font: Arial Unicode
2025-09-04 13:49:49,194 - INFO - Using font: Arial Unicode
2025-09-04 13:49:49,200 - INFO - Using font: Arial Unicode
2025-09-04 13:49:49,334 - INFO - Using font: Arial Unicode
2025-09-04 13:49:49,340 - INFO - Using font: Arial Unicode
2025-09-04 13:49:49,376 - INFO - Using font: Arial Unicode
2025-09-04 13:49:49,382 - INFO - Using font: Arial Unicode
2025-09-04 13:49:49,528 - INFO - Using font: Arial Unicode
2025-09-04 13:49:49,535 - INFO - Using font: Arial Unicode
2025-09-04 13:49:49,569 - INFO - Using font: Arial Unicode
2025-09-04 13:49:49,577 - INFO - Using font: Arial Unicode
2025-09-04 13:49:49,615 - INFO - Using font: Arial Unicode
2025-09-04 13:49:49,626 - INFO - Using font: Arial Unicode
2025-09-04 13:49:49,771 - INFO - Using font: Arial Unicode
2025-09-04 13:49:49,779 - INFO - Using font: Arial Unicode
2025-09-04 13:49:49,817 - INFO - Using font: Arial Unicode
2025-09-04 13:49:49,823 - INFO - Using font: Arial Unicode
2025-09-04 13:49:49,861 - INFO - Using font: Arial Unicode
2025-09-04 13:49:49,867 - INFO - Using font: Arial Unicode
2025-09-04 13:49:49,901 - INFO - Using font: Arial Unicode
2025-09-04 13:49:49,908 - INFO - Using font: Arial Unicode
2025-09-04 13:49:50,060 - INFO - Using font: Arial Unicode
2025-09-04 13:49:50,067 - INFO - Using font: Arial Unicode
2025-09-04 13:49:50,101 - INFO - Using font: Arial Unicode
2025-09-04 13:49:50,110 - INFO - Using font: Arial Unicode
2025-09-04 13:49:50,267 - INFO - Using font: Arial Unicode
2025-09-04 13:49:50,273 - INFO - Using font: Arial Unicode
2025-09-04 13:49:50,310 - INFO - Using font: Arial Unicode
2025-09-04 13:49:50,317 - INFO - Using font: Arial Unicode
2025-09-04 13:49:50,351 - INFO - Using font: Arial Unicode
2025-09-04 13:49:50,358 - INFO - Using font: Arial Unicode
2025-09-04 13:49:50,490 - INFO - Using font: Arial Unicode
2025-09-04 13:49:50,496 - INFO - Using font: Arial Unicode
2025-09-04 13:49:50,530 - INFO - Using font: Arial Unicode
2025-09-04 13:49:50,537 - INFO - Using font: Arial Unicode
2025-09-04 13:49:50,661 - INFO - Using font: Arial Unicode
2025-09-04 13:49:50,668 - INFO - Using font: Arial Unicode
2025-09-04 13:49:50,704 - INFO - Using font: Arial Unicode
2025-09-04 13:49:50,710 - INFO - Using font: Arial Unicode
2025-09-04 13:49:50,744 - INFO - Using font: Arial Unicode
2025-09-04 13:49:50,751 - INFO - Using font: Arial Unicode
2025-09-04 13:49:50,887 - INFO - Using font: Arial Unicode
2025-09-04 13:49:50,893 - INFO - Using font: Arial Unicode
2025-09-04 13:49:50,927 - INFO - Using font: Arial Unicode
2025-09-04 13:49:50,934 - INFO - Using font: Arial Unicode
2025-09-04 13:49:51,095 - INFO - Using font: Arial Unicode
2025-09-04 13:49:51,101 - INFO - Using font: Arial Unicode
2025-09-04 13:49:51,138 - INFO - Using font: Arial Unicode
2025-09-04 13:49:51,145 - INFO - Using font: Arial Unicode
2025-09-04 13:49:51,177 - INFO - Using font: Arial Unicode
2025-09-04 13:49:51,184 - INFO - Using font: Arial Unicode
2025-09-04 13:49:51,345 - INFO - Using font: Arial Unicode
2025-09-04 13:49:51,351 - INFO - Using font: Arial Unicode
2025-09-04 13:49:51,385 - INFO - Using font: Arial Unicode
2025-09-04 13:49:51,392 - INFO - Using font: Arial Unicode
2025-09-04 13:49:51,427 - INFO - Using font: Arial Unicode
2025-09-04 13:49:51,434 - INFO - Using font: Arial Unicode
2025-09-04 13:49:51,470 - INFO - Using font: Arial Unicode
2025-09-04 13:49:51,476 - INFO - Using font: Arial Unicode
2025-09-04 13:49:51,511 - INFO - Using font: Arial Unicode
2025-09-04 13:49:51,517 - INFO - Using font: Arial Unicode
2025-09-04 13:49:51,552 - INFO - Using font: Arial Unicode
2025-09-04 13:49:51,558 - INFO - Using font: Arial Unicode
2025-09-04 13:49:51,698 - INFO - Using font: Arial Unicode
2025-09-04 13:49:51,705 - INFO - Using font: Arial Unicode
2025-09-04 13:49:51,740 - INFO - Using font: Arial Unicode
2025-09-04 13:49:51,747 - INFO - Using font: Arial Unicode
2025-09-04 13:49:51,900 - INFO - Using font: Arial Unicode
2025-09-04 13:49:51,906 - INFO - Using font: Arial Unicode
2025-09-04 13:49:51,944 - INFO - Using font: Arial Unicode
2025-09-04 13:49:51,950 - INFO - Using font: Arial Unicode
2025-09-04 13:49:51,989 - INFO - Using font: Arial Unicode
2025-09-04 13:49:51,995 - INFO - Using font: Arial Unicode
2025-09-04 13:49:52,122 - INFO - Using font: Arial Unicode
2025-09-04 13:49:52,128 - INFO - Using font: Arial Unicode
2025-09-04 13:49:52,164 - INFO - Using font: Arial Unicode
2025-09-04 13:49:52,171 - INFO - Using font: Arial Unicode
2025-09-04 13:49:52,207 - INFO - Using font: Arial Unicode
2025-09-04 13:49:52,214 - INFO - Using font: Arial Unicode
2025-09-04 13:49:52,355 - INFO - Using font: Arial Unicode
2025-09-04 13:49:52,361 - INFO - Using font: Arial Unicode
2025-09-04 13:49:52,397 - INFO - Using font: Arial Unicode
2025-09-04 13:49:52,404 - INFO - Using font: Arial Unicode
2025-09-04 13:49:52,441 - INFO - Using font: Arial Unicode
2025-09-04 13:49:52,448 - INFO - Using font: Arial Unicode
2025-09-04 13:49:52,603 - INFO - Using font: Arial Unicode
2025-09-04 13:49:52,610 - INFO - Using font: Arial Unicode
2025-09-04 13:49:52,648 - INFO - Using font: Arial Unicode
2025-09-04 13:49:52,656 - INFO - Using font: Arial Unicode
2025-09-04 13:49:52,691 - INFO - Using font: Arial Unicode
2025-09-04 13:49:52,698 - INFO - Using font: Arial Unicode
2025-09-04 13:49:52,840 - INFO - Using font: Arial Unicode
2025-09-04 13:49:52,846 - INFO - Using font: Arial Unicode
2025-09-04 13:49:52,881 - INFO - Using font: Arial Unicode
2025-09-04 13:49:52,887 - INFO - Using font: Arial Unicode
2025-09-04 13:49:52,923 - INFO - Using font: Arial Unicode
2025-09-04 13:49:52,930 - INFO - Using font: Arial Unicode
2025-09-04 13:49:52,965 - INFO - Using font: Arial Unicode
2025-09-04 13:49:52,973 - INFO - Using font: Arial Unicode
2025-09-04 13:49:53,132 - INFO - Using font: Arial Unicode
2025-09-04 13:49:53,138 - INFO - Using font: Arial Unicode
2025-09-04 13:49:53,321 - INFO - Using font: Arial Unicode
2025-09-04 13:49:53,329 - INFO - Using font: Arial Unicode
2025-09-04 13:49:53,367 - INFO - Using font: Arial Unicode
2025-09-04 13:49:53,374 - INFO - Using font: Arial Unicode
2025-09-04 13:49:53,409 - INFO - Using font: Arial Unicode
2025-09-04 13:49:53,415 - INFO - Using font: Arial Unicode
2025-09-04 13:49:53,568 - INFO - Using font: Arial Unicode
2025-09-04 13:49:53,576 - INFO - Using font: Arial Unicode
2025-09-04 13:49:53,618 - INFO - Using font: Arial Unicode
2025-09-04 13:49:53,625 - INFO - Using font: Arial Unicode
2025-09-04 13:49:53,669 - INFO - Using font: Arial Unicode
2025-09-04 13:49:53,677 - INFO - Using font: Arial Unicode
2025-09-04 13:49:53,800 - INFO - Using font: Arial Unicode
2025-09-04 13:49:53,806 - INFO - Using font: Arial Unicode
2025-09-04 13:49:53,843 - INFO - Using font: Arial Unicode
2025-09-04 13:49:53,850 - INFO - Using font: Arial Unicode
2025-09-04 13:49:53,887 - INFO - Using font: Arial Unicode
2025-09-04 13:49:53,894 - INFO - Using font: Arial Unicode
2025-09-04 13:49:53,931 - INFO - Using font: Arial Unicode
2025-09-04 13:49:53,938 - INFO - Using font: Arial Unicode
2025-09-04 13:49:53,973 - INFO - Using font: Arial Unicode
2025-09-04 13:49:53,979 - INFO - Using font: Arial Unicode
2025-09-04 13:49:54,019 - INFO - Using font: Arial Unicode
2025-09-04 13:49:54,025 - INFO - Using font: Arial Unicode
2025-09-04 13:49:54,157 - INFO - Using font: Arial Unicode
2025-09-04 13:49:54,163 - INFO - Using font: Arial Unicode
2025-09-04 13:49:54,206 - INFO - Using font: Arial Unicode
2025-09-04 13:49:54,212 - INFO - Using font: Arial Unicode
2025-09-04 13:49:54,335 - INFO - Using font: Arial Unicode
2025-09-04 13:49:54,341 - INFO - Using font: Arial Unicode
2025-09-04 13:49:54,380 - INFO - Using font: Arial Unicode
2025-09-04 13:49:54,386 - INFO - Using font: Arial Unicode
2025-09-04 13:49:54,426 - INFO - Using font: Arial Unicode
2025-09-04 13:49:54,434 - INFO - Using font: Arial Unicode
2025-09-04 13:49:54,551 - INFO - Using font: Arial Unicode
2025-09-04 13:49:54,557 - INFO - Using font: Arial Unicode
2025-09-04 13:49:54,592 - INFO - Using font: Arial Unicode
2025-09-04 13:49:54,598 - INFO - Using font: Arial Unicode
2025-09-04 13:49:54,632 - INFO - Using font: Arial Unicode
2025-09-04 13:49:54,639 - INFO - Using font: Arial Unicode
2025-09-04 13:49:54,797 - INFO - Using font: Arial Unicode
2025-09-04 13:49:54,803 - INFO - Using font: Arial Unicode
2025-09-04 13:49:54,837 - INFO - Using font: Arial Unicode
2025-09-04 13:49:54,843 - INFO - Using font: Arial Unicode
2025-09-04 13:49:54,999 - INFO - Using font: Arial Unicode
2025-09-04 13:49:55,005 - INFO - Using font: Arial Unicode
2025-09-04 13:49:55,041 - INFO - Using font: Arial Unicode
2025-09-04 13:49:55,047 - INFO - Using font: Arial Unicode
2025-09-04 13:49:55,190 - INFO - Using font: Arial Unicode
2025-09-04 13:49:55,196 - INFO - Using font: Arial Unicode
2025-09-04 13:49:55,231 - INFO - Using font: Arial Unicode
2025-09-04 13:49:55,237 - INFO - Using font: Arial Unicode
2025-09-04 13:49:55,384 - INFO - Using font: Arial Unicode
2025-09-04 13:49:55,390 - INFO - Using font: Arial Unicode
2025-09-04 13:49:55,425 - INFO - Using font: Arial Unicode
2025-09-04 13:49:55,431 - INFO - Using font: Arial Unicode
2025-09-04 13:49:55,468 - INFO - Using font: Arial Unicode
2025-09-04 13:49:55,474 - INFO - Using font: Arial Unicode
2025-09-04 13:49:55,611 - INFO - Using font: Arial Unicode
2025-09-04 13:49:55,617 - INFO - Using font: Arial Unicode
2025-09-04 13:49:55,656 - INFO - Using font: Arial Unicode
2025-09-04 13:49:55,662 - INFO - Using font: Arial Unicode
2025-09-04 13:49:55,698 - INFO - Using font: Arial Unicode
2025-09-04 13:49:55,705 - INFO - Using font: Arial Unicode
2025-09-04 13:49:55,854 - INFO - Using font: Arial Unicode
2025-09-04 13:49:55,861 - INFO - Using font: Arial Unicode
2025-09-04 13:49:55,896 - INFO - Using font: Arial Unicode
2025-09-04 13:49:55,902 - INFO - Using font: Arial Unicode
2025-09-04 13:49:56,021 - INFO - Using font: Arial Unicode
2025-09-04 13:49:56,027 - INFO - Using font: Arial Unicode
2025-09-04 13:49:56,062 - INFO - Using font: Arial Unicode
2025-09-04 13:49:56,068 - INFO - Using font: Arial Unicode
2025-09-04 13:49:56,234 - INFO - Using font: Arial Unicode
2025-09-04 13:49:56,240 - INFO - Using font: Arial Unicode
2025-09-04 13:49:56,276 - INFO - Using font: Arial Unicode
2025-09-04 13:49:56,282 - INFO - Using font: Arial Unicode
2025-09-04 13:49:56,418 - INFO - Using font: Arial Unicode
2025-09-04 13:49:56,424 - INFO - Using font: Arial Unicode
2025-09-04 13:49:56,459 - INFO - Using font: Arial Unicode
2025-09-04 13:49:56,465 - INFO - Using font: Arial Unicode
2025-09-04 13:49:56,620 - INFO - Using font: Arial Unicode
2025-09-04 13:49:56,627 - INFO - Using font: Arial Unicode
2025-09-04 13:49:56,663 - INFO - Using font: Arial Unicode
2025-09-04 13:49:56,669 - INFO - Using font: Arial Unicode
2025-09-04 13:49:56,792 - INFO - Using font: Arial Unicode
2025-09-04 13:49:56,799 - INFO - Using font: Arial Unicode
2025-09-04 13:49:56,835 - INFO - Using font: Arial Unicode
2025-09-04 13:49:56,841 - INFO - Using font: Arial Unicode
2025-09-04 13:49:56,875 - INFO - Using font: Arial Unicode
2025-09-04 13:49:56,881 - INFO - Using font: Arial Unicode
2025-09-04 13:49:57,018 - INFO - Using font: Arial Unicode
2025-09-04 13:49:57,025 - INFO - Using font: Arial Unicode
2025-09-04 13:49:57,059 - INFO - Using font: Arial Unicode
2025-09-04 13:49:57,065 - INFO - Using font: Arial Unicode
2025-09-04 13:49:57,101 - INFO - Using font: Arial Unicode
2025-09-04 13:49:57,107 - INFO - Using font: Arial Unicode
2025-09-04 13:49:57,244 - INFO - Using font: Arial Unicode
2025-09-04 13:49:57,251 - INFO - Using font: Arial Unicode
2025-09-04 13:49:57,284 - INFO - Using font: Arial Unicode
2025-09-04 13:49:57,291 - INFO - Using font: Arial Unicode
2025-09-04 13:49:57,326 - INFO - Using font: Arial Unicode
2025-09-04 13:49:57,332 - INFO - Using font: Arial Unicode
2025-09-04 13:49:57,366 - INFO - Using font: Arial Unicode
2025-09-04 13:49:57,373 - INFO - Using font: Arial Unicode
2025-09-04 13:49:57,545 - INFO - Using font: Arial Unicode
2025-09-04 13:49:57,552 - INFO - Using font: Arial Unicode
2025-09-04 13:49:57,586 - INFO - Using font: Arial Unicode
2025-09-04 13:49:57,592 - INFO - Using font: Arial Unicode
2025-09-04 13:49:57,627 - INFO - Using font: Arial Unicode
2025-09-04 13:49:57,634 - INFO - Using font: Arial Unicode
2025-09-04 13:49:57,762 - INFO - Using font: Arial Unicode
2025-09-04 13:49:57,768 - INFO - Using font: Arial Unicode
2025-09-04 13:49:57,802 - INFO - Using font: Arial Unicode
2025-09-04 13:49:57,808 - INFO - Using font: Arial Unicode
2025-09-04 13:49:57,843 - INFO - Using font: Arial Unicode
2025-09-04 13:49:57,849 - INFO - Using font: Arial Unicode
2025-09-04 13:49:57,883 - INFO - Using font: Arial Unicode
2025-09-04 13:49:57,889 - INFO - Using font: Arial Unicode
2025-09-04 13:49:58,020 - INFO - Using font: Arial Unicode
2025-09-04 13:49:58,026 - INFO - Using font: Arial Unicode
2025-09-04 13:49:58,060 - INFO - Using font: Arial Unicode
2025-09-04 13:49:58,066 - INFO - Using font: Arial Unicode
2025-09-04 13:49:58,196 - INFO - Using font: Arial Unicode
2025-09-04 13:49:58,203 - INFO - Using font: Arial Unicode
2025-09-04 13:49:58,238 - INFO - Using font: Arial Unicode
2025-09-04 13:49:58,244 - INFO - Using font: Arial Unicode
2025-09-04 13:49:58,396 - INFO - Using font: Arial Unicode
2025-09-04 13:49:58,402 - INFO - Using font: Arial Unicode
2025-09-04 13:49:58,437 - INFO - Using font: Arial Unicode
2025-09-04 13:49:58,443 - INFO - Using font: Arial Unicode
2025-09-04 13:49:58,584 - INFO - Using font: Arial Unicode
2025-09-04 13:49:58,590 - INFO - Using font: Arial Unicode
2025-09-04 13:49:58,624 - INFO - Using font: Arial Unicode
2025-09-04 13:49:58,630 - INFO - Using font: Arial Unicode
2025-09-04 13:49:58,666 - INFO - Using font: Arial Unicode
2025-09-04 13:49:58,672 - INFO - Using font: Arial Unicode
2025-09-04 13:49:58,809 - INFO - Using font: Arial Unicode
2025-09-04 13:49:58,815 - INFO - Using font: Arial Unicode
2025-09-04 13:49:58,850 - INFO - Using font: Arial Unicode
2025-09-04 13:49:58,856 - INFO - Using font: Arial Unicode
2025-09-04 13:49:58,891 - INFO - Using font: Arial Unicode
2025-09-04 13:49:58,898 - INFO - Using font: Arial Unicode
2025-09-04 13:49:58,934 - INFO - Using font: Arial Unicode
2025-09-04 13:49:58,941 - INFO - Using font: Arial Unicode
2025-09-04 13:49:59,094 - INFO - Using font: Arial Unicode
2025-09-04 13:49:59,100 - INFO - Using font: Arial Unicode
2025-09-04 13:49:59,136 - INFO - Using font: Arial Unicode
2025-09-04 13:49:59,142 - INFO - Using font: Arial Unicode
2025-09-04 13:49:59,175 - INFO - Using font: Arial Unicode
2025-09-04 13:49:59,182 - INFO - Using font: Arial Unicode
2025-09-04 13:49:59,315 - INFO - Using font: Arial Unicode
2025-09-04 13:49:59,322 - INFO - Using font: Arial Unicode
2025-09-04 13:49:59,356 - INFO - Using font: Arial Unicode
2025-09-04 13:49:59,362 - INFO - Using font: Arial Unicode
2025-09-04 13:49:59,489 - INFO - Using font: Arial Unicode
2025-09-04 13:49:59,496 - INFO - Using font: Arial Unicode
2025-09-04 13:49:59,531 - INFO - Using font: Arial Unicode
2025-09-04 13:49:59,537 - INFO - Using font: Arial Unicode
2025-09-04 13:49:59,571 - INFO - Using font: Arial Unicode
2025-09-04 13:49:59,578 - INFO - Using font: Arial Unicode
2025-09-04 13:49:59,614 - INFO - Using font: Arial Unicode
2025-09-04 13:49:59,620 - INFO - Using font: Arial Unicode
2025-09-04 13:49:59,754 - INFO - Using font: Arial Unicode
2025-09-04 13:49:59,761 - INFO - Using font: Arial Unicode
2025-09-04 13:49:59,907 - INFO - Using font: Arial Unicode
2025-09-04 13:49:59,914 - INFO - Using font: Arial Unicode
2025-09-04 13:50:02,248 - INFO - Using font: Arial Unicode
2025-09-04 13:50:02,255 - INFO - Using font: Arial Unicode
2025-09-04 13:50:02,352 - INFO - Using font: Arial Unicode
2025-09-04 13:50:02,359 - INFO - Using font: Arial Unicode
2025-09-04 13:50:02,454 - INFO - Using font: Arial Unicode
2025-09-04 13:50:02,461 - INFO - Using font: Arial Unicode
2025-09-04 13:50:02,573 - INFO - Using font: Arial Unicode
2025-09-04 13:50:02,579 - INFO - Using font: Arial Unicode
2025-09-04 13:50:02,682 - INFO - Using font: Arial Unicode
2025-09-04 13:50:02,689 - INFO - Using font: Arial Unicode
2025-09-04 13:50:02,724 - INFO - Using font: Arial Unicode
2025-09-04 13:50:02,730 - INFO - Using font: Arial Unicode
2025-09-04 13:50:02,765 - INFO - Using font: Arial Unicode
2025-09-04 13:50:02,771 - INFO - Using font: Arial Unicode
2025-09-04 13:50:02,882 - INFO - Using font: Arial Unicode
2025-09-04 13:50:02,888 - INFO - Using font: Arial Unicode
2025-09-04 13:50:02,921 - INFO - Using font: Arial Unicode
2025-09-04 13:50:02,927 - INFO - Using font: Arial Unicode
2025-09-04 13:50:02,964 - INFO - Using font: Arial Unicode
2025-09-04 13:50:02,970 - INFO - Using font: Arial Unicode
2025-09-04 13:50:03,092 - INFO - Using font: Arial Unicode
2025-09-04 13:50:03,098 - INFO - Using font: Arial Unicode
2025-09-04 13:50:03,242 - INFO - Using font: Arial Unicode
2025-09-04 13:50:03,248 - INFO - Using font: Arial Unicode
2025-09-04 13:50:03,284 - INFO - Using font: Arial Unicode
2025-09-04 13:50:03,290 - INFO - Using font: Arial Unicode
2025-09-04 13:50:03,325 - INFO - Using font: Arial Unicode
2025-09-04 13:50:03,331 - INFO - Using font: Arial Unicode
2025-09-04 13:50:03,493 - INFO - Using font: Arial Unicode
2025-09-04 13:50:03,499 - INFO - Using font: Arial Unicode
2025-09-04 13:50:03,535 - INFO - Using font: Arial Unicode
2025-09-04 13:50:03,541 - INFO - Using font: Arial Unicode
2025-09-04 13:50:03,676 - INFO - Using font: Arial Unicode
2025-09-04 13:50:03,683 - INFO - Using font: Arial Unicode
2025-09-04 13:50:03,720 - INFO - Using font: Arial Unicode
2025-09-04 13:50:03,727 - INFO - Using font: Arial Unicode
2025-09-04 13:50:03,890 - INFO - Using font: Arial Unicode
2025-09-04 13:50:03,897 - INFO - Using font: Arial Unicode
2025-09-04 13:50:04,033 - INFO - Using font: Arial Unicode
2025-09-04 13:50:04,039 - INFO - Using font: Arial Unicode
2025-09-04 13:50:04,182 - INFO - Using font: Arial Unicode
2025-09-04 13:50:04,188 - INFO - Using font: Arial Unicode
2025-09-04 13:50:04,249 - INFO - Using font: Arial Unicode
2025-09-04 13:50:04,257 - INFO - Using font: Arial Unicode
2025-09-04 13:50:04,378 - INFO - Using font: Arial Unicode
2025-09-04 13:50:04,384 - INFO - Using font: Arial Unicode
2025-09-04 13:50:04,508 - INFO - Using font: Arial Unicode
2025-09-04 13:50:04,515 - INFO - Using font: Arial Unicode
2025-09-04 13:50:04,634 - INFO - Using font: Arial Unicode
2025-09-04 13:50:04,641 - INFO - Using font: Arial Unicode
2025-09-04 13:50:04,782 - INFO - Using font: Arial Unicode
2025-09-04 13:50:04,788 - INFO - Using font: Arial Unicode
2025-09-04 13:50:04,823 - INFO - Using font: Arial Unicode
2025-09-04 13:50:04,830 - INFO - Using font: Arial Unicode
2025-09-04 13:50:04,945 - INFO - Using font: Arial Unicode
2025-09-04 13:50:04,952 - INFO - Using font: Arial Unicode
2025-09-04 13:50:05,082 - INFO - Using font: Arial Unicode
2025-09-04 13:50:05,088 - INFO - Using font: Arial Unicode
2025-09-04 13:50:05,252 - INFO - Using font: Arial Unicode
2025-09-04 13:50:05,259 - INFO - Using font: Arial Unicode
2025-09-04 13:50:05,293 - INFO - Using font: Arial Unicode
2025-09-04 13:50:05,299 - INFO - Using font: Arial Unicode
2025-09-04 13:50:05,906 - INFO - Using font: Arial Unicode
2025-09-04 13:50:05,912 - INFO - Using font: Arial Unicode
2025-09-04 13:50:05,946 - INFO - Using font: Arial Unicode
2025-09-04 13:50:05,953 - INFO - Using font: Arial Unicode
2025-09-04 13:50:05,987 - INFO - Using font: Arial Unicode
2025-09-04 13:50:05,993 - INFO - Using font: Arial Unicode
2025-09-04 13:50:06,142 - INFO - Using font: Arial Unicode
2025-09-04 13:50:06,148 - INFO - Using font: Arial Unicode
2025-09-04 13:50:06,182 - INFO - Using font: Arial Unicode
2025-09-04 13:50:06,188 - INFO - Using font: Arial Unicode
2025-09-04 13:50:06,302 - INFO - Using font: Arial Unicode
2025-09-04 13:50:06,308 - INFO - Using font: Arial Unicode
2025-09-04 13:50:06,342 - INFO - Using font: Arial Unicode
2025-09-04 13:50:06,348 - INFO - Using font: Arial Unicode
2025-09-04 13:50:06,383 - INFO - Using font: Arial Unicode
2025-09-04 13:50:06,389 - INFO - Using font: Arial Unicode
2025-09-04 13:50:06,512 - INFO - Using font: Arial Unicode
2025-09-04 13:50:06,519 - INFO - Using font: Arial Unicode
2025-09-04 13:50:06,554 - INFO - Using font: Arial Unicode
2025-09-04 13:50:06,560 - INFO - Using font: Arial Unicode
2025-09-04 13:50:06,594 - INFO - Using font: Arial Unicode
2025-09-04 13:50:06,600 - INFO - Using font: Arial Unicode
2025-09-04 13:50:06,634 - INFO - Using font: Arial Unicode
2025-09-04 13:50:06,641 - INFO - Using font: Arial Unicode
2025-09-04 13:50:06,763 - INFO - Using font: Arial Unicode
2025-09-04 13:50:06,770 - INFO - Using font: Arial Unicode
2025-09-04 13:50:06,804 - INFO - Using font: Arial Unicode
2025-09-04 13:50:06,810 - INFO - Using font: Arial Unicode
2025-09-04 13:50:06,844 - INFO - Using font: Arial Unicode
2025-09-04 13:50:06,850 - INFO - Using font: Arial Unicode
2025-09-04 13:50:06,884 - INFO - Using font: Arial Unicode
2025-09-04 13:50:06,891 - INFO - Using font: Arial Unicode
2025-09-04 13:50:06,926 - INFO - Using font: Arial Unicode
2025-09-04 13:50:06,933 - INFO - Using font: Arial Unicode
2025-09-04 13:50:06,968 - INFO - Using font: Arial Unicode
2025-09-04 13:50:06,975 - INFO - Using font: Arial Unicode
2025-09-04 13:50:07,108 - INFO - Using font: Arial Unicode
2025-09-04 13:50:07,114 - INFO - Using font: Arial Unicode
2025-09-04 13:50:07,148 - INFO - Using font: Arial Unicode
2025-09-04 13:50:07,154 - INFO - Using font: Arial Unicode
2025-09-04 13:50:07,189 - INFO - Using font: Arial Unicode
2025-09-04 13:50:07,195 - INFO - Using font: Arial Unicode
2025-09-04 13:50:07,230 - INFO - Using font: Arial Unicode
2025-09-04 13:50:07,237 - INFO - Using font: Arial Unicode
2025-09-04 13:50:07,272 - INFO - Using font: Arial Unicode
2025-09-04 13:50:07,278 - INFO - Using font: Arial Unicode
2025-09-04 13:50:07,398 - INFO - Using font: Arial Unicode
2025-09-04 13:50:07,404 - INFO - Using font: Arial Unicode
2025-09-04 13:50:07,446 - INFO - Using font: Arial Unicode
2025-09-04 13:50:07,454 - INFO - Using font: Arial Unicode
2025-09-04 13:50:07,498 - INFO - Using font: Arial Unicode
2025-09-04 13:50:07,505 - INFO - Using font: Arial Unicode
2025-09-04 13:50:07,636 - INFO - Using font: Arial Unicode
2025-09-04 13:50:07,642 - INFO - Using font: Arial Unicode
2025-09-04 13:50:07,774 - INFO - Using font: Arial Unicode
2025-09-04 13:50:07,781 - INFO - Using font: Arial Unicode
2025-09-04 13:50:07,951 - INFO - Using font: Arial Unicode
2025-09-04 13:50:07,958 - INFO - Using font: Arial Unicode
2025-09-04 13:50:07,995 - INFO - Using font: Arial Unicode
2025-09-04 13:50:08,002 - INFO - Using font: Arial Unicode
2025-09-04 13:50:08,131 - INFO - Using font: Arial Unicode
2025-09-04 13:50:08,138 - INFO - Using font: Arial Unicode
2025-09-04 13:50:08,172 - INFO - Using font: Arial Unicode
2025-09-04 13:50:08,179 - INFO - Using font: Arial Unicode
2025-09-04 13:50:08,214 - INFO - Using font: Arial Unicode
2025-09-04 13:50:08,221 - INFO - Using font: Arial Unicode
2025-09-04 13:50:08,258 - INFO - Using font: Arial Unicode
2025-09-04 13:50:08,264 - INFO - Using font: Arial Unicode
2025-09-04 13:50:08,297 - INFO - Using font: Arial Unicode
2025-09-04 13:50:08,304 - INFO - Using font: Arial Unicode
2025-09-04 13:50:08,433 - INFO - Using font: Arial Unicode
2025-09-04 13:50:08,440 - INFO - Using font: Arial Unicode
2025-09-04 13:50:08,565 - INFO - Using font: Arial Unicode
2025-09-04 13:50:08,572 - INFO - Using font: Arial Unicode
2025-09-04 13:50:08,606 - INFO - Using font: Arial Unicode
2025-09-04 13:50:08,613 - INFO - Using font: Arial Unicode
2025-09-04 13:50:08,734 - INFO - Using font: Arial Unicode
2025-09-04 13:50:08,741 - INFO - Using font: Arial Unicode
2025-09-04 13:50:08,874 - INFO - Using font: Arial Unicode
2025-09-04 13:50:08,880 - INFO - Using font: Arial Unicode
2025-09-04 13:50:09,011 - INFO - Using font: Arial Unicode
2025-09-04 13:50:09,018 - INFO - Using font: Arial Unicode
2025-09-04 13:50:09,053 - INFO - Using font: Arial Unicode
2025-09-04 13:50:09,059 - INFO - Using font: Arial Unicode
2025-09-04 13:50:09,206 - INFO - Using font: Arial Unicode
2025-09-04 13:50:09,213 - INFO - Using font: Arial Unicode
2025-09-04 13:50:09,246 - INFO - Using font: Arial Unicode
2025-09-04 13:50:09,253 - INFO - Using font: Arial Unicode
2025-09-04 13:50:09,364 - INFO - Using font: Arial Unicode
2025-09-04 13:50:09,371 - INFO - Using font: Arial Unicode
2025-09-04 13:50:09,404 - INFO - Using font: Arial Unicode
2025-09-04 13:50:09,411 - INFO - Using font: Arial Unicode
2025-09-04 13:50:09,453 - INFO - Using font: Arial Unicode
2025-09-04 13:50:09,460 - INFO - Using font: Arial Unicode
2025-09-04 13:50:09,573 - INFO - Using font: Arial Unicode
2025-09-04 13:50:09,579 - INFO - Using font: Arial Unicode
2025-09-04 13:50:09,722 - INFO - Using font: Arial Unicode
2025-09-04 13:50:09,730 - INFO - Using font: Arial Unicode
2025-09-04 13:50:09,870 - INFO - Using font: Arial Unicode
2025-09-04 13:50:09,876 - INFO - Using font: Arial Unicode
2025-09-04 13:50:10,003 - INFO - Using font: Arial Unicode
2025-09-04 13:50:10,009 - INFO - Using font: Arial Unicode
2025-09-04 13:50:10,049 - INFO - Using font: Arial Unicode
2025-09-04 13:50:10,056 - INFO - Using font: Arial Unicode
2025-09-04 13:50:10,180 - INFO - Using font: Arial Unicode
2025-09-04 13:50:10,188 - INFO - Using font: Arial Unicode
2025-09-04 13:50:10,228 - INFO - Using font: Arial Unicode
2025-09-04 13:50:10,234 - INFO - Using font: Arial Unicode
2025-09-04 13:50:10,375 - INFO - Using font: Arial Unicode
2025-09-04 13:50:10,381 - INFO - Using font: Arial Unicode
2025-09-04 13:50:10,498 - INFO - Using font: Arial Unicode
2025-09-04 13:50:10,505 - INFO - Using font: Arial Unicode
2025-09-04 13:50:10,636 - INFO - Using font: Arial Unicode
2025-09-04 13:50:10,642 - INFO - Using font: Arial Unicode
2025-09-04 13:50:10,746 - INFO - Using font: Arial Unicode
2025-09-04 13:50:10,753 - INFO - Using font: Arial Unicode
2025-09-04 13:50:10,862 - INFO - Using font: Arial Unicode
2025-09-04 13:50:10,869 - INFO - Using font: Arial Unicode
2025-09-04 13:50:10,975 - INFO - Using font: Arial Unicode
2025-09-04 13:50:10,982 - INFO - Using font: Arial Unicode
2025-09-04 13:50:11,103 - INFO - Using font: Arial Unicode
2025-09-04 13:50:11,109 - INFO - Using font: Arial Unicode
2025-09-04 13:50:11,241 - INFO - Using font: Arial Unicode
2025-09-04 13:50:11,248 - INFO - Using font: Arial Unicode
2025-09-04 13:50:11,375 - INFO - Using font: Arial Unicode
2025-09-04 13:50:11,381 - INFO - Using font: Arial Unicode
2025-09-04 13:50:11,415 - INFO - Using font: Arial Unicode
2025-09-04 13:50:11,421 - INFO - Using font: Arial Unicode
2025-09-04 13:50:11,541 - INFO - Using font: Arial Unicode
2025-09-04 13:50:11,548 - INFO - Using font: Arial Unicode
2025-09-04 13:50:11,583 - INFO - Using font: Arial Unicode
2025-09-04 13:50:11,590 - INFO - Using font: Arial Unicode
2025-09-04 13:50:11,624 - INFO - Using font: Arial Unicode
2025-09-04 13:50:11,630 - INFO - Using font: Arial Unicode
2025-09-04 13:50:11,667 - INFO - Using font: Arial Unicode
2025-09-04 13:50:11,673 - INFO - Using font: Arial Unicode
2025-09-04 13:50:11,706 - INFO - Using font: Arial Unicode
2025-09-04 13:50:11,713 - INFO - Using font: Arial Unicode
2025-09-04 13:50:11,748 - INFO - Using font: Arial Unicode
2025-09-04 13:50:11,755 - INFO - Using font: Arial Unicode
2025-09-04 13:50:11,868 - INFO - Using font: Arial Unicode
2025-09-04 13:50:11,874 - INFO - Using font: Arial Unicode
2025-09-04 13:50:11,908 - INFO - Using font: Arial Unicode
2025-09-04 13:50:11,914 - INFO - Using font: Arial Unicode
2025-09-04 13:50:11,950 - INFO - Using font: Arial Unicode
2025-09-04 13:50:11,956 - INFO - Using font: Arial Unicode
2025-09-04 13:50:12,071 - INFO - Using font: Arial Unicode
2025-09-04 13:50:12,077 - INFO - Using font: Arial Unicode
2025-09-04 13:50:12,110 - INFO - Using font: Arial Unicode
2025-09-04 13:50:12,116 - INFO - Using font: Arial Unicode
2025-09-04 13:50:12,234 - INFO - Using font: Arial Unicode
2025-09-04 13:50:12,240 - INFO - Using font: Arial Unicode
2025-09-04 13:50:12,274 - INFO - Using font: Arial Unicode
2025-09-04 13:50:12,281 - INFO - Using font: Arial Unicode
2025-09-04 13:50:12,317 - INFO - Using font: Arial Unicode
2025-09-04 13:50:12,323 - INFO - Using font: Arial Unicode
2025-09-04 13:50:12,439 - INFO - Using font: Arial Unicode
2025-09-04 13:50:12,446 - INFO - Using font: Arial Unicode
2025-09-04 13:50:12,482 - INFO - Using font: Arial Unicode
2025-09-04 13:50:12,488 - INFO - Using font: Arial Unicode
2025-09-04 13:50:12,609 - INFO - Using font: Arial Unicode
2025-09-04 13:50:12,616 - INFO - Using font: Arial Unicode
2025-09-04 13:50:12,735 - INFO - Using font: Arial Unicode
2025-09-04 13:50:12,742 - INFO - Using font: Arial Unicode
2025-09-04 13:50:12,872 - INFO - Using font: Arial Unicode
2025-09-04 13:50:12,878 - INFO - Using font: Arial Unicode
2025-09-04 13:50:12,912 - INFO - Using font: Arial Unicode
2025-09-04 13:50:12,919 - INFO - Using font: Arial Unicode
2025-09-04 13:50:13,037 - INFO - Using font: Arial Unicode
2025-09-04 13:50:13,043 - INFO - Using font: Arial Unicode
2025-09-04 13:50:13,078 - INFO - Using font: Arial Unicode
2025-09-04 13:50:13,085 - INFO - Using font: Arial Unicode
2025-09-04 13:50:13,119 - INFO - Using font: Arial Unicode
2025-09-04 13:50:13,126 - INFO - Using font: Arial Unicode
2025-09-04 13:50:13,159 - INFO - Using font: Arial Unicode
2025-09-04 13:50:13,165 - INFO - Using font: Arial Unicode
2025-09-04 13:50:13,297 - INFO - Using font: Arial Unicode
2025-09-04 13:50:13,303 - INFO - Using font: Arial Unicode
2025-09-04 13:50:13,337 - INFO - Using font: Arial Unicode
2025-09-04 13:50:13,343 - INFO - Using font: Arial Unicode
2025-09-04 13:50:13,474 - INFO - Using font: Arial Unicode
2025-09-04 13:50:13,481 - INFO - Using font: Arial Unicode
2025-09-04 13:50:13,517 - INFO - Using font: Arial Unicode
2025-09-04 13:50:13,523 - INFO - Using font: Arial Unicode
2025-09-04 13:50:13,670 - INFO - Using font: Arial Unicode
2025-09-04 13:50:13,676 - INFO - Using font: Arial Unicode
2025-09-04 13:50:13,711 - INFO - Using font: Arial Unicode
2025-09-04 13:50:13,717 - INFO - Using font: Arial Unicode
2025-09-04 13:50:13,840 - INFO - Using font: Arial Unicode
2025-09-04 13:50:13,846 - INFO - Using font: Arial Unicode
2025-09-04 13:50:13,880 - INFO - Using font: Arial Unicode
2025-09-04 13:50:13,886 - INFO - Using font: Arial Unicode
2025-09-04 13:50:13,920 - INFO - Using font: Arial Unicode
2025-09-04 13:50:13,926 - INFO - Using font: Arial Unicode
2025-09-04 13:50:14,076 - INFO - Using font: Arial Unicode
2025-09-04 13:50:14,082 - INFO - Using font: Arial Unicode
2025-09-04 13:50:14,145 - INFO - Using font: Arial Unicode
2025-09-04 13:50:14,155 - INFO - Using font: Arial Unicode
2025-09-04 13:50:14,192 - INFO - Using font: Arial Unicode
2025-09-04 13:50:14,198 - INFO - Using font: Arial Unicode
2025-09-04 13:50:14,307 - INFO - Using font: Arial Unicode
2025-09-04 13:50:14,313 - INFO - Using font: Arial Unicode
2025-09-04 13:50:14,349 - INFO - Using font: Arial Unicode
2025-09-04 13:50:14,355 - INFO - Using font: Arial Unicode
2025-09-04 13:50:14,390 - INFO - Using font: Arial Unicode
2025-09-04 13:50:14,397 - INFO - Using font: Arial Unicode
2025-09-04 13:50:14,431 - INFO - Using font: Arial Unicode
2025-09-04 13:50:14,437 - INFO - Using font: Arial Unicode
2025-09-04 13:50:14,572 - INFO - Using font: Arial Unicode
2025-09-04 13:50:14,578 - INFO - Using font: Arial Unicode
2025-09-04 13:50:14,614 - INFO - Using font: Arial Unicode
2025-09-04 13:50:14,620 - INFO - Using font: Arial Unicode
2025-09-04 13:50:14,655 - INFO - Using font: Arial Unicode
2025-09-04 13:50:14,661 - INFO - Using font: Arial Unicode
2025-09-04 13:50:14,697 - INFO - Using font: Arial Unicode
2025-09-04 13:50:14,703 - INFO - Using font: Arial Unicode
2025-09-04 13:50:14,848 - INFO - Using font: Arial Unicode
2025-09-04 13:50:14,854 - INFO - Using font: Arial Unicode
2025-09-04 13:50:14,888 - INFO - Using font: Arial Unicode
2025-09-04 13:50:14,894 - INFO - Using font: Arial Unicode
2025-09-04 13:50:14,929 - INFO - Using font: Arial Unicode
2025-09-04 13:50:14,935 - INFO - Using font: Arial Unicode
2025-09-04 13:50:15,076 - INFO - Using font: Arial Unicode
2025-09-04 13:50:15,083 - INFO - Using font: Arial Unicode
2025-09-04 13:50:15,116 - INFO - Using font: Arial Unicode
2025-09-04 13:50:15,122 - INFO - Using font: Arial Unicode
2025-09-04 13:50:15,157 - INFO - Using font: Arial Unicode
2025-09-04 13:50:15,164 - INFO - Using font: Arial Unicode
2025-09-04 13:50:15,288 - INFO - Using font: Arial Unicode
2025-09-04 13:50:15,294 - INFO - Using font: Arial Unicode
2025-09-04 13:50:15,328 - INFO - Using font: Arial Unicode
2025-09-04 13:50:15,334 - INFO - Using font: Arial Unicode
2025-09-04 13:50:15,368 - INFO - Using font: Arial Unicode
2025-09-04 13:50:15,374 - INFO - Using font: Arial Unicode
2025-09-04 13:50:15,506 - INFO - Using font: Arial Unicode
2025-09-04 13:50:15,512 - INFO - Using font: Arial Unicode
2025-09-04 13:50:15,547 - INFO - Using font: Arial Unicode
2025-09-04 13:50:15,554 - INFO - Using font: Arial Unicode
2025-09-04 13:50:15,588 - INFO - Using font: Arial Unicode
2025-09-04 13:50:15,594 - INFO - Using font: Arial Unicode
2025-09-04 13:50:15,713 - INFO - Using font: Arial Unicode
2025-09-04 13:50:15,719 - INFO - Using font: Arial Unicode
2025-09-04 13:50:15,752 - INFO - Using font: Arial Unicode
2025-09-04 13:50:15,759 - INFO - Using font: Arial Unicode
2025-09-04 13:50:15,794 - INFO - Using font: Arial Unicode
2025-09-04 13:50:15,800 - INFO - Using font: Arial Unicode
2025-09-04 13:50:15,836 - INFO - Using font: Arial Unicode
2025-09-04 13:50:15,843 - INFO - Using font: Arial Unicode
2025-09-04 13:50:15,878 - INFO - Using font: Arial Unicode
2025-09-04 13:50:15,884 - INFO - Using font: Arial Unicode
2025-09-04 13:50:16,003 - INFO - Using font: Arial Unicode
2025-09-04 13:50:16,009 - INFO - Using font: Arial Unicode
2025-09-04 13:50:16,045 - INFO - Using font: Arial Unicode
2025-09-04 13:50:16,052 - INFO - Using font: Arial Unicode
2025-09-04 13:50:16,173 - INFO - Using font: Arial Unicode
2025-09-04 13:50:16,179 - INFO - Using font: Arial Unicode
2025-09-04 13:50:16,214 - INFO - Using font: Arial Unicode
2025-09-04 13:50:16,220 - INFO - Using font: Arial Unicode
2025-09-04 13:50:16,336 - INFO - Using font: Arial Unicode
2025-09-04 13:50:16,342 - INFO - Using font: Arial Unicode
2025-09-04 13:50:16,456 - INFO - Using font: Arial Unicode
2025-09-04 13:50:16,462 - INFO - Using font: Arial Unicode
2025-09-04 13:50:16,609 - INFO - Using font: Arial Unicode
2025-09-04 13:50:16,615 - INFO - Using font: Arial Unicode
2025-09-04 13:50:16,650 - INFO - Using font: Arial Unicode
2025-09-04 13:50:16,657 - INFO - Using font: Arial Unicode
2025-09-04 13:50:16,694 - INFO - Using font: Arial Unicode
2025-09-04 13:50:16,701 - INFO - Using font: Arial Unicode
2025-09-04 13:50:16,735 - INFO - Using font: Arial Unicode
2025-09-04 13:50:16,741 - INFO - Using font: Arial Unicode
2025-09-04 13:50:16,776 - INFO - Using font: Arial Unicode
2025-09-04 13:50:16,789 - INFO - Using font: Arial Unicode
2025-09-04 13:50:16,994 - INFO - Using font: Arial Unicode
2025-09-04 13:50:17,000 - INFO - Using font: Arial Unicode
2025-09-04 13:50:17,035 - INFO - Using font: Arial Unicode
2025-09-04 13:50:17,042 - INFO - Using font: Arial Unicode
2025-09-04 13:50:17,075 - INFO - Using font: Arial Unicode
2025-09-04 13:50:17,081 - INFO - Using font: Arial Unicode
2025-09-04 13:50:17,196 - INFO - Using font: Arial Unicode
2025-09-04 13:50:17,203 - INFO - Using font: Arial Unicode
2025-09-04 13:50:17,236 - INFO - Using font: Arial Unicode
2025-09-04 13:50:17,243 - INFO - Using font: Arial Unicode
2025-09-04 13:50:17,278 - INFO - Using font: Arial Unicode
2025-09-04 13:50:17,284 - INFO - Using font: Arial Unicode
2025-09-04 13:50:17,386 - INFO - Using font: Arial Unicode
2025-09-04 13:50:17,392 - INFO - Using font: Arial Unicode
2025-09-04 13:50:17,429 - INFO - Using font: Arial Unicode
2025-09-04 13:50:17,438 - INFO - Using font: Arial Unicode
2025-09-04 13:50:17,474 - INFO - Using font: Arial Unicode
2025-09-04 13:50:17,481 - INFO - Using font: Arial Unicode
2025-09-04 13:50:17,591 - INFO - Using font: Arial Unicode
2025-09-04 13:50:17,597 - INFO - Using font: Arial Unicode
2025-09-04 13:50:17,631 - INFO - Using font: Arial Unicode
2025-09-04 13:50:17,638 - INFO - Using font: Arial Unicode
2025-09-04 13:50:17,775 - INFO - Using font: Arial Unicode
2025-09-04 13:50:17,781 - INFO - Using font: Arial Unicode
2025-09-04 13:50:17,883 - INFO - Using font: Arial Unicode
2025-09-04 13:50:17,889 - INFO - Using font: Arial Unicode
2025-09-04 13:50:17,925 - INFO - Using font: Arial Unicode
2025-09-04 13:50:17,931 - INFO - Using font: Arial Unicode
2025-09-04 13:50:18,052 - INFO - Using font: Arial Unicode
2025-09-04 13:50:18,059 - INFO - Using font: Arial Unicode
2025-09-04 13:50:18,094 - INFO - Using font: Arial Unicode
2025-09-04 13:50:18,100 - INFO - Using font: Arial Unicode
2025-09-04 13:50:18,227 - INFO - Using font: Arial Unicode
2025-09-04 13:50:18,232 - INFO - Using font: Arial Unicode
2025-09-04 13:50:18,269 - INFO - Using font: Arial Unicode
2025-09-04 13:50:18,275 - INFO - Using font: Arial Unicode
2025-09-04 13:50:18,310 - INFO - Using font: Arial Unicode
2025-09-04 13:50:18,316 - INFO - Using font: Arial Unicode
2025-09-04 13:50:18,433 - INFO - Using font: Arial Unicode
2025-09-04 13:50:18,439 - INFO - Using font: Arial Unicode
2025-09-04 13:50:18,473 - INFO - Using font: Arial Unicode
2025-09-04 13:50:18,479 - INFO - Using font: Arial Unicode
2025-09-04 13:50:18,676 - INFO - Using font: Arial Unicode
2025-09-04 13:50:18,683 - INFO - Using font: Arial Unicode
2025-09-04 13:50:18,792 - INFO - Using font: Arial Unicode
2025-09-04 13:50:18,798 - INFO - Using font: Arial Unicode
2025-09-04 13:50:18,833 - INFO - Using font: Arial Unicode
2025-09-04 13:50:18,840 - INFO - Using font: Arial Unicode
2025-09-04 13:50:18,875 - INFO - Using font: Arial Unicode
2025-09-04 13:50:18,881 - INFO - Using font: Arial Unicode
2025-09-04 13:50:18,995 - INFO - Using font: Arial Unicode
2025-09-04 13:50:19,001 - INFO - Using font: Arial Unicode
2025-09-04 13:50:19,036 - INFO - Using font: Arial Unicode
2025-09-04 13:50:19,042 - INFO - Using font: Arial Unicode
2025-09-04 13:50:19,171 - INFO - Using font: Arial Unicode
2025-09-04 13:50:19,177 - INFO - Using font: Arial Unicode
2025-09-04 13:50:19,211 - INFO - Using font: Arial Unicode
2025-09-04 13:50:19,218 - INFO - Using font: Arial Unicode
2025-09-04 13:50:19,330 - INFO - Using font: Arial Unicode
2025-09-04 13:50:19,337 - INFO - Using font: Arial Unicode
2025-09-04 13:50:19,370 - INFO - Using font: Arial Unicode
2025-09-04 13:50:19,377 - INFO - Using font: Arial Unicode
2025-09-04 13:50:19,492 - INFO - Using font: Arial Unicode
2025-09-04 13:50:19,498 - INFO - Using font: Arial Unicode
2025-09-04 13:50:19,532 - INFO - Using font: Arial Unicode
2025-09-04 13:50:19,538 - INFO - Using font: Arial Unicode
2025-09-04 13:50:19,680 - INFO - Using font: Arial Unicode
2025-09-04 13:50:19,686 - INFO - Using font: Arial Unicode
2025-09-04 13:50:19,722 - INFO - Using font: Arial Unicode
2025-09-04 13:50:19,728 - INFO - Using font: Arial Unicode
2025-09-04 13:50:19,762 - INFO - Using font: Arial Unicode
2025-09-04 13:50:19,769 - INFO - Using font: Arial Unicode
2025-09-04 13:50:19,904 - INFO - Using font: Arial Unicode
2025-09-04 13:50:19,910 - INFO - Using font: Arial Unicode
2025-09-04 13:50:19,946 - INFO - Using font: Arial Unicode
2025-09-04 13:50:19,952 - INFO - Using font: Arial Unicode
2025-09-04 13:50:20,068 - INFO - Using font: Arial Unicode
2025-09-04 13:50:20,074 - INFO - Using font: Arial Unicode
2025-09-04 13:50:20,202 - INFO - Using font: Arial Unicode
2025-09-04 13:50:20,209 - INFO - Using font: Arial Unicode
2025-09-04 13:50:20,337 - INFO - Using font: Arial Unicode
2025-09-04 13:50:20,344 - INFO - Using font: Arial Unicode
2025-09-04 13:50:20,379 - INFO - Using font: Arial Unicode
2025-09-04 13:50:20,385 - INFO - Using font: Arial Unicode
2025-09-04 13:50:20,501 - INFO - Using font: Arial Unicode
2025-09-04 13:50:20,508 - INFO - Using font: Arial Unicode
2025-09-04 13:50:20,621 - INFO - Using font: Arial Unicode
2025-09-04 13:50:20,628 - INFO - Using font: Arial Unicode
2025-09-04 13:50:20,761 - INFO - Using font: Arial Unicode
2025-09-04 13:50:20,767 - INFO - Using font: Arial Unicode
2025-09-04 13:50:20,802 - INFO - Using font: Arial Unicode
2025-09-04 13:50:20,809 - INFO - Using font: Arial Unicode
2025-09-04 13:50:20,943 - INFO - Using font: Arial Unicode
2025-09-04 13:50:20,949 - INFO - Using font: Arial Unicode
2025-09-04 13:50:21,069 - INFO - Using font: Arial Unicode
2025-09-04 13:50:21,075 - INFO - Using font: Arial Unicode
2025-09-04 13:50:21,109 - INFO - Using font: Arial Unicode
2025-09-04 13:50:21,115 - INFO - Using font: Arial Unicode
2025-09-04 13:50:21,151 - INFO - Using font: Arial Unicode
2025-09-04 13:50:21,157 - INFO - Using font: Arial Unicode
2025-09-04 13:50:21,191 - INFO - Using font: Arial Unicode
2025-09-04 13:50:21,197 - INFO - Using font: Arial Unicode
2025-09-04 13:50:21,332 - INFO - Using font: Arial Unicode
2025-09-04 13:50:21,338 - INFO - Using font: Arial Unicode
2025-09-04 13:50:21,374 - INFO - Using font: Arial Unicode
2025-09-04 13:50:21,381 - INFO - Using font: Arial Unicode
2025-09-04 13:50:21,416 - INFO - Using font: Arial Unicode
2025-09-04 13:50:21,422 - INFO - Using font: Arial Unicode
2025-09-04 13:50:21,461 - INFO - Using font: Arial Unicode
2025-09-04 13:50:21,467 - INFO - Using font: Arial Unicode
2025-09-04 13:50:21,607 - INFO - Using font: Arial Unicode
2025-09-04 13:50:21,613 - INFO - Using font: Arial Unicode
2025-09-04 13:50:21,648 - INFO - Using font: Arial Unicode
2025-09-04 13:50:21,655 - INFO - Using font: Arial Unicode
2025-09-04 13:50:21,690 - INFO - Using font: Arial Unicode
2025-09-04 13:50:21,696 - INFO - Using font: Arial Unicode
2025-09-04 13:50:21,730 - INFO - Using font: Arial Unicode
2025-09-04 13:50:21,736 - INFO - Using font: Arial Unicode
2025-09-04 13:50:21,772 - INFO - Using font: Arial Unicode
2025-09-04 13:50:21,779 - INFO - Using font: Arial Unicode
2025-09-04 13:50:21,912 - INFO - Using font: Arial Unicode
2025-09-04 13:50:21,918 - INFO - Using font: Arial Unicode
2025-09-04 13:50:21,954 - INFO - Using font: Arial Unicode
2025-09-04 13:50:21,960 - INFO - Using font: Arial Unicode
2025-09-04 13:50:22,083 - INFO - Using font: Arial Unicode
2025-09-04 13:50:22,089 - INFO - Using font: Arial Unicode
2025-09-04 13:50:22,123 - INFO - Using font: Arial Unicode
2025-09-04 13:50:22,130 - INFO - Using font: Arial Unicode
2025-09-04 13:50:22,164 - INFO - Using font: Arial Unicode
2025-09-04 13:50:22,170 - INFO - Using font: Arial Unicode
2025-09-04 13:50:22,204 - INFO - Using font: Arial Unicode
2025-09-04 13:50:22,210 - INFO - Using font: Arial Unicode
2025-09-04 13:50:22,337 - INFO - Using font: Arial Unicode
2025-09-04 13:50:22,343 - INFO - Using font: Arial Unicode
2025-09-04 13:50:22,378 - INFO - Using font: Arial Unicode
2025-09-04 13:50:22,385 - INFO - Using font: Arial Unicode
2025-09-04 13:50:22,422 - INFO - Using font: Arial Unicode
2025-09-04 13:50:22,439 - INFO - Using font: Arial Unicode
2025-09-04 13:50:22,507 - INFO - Using font: Arial Unicode
2025-09-04 13:50:22,513 - INFO - Using font: Arial Unicode
2025-09-04 13:50:22,635 - INFO - Using font: Arial Unicode
2025-09-04 13:50:22,642 - INFO - Using font: Arial Unicode
2025-09-04 13:50:22,676 - INFO - Using font: Arial Unicode
2025-09-04 13:50:22,686 - INFO - Using font: Arial Unicode
2025-09-04 13:50:22,721 - INFO - Using font: Arial Unicode
2025-09-04 13:50:22,728 - INFO - Using font: Arial Unicode
2025-09-04 13:50:22,764 - INFO - Using font: Arial Unicode
2025-09-04 13:50:22,770 - INFO - Using font: Arial Unicode
2025-09-04 13:50:22,804 - INFO - Using font: Arial Unicode
2025-09-04 13:50:22,810 - INFO - Using font: Arial Unicode
2025-09-04 13:50:22,846 - INFO - Using font: Arial Unicode
2025-09-04 13:50:22,854 - INFO - Using font: Arial Unicode
2025-09-04 13:50:23,009 - INFO - Using font: Arial Unicode
2025-09-04 13:50:23,016 - INFO - Using font: Arial Unicode
2025-09-04 13:50:23,051 - INFO - Using font: Arial Unicode
2025-09-04 13:50:23,058 - INFO - Using font: Arial Unicode
2025-09-04 13:50:23,092 - INFO - Using font: Arial Unicode
2025-09-04 13:50:23,099 - INFO - Using font: Arial Unicode
2025-09-04 13:50:23,132 - INFO - Using font: Arial Unicode
2025-09-04 13:50:23,140 - INFO - Using font: Arial Unicode
2025-09-04 13:50:23,174 - INFO - Using font: Arial Unicode
2025-09-04 13:50:23,180 - INFO - Using font: Arial Unicode
2025-09-04 13:50:23,214 - INFO - Using font: Arial Unicode
2025-09-04 13:50:23,221 - INFO - Using font: Arial Unicode
2025-09-04 13:50:23,255 - INFO - Using font: Arial Unicode
2025-09-04 13:50:23,261 - INFO - Using font: Arial Unicode
2025-09-04 13:50:23,395 - INFO - Using font: Arial Unicode
2025-09-04 13:50:23,402 - INFO - Using font: Arial Unicode
2025-09-04 13:50:23,435 - INFO - Using font: Arial Unicode
2025-09-04 13:50:23,442 - INFO - Using font: Arial Unicode
2025-09-04 13:50:23,477 - INFO - Using font: Arial Unicode
2025-09-04 13:50:23,484 - INFO - Using font: Arial Unicode
2025-09-04 13:50:23,520 - INFO - Using font: Arial Unicode
2025-09-04 13:50:23,526 - INFO - Using font: Arial Unicode
2025-09-04 13:50:23,562 - INFO - Using font: Arial Unicode
2025-09-04 13:50:23,568 - INFO - Using font: Arial Unicode
2025-09-04 13:50:23,602 - INFO - Using font: Arial Unicode
2025-09-04 13:50:23,609 - INFO - Using font: Arial Unicode
2025-09-04 13:50:23,646 - INFO - Using font: Arial Unicode
2025-09-04 13:50:23,653 - INFO - Using font: Arial Unicode
2025-09-04 13:50:23,766 - INFO - Using font: Arial Unicode
2025-09-04 13:50:23,773 - INFO - Using font: Arial Unicode
2025-09-04 13:50:23,807 - INFO - Using font: Arial Unicode
2025-09-04 13:50:23,813 - INFO - Using font: Arial Unicode
2025-09-04 13:50:23,846 - INFO - Using font: Arial Unicode
2025-09-04 13:50:23,853 - INFO - Using font: Arial Unicode
2025-09-04 13:50:23,888 - INFO - Using font: Arial Unicode
2025-09-04 13:50:23,894 - INFO - Using font: Arial Unicode
2025-09-04 13:50:23,928 - INFO - Using font: Arial Unicode
2025-09-04 13:50:23,934 - INFO - Using font: Arial Unicode
2025-09-04 13:50:24,086 - INFO - Using font: Arial Unicode
2025-09-04 13:50:24,092 - INFO - Using font: Arial Unicode
2025-09-04 13:50:24,127 - INFO - Using font: Arial Unicode
2025-09-04 13:50:24,133 - INFO - Using font: Arial Unicode
2025-09-04 13:50:24,169 - INFO - Using font: Arial Unicode
2025-09-04 13:50:24,175 - INFO - Using font: Arial Unicode
2025-09-04 13:50:24,211 - INFO - Using font: Arial Unicode
2025-09-04 13:50:24,217 - INFO - Using font: Arial Unicode
2025-09-04 13:50:24,251 - INFO - Using font: Arial Unicode
2025-09-04 13:50:24,258 - INFO - Using font: Arial Unicode
2025-09-04 13:50:24,294 - INFO - Using font: Arial Unicode
2025-09-04 13:50:24,300 - INFO - Using font: Arial Unicode
2025-09-04 13:50:24,334 - INFO - Using font: Arial Unicode
2025-09-04 13:50:24,341 - INFO - Using font: Arial Unicode
2025-09-04 13:50:24,375 - INFO - Using font: Arial Unicode
2025-09-04 13:50:24,381 - INFO - Using font: Arial Unicode
2025-09-04 13:50:24,418 - INFO - Using font: Arial Unicode
2025-09-04 13:50:24,426 - INFO - Using font: Arial Unicode
2025-09-04 13:50:24,559 - INFO - Using font: Arial Unicode
2025-09-04 13:50:24,564 - INFO - Using font: Arial Unicode
2025-09-04 13:50:24,598 - INFO - Using font: Arial Unicode
2025-09-04 13:50:24,605 - INFO - Using font: Arial Unicode
2025-09-04 13:50:24,641 - INFO - Using font: Arial Unicode
2025-09-04 13:50:24,647 - INFO - Using font: Arial Unicode
2025-09-04 13:50:24,681 - INFO - Using font: Arial Unicode
2025-09-04 13:50:24,688 - INFO - Using font: Arial Unicode
2025-09-04 13:50:24,829 - INFO - Using font: Arial Unicode
2025-09-04 13:50:24,836 - INFO - Using font: Arial Unicode
2025-09-04 13:50:24,873 - INFO - Using font: Arial Unicode
2025-09-04 13:50:24,879 - INFO - Using font: Arial Unicode
2025-09-04 13:50:24,914 - INFO - Using font: Arial Unicode
2025-09-04 13:50:24,920 - INFO - Using font: Arial Unicode
2025-09-04 13:50:24,955 - INFO - Using font: Arial Unicode
2025-09-04 13:50:24,961 - INFO - Using font: Arial Unicode
2025-09-04 13:50:24,998 - INFO - Using font: Arial Unicode
2025-09-04 13:50:25,005 - INFO - Using font: Arial Unicode
2025-09-04 13:50:25,039 - INFO - Using font: Arial Unicode
2025-09-04 13:50:25,046 - INFO - Using font: Arial Unicode
2025-09-04 13:50:25,081 - INFO - Using font: Arial Unicode
2025-09-04 13:50:25,088 - INFO - Using font: Arial Unicode
2025-09-04 13:50:25,122 - INFO - Using font: Arial Unicode
2025-09-04 13:50:25,128 - INFO - Using font: Arial Unicode
2025-09-04 13:50:25,274 - INFO - Using font: Arial Unicode
2025-09-04 13:50:25,280 - INFO - Using font: Arial Unicode
2025-09-04 13:50:25,314 - INFO - Using font: Arial Unicode
2025-09-04 13:50:25,320 - INFO - Using font: Arial Unicode
2025-09-04 13:50:25,355 - INFO - Using font: Arial Unicode
2025-09-04 13:50:25,361 - INFO - Using font: Arial Unicode
2025-09-04 13:50:25,394 - INFO - Using font: Arial Unicode
2025-09-04 13:50:25,401 - INFO - Using font: Arial Unicode
2025-09-04 13:50:25,444 - INFO - Using font: Arial Unicode
2025-09-04 13:50:25,452 - INFO - Using font: Arial Unicode
2025-09-04 13:50:25,492 - INFO - Using font: Arial Unicode
2025-09-04 13:50:25,498 - INFO - Using font: Arial Unicode
2025-09-04 13:50:25,536 - INFO - Using font: Arial Unicode
2025-09-04 13:50:25,542 - INFO - Using font: Arial Unicode
2025-09-04 13:50:25,579 - INFO - Using font: Arial Unicode
2025-09-04 13:50:25,585 - INFO - Using font: Arial Unicode
2025-09-04 13:50:25,716 - INFO - Using font: Arial Unicode
2025-09-04 13:50:25,725 - INFO - Using font: Arial Unicode
2025-09-04 13:50:25,762 - INFO - Using font: Arial Unicode
2025-09-04 13:50:25,768 - INFO - Using font: Arial Unicode
2025-09-04 13:50:25,806 - INFO - Using font: Arial Unicode
2025-09-04 13:50:25,813 - INFO - Using font: Arial Unicode
2025-09-04 13:50:25,850 - INFO - Using font: Arial Unicode
2025-09-04 13:50:25,857 - INFO - Using font: Arial Unicode
2025-09-04 13:50:25,893 - INFO - Using font: Arial Unicode
2025-09-04 13:50:25,900 - INFO - Using font: Arial Unicode
2025-09-04 13:50:25,936 - INFO - Using font: Arial Unicode
2025-09-04 13:50:25,943 - INFO - Using font: Arial Unicode
2025-09-04 13:50:25,984 - INFO - Using font: Arial Unicode
2025-09-04 13:50:25,990 - INFO - Using font: Arial Unicode
2025-09-04 13:50:26,116 - INFO - Using font: Arial Unicode
2025-09-04 13:50:26,123 - INFO - Using font: Arial Unicode
2025-09-04 13:50:26,161 - INFO - Using font: Arial Unicode
2025-09-04 13:50:26,168 - INFO - Using font: Arial Unicode
2025-09-04 13:50:26,207 - INFO - Using font: Arial Unicode
2025-09-04 13:50:26,214 - INFO - Using font: Arial Unicode
2025-09-04 13:50:26,249 - INFO - Using font: Arial Unicode
2025-09-04 13:50:26,255 - INFO - Using font: Arial Unicode
2025-09-04 13:50:26,289 - INFO - Using font: Arial Unicode
2025-09-04 13:50:26,295 - INFO - Using font: Arial Unicode
2025-09-04 13:50:26,332 - INFO - Using font: Arial Unicode
2025-09-04 13:50:26,338 - INFO - Using font: Arial Unicode
2025-09-04 13:50:26,374 - INFO - Using font: Arial Unicode
2025-09-04 13:50:26,380 - INFO - Using font: Arial Unicode
2025-09-04 13:50:26,503 - INFO - Using font: Arial Unicode
2025-09-04 13:50:26,509 - INFO - Using font: Arial Unicode
2025-09-04 13:50:26,542 - INFO - Using font: Arial Unicode
2025-09-04 13:50:26,548 - INFO - Using font: Arial Unicode
2025-09-04 13:50:26,583 - INFO - Using font: Arial Unicode
2025-09-04 13:50:26,589 - INFO - Using font: Arial Unicode
2025-09-04 13:50:26,622 - INFO - Using font: Arial Unicode
2025-09-04 13:50:26,628 - INFO - Using font: Arial Unicode
2025-09-04 13:50:26,662 - INFO - Using font: Arial Unicode
2025-09-04 13:50:26,668 - INFO - Using font: Arial Unicode
2025-09-04 13:50:26,702 - INFO - Using font: Arial Unicode
2025-09-04 13:50:26,708 - INFO - Using font: Arial Unicode
2025-09-04 13:50:26,744 - INFO - Using font: Arial Unicode
2025-09-04 13:50:26,749 - INFO - Using font: Arial Unicode
2025-09-04 13:50:26,787 - INFO - Using font: Arial Unicode
2025-09-04 13:50:26,795 - INFO - Using font: Arial Unicode
2025-09-04 13:50:26,934 - INFO - Using font: Arial Unicode
2025-09-04 13:50:26,940 - INFO - Using font: Arial Unicode
2025-09-04 13:50:26,975 - INFO - Using font: Arial Unicode
2025-09-04 13:50:26,982 - INFO - Using font: Arial Unicode
2025-09-04 13:50:27,016 - INFO - Using font: Arial Unicode
2025-09-04 13:50:27,024 - INFO - Using font: Arial Unicode
2025-09-04 13:50:27,088 - INFO - Using font: Arial Unicode
2025-09-04 13:50:27,098 - INFO - Using font: Arial Unicode
2025-09-04 13:50:27,143 - INFO - Using font: Arial Unicode
2025-09-04 13:50:27,151 - INFO - Using font: Arial Unicode
2025-09-04 13:50:27,190 - INFO - Using font: Arial Unicode
2025-09-04 13:50:27,197 - INFO - Using font: Arial Unicode
2025-09-04 13:50:27,235 - INFO - Using font: Arial Unicode
2025-09-04 13:50:27,241 - INFO - Using font: Arial Unicode
2025-09-04 13:50:27,274 - INFO - Using font: Arial Unicode
2025-09-04 13:50:27,281 - INFO - Using font: Arial Unicode
2025-09-04 13:50:27,314 - INFO - Using font: Arial Unicode
2025-09-04 13:50:27,320 - INFO - Using font: Arial Unicode
2025-09-04 13:50:27,475 - INFO - Using font: Arial Unicode
2025-09-04 13:50:27,481 - INFO - Using font: Arial Unicode
2025-09-04 13:50:27,514 - INFO - Using font: Arial Unicode
2025-09-04 13:50:27,520 - INFO - Using font: Arial Unicode
2025-09-04 13:50:27,556 - INFO - Using font: Arial Unicode
2025-09-04 13:50:27,563 - INFO - Using font: Arial Unicode
2025-09-04 13:50:27,597 - INFO - Using font: Arial Unicode
2025-09-04 13:50:27,603 - INFO - Using font: Arial Unicode
2025-09-04 13:50:27,638 - INFO - Using font: Arial Unicode
2025-09-04 13:50:27,644 - INFO - Using font: Arial Unicode
2025-09-04 13:50:27,679 - INFO - Using font: Arial Unicode
2025-09-04 13:50:27,686 - INFO - Using font: Arial Unicode
2025-09-04 13:50:27,720 - INFO - Using font: Arial Unicode
2025-09-04 13:50:27,726 - INFO - Using font: Arial Unicode
2025-09-04 13:50:27,761 - INFO - Using font: Arial Unicode
2025-09-04 13:50:27,768 - INFO - Using font: Arial Unicode
2025-09-04 13:50:27,803 - INFO - Using font: Arial Unicode
2025-09-04 13:50:27,809 - INFO - Using font: Arial Unicode
2025-09-04 13:50:27,842 - INFO - Using font: Arial Unicode
2025-09-04 13:50:27,848 - INFO - Using font: Arial Unicode
2025-09-04 13:50:27,969 - INFO - Using font: Arial Unicode
2025-09-04 13:50:27,976 - INFO - Using font: Arial Unicode
2025-09-04 13:50:28,010 - INFO - Using font: Arial Unicode
2025-09-04 13:50:28,017 - INFO - Using font: Arial Unicode
2025-09-04 13:50:28,050 - INFO - Using font: Arial Unicode
2025-09-04 13:50:28,057 - INFO - Using font: Arial Unicode
2025-09-04 13:50:28,092 - INFO - Using font: Arial Unicode
2025-09-04 13:50:28,099 - INFO - Using font: Arial Unicode
2025-09-04 13:50:28,135 - INFO - Using font: Arial Unicode
2025-09-04 13:50:28,142 - INFO - Using font: Arial Unicode
2025-09-04 13:50:28,177 - INFO - Using font: Arial Unicode
2025-09-04 13:50:28,184 - INFO - Using font: Arial Unicode
2025-09-04 13:50:28,218 - INFO - Using font: Arial Unicode
2025-09-04 13:50:28,224 - INFO - Using font: Arial Unicode
2025-09-04 13:50:28,259 - INFO - Using font: Arial Unicode
2025-09-04 13:50:28,265 - INFO - Using font: Arial Unicode
2025-09-04 13:50:28,302 - INFO - Using font: Arial Unicode
2025-09-04 13:50:28,308 - INFO - Using font: Arial Unicode
2025-09-04 13:50:28,343 - INFO - Using font: Arial Unicode
2025-09-04 13:50:28,350 - INFO - Using font: Arial Unicode
2025-09-04 13:50:28,384 - INFO - Using font: Arial Unicode
2025-09-04 13:50:28,390 - INFO - Using font: Arial Unicode
2025-09-04 13:50:28,532 - INFO - Using font: Arial Unicode
2025-09-04 13:50:28,538 - INFO - Using font: Arial Unicode
2025-09-04 13:50:28,572 - INFO - Using font: Arial Unicode
2025-09-04 13:50:28,578 - INFO - Using font: Arial Unicode
2025-09-04 13:50:28,613 - INFO - Using font: Arial Unicode
2025-09-04 13:50:28,619 - INFO - Using font: Arial Unicode
2025-09-04 13:50:28,739 - INFO - Using font: Arial Unicode
2025-09-04 13:50:28,745 - INFO - Using font: Arial Unicode
2025-09-04 13:50:28,780 - INFO - Using font: Arial Unicode
2025-09-04 13:50:28,787 - INFO - Using font: Arial Unicode
2025-09-04 13:50:28,821 - INFO - Using font: Arial Unicode
2025-09-04 13:50:28,827 - INFO - Using font: Arial Unicode
2025-09-04 13:50:28,974 - INFO - Using font: Arial Unicode
2025-09-04 13:50:28,980 - INFO - Using font: Arial Unicode
2025-09-04 13:50:29,013 - INFO - Using font: Arial Unicode
2025-09-04 13:50:29,019 - INFO - Using font: Arial Unicode
2025-09-04 13:50:29,053 - INFO - Using font: Arial Unicode
2025-09-04 13:50:29,059 - INFO - Using font: Arial Unicode
2025-09-04 13:50:29,092 - INFO - Using font: Arial Unicode
2025-09-04 13:50:29,098 - INFO - Using font: Arial Unicode
2025-09-04 13:50:29,239 - INFO - Using font: Arial Unicode
2025-09-04 13:50:29,245 - INFO - Using font: Arial Unicode
2025-09-04 13:50:29,402 - INFO - Using font: Arial Unicode
2025-09-04 13:50:29,408 - INFO - Using font: Arial Unicode
2025-09-04 13:50:29,450 - INFO - Using font: Arial Unicode
2025-09-04 13:50:29,458 - INFO - Using font: Arial Unicode
2025-09-04 13:50:29,493 - INFO - Using font: Arial Unicode
2025-09-04 13:50:29,499 - INFO - Using font: Arial Unicode
2025-09-04 13:50:29,621 - INFO - Using font: Arial Unicode
2025-09-04 13:50:29,627 - INFO - Using font: Arial Unicode
2025-09-04 13:50:29,663 - INFO - Using font: Arial Unicode
2025-09-04 13:50:29,669 - INFO - Using font: Arial Unicode
2025-09-04 13:50:29,705 - INFO - Using font: Arial Unicode
2025-09-04 13:50:29,711 - INFO - Using font: Arial Unicode
2025-09-04 13:50:29,819 - INFO - Using font: Arial Unicode
2025-09-04 13:50:29,825 - INFO - Using font: Arial Unicode
2025-09-04 13:50:29,859 - INFO - Using font: Arial Unicode
2025-09-04 13:50:29,866 - INFO - Using font: Arial Unicode
2025-09-04 13:50:29,904 - INFO - Using font: Arial Unicode
2025-09-04 13:50:29,911 - INFO - Using font: Arial Unicode
2025-09-04 13:50:30,064 - INFO - Using font: Arial Unicode
2025-09-04 13:50:30,070 - INFO - Using font: Arial Unicode
2025-09-04 13:50:30,103 - INFO - Using font: Arial Unicode
2025-09-04 13:50:30,109 - INFO - Using font: Arial Unicode
2025-09-04 13:50:30,144 - INFO - Using font: Arial Unicode
2025-09-04 13:50:30,150 - INFO - Using font: Arial Unicode
2025-09-04 13:50:30,289 - INFO - Using font: Arial Unicode
2025-09-04 13:50:30,295 - INFO - Using font: Arial Unicode
2025-09-04 13:50:30,329 - INFO - Using font: Arial Unicode
2025-09-04 13:50:30,336 - INFO - Using font: Arial Unicode
2025-09-04 13:50:30,462 - INFO - Using font: Arial Unicode
2025-09-04 13:50:30,468 - INFO - Using font: Arial Unicode
2025-09-04 13:50:30,504 - INFO - Using font: Arial Unicode
2025-09-04 13:50:30,511 - INFO - Using font: Arial Unicode
2025-09-04 13:50:30,545 - INFO - Using font: Arial Unicode
2025-09-04 13:50:30,552 - INFO - Using font: Arial Unicode
2025-09-04 13:50:30,662 - INFO - Using font: Arial Unicode
2025-09-04 13:50:30,669 - INFO - Using font: Arial Unicode
2025-09-04 13:50:30,705 - INFO - Using font: Arial Unicode
2025-09-04 13:50:30,712 - INFO - Using font: Arial Unicode
2025-09-04 13:50:30,749 - INFO - Using font: Arial Unicode
2025-09-04 13:50:30,756 - INFO - Using font: Arial Unicode
2025-09-04 13:50:30,789 - INFO - Using font: Arial Unicode
2025-09-04 13:50:30,795 - INFO - Using font: Arial Unicode
2025-09-04 13:50:30,830 - INFO - Using font: Arial Unicode
2025-09-04 13:50:30,837 - INFO - Using font: Arial Unicode
2025-09-04 13:50:30,871 - INFO - Using font: Arial Unicode
2025-09-04 13:50:30,878 - INFO - Using font: Arial Unicode
2025-09-04 13:50:31,024 - INFO - Using font: Arial Unicode
2025-09-04 13:50:31,030 - INFO - Using font: Arial Unicode
2025-09-04 13:50:31,065 - INFO - Using font: Arial Unicode
2025-09-04 13:50:31,072 - INFO - Using font: Arial Unicode
2025-09-04 13:50:31,195 - INFO - Using font: Arial Unicode
2025-09-04 13:50:31,201 - INFO - Using font: Arial Unicode
2025-09-04 13:50:31,235 - INFO - Using font: Arial Unicode
2025-09-04 13:50:31,241 - INFO - Using font: Arial Unicode
2025-09-04 13:50:31,276 - INFO - Using font: Arial Unicode
2025-09-04 13:50:31,282 - INFO - Using font: Arial Unicode
2025-09-04 13:50:31,396 - INFO - Using font: Arial Unicode
2025-09-04 13:50:31,403 - INFO - Using font: Arial Unicode
2025-09-04 13:50:31,441 - INFO - Using font: Arial Unicode
2025-09-04 13:50:31,452 - INFO - Using font: Arial Unicode
2025-09-04 13:50:31,586 - INFO - Using font: Arial Unicode
2025-09-04 13:50:31,592 - INFO - Using font: Arial Unicode
2025-09-04 13:50:31,627 - INFO - Using font: Arial Unicode
2025-09-04 13:50:31,634 - INFO - Using font: Arial Unicode
2025-09-04 13:50:31,671 - INFO - Using font: Arial Unicode
2025-09-04 13:50:31,677 - INFO - Using font: Arial Unicode
2025-09-04 13:50:31,713 - INFO - Using font: Arial Unicode
2025-09-04 13:50:31,719 - INFO - Using font: Arial Unicode
2025-09-04 13:50:31,852 - INFO - Using font: Arial Unicode
2025-09-04 13:50:31,858 - INFO - Using font: Arial Unicode
2025-09-04 13:50:31,894 - INFO - Using font: Arial Unicode
2025-09-04 13:50:31,901 - INFO - Using font: Arial Unicode
2025-09-04 13:50:31,937 - INFO - Using font: Arial Unicode
2025-09-04 13:50:31,943 - INFO - Using font: Arial Unicode
2025-09-04 13:50:32,088 - INFO - Using font: Arial Unicode
2025-09-04 13:50:32,097 - INFO - Using font: Arial Unicode
2025-09-04 13:50:32,137 - INFO - Using font: Arial Unicode
2025-09-04 13:50:32,143 - INFO - Using font: Arial Unicode
2025-09-04 13:50:32,263 - INFO - Using font: Arial Unicode
2025-09-04 13:50:32,269 - INFO - Using font: Arial Unicode
2025-09-04 13:50:32,305 - INFO - Using font: Arial Unicode
2025-09-04 13:50:32,311 - INFO - Using font: Arial Unicode
2025-09-04 13:50:32,425 - INFO - Using font: Arial Unicode
2025-09-04 13:50:32,432 - INFO - Using font: Arial Unicode
2025-09-04 13:50:32,468 - INFO - Using font: Arial Unicode
2025-09-04 13:50:32,475 - INFO - Using font: Arial Unicode
2025-09-04 13:50:32,591 - INFO - Using font: Arial Unicode
2025-09-04 13:50:32,598 - INFO - Using font: Arial Unicode
2025-09-04 13:50:32,633 - INFO - Using font: Arial Unicode
2025-09-04 13:50:32,640 - INFO - Using font: Arial Unicode
2025-09-04 13:50:32,758 - INFO - Using font: Arial Unicode
2025-09-04 13:50:32,765 - INFO - Using font: Arial Unicode
2025-09-04 13:50:32,799 - INFO - Using font: Arial Unicode
2025-09-04 13:50:32,805 - INFO - Using font: Arial Unicode
2025-09-04 13:50:32,916 - INFO - Using font: Arial Unicode
2025-09-04 13:50:32,923 - INFO - Using font: Arial Unicode
2025-09-04 13:50:32,956 - INFO - Using font: Arial Unicode
2025-09-04 13:50:32,962 - INFO - Using font: Arial Unicode
2025-09-04 13:50:32,996 - INFO - Using font: Arial Unicode
2025-09-04 13:50:33,002 - INFO - Using font: Arial Unicode
2025-09-04 13:50:33,128 - INFO - Using font: Arial Unicode
2025-09-04 13:50:33,134 - INFO - Using font: Arial Unicode
2025-09-04 13:50:33,168 - INFO - Using font: Arial Unicode
2025-09-04 13:50:33,174 - INFO - Using font: Arial Unicode
2025-09-04 13:50:33,208 - INFO - Using font: Arial Unicode
2025-09-04 13:50:33,214 - INFO - Using font: Arial Unicode
2025-09-04 13:50:33,356 - INFO - Using font: Arial Unicode
2025-09-04 13:50:33,362 - INFO - Using font: Arial Unicode
2025-09-04 13:50:33,397 - INFO - Using font: Arial Unicode
2025-09-04 13:50:33,403 - INFO - Using font: Arial Unicode
2025-09-04 13:50:33,442 - INFO - Using font: Arial Unicode
2025-09-04 13:50:33,448 - INFO - Using font: Arial Unicode
2025-09-04 13:50:33,482 - INFO - Using font: Arial Unicode
2025-09-04 13:50:33,488 - INFO - Using font: Arial Unicode
2025-09-04 13:50:33,626 - INFO - Using font: Arial Unicode
2025-09-04 13:50:33,633 - INFO - Using font: Arial Unicode
2025-09-04 13:50:33,668 - INFO - Using font: Arial Unicode
2025-09-04 13:50:33,675 - INFO - Using font: Arial Unicode
2025-09-04 13:50:33,709 - INFO - Using font: Arial Unicode
2025-09-04 13:50:33,716 - INFO - Using font: Arial Unicode
2025-09-04 13:50:33,829 - INFO - Using font: Arial Unicode
2025-09-04 13:50:33,835 - INFO - Using font: Arial Unicode
2025-09-04 13:50:33,871 - INFO - Using font: Arial Unicode
2025-09-04 13:50:33,878 - INFO - Using font: Arial Unicode
2025-09-04 13:50:34,023 - INFO - Using font: Arial Unicode
2025-09-04 13:50:34,030 - INFO - Using font: Arial Unicode
2025-09-04 13:50:34,065 - INFO - Using font: Arial Unicode
2025-09-04 13:50:34,070 - INFO - Using font: Arial Unicode
2025-09-04 13:50:34,106 - INFO - Using font: Arial Unicode
2025-09-04 13:50:34,112 - INFO - Using font: Arial Unicode
2025-09-04 13:50:34,260 - INFO - Using font: Arial Unicode
2025-09-04 13:50:34,267 - INFO - Using font: Arial Unicode
2025-09-04 13:50:34,303 - INFO - Using font: Arial Unicode
2025-09-04 13:50:34,309 - INFO - Using font: Arial Unicode
2025-09-04 13:50:34,344 - INFO - Using font: Arial Unicode
2025-09-04 13:50:34,350 - INFO - Using font: Arial Unicode
2025-09-04 13:50:34,385 - INFO - Using font: Arial Unicode
2025-09-04 13:50:34,392 - INFO - Using font: Arial Unicode
2025-09-04 13:50:34,512 - INFO - Using font: Arial Unicode
2025-09-04 13:50:34,518 - INFO - Using font: Arial Unicode
2025-09-04 13:50:34,553 - INFO - Using font: Arial Unicode
2025-09-04 13:50:34,559 - INFO - Using font: Arial Unicode
2025-09-04 13:50:34,690 - INFO - Using font: Arial Unicode
2025-09-04 13:50:34,696 - INFO - Using font: Arial Unicode
2025-09-04 13:50:34,731 - INFO - Using font: Arial Unicode
2025-09-04 13:50:34,737 - INFO - Using font: Arial Unicode
2025-09-04 13:50:34,864 - INFO - Using font: Arial Unicode
2025-09-04 13:50:34,870 - INFO - Using font: Arial Unicode
2025-09-04 13:50:34,905 - INFO - Using font: Arial Unicode
2025-09-04 13:50:34,912 - INFO - Using font: Arial Unicode
2025-09-04 13:50:34,948 - INFO - Using font: Arial Unicode
2025-09-04 13:50:34,954 - INFO - Using font: Arial Unicode
2025-09-04 13:50:35,089 - INFO - Using font: Arial Unicode
2025-09-04 13:50:35,096 - INFO - Using font: Arial Unicode
2025-09-04 13:50:35,129 - INFO - Using font: Arial Unicode
2025-09-04 13:50:35,135 - INFO - Using font: Arial Unicode
2025-09-04 13:50:35,248 - INFO - Using font: Arial Unicode
2025-09-04 13:50:35,253 - INFO - Using font: Arial Unicode
2025-09-04 13:50:35,288 - INFO - Using font: Arial Unicode
2025-09-04 13:50:35,294 - INFO - Using font: Arial Unicode
2025-09-04 13:50:35,415 - INFO - Using font: Arial Unicode
2025-09-04 13:50:35,422 - INFO - Using font: Arial Unicode
2025-09-04 13:50:35,460 - INFO - Using font: Arial Unicode
2025-09-04 13:50:35,469 - INFO - Using font: Arial Unicode
2025-09-04 13:50:35,504 - INFO - Using font: Arial Unicode
2025-09-04 13:50:35,510 - INFO - Using font: Arial Unicode
2025-09-04 13:50:35,653 - INFO - Using font: Arial Unicode
2025-09-04 13:50:35,659 - INFO - Using font: Arial Unicode
2025-09-04 13:50:35,693 - INFO - Using font: Arial Unicode
2025-09-04 13:50:35,701 - INFO - Using font: Arial Unicode
2025-09-04 13:50:35,736 - INFO - Using font: Arial Unicode
2025-09-04 13:50:35,742 - INFO - Using font: Arial Unicode
2025-09-04 13:50:35,852 - INFO - Using font: Arial Unicode
2025-09-04 13:50:35,859 - INFO - Using font: Arial Unicode
2025-09-04 13:50:35,893 - INFO - Using font: Arial Unicode
2025-09-04 13:50:35,899 - INFO - Using font: Arial Unicode
2025-09-04 13:50:36,018 - INFO - Using font: Arial Unicode
2025-09-04 13:50:36,024 - INFO - Using font: Arial Unicode
2025-09-04 13:50:36,058 - INFO - Using font: Arial Unicode
2025-09-04 13:50:36,064 - INFO - Using font: Arial Unicode
2025-09-04 13:50:36,101 - INFO - Using font: Arial Unicode
2025-09-04 13:50:36,107 - INFO - Using font: Arial Unicode
2025-09-04 13:50:36,217 - INFO - Using font: Arial Unicode
2025-09-04 13:50:36,223 - INFO - Using font: Arial Unicode
2025-09-04 13:50:36,257 - INFO - Using font: Arial Unicode
2025-09-04 13:50:36,264 - INFO - Using font: Arial Unicode
2025-09-04 13:50:36,298 - INFO - Using font: Arial Unicode
2025-09-04 13:50:36,304 - INFO - Using font: Arial Unicode
2025-09-04 13:50:36,419 - INFO - Using font: Arial Unicode
2025-09-04 13:50:36,426 - INFO - Using font: Arial Unicode
2025-09-04 13:50:36,461 - INFO - Using font: Arial Unicode
2025-09-04 13:50:36,469 - INFO - Using font: Arial Unicode
2025-09-04 13:50:36,505 - INFO - Using font: Arial Unicode
2025-09-04 13:50:36,511 - INFO - Using font: Arial Unicode
2025-09-04 13:50:36,657 - INFO - Using font: Arial Unicode
2025-09-04 13:50:36,663 - INFO - Using font: Arial Unicode
2025-09-04 13:50:36,698 - INFO - Using font: Arial Unicode
2025-09-04 13:50:36,704 - INFO - Using font: Arial Unicode
2025-09-04 13:50:36,738 - INFO - Using font: Arial Unicode
2025-09-04 13:50:36,744 - INFO - Using font: Arial Unicode
2025-09-04 13:50:36,855 - INFO - Using font: Arial Unicode
2025-09-04 13:50:36,861 - INFO - Using font: Arial Unicode
2025-09-04 13:50:36,896 - INFO - Using font: Arial Unicode
2025-09-04 13:50:36,903 - INFO - Using font: Arial Unicode
2025-09-04 13:50:36,938 - INFO - Using font: Arial Unicode
2025-09-04 13:50:36,944 - INFO - Using font: Arial Unicode
2025-09-04 13:50:37,060 - INFO - Using font: Arial Unicode
2025-09-04 13:50:37,066 - INFO - Using font: Arial Unicode
2025-09-04 13:50:37,101 - INFO - Using font: Arial Unicode
2025-09-04 13:50:37,108 - INFO - Using font: Arial Unicode
2025-09-04 13:50:37,143 - INFO - Using font: Arial Unicode
2025-09-04 13:50:37,149 - INFO - Using font: Arial Unicode
2025-09-04 13:50:37,184 - INFO - Using font: Arial Unicode
2025-09-04 13:50:37,190 - INFO - Using font: Arial Unicode
2025-09-04 13:50:37,328 - INFO - Using font: Arial Unicode
2025-09-04 13:50:37,334 - INFO - Using font: Arial Unicode
2025-09-04 13:50:37,370 - INFO - Using font: Arial Unicode
2025-09-04 13:50:37,376 - INFO - Using font: Arial Unicode
2025-09-04 13:50:37,412 - INFO - Using font: Arial Unicode
2025-09-04 13:50:37,419 - INFO - Using font: Arial Unicode
2025-09-04 13:50:37,551 - INFO - Using font: Arial Unicode
2025-09-04 13:50:37,557 - INFO - Using font: Arial Unicode
2025-09-04 13:50:37,592 - INFO - Using font: Arial Unicode
2025-09-04 13:50:37,598 - INFO - Using font: Arial Unicode
2025-09-04 13:50:37,640 - INFO - Using font: Arial Unicode
2025-09-04 13:50:37,647 - INFO - Using font: Arial Unicode
2025-09-04 13:50:37,792 - INFO - Using font: Arial Unicode
2025-09-04 13:50:37,799 - INFO - Using font: Arial Unicode
2025-09-04 13:50:37,835 - INFO - Using font: Arial Unicode
2025-09-04 13:50:37,842 - INFO - Using font: Arial Unicode
2025-09-04 13:50:37,900 - INFO - Using font: Arial Unicode
2025-09-04 13:50:37,908 - INFO - Using font: Arial Unicode
2025-09-04 13:50:37,959 - INFO - Using font: Arial Unicode
2025-09-04 13:50:37,966 - INFO - Using font: Arial Unicode
2025-09-04 13:50:38,096 - INFO - Using font: Arial Unicode
2025-09-04 13:50:38,103 - INFO - Using font: Arial Unicode
2025-09-04 13:50:38,136 - INFO - Using font: Arial Unicode
2025-09-04 13:50:38,142 - INFO - Using font: Arial Unicode
2025-09-04 13:50:38,177 - INFO - Using font: Arial Unicode
2025-09-04 13:50:38,184 - INFO - Using font: Arial Unicode
2025-09-04 13:50:38,306 - INFO - Using font: Arial Unicode
2025-09-04 13:50:38,313 - INFO - Using font: Arial Unicode
2025-09-04 13:50:38,346 - INFO - Using font: Arial Unicode
2025-09-04 13:50:38,352 - INFO - Using font: Arial Unicode
2025-09-04 13:50:38,387 - INFO - Using font: Arial Unicode
2025-09-04 13:50:38,393 - INFO - Using font: Arial Unicode
2025-09-04 13:50:38,429 - INFO - Using font: Arial Unicode
2025-09-04 13:50:38,436 - INFO - Using font: Arial Unicode
2025-09-04 13:50:38,565 - INFO - Using font: Arial Unicode
2025-09-04 13:50:38,572 - INFO - Using font: Arial Unicode
2025-09-04 13:50:38,607 - INFO - Using font: Arial Unicode
2025-09-04 13:50:38,613 - INFO - Using font: Arial Unicode
2025-09-04 13:50:38,649 - INFO - Using font: Arial Unicode
2025-09-04 13:50:38,656 - INFO - Using font: Arial Unicode
2025-09-04 13:50:38,691 - INFO - Using font: Arial Unicode
2025-09-04 13:50:38,698 - INFO - Using font: Arial Unicode
2025-09-04 13:50:38,829 - INFO - Using font: Arial Unicode
2025-09-04 13:50:38,835 - INFO - Using font: Arial Unicode
2025-09-04 13:50:38,868 - INFO - Using font: Arial Unicode
2025-09-04 13:50:38,875 - INFO - Using font: Arial Unicode
2025-09-04 13:50:38,910 - INFO - Using font: Arial Unicode
2025-09-04 13:50:38,916 - INFO - Using font: Arial Unicode
2025-09-04 13:50:38,950 - INFO - Using font: Arial Unicode
2025-09-04 13:50:38,956 - INFO - Using font: Arial Unicode
2025-09-04 13:50:39,099 - INFO - Using font: Arial Unicode
2025-09-04 13:50:39,105 - INFO - Using font: Arial Unicode
2025-09-04 13:50:39,140 - INFO - Using font: Arial Unicode
2025-09-04 13:50:39,147 - INFO - Using font: Arial Unicode
2025-09-04 13:50:39,182 - INFO - Using font: Arial Unicode
2025-09-04 13:50:39,188 - INFO - Using font: Arial Unicode
2025-09-04 13:50:39,222 - INFO - Using font: Arial Unicode
2025-09-04 13:50:39,229 - INFO - Using font: Arial Unicode
2025-09-04 13:50:39,262 - INFO - Using font: Arial Unicode
2025-09-04 13:50:39,269 - INFO - Using font: Arial Unicode
2025-09-04 13:50:39,393 - INFO - Using font: Arial Unicode
2025-09-04 13:50:39,399 - INFO - Using font: Arial Unicode
2025-09-04 13:50:39,435 - INFO - Using font: Arial Unicode
2025-09-04 13:50:39,442 - INFO - Using font: Arial Unicode
2025-09-04 13:50:39,476 - INFO - Using font: Arial Unicode
2025-09-04 13:50:39,481 - INFO - Using font: Arial Unicode
2025-09-04 13:50:39,593 - INFO - Using font: Arial Unicode
2025-09-04 13:50:39,600 - INFO - Using font: Arial Unicode
2025-09-04 13:50:39,636 - INFO - Using font: Arial Unicode
2025-09-04 13:50:39,642 - INFO - Using font: Arial Unicode
2025-09-04 13:50:39,677 - INFO - Using font: Arial Unicode
2025-09-04 13:50:39,683 - INFO - Using font: Arial Unicode
2025-09-04 13:50:39,831 - INFO - Using font: Arial Unicode
2025-09-04 13:50:39,838 - INFO - Using font: Arial Unicode
2025-09-04 13:50:39,872 - INFO - Using font: Arial Unicode
2025-09-04 13:50:39,879 - INFO - Using font: Arial Unicode
2025-09-04 13:50:39,999 - INFO - Using font: Arial Unicode
2025-09-04 13:50:40,005 - INFO - Using font: Arial Unicode
2025-09-04 13:50:40,039 - INFO - Using font: Arial Unicode
2025-09-04 13:50:40,044 - INFO - Using font: Arial Unicode
2025-09-04 13:50:40,079 - INFO - Using font: Arial Unicode
2025-09-04 13:50:40,086 - INFO - Using font: Arial Unicode
2025-09-04 13:50:40,119 - INFO - Using font: Arial Unicode
2025-09-04 13:50:40,126 - INFO - Using font: Arial Unicode
2025-09-04 13:50:40,159 - INFO - Using font: Arial Unicode
2025-09-04 13:50:40,166 - INFO - Using font: Arial Unicode
2025-09-04 13:50:40,202 - INFO - Using font: Arial Unicode
2025-09-04 13:50:40,208 - INFO - Using font: Arial Unicode
2025-09-04 13:50:40,245 - INFO - Using font: Arial Unicode
2025-09-04 13:50:40,251 - INFO - Using font: Arial Unicode
2025-09-04 13:50:40,284 - INFO - Using font: Arial Unicode
2025-09-04 13:50:40,291 - INFO - Using font: Arial Unicode
2025-09-04 13:50:40,431 - INFO - Using font: Arial Unicode
2025-09-04 13:50:40,437 - INFO - Using font: Arial Unicode
2025-09-04 13:50:40,472 - INFO - Using font: Arial Unicode
2025-09-04 13:50:40,479 - INFO - Using font: Arial Unicode
2025-09-04 13:50:40,512 - INFO - Using font: Arial Unicode
2025-09-04 13:50:40,519 - INFO - Using font: Arial Unicode
2025-09-04 13:50:40,654 - INFO - Using font: Arial Unicode
2025-09-04 13:50:40,660 - INFO - Using font: Arial Unicode
2025-09-04 13:50:40,694 - INFO - Using font: Arial Unicode
2025-09-04 13:50:40,701 - INFO - Using font: Arial Unicode
2025-09-04 13:50:40,735 - INFO - Using font: Arial Unicode
2025-09-04 13:50:40,741 - INFO - Using font: Arial Unicode
2025-09-04 13:50:40,860 - INFO - Using font: Arial Unicode
2025-09-04 13:50:40,866 - INFO - Using font: Arial Unicode
2025-09-04 13:50:40,901 - INFO - Using font: Arial Unicode
2025-09-04 13:50:40,907 - INFO - Using font: Arial Unicode
2025-09-04 13:50:40,941 - INFO - Using font: Arial Unicode
2025-09-04 13:50:40,947 - INFO - Using font: Arial Unicode
2025-09-04 13:50:41,068 - INFO - Using font: Arial Unicode
2025-09-04 13:50:41,074 - INFO - Using font: Arial Unicode
2025-09-04 13:50:41,108 - INFO - Using font: Arial Unicode
2025-09-04 13:50:41,115 - INFO - Using font: Arial Unicode
2025-09-04 13:50:41,263 - INFO - Using font: Arial Unicode
2025-09-04 13:50:41,270 - INFO - Using font: Arial Unicode
2025-09-04 13:50:41,305 - INFO - Using font: Arial Unicode
2025-09-04 13:50:41,311 - INFO - Using font: Arial Unicode
2025-09-04 13:50:41,346 - INFO - Using font: Arial Unicode
2025-09-04 13:50:41,352 - INFO - Using font: Arial Unicode
2025-09-04 13:50:41,386 - INFO - Using font: Arial Unicode
2025-09-04 13:50:41,393 - INFO - Using font: Arial Unicode
2025-09-04 13:50:41,534 - INFO - Using font: Arial Unicode
2025-09-04 13:50:41,541 - INFO - Using font: Arial Unicode
2025-09-04 13:50:41,576 - INFO - Using font: Arial Unicode
2025-09-04 13:50:41,583 - INFO - Using font: Arial Unicode
2025-09-04 13:50:41,622 - INFO - Using font: Arial Unicode
2025-09-04 13:50:41,631 - INFO - Using font: Arial Unicode
2025-09-04 13:50:41,676 - INFO - Using font: Arial Unicode
2025-09-04 13:50:41,683 - INFO - Using font: Arial Unicode
2025-09-04 13:50:41,724 - INFO - Using font: Arial Unicode
2025-09-04 13:50:41,731 - INFO - Using font: Arial Unicode
2025-09-04 13:50:41,768 - INFO - Using font: Arial Unicode
2025-09-04 13:50:41,774 - INFO - Using font: Arial Unicode
2025-09-04 13:50:41,904 - INFO - Using font: Arial Unicode
2025-09-04 13:50:41,910 - INFO - Using font: Arial Unicode
2025-09-04 13:50:41,951 - INFO - Using font: Arial Unicode
2025-09-04 13:50:41,960 - INFO - Using font: Arial Unicode
2025-09-04 13:50:41,999 - INFO - Using font: Arial Unicode
2025-09-04 13:50:42,006 - INFO - Using font: Arial Unicode
2025-09-04 13:50:42,169 - INFO - Using font: Arial Unicode
2025-09-04 13:50:42,179 - INFO - Using font: Arial Unicode
2025-09-04 13:50:42,220 - INFO - Using font: Arial Unicode
2025-09-04 13:50:42,230 - INFO - Using font: Arial Unicode
2025-09-04 13:50:42,276 - INFO - Using font: Arial Unicode
2025-09-04 13:50:42,282 - INFO - Using font: Arial Unicode
2025-09-04 13:50:42,433 - INFO - Using font: Arial Unicode
2025-09-04 13:50:42,440 - INFO - Using font: Arial Unicode
2025-09-04 13:50:42,481 - INFO - Using font: Arial Unicode
2025-09-04 13:50:42,488 - INFO - Using font: Arial Unicode
2025-09-04 13:50:42,525 - INFO - Using font: Arial Unicode
2025-09-04 13:50:42,531 - INFO - Using font: Arial Unicode
2025-09-04 13:50:42,567 - INFO - Using font: Arial Unicode
2025-09-04 13:50:42,573 - INFO - Using font: Arial Unicode
2025-09-04 13:50:42,608 - INFO - Using font: Arial Unicode
2025-09-04 13:50:42,614 - INFO - Using font: Arial Unicode
2025-09-04 13:50:42,770 - INFO - Using font: Arial Unicode
2025-09-04 13:50:42,776 - INFO - Using font: Arial Unicode
2025-09-04 13:50:42,811 - INFO - Using font: Arial Unicode
2025-09-04 13:50:42,818 - INFO - Using font: Arial Unicode
2025-09-04 13:50:42,852 - INFO - Using font: Arial Unicode
2025-09-04 13:50:42,858 - INFO - Using font: Arial Unicode
2025-09-04 13:50:42,893 - INFO - Using font: Arial Unicode
2025-09-04 13:50:42,899 - INFO - Using font: Arial Unicode
2025-09-04 13:50:43,025 - INFO - Using font: Arial Unicode
2025-09-04 13:50:43,031 - INFO - Using font: Arial Unicode
2025-09-04 13:50:43,066 - INFO - Using font: Arial Unicode
2025-09-04 13:50:43,072 - INFO - Using font: Arial Unicode
2025-09-04 13:50:43,107 - INFO - Using font: Arial Unicode
2025-09-04 13:50:43,114 - INFO - Using font: Arial Unicode
2025-09-04 13:50:43,233 - INFO - Using font: Arial Unicode
2025-09-04 13:50:43,240 - INFO - Using font: Arial Unicode
2025-09-04 13:50:43,275 - INFO - Using font: Arial Unicode
2025-09-04 13:50:43,281 - INFO - Using font: Arial Unicode
2025-09-04 13:50:43,429 - INFO - Using font: Arial Unicode
2025-09-04 13:50:43,437 - INFO - Using font: Arial Unicode
2025-09-04 13:50:43,499 - INFO - Using font: Arial Unicode
2025-09-04 13:50:43,508 - INFO - Using font: Arial Unicode
2025-09-04 13:50:43,560 - INFO - Using font: Arial Unicode
2025-09-04 13:50:43,567 - INFO - Using font: Arial Unicode
2025-09-04 13:50:43,712 - INFO - Using font: Arial Unicode
2025-09-04 13:50:43,718 - INFO - Using font: Arial Unicode
2025-09-04 13:50:43,754 - INFO - Using font: Arial Unicode
2025-09-04 13:50:43,760 - INFO - Using font: Arial Unicode
2025-09-04 13:50:43,796 - INFO - Using font: Arial Unicode
2025-09-04 13:50:43,802 - INFO - Using font: Arial Unicode
2025-09-04 13:50:43,839 - INFO - Using font: Arial Unicode
2025-09-04 13:50:43,846 - INFO - Using font: Arial Unicode
2025-09-04 13:50:43,881 - INFO - Using font: Arial Unicode
2025-09-04 13:50:43,887 - INFO - Using font: Arial Unicode
2025-09-04 13:50:44,032 - INFO - Using font: Arial Unicode
2025-09-04 13:50:44,039 - INFO - Using font: Arial Unicode
2025-09-04 13:50:44,077 - INFO - Using font: Arial Unicode
2025-09-04 13:50:44,083 - INFO - Using font: Arial Unicode
2025-09-04 13:50:44,118 - INFO - Using font: Arial Unicode
2025-09-04 13:50:44,124 - INFO - Using font: Arial Unicode
2025-09-04 13:50:44,254 - INFO - Using font: Arial Unicode
2025-09-04 13:50:44,260 - INFO - Using font: Arial Unicode
2025-09-04 13:50:44,294 - INFO - Using font: Arial Unicode
2025-09-04 13:50:44,302 - INFO - Using font: Arial Unicode
2025-09-04 13:50:44,335 - INFO - Using font: Arial Unicode
2025-09-04 13:50:44,341 - INFO - Using font: Arial Unicode
2025-09-04 13:50:44,459 - INFO - Using font: Arial Unicode
2025-09-04 13:50:44,465 - INFO - Using font: Arial Unicode
2025-09-04 13:50:44,501 - INFO - Using font: Arial Unicode
2025-09-04 13:50:44,508 - INFO - Using font: Arial Unicode
2025-09-04 13:50:44,543 - INFO - Using font: Arial Unicode
2025-09-04 13:50:44,549 - INFO - Using font: Arial Unicode
2025-09-04 13:50:44,583 - INFO - Using font: Arial Unicode
2025-09-04 13:50:44,590 - INFO - Using font: Arial Unicode
2025-09-04 13:50:44,726 - INFO - Using font: Arial Unicode
2025-09-04 13:50:44,733 - INFO - Using font: Arial Unicode
2025-09-04 13:50:44,767 - INFO - Using font: Arial Unicode
2025-09-04 13:50:44,773 - INFO - Using font: Arial Unicode
2025-09-04 13:50:44,808 - INFO - Using font: Arial Unicode
2025-09-04 13:50:44,814 - INFO - Using font: Arial Unicode
2025-09-04 13:50:44,849 - INFO - Using font: Arial Unicode
2025-09-04 13:50:44,855 - INFO - Using font: Arial Unicode
2025-09-04 13:50:44,983 - INFO - Using font: Arial Unicode
2025-09-04 13:50:44,990 - INFO - Using font: Arial Unicode
2025-09-04 13:50:45,023 - INFO - Using font: Arial Unicode
2025-09-04 13:50:45,029 - INFO - Using font: Arial Unicode
2025-09-04 13:50:45,062 - INFO - Using font: Arial Unicode
2025-09-04 13:50:45,068 - INFO - Using font: Arial Unicode
2025-09-04 13:50:45,193 - INFO - Using font: Arial Unicode
2025-09-04 13:50:45,200 - INFO - Using font: Arial Unicode
2025-09-04 13:50:45,235 - INFO - Using font: Arial Unicode
2025-09-04 13:50:45,241 - INFO - Using font: Arial Unicode
2025-09-04 13:50:45,276 - INFO - Using font: Arial Unicode
2025-09-04 13:50:45,282 - INFO - Using font: Arial Unicode
2025-09-04 13:50:45,424 - INFO - Using font: Arial Unicode
2025-09-04 13:50:45,430 - INFO - Using font: Arial Unicode
2025-09-04 13:50:45,466 - INFO - Using font: Arial Unicode
2025-09-04 13:50:45,473 - INFO - Using font: Arial Unicode
2025-09-04 13:50:45,508 - INFO - Using font: Arial Unicode
2025-09-04 13:50:45,514 - INFO - Using font: Arial Unicode
2025-09-04 13:50:45,551 - INFO - Using font: Arial Unicode
2025-09-04 13:50:45,557 - INFO - Using font: Arial Unicode
2025-09-04 13:50:45,592 - INFO - Using font: Arial Unicode
2025-09-04 13:50:45,599 - INFO - Using font: Arial Unicode
2025-09-04 13:50:45,733 - INFO - Using font: Arial Unicode
2025-09-04 13:50:45,739 - INFO - Using font: Arial Unicode
2025-09-04 13:50:45,775 - INFO - Using font: Arial Unicode
2025-09-04 13:50:45,781 - INFO - Using font: Arial Unicode
2025-09-04 13:50:45,815 - INFO - Using font: Arial Unicode
2025-09-04 13:50:45,821 - INFO - Using font: Arial Unicode
2025-09-04 13:50:45,962 - INFO - Using font: Arial Unicode
2025-09-04 13:50:45,968 - INFO - Using font: Arial Unicode
2025-09-04 13:50:46,003 - INFO - Using font: Arial Unicode
2025-09-04 13:50:46,009 - INFO - Using font: Arial Unicode
2025-09-04 13:50:46,151 - INFO - Using font: Arial Unicode
2025-09-04 13:50:46,157 - INFO - Using font: Arial Unicode
2025-09-04 13:50:46,191 - INFO - Using font: Arial Unicode
2025-09-04 13:50:46,197 - INFO - Using font: Arial Unicode
2025-09-04 13:50:46,233 - INFO - Using font: Arial Unicode
2025-09-04 13:50:46,240 - INFO - Using font: Arial Unicode
2025-09-04 13:50:46,449 - INFO - Using font: Arial Unicode
2025-09-04 13:50:46,456 - INFO - Using font: Arial Unicode
2025-09-04 13:50:46,591 - INFO - Using font: Arial Unicode
2025-09-04 13:50:46,597 - INFO - Using font: Arial Unicode
2025-09-04 13:50:46,632 - INFO - Using font: Arial Unicode
2025-09-04 13:50:46,638 - INFO - Using font: Arial Unicode
2025-09-04 13:50:46,759 - INFO - Using font: Arial Unicode
2025-09-04 13:50:46,765 - INFO - Using font: Arial Unicode
2025-09-04 13:50:46,799 - INFO - Using font: Arial Unicode
2025-09-04 13:50:46,805 - INFO - Using font: Arial Unicode
2025-09-04 13:50:46,841 - INFO - Using font: Arial Unicode
2025-09-04 13:50:46,847 - INFO - Using font: Arial Unicode
2025-09-04 13:50:46,990 - INFO - Using font: Arial Unicode
2025-09-04 13:50:46,996 - INFO - Using font: Arial Unicode
2025-09-04 13:50:47,030 - INFO - Using font: Arial Unicode
2025-09-04 13:50:47,036 - INFO - Using font: Arial Unicode
2025-09-04 13:50:47,071 - INFO - Using font: Arial Unicode
2025-09-04 13:50:47,077 - INFO - Using font: Arial Unicode
2025-09-04 13:50:47,236 - INFO - Using font: Arial Unicode
2025-09-04 13:50:47,242 - INFO - Using font: Arial Unicode
2025-09-04 13:50:47,283 - INFO - Using font: Arial Unicode
2025-09-04 13:50:47,289 - INFO - Using font: Arial Unicode
2025-09-04 13:50:47,449 - INFO - Using font: Arial Unicode
2025-09-04 13:50:47,455 - INFO - Using font: Arial Unicode
2025-09-04 13:50:47,493 - INFO - Using font: Arial Unicode
2025-09-04 13:50:47,500 - INFO - Using font: Arial Unicode
2025-09-04 13:50:47,533 - INFO - Using font: Arial Unicode
2025-09-04 13:50:47,539 - INFO - Using font: Arial Unicode
2025-09-04 13:50:47,660 - INFO - Using font: Arial Unicode
2025-09-04 13:50:47,667 - INFO - Using font: Arial Unicode
2025-09-04 13:50:47,703 - INFO - Using font: Arial Unicode
2025-09-04 13:50:47,711 - INFO - Using font: Arial Unicode
2025-09-04 13:50:47,747 - INFO - Using font: Arial Unicode
2025-09-04 13:50:47,754 - INFO - Using font: Arial Unicode
2025-09-04 13:50:47,883 - INFO - Using font: Arial Unicode
2025-09-04 13:50:47,889 - INFO - Using font: Arial Unicode
2025-09-04 13:50:47,923 - INFO - Using font: Arial Unicode
2025-09-04 13:50:47,929 - INFO - Using font: Arial Unicode
2025-09-04 13:50:48,055 - INFO - Using font: Arial Unicode
2025-09-04 13:50:48,061 - INFO - Using font: Arial Unicode
2025-09-04 13:50:48,095 - INFO - Using font: Arial Unicode
2025-09-04 13:50:48,103 - INFO - Using font: Arial Unicode
2025-09-04 13:50:48,136 - INFO - Using font: Arial Unicode
2025-09-04 13:50:48,143 - INFO - Using font: Arial Unicode
2025-09-04 13:50:48,176 - INFO - Using font: Arial Unicode
2025-09-04 13:50:48,182 - INFO - Using font: Arial Unicode
2025-09-04 13:50:48,323 - INFO - Using font: Arial Unicode
2025-09-04 13:50:48,330 - INFO - Using font: Arial Unicode
2025-09-04 13:50:48,364 - INFO - Using font: Arial Unicode
2025-09-04 13:50:48,371 - INFO - Using font: Arial Unicode
2025-09-04 13:50:48,405 - INFO - Using font: Arial Unicode
2025-09-04 13:50:48,411 - INFO - Using font: Arial Unicode
2025-09-04 13:50:48,560 - INFO - Using font: Arial Unicode
2025-09-04 13:50:48,566 - INFO - Using font: Arial Unicode
2025-09-04 13:50:48,600 - INFO - Using font: Arial Unicode
2025-09-04 13:50:48,606 - INFO - Using font: Arial Unicode
2025-09-04 13:50:48,640 - INFO - Using font: Arial Unicode
2025-09-04 13:50:48,649 - INFO - Using font: Arial Unicode
2025-09-04 13:50:48,787 - INFO - Using font: Arial Unicode
2025-09-04 13:50:48,793 - INFO - Using font: Arial Unicode
2025-09-04 13:50:48,827 - INFO - Using font: Arial Unicode
2025-09-04 13:50:48,833 - INFO - Using font: Arial Unicode
2025-09-04 13:50:48,996 - INFO - Using font: Arial Unicode
2025-09-04 13:50:49,002 - INFO - Using font: Arial Unicode
2025-09-04 13:50:49,037 - INFO - Using font: Arial Unicode
2025-09-04 13:50:49,043 - INFO - Using font: Arial Unicode
2025-09-04 13:50:49,077 - INFO - Using font: Arial Unicode
2025-09-04 13:50:49,084 - INFO - Using font: Arial Unicode
2025-09-04 13:50:49,227 - INFO - Using font: Arial Unicode
2025-09-04 13:50:49,234 - INFO - Using font: Arial Unicode
2025-09-04 13:50:49,268 - INFO - Using font: Arial Unicode
2025-09-04 13:50:49,274 - INFO - Using font: Arial Unicode
2025-09-04 13:50:49,310 - INFO - Using font: Arial Unicode
2025-09-04 13:50:49,316 - INFO - Using font: Arial Unicode
2025-09-04 13:50:49,467 - INFO - Using font: Arial Unicode
2025-09-04 13:50:49,474 - INFO - Using font: Arial Unicode
2025-09-04 13:50:49,509 - INFO - Using font: Arial Unicode
2025-09-04 13:50:49,515 - INFO - Using font: Arial Unicode
2025-09-04 13:50:49,550 - INFO - Using font: Arial Unicode
2025-09-04 13:50:49,558 - INFO - Using font: Arial Unicode
2025-09-04 13:50:49,591 - INFO - Using font: Arial Unicode
2025-09-04 13:50:49,598 - INFO - Using font: Arial Unicode
2025-09-04 13:50:49,768 - INFO - Using font: Arial Unicode
2025-09-04 13:50:49,775 - INFO - Using font: Arial Unicode
2025-09-04 13:50:49,811 - INFO - Using font: Arial Unicode
2025-09-04 13:50:49,831 - INFO - Using font: Arial Unicode
2025-09-04 13:50:49,871 - INFO - Using font: Arial Unicode
2025-09-04 13:50:49,885 - INFO - Using font: Arial Unicode
2025-09-04 13:50:49,934 - INFO - Using font: Arial Unicode
2025-09-04 13:50:49,944 - INFO - Using font: Arial Unicode
2025-09-04 13:50:50,116 - INFO - Using font: Arial Unicode
2025-09-04 13:50:50,125 - INFO - Using font: Arial Unicode
2025-09-04 13:50:50,170 - INFO - Using font: Arial Unicode
2025-09-04 13:50:50,178 - INFO - Using font: Arial Unicode
2025-09-04 13:50:50,219 - INFO - Using font: Arial Unicode
2025-09-04 13:50:50,225 - INFO - Using font: Arial Unicode
2025-09-04 13:50:50,261 - INFO - Using font: Arial Unicode
2025-09-04 13:50:50,268 - INFO - Using font: Arial Unicode
2025-09-04 13:50:50,393 - INFO - Using font: Arial Unicode
2025-09-04 13:50:50,400 - INFO - Using font: Arial Unicode
2025-09-04 13:50:50,433 - INFO - Using font: Arial Unicode
2025-09-04 13:50:50,440 - INFO - Using font: Arial Unicode
2025-09-04 13:50:50,476 - INFO - Using font: Arial Unicode
2025-09-04 13:50:50,482 - INFO - Using font: Arial Unicode
2025-09-04 13:50:50,624 - INFO - Using font: Arial Unicode
2025-09-04 13:50:50,630 - INFO - Using font: Arial Unicode
2025-09-04 13:50:50,665 - INFO - Using font: Arial Unicode
2025-09-04 13:50:50,671 - INFO - Using font: Arial Unicode
2025-09-04 13:50:50,706 - INFO - Using font: Arial Unicode
2025-09-04 13:50:50,712 - INFO - Using font: Arial Unicode
2025-09-04 13:50:50,858 - INFO - Using font: Arial Unicode
2025-09-04 13:50:50,865 - INFO - Using font: Arial Unicode
2025-09-04 13:50:50,898 - INFO - Using font: Arial Unicode
2025-09-04 13:50:50,905 - INFO - Using font: Arial Unicode
2025-09-04 13:50:50,940 - INFO - Using font: Arial Unicode
2025-09-04 13:50:50,947 - INFO - Using font: Arial Unicode
2025-09-04 13:50:50,980 - INFO - Using font: Arial Unicode
2025-09-04 13:50:50,987 - INFO - Using font: Arial Unicode
2025-09-04 13:50:51,122 - INFO - Using font: Arial Unicode
2025-09-04 13:50:51,129 - INFO - Using font: Arial Unicode
2025-09-04 13:50:51,164 - INFO - Using font: Arial Unicode
2025-09-04 13:50:51,170 - INFO - Using font: Arial Unicode
2025-09-04 13:50:51,290 - INFO - Using font: Arial Unicode
2025-09-04 13:50:51,296 - INFO - Using font: Arial Unicode
2025-09-04 13:50:51,330 - INFO - Using font: Arial Unicode
2025-09-04 13:50:51,337 - INFO - Using font: Arial Unicode
2025-09-04 13:50:51,370 - INFO - Using font: Arial Unicode
2025-09-04 13:50:51,376 - INFO - Using font: Arial Unicode
2025-09-04 13:50:51,411 - INFO - Using font: Arial Unicode
2025-09-04 13:50:51,417 - INFO - Using font: Arial Unicode
2025-09-04 13:50:51,459 - INFO - Using font: Arial Unicode
2025-09-04 13:50:51,466 - INFO - Using font: Arial Unicode
2025-09-04 13:50:51,594 - INFO - Using font: Arial Unicode
2025-09-04 13:50:51,600 - INFO - Using font: Arial Unicode
2025-09-04 13:50:51,635 - INFO - Using font: Arial Unicode
2025-09-04 13:50:51,643 - INFO - Using font: Arial Unicode
2025-09-04 13:50:51,680 - INFO - Using font: Arial Unicode
2025-09-04 13:50:51,687 - INFO - Using font: Arial Unicode
2025-09-04 13:50:51,829 - INFO - Using font: Arial Unicode
2025-09-04 13:50:51,835 - INFO - Using font: Arial Unicode
2025-09-04 13:50:51,870 - INFO - Using font: Arial Unicode
2025-09-04 13:50:51,877 - INFO - Using font: Arial Unicode
2025-09-04 13:50:51,912 - INFO - Using font: Arial Unicode
2025-09-04 13:50:51,919 - INFO - Using font: Arial Unicode
2025-09-04 13:50:52,064 - INFO - Using font: Arial Unicode
2025-09-04 13:50:52,070 - INFO - Using font: Arial Unicode
2025-09-04 13:50:52,107 - INFO - Using font: Arial Unicode
2025-09-04 13:50:52,114 - INFO - Using font: Arial Unicode
2025-09-04 13:50:52,147 - INFO - Using font: Arial Unicode
2025-09-04 13:50:52,153 - INFO - Using font: Arial Unicode
2025-09-04 13:50:52,186 - INFO - Using font: Arial Unicode
2025-09-04 13:50:52,192 - INFO - Using font: Arial Unicode
2025-09-04 13:50:52,311 - INFO - Using font: Arial Unicode
2025-09-04 13:50:52,317 - INFO - Using font: Arial Unicode
2025-09-04 13:50:52,352 - INFO - Using font: Arial Unicode
2025-09-04 13:50:52,358 - INFO - Using font: Arial Unicode
2025-09-04 13:50:52,393 - INFO - Using font: Arial Unicode
2025-09-04 13:50:52,399 - INFO - Using font: Arial Unicode
2025-09-04 13:50:52,565 - INFO - Using font: Arial Unicode
2025-09-04 13:50:52,572 - INFO - Using font: Arial Unicode
2025-09-04 13:50:52,606 - INFO - Using font: Arial Unicode
2025-09-04 13:50:52,612 - INFO - Using font: Arial Unicode
2025-09-04 13:50:52,646 - INFO - Using font: Arial Unicode
2025-09-04 13:50:52,653 - INFO - Using font: Arial Unicode
2025-09-04 13:50:52,789 - INFO - Using font: Arial Unicode
2025-09-04 13:50:52,795 - INFO - Using font: Arial Unicode
2025-09-04 13:50:52,828 - INFO - Using font: Arial Unicode
2025-09-04 13:50:52,834 - INFO - Using font: Arial Unicode
2025-09-04 13:50:52,868 - INFO - Using font: Arial Unicode
2025-09-04 13:50:52,875 - INFO - Using font: Arial Unicode
2025-09-04 13:50:52,908 - INFO - Using font: Arial Unicode
2025-09-04 13:50:52,914 - INFO - Using font: Arial Unicode
2025-09-04 13:50:53,075 - INFO - Using font: Arial Unicode
2025-09-04 13:50:53,082 - INFO - Using font: Arial Unicode
2025-09-04 13:50:53,117 - INFO - Using font: Arial Unicode
2025-09-04 13:50:53,124 - INFO - Using font: Arial Unicode
2025-09-04 13:50:53,160 - INFO - Using font: Arial Unicode
2025-09-04 13:50:53,166 - INFO - Using font: Arial Unicode
2025-09-04 13:50:53,286 - INFO - Using font: Arial Unicode
2025-09-04 13:50:53,293 - INFO - Using font: Arial Unicode
2025-09-04 13:50:53,328 - INFO - Using font: Arial Unicode
2025-09-04 13:50:53,335 - INFO - Using font: Arial Unicode
2025-09-04 13:50:53,370 - INFO - Using font: Arial Unicode
2025-09-04 13:50:53,376 - INFO - Using font: Arial Unicode
2025-09-04 13:50:53,412 - INFO - Using font: Arial Unicode
2025-09-04 13:50:53,419 - INFO - Using font: Arial Unicode
2025-09-04 13:50:53,554 - INFO - Using font: Arial Unicode
2025-09-04 13:50:53,560 - INFO - Using font: Arial Unicode
2025-09-04 13:50:53,598 - INFO - Using font: Arial Unicode
2025-09-04 13:50:53,604 - INFO - Using font: Arial Unicode
2025-09-04 13:50:53,642 - INFO - Using font: Arial Unicode
2025-09-04 13:50:53,648 - INFO - Using font: Arial Unicode
2025-09-04 13:50:53,682 - INFO - Using font: Arial Unicode
2025-09-04 13:50:53,688 - INFO - Using font: Arial Unicode
2025-09-04 13:50:53,836 - INFO - Using font: Arial Unicode
2025-09-04 13:50:53,842 - INFO - Using font: Arial Unicode
2025-09-04 13:50:53,879 - INFO - Using font: Arial Unicode
2025-09-04 13:50:53,888 - INFO - Using font: Arial Unicode
2025-09-04 13:50:53,923 - INFO - Using font: Arial Unicode
2025-09-04 13:50:53,929 - INFO - Using font: Arial Unicode
2025-09-04 13:50:54,063 - INFO - Using font: Arial Unicode
2025-09-04 13:50:54,070 - INFO - Using font: Arial Unicode
2025-09-04 13:50:54,104 - INFO - Using font: Arial Unicode
2025-09-04 13:50:54,111 - INFO - Using font: Arial Unicode
2025-09-04 13:50:54,146 - INFO - Using font: Arial Unicode
2025-09-04 13:50:54,153 - INFO - Using font: Arial Unicode
2025-09-04 13:50:54,187 - INFO - Using font: Arial Unicode
2025-09-04 13:50:54,196 - INFO - Using font: Arial Unicode
2025-09-04 13:50:54,230 - INFO - Using font: Arial Unicode
2025-09-04 13:50:54,239 - INFO - Using font: Arial Unicode
2025-09-04 13:50:54,275 - INFO - Using font: Arial Unicode
2025-09-04 13:50:54,281 - INFO - Using font: Arial Unicode
2025-09-04 13:50:54,424 - INFO - Using font: Arial Unicode
2025-09-04 13:50:54,431 - INFO - Using font: Arial Unicode
2025-09-04 13:50:54,467 - INFO - Using font: Arial Unicode
2025-09-04 13:50:54,473 - INFO - Using font: Arial Unicode
2025-09-04 13:50:54,509 - INFO - Using font: Arial Unicode
2025-09-04 13:50:54,516 - INFO - Using font: Arial Unicode
2025-09-04 13:50:54,551 - INFO - Using font: Arial Unicode
2025-09-04 13:50:54,557 - INFO - Using font: Arial Unicode
2025-09-04 13:50:54,591 - INFO - Using font: Arial Unicode
2025-09-04 13:50:54,598 - INFO - Using font: Arial Unicode
2025-09-04 13:50:54,636 - INFO - Using font: Arial Unicode
2025-09-04 13:50:54,648 - INFO - Using font: Arial Unicode
2025-09-04 13:50:54,687 - INFO - Using font: Arial Unicode
2025-09-04 13:50:54,693 - INFO - Using font: Arial Unicode
2025-09-04 13:50:54,731 - INFO - Using font: Arial Unicode
2025-09-04 13:50:54,739 - INFO - Using font: Arial Unicode
2025-09-04 13:50:54,774 - INFO - Using font: Arial Unicode
2025-09-04 13:50:54,780 - INFO - Using font: Arial Unicode
2025-09-04 13:50:54,913 - INFO - Using font: Arial Unicode
2025-09-04 13:50:54,919 - INFO - Using font: Arial Unicode
2025-09-04 13:50:54,954 - INFO - Using font: Arial Unicode
2025-09-04 13:50:54,961 - INFO - Using font: Arial Unicode
2025-09-04 13:50:55,086 - INFO - Using font: Arial Unicode
2025-09-04 13:50:55,092 - INFO - Using font: Arial Unicode
2025-09-04 13:50:55,127 - INFO - Using font: Arial Unicode
2025-09-04 13:50:55,133 - INFO - Using font: Arial Unicode
2025-09-04 13:50:55,168 - INFO - Using font: Arial Unicode
2025-09-04 13:50:55,175 - INFO - Using font: Arial Unicode
2025-09-04 13:50:55,328 - INFO - Using font: Arial Unicode
2025-09-04 13:50:55,336 - INFO - Using font: Arial Unicode
2025-09-04 13:50:55,369 - INFO - Using font: Arial Unicode
2025-09-04 13:50:55,376 - INFO - Using font: Arial Unicode
2025-09-04 13:50:55,525 - INFO - Using font: Arial Unicode
2025-09-04 13:50:55,531 - INFO - Using font: Arial Unicode
2025-09-04 13:50:55,572 - INFO - Using font: Arial Unicode
2025-09-04 13:50:55,581 - INFO - Using font: Arial Unicode
2025-09-04 13:50:55,737 - INFO - Using font: Arial Unicode
2025-09-04 13:50:55,746 - INFO - Using font: Arial Unicode
2025-09-04 13:50:55,788 - INFO - Using font: Arial Unicode
2025-09-04 13:50:55,795 - INFO - Using font: Arial Unicode
2025-09-04 13:50:55,923 - INFO - Using font: Arial Unicode
2025-09-04 13:50:55,929 - INFO - Using font: Arial Unicode
2025-09-04 13:50:55,964 - INFO - Using font: Arial Unicode
2025-09-04 13:50:55,970 - INFO - Using font: Arial Unicode
2025-09-04 13:50:56,004 - INFO - Using font: Arial Unicode
2025-09-04 13:50:56,011 - INFO - Using font: Arial Unicode
2025-09-04 13:50:56,155 - INFO - Using font: Arial Unicode
2025-09-04 13:50:56,161 - INFO - Using font: Arial Unicode
2025-09-04 13:50:56,194 - INFO - Using font: Arial Unicode
2025-09-04 13:50:56,200 - INFO - Using font: Arial Unicode
2025-09-04 13:50:56,235 - INFO - Using font: Arial Unicode
2025-09-04 13:50:56,241 - INFO - Using font: Arial Unicode
2025-09-04 13:50:56,358 - INFO - Using font: Arial Unicode
2025-09-04 13:50:56,365 - INFO - Using font: Arial Unicode
2025-09-04 13:50:56,399 - INFO - Using font: Arial Unicode
2025-09-04 13:50:56,405 - INFO - Using font: Arial Unicode
2025-09-04 13:50:56,523 - INFO - Using font: Arial Unicode
2025-09-04 13:50:56,530 - INFO - Using font: Arial Unicode
2025-09-04 13:50:56,565 - INFO - Using font: Arial Unicode
2025-09-04 13:50:56,572 - INFO - Using font: Arial Unicode
2025-09-04 13:50:56,728 - INFO - Using font: Arial Unicode
2025-09-04 13:50:56,735 - INFO - Using font: Arial Unicode
2025-09-04 13:50:56,770 - INFO - Using font: Arial Unicode
2025-09-04 13:50:56,776 - INFO - Using font: Arial Unicode
2025-09-04 13:50:56,809 - INFO - Using font: Arial Unicode
2025-09-04 13:50:56,816 - INFO - Using font: Arial Unicode
2025-09-04 13:50:56,850 - INFO - Using font: Arial Unicode
2025-09-04 13:50:56,856 - INFO - Using font: Arial Unicode
2025-09-04 13:50:56,982 - INFO - Using font: Arial Unicode
2025-09-04 13:50:56,988 - INFO - Using font: Arial Unicode
2025-09-04 13:50:57,023 - INFO - Using font: Arial Unicode
2025-09-04 13:50:57,029 - INFO - Using font: Arial Unicode
2025-09-04 13:50:57,063 - INFO - Using font: Arial Unicode
2025-09-04 13:50:57,069 - INFO - Using font: Arial Unicode
2025-09-04 13:50:57,103 - INFO - Using font: Arial Unicode
2025-09-04 13:50:57,109 - INFO - Using font: Arial Unicode
2025-09-04 13:50:57,249 - INFO - Using font: Arial Unicode
2025-09-04 13:50:57,256 - INFO - Using font: Arial Unicode
2025-09-04 13:50:57,289 - INFO - Using font: Arial Unicode
2025-09-04 13:50:57,295 - INFO - Using font: Arial Unicode
2025-09-04 13:50:57,425 - INFO - Using font: Arial Unicode
2025-09-04 13:50:57,431 - INFO - Using font: Arial Unicode
2025-09-04 13:50:57,468 - INFO - Using font: Arial Unicode
2025-09-04 13:50:57,474 - INFO - Using font: Arial Unicode
2025-09-04 13:50:57,512 - INFO - Using font: Arial Unicode
2025-09-04 13:50:57,518 - INFO - Using font: Arial Unicode
2025-09-04 13:50:57,674 - INFO - Using font: Arial Unicode
2025-09-04 13:50:57,680 - INFO - Using font: Arial Unicode
2025-09-04 13:50:57,720 - INFO - Using font: Arial Unicode
2025-09-04 13:50:57,728 - INFO - Using font: Arial Unicode
2025-09-04 13:50:57,769 - INFO - Using font: Arial Unicode
2025-09-04 13:50:57,776 - INFO - Using font: Arial Unicode
2025-09-04 13:50:57,814 - INFO - Using font: Arial Unicode
2025-09-04 13:50:57,821 - INFO - Using font: Arial Unicode
2025-09-04 13:50:57,960 - INFO - Using font: Arial Unicode
2025-09-04 13:50:57,969 - INFO - Using font: Arial Unicode
2025-09-04 13:50:58,014 - INFO - Using font: Arial Unicode
2025-09-04 13:50:58,022 - INFO - Using font: Arial Unicode
2025-09-04 13:50:58,065 - INFO - Using font: Arial Unicode
2025-09-04 13:50:58,072 - INFO - Using font: Arial Unicode
2025-09-04 13:50:58,111 - INFO - Using font: Arial Unicode
2025-09-04 13:50:58,118 - INFO - Using font: Arial Unicode
2025-09-04 13:50:58,250 - INFO - Using font: Arial Unicode
2025-09-04 13:50:58,256 - INFO - Using font: Arial Unicode
2025-09-04 13:50:58,296 - INFO - Using font: Arial Unicode
2025-09-04 13:50:58,302 - INFO - Using font: Arial Unicode
2025-09-04 13:50:58,364 - INFO - Using font: Arial Unicode
2025-09-04 13:50:58,372 - INFO - Using font: Arial Unicode
2025-09-04 13:50:58,492 - INFO - Using font: Arial Unicode
2025-09-04 13:50:58,499 - INFO - Using font: Arial Unicode
2025-09-04 13:50:58,533 - INFO - Using font: Arial Unicode
2025-09-04 13:50:58,540 - INFO - Using font: Arial Unicode
2025-09-04 13:50:58,576 - INFO - Using font: Arial Unicode
2025-09-04 13:50:58,583 - INFO - Using font: Arial Unicode
2025-09-04 13:50:58,721 - INFO - Using font: Arial Unicode
2025-09-04 13:50:58,727 - INFO - Using font: Arial Unicode
2025-09-04 13:50:58,760 - INFO - Using font: Arial Unicode
2025-09-04 13:50:58,766 - INFO - Using font: Arial Unicode
2025-09-04 13:50:58,802 - INFO - Using font: Arial Unicode
2025-09-04 13:50:58,808 - INFO - Using font: Arial Unicode
2025-09-04 13:50:58,933 - INFO - Using font: Arial Unicode
2025-09-04 13:50:58,939 - INFO - Using font: Arial Unicode
2025-09-04 13:50:58,976 - INFO - Using font: Arial Unicode
2025-09-04 13:50:58,983 - INFO - Using font: Arial Unicode
2025-09-04 13:50:59,113 - INFO - Using font: Arial Unicode
2025-09-04 13:50:59,120 - INFO - Using font: Arial Unicode
2025-09-04 13:50:59,153 - INFO - Using font: Arial Unicode
2025-09-04 13:50:59,160 - INFO - Using font: Arial Unicode
2025-09-04 13:50:59,282 - INFO - Using font: Arial Unicode
2025-09-04 13:50:59,288 - INFO - Using font: Arial Unicode
2025-09-04 13:50:59,323 - INFO - Using font: Arial Unicode
2025-09-04 13:50:59,329 - INFO - Using font: Arial Unicode
2025-09-04 13:50:59,364 - INFO - Using font: Arial Unicode
2025-09-04 13:50:59,371 - INFO - Using font: Arial Unicode
2025-09-04 13:50:59,523 - INFO - Using font: Arial Unicode
2025-09-04 13:50:59,529 - INFO - Using font: Arial Unicode
2025-09-04 13:50:59,564 - INFO - Using font: Arial Unicode
2025-09-04 13:50:59,570 - INFO - Using font: Arial Unicode
2025-09-04 13:50:59,606 - INFO - Using font: Arial Unicode
2025-09-04 13:50:59,613 - INFO - Using font: Arial Unicode
2025-09-04 13:50:59,751 - INFO - Using font: Arial Unicode
2025-09-04 13:50:59,758 - INFO - Using font: Arial Unicode
2025-09-04 13:50:59,792 - INFO - Using font: Arial Unicode
2025-09-04 13:50:59,798 - INFO - Using font: Arial Unicode
2025-09-04 13:50:59,837 - INFO - Using font: Arial Unicode
2025-09-04 13:50:59,843 - INFO - Using font: Arial Unicode
2025-09-04 13:50:59,881 - INFO - Using font: Arial Unicode
2025-09-04 13:50:59,887 - INFO - Using font: Arial Unicode
2025-09-04 13:51:00,023 - INFO - Using font: Arial Unicode
2025-09-04 13:51:00,031 - INFO - Using font: Arial Unicode
2025-09-04 13:51:00,068 - INFO - Using font: Arial Unicode
2025-09-04 13:51:00,075 - INFO - Using font: Arial Unicode
2025-09-04 13:51:00,217 - INFO - Using font: Arial Unicode
2025-09-04 13:51:00,223 - INFO - Using font: Arial Unicode
2025-09-04 13:51:00,258 - INFO - Using font: Arial Unicode
2025-09-04 13:51:00,264 - INFO - Using font: Arial Unicode
2025-09-04 13:51:00,388 - INFO - Using font: Arial Unicode
2025-09-04 13:51:00,395 - INFO - Using font: Arial Unicode
2025-09-04 13:51:00,430 - INFO - Using font: Arial Unicode
2025-09-04 13:51:00,456 - INFO - Using font: Arial Unicode
2025-09-04 13:51:00,510 - INFO - Using font: Arial Unicode
2025-09-04 13:51:00,518 - INFO - Using font: Arial Unicode
2025-09-04 13:51:00,555 - INFO - Using font: Arial Unicode
2025-09-04 13:51:00,561 - INFO - Using font: Arial Unicode
2025-09-04 13:51:00,718 - INFO - Using font: Arial Unicode
2025-09-04 13:51:00,724 - INFO - Using font: Arial Unicode
2025-09-04 13:51:00,762 - INFO - Using font: Arial Unicode
2025-09-04 13:51:00,768 - INFO - Using font: Arial Unicode
2025-09-04 13:51:00,807 - INFO - Using font: Arial Unicode
2025-09-04 13:51:00,814 - INFO - Using font: Arial Unicode
2025-09-04 13:51:00,950 - INFO - Using font: Arial Unicode
2025-09-04 13:51:00,956 - INFO - Using font: Arial Unicode
2025-09-04 13:51:00,992 - INFO - Using font: Arial Unicode
2025-09-04 13:51:00,998 - INFO - Using font: Arial Unicode
2025-09-04 13:51:01,119 - INFO - Using font: Arial Unicode
2025-09-04 13:51:01,126 - INFO - Using font: Arial Unicode
2025-09-04 13:51:01,163 - INFO - Using font: Arial Unicode
2025-09-04 13:51:01,171 - INFO - Using font: Arial Unicode
2025-09-04 13:51:01,208 - INFO - Using font: Arial Unicode
2025-09-04 13:51:01,215 - INFO - Using font: Arial Unicode
2025-09-04 13:51:01,342 - INFO - Using font: Arial Unicode
2025-09-04 13:51:01,348 - INFO - Using font: Arial Unicode
2025-09-04 13:51:01,387 - INFO - Using font: Arial Unicode
2025-09-04 13:51:01,393 - INFO - Using font: Arial Unicode
2025-09-04 13:51:01,520 - INFO - Using font: Arial Unicode
2025-09-04 13:51:01,527 - INFO - Using font: Arial Unicode
2025-09-04 13:51:01,564 - INFO - Using font: Arial Unicode
2025-09-04 13:51:01,573 - INFO - Using font: Arial Unicode
2025-09-04 13:51:01,608 - INFO - Using font: Arial Unicode
2025-09-04 13:51:01,614 - INFO - Using font: Arial Unicode
2025-09-04 13:51:01,665 - INFO - Using font: Arial Unicode
2025-09-04 13:51:01,672 - INFO - Using font: Arial Unicode
2025-09-04 13:51:01,848 - INFO - Using font: Arial Unicode
2025-09-04 13:51:01,857 - INFO - Using font: Arial Unicode
2025-09-04 13:51:01,913 - INFO - Using font: Arial Unicode
2025-09-04 13:51:01,921 - INFO - Using font: Arial Unicode
2025-09-04 13:51:01,978 - INFO - Using font: Arial Unicode
2025-09-04 13:51:01,987 - INFO - Using font: Arial Unicode
2025-09-04 13:51:02,129 - INFO - Using font: Arial Unicode
2025-09-04 13:51:02,136 - INFO - Using font: Arial Unicode
2025-09-04 13:51:02,171 - INFO - Using font: Arial Unicode
2025-09-04 13:51:02,178 - INFO - Using font: Arial Unicode
2025-09-04 13:51:02,211 - INFO - Using font: Arial Unicode
2025-09-04 13:51:02,217 - INFO - Using font: Arial Unicode
2025-09-04 13:51:02,334 - INFO - Using font: Arial Unicode
2025-09-04 13:51:02,340 - INFO - Using font: Arial Unicode
2025-09-04 13:51:02,374 - INFO - Using font: Arial Unicode
2025-09-04 13:51:02,381 - INFO - Using font: Arial Unicode
2025-09-04 13:51:02,416 - INFO - Using font: Arial Unicode
2025-09-04 13:51:02,422 - INFO - Using font: Arial Unicode
2025-09-04 13:51:02,552 - INFO - Using font: Arial Unicode
2025-09-04 13:51:02,559 - INFO - Using font: Arial Unicode
2025-09-04 13:51:02,594 - INFO - Using font: Arial Unicode
2025-09-04 13:51:02,600 - INFO - Using font: Arial Unicode
2025-09-04 13:51:02,635 - INFO - Using font: Arial Unicode
2025-09-04 13:51:02,641 - INFO - Using font: Arial Unicode
2025-09-04 13:51:02,677 - INFO - Using font: Arial Unicode
2025-09-04 13:51:02,683 - INFO - Using font: Arial Unicode
2025-09-04 13:51:02,721 - INFO - Using font: Arial Unicode
2025-09-04 13:51:02,727 - INFO - Using font: Arial Unicode
2025-09-04 13:51:02,846 - INFO - Using font: Arial Unicode
2025-09-04 13:51:02,852 - INFO - Using font: Arial Unicode
2025-09-04 13:51:02,887 - INFO - Using font: Arial Unicode
2025-09-04 13:51:02,894 - INFO - Using font: Arial Unicode
2025-09-04 13:51:02,929 - INFO - Using font: Arial Unicode
2025-09-04 13:51:02,935 - INFO - Using font: Arial Unicode
2025-09-04 13:51:03,058 - INFO - Using font: Arial Unicode
2025-09-04 13:51:03,064 - INFO - Using font: Arial Unicode
2025-09-04 13:51:03,098 - INFO - Using font: Arial Unicode
2025-09-04 13:51:03,104 - INFO - Using font: Arial Unicode
2025-09-04 13:51:03,142 - INFO - Using font: Arial Unicode
2025-09-04 13:51:03,148 - INFO - Using font: Arial Unicode
2025-09-04 13:51:03,294 - INFO - Using font: Arial Unicode
2025-09-04 13:51:03,300 - INFO - Using font: Arial Unicode
2025-09-04 13:51:03,334 - INFO - Using font: Arial Unicode
2025-09-04 13:51:03,341 - INFO - Using font: Arial Unicode
2025-09-04 13:51:03,376 - INFO - Using font: Arial Unicode
2025-09-04 13:51:03,383 - INFO - Using font: Arial Unicode
2025-09-04 13:51:03,517 - INFO - Using font: Arial Unicode
2025-09-04 13:51:03,523 - INFO - Using font: Arial Unicode
2025-09-04 13:51:03,561 - INFO - Using font: Arial Unicode
2025-09-04 13:51:03,567 - INFO - Using font: Arial Unicode
2025-09-04 13:51:03,602 - INFO - Using font: Arial Unicode
2025-09-04 13:51:03,609 - INFO - Using font: Arial Unicode
2025-09-04 13:51:03,743 - INFO - Using font: Arial Unicode
2025-09-04 13:51:03,749 - INFO - Using font: Arial Unicode
2025-09-04 13:51:03,786 - INFO - Using font: Arial Unicode
2025-09-04 13:51:03,793 - INFO - Using font: Arial Unicode
2025-09-04 13:51:03,828 - INFO - Using font: Arial Unicode
2025-09-04 13:51:03,835 - INFO - Using font: Arial Unicode
2025-09-04 13:51:03,976 - INFO - Using font: Arial Unicode
2025-09-04 13:51:03,982 - INFO - Using font: Arial Unicode
2025-09-04 13:51:04,018 - INFO - Using font: Arial Unicode
2025-09-04 13:51:04,024 - INFO - Using font: Arial Unicode
2025-09-04 13:51:04,059 - INFO - Using font: Arial Unicode
2025-09-04 13:51:04,066 - INFO - Using font: Arial Unicode
2025-09-04 13:51:04,221 - INFO - Using font: Arial Unicode
2025-09-04 13:51:04,228 - INFO - Using font: Arial Unicode
2025-09-04 13:51:04,263 - INFO - Using font: Arial Unicode
2025-09-04 13:51:04,269 - INFO - Using font: Arial Unicode
2025-09-04 13:51:04,381 - INFO - Using font: Arial Unicode
2025-09-04 13:51:04,387 - INFO - Using font: Arial Unicode
2025-09-04 13:51:04,422 - INFO - Using font: Arial Unicode
2025-09-04 13:51:04,429 - INFO - Using font: Arial Unicode
2025-09-04 13:51:04,587 - INFO - Using font: Arial Unicode
2025-09-04 13:51:04,593 - INFO - Using font: Arial Unicode
2025-09-04 13:51:04,629 - INFO - Using font: Arial Unicode
2025-09-04 13:51:04,636 - INFO - Using font: Arial Unicode
2025-09-04 13:51:04,674 - INFO - Using font: Arial Unicode
2025-09-04 13:51:04,680 - INFO - Using font: Arial Unicode
2025-09-04 13:51:04,817 - INFO - Using font: Arial Unicode
2025-09-04 13:51:04,824 - INFO - Using font: Arial Unicode
2025-09-04 13:51:04,862 - INFO - Using font: Arial Unicode
2025-09-04 13:51:04,868 - INFO - Using font: Arial Unicode
2025-09-04 13:51:04,904 - INFO - Using font: Arial Unicode
2025-09-04 13:51:04,911 - INFO - Using font: Arial Unicode
2025-09-04 13:51:05,037 - INFO - Using font: Arial Unicode
2025-09-04 13:51:05,043 - INFO - Using font: Arial Unicode
2025-09-04 13:51:05,078 - INFO - Using font: Arial Unicode
2025-09-04 13:51:05,084 - INFO - Using font: Arial Unicode
2025-09-04 13:51:05,120 - INFO - Using font: Arial Unicode
2025-09-04 13:51:05,126 - INFO - Using font: Arial Unicode
2025-09-04 13:51:05,246 - INFO - Using font: Arial Unicode
2025-09-04 13:51:05,253 - INFO - Using font: Arial Unicode
2025-09-04 13:51:05,289 - INFO - Using font: Arial Unicode
2025-09-04 13:51:05,295 - INFO - Using font: Arial Unicode
2025-09-04 13:51:05,333 - INFO - Using font: Arial Unicode
2025-09-04 13:51:05,339 - INFO - Using font: Arial Unicode
2025-09-04 13:51:05,375 - INFO - Using font: Arial Unicode
2025-09-04 13:51:05,381 - INFO - Using font: Arial Unicode
2025-09-04 13:51:05,515 - INFO - Using font: Arial Unicode
2025-09-04 13:51:05,521 - INFO - Using font: Arial Unicode
2025-09-04 13:51:05,559 - INFO - Using font: Arial Unicode
2025-09-04 13:51:05,566 - INFO - Using font: Arial Unicode
2025-09-04 13:51:05,604 - INFO - Using font: Arial Unicode
2025-09-04 13:51:05,610 - INFO - Using font: Arial Unicode
2025-09-04 13:51:05,739 - INFO - Using font: Arial Unicode
2025-09-04 13:51:05,746 - INFO - Using font: Arial Unicode
2025-09-04 13:51:05,780 - INFO - Using font: Arial Unicode
2025-09-04 13:51:05,786 - INFO - Using font: Arial Unicode
2025-09-04 13:51:05,912 - INFO - Using font: Arial Unicode
2025-09-04 13:51:05,918 - INFO - Using font: Arial Unicode
2025-09-04 13:51:05,954 - INFO - Using font: Arial Unicode
2025-09-04 13:51:05,962 - INFO - Using font: Arial Unicode
2025-09-04 13:51:05,998 - INFO - Using font: Arial Unicode
2025-09-04 13:51:06,004 - INFO - Using font: Arial Unicode
2025-09-04 13:51:06,039 - INFO - Using font: Arial Unicode
2025-09-04 13:51:06,045 - INFO - Using font: Arial Unicode
2025-09-04 13:51:06,082 - INFO - Using font: Arial Unicode
2025-09-04 13:51:06,089 - INFO - Using font: Arial Unicode
2025-09-04 13:51:06,217 - INFO - Using font: Arial Unicode
2025-09-04 13:51:06,223 - INFO - Using font: Arial Unicode
2025-09-04 13:51:06,258 - INFO - Using font: Arial Unicode
2025-09-04 13:51:06,266 - INFO - Using font: Arial Unicode
2025-09-04 13:51:06,408 - INFO - Using font: Arial Unicode
2025-09-04 13:51:06,416 - INFO - Using font: Arial Unicode
2025-09-04 13:51:06,454 - INFO - Using font: Arial Unicode
2025-09-04 13:51:06,460 - INFO - Using font: Arial Unicode
2025-09-04 13:51:06,498 - INFO - Using font: Arial Unicode
2025-09-04 13:51:06,505 - INFO - Using font: Arial Unicode
2025-09-04 13:51:06,651 - INFO - Using font: Arial Unicode
2025-09-04 13:51:06,657 - INFO - Using font: Arial Unicode
2025-09-04 13:51:06,693 - INFO - Using font: Arial Unicode
2025-09-04 13:51:06,701 - INFO - Using font: Arial Unicode
2025-09-04 13:51:06,741 - INFO - Using font: Arial Unicode
2025-09-04 13:51:06,747 - INFO - Using font: Arial Unicode
2025-09-04 13:51:06,879 - INFO - Using font: Arial Unicode
2025-09-04 13:51:06,885 - INFO - Using font: Arial Unicode
2025-09-04 13:51:06,921 - INFO - Using font: Arial Unicode
2025-09-04 13:51:06,928 - INFO - Using font: Arial Unicode
2025-09-04 13:51:06,962 - INFO - Using font: Arial Unicode
2025-09-04 13:51:06,968 - INFO - Using font: Arial Unicode
2025-09-04 13:51:07,114 - INFO - Using font: Arial Unicode
2025-09-04 13:51:07,121 - INFO - Using font: Arial Unicode
2025-09-04 13:51:07,156 - INFO - Using font: Arial Unicode
2025-09-04 13:51:07,162 - INFO - Using font: Arial Unicode
2025-09-04 13:51:07,306 - INFO - Using font: Arial Unicode
2025-09-04 13:51:07,313 - INFO - Using font: Arial Unicode
2025-09-04 13:51:07,349 - INFO - Using font: Arial Unicode
2025-09-04 13:51:07,356 - INFO - Using font: Arial Unicode
2025-09-04 13:51:07,391 - INFO - Using font: Arial Unicode
2025-09-04 13:51:07,400 - INFO - Using font: Arial Unicode
2025-09-04 13:51:07,528 - INFO - Using font: Arial Unicode
2025-09-04 13:51:07,534 - INFO - Using font: Arial Unicode
2025-09-04 13:51:07,570 - INFO - Using font: Arial Unicode
2025-09-04 13:51:07,577 - INFO - Using font: Arial Unicode
2025-09-04 13:51:07,611 - INFO - Using font: Arial Unicode
2025-09-04 13:51:07,621 - INFO - Using font: Arial Unicode
2025-09-04 13:51:07,783 - INFO - Using font: Arial Unicode
2025-09-04 13:51:07,792 - INFO - Using font: Arial Unicode
2025-09-04 13:51:07,837 - INFO - Using font: Arial Unicode
2025-09-04 13:51:07,846 - INFO - Using font: Arial Unicode
2025-09-04 13:51:07,885 - INFO - Using font: Arial Unicode
2025-09-04 13:51:07,892 - INFO - Using font: Arial Unicode
2025-09-04 13:51:07,929 - INFO - Using font: Arial Unicode
2025-09-04 13:51:07,936 - INFO - Using font: Arial Unicode
2025-09-04 13:51:08,094 - INFO - Using font: Arial Unicode
2025-09-04 13:51:08,100 - INFO - Using font: Arial Unicode
2025-09-04 13:51:08,135 - INFO - Using font: Arial Unicode
2025-09-04 13:51:08,141 - INFO - Using font: Arial Unicode
2025-09-04 13:51:08,178 - INFO - Using font: Arial Unicode
2025-09-04 13:51:08,184 - INFO - Using font: Arial Unicode
2025-09-04 13:51:08,219 - INFO - Using font: Arial Unicode
2025-09-04 13:51:08,225 - INFO - Using font: Arial Unicode
2025-09-04 13:51:08,347 - INFO - Using font: Arial Unicode
2025-09-04 13:51:08,353 - INFO - Using font: Arial Unicode
2025-09-04 13:51:08,387 - INFO - Using font: Arial Unicode
2025-09-04 13:51:08,393 - INFO - Using font: Arial Unicode
2025-09-04 13:51:08,429 - INFO - Using font: Arial Unicode
2025-09-04 13:51:08,436 - INFO - Using font: Arial Unicode
2025-09-04 13:51:08,470 - INFO - Using font: Arial Unicode
2025-09-04 13:51:08,476 - INFO - Using font: Arial Unicode
2025-09-04 13:51:08,511 - INFO - Using font: Arial Unicode
2025-09-04 13:51:08,517 - INFO - Using font: Arial Unicode
2025-09-04 13:51:08,646 - INFO - Using font: Arial Unicode
2025-09-04 13:51:08,652 - INFO - Using font: Arial Unicode
2025-09-04 13:51:08,688 - INFO - Using font: Arial Unicode
2025-09-04 13:51:08,695 - INFO - Using font: Arial Unicode
2025-09-04 13:51:08,729 - INFO - Using font: Arial Unicode
2025-09-04 13:51:08,735 - INFO - Using font: Arial Unicode
2025-09-04 13:51:08,768 - INFO - Using font: Arial Unicode
2025-09-04 13:51:08,775 - INFO - Using font: Arial Unicode
2025-09-04 13:51:08,912 - INFO - Using font: Arial Unicode
2025-09-04 13:51:08,918 - INFO - Using font: Arial Unicode
2025-09-04 13:51:08,953 - INFO - Using font: Arial Unicode
2025-09-04 13:51:08,959 - INFO - Using font: Arial Unicode
2025-09-04 13:51:08,993 - INFO - Using font: Arial Unicode
2025-09-04 13:51:09,000 - INFO - Using font: Arial Unicode
2025-09-04 13:51:09,117 - INFO - Using font: Arial Unicode
2025-09-04 13:51:09,124 - INFO - Using font: Arial Unicode
2025-09-04 13:51:09,159 - INFO - Using font: Arial Unicode
2025-09-04 13:51:09,165 - INFO - Using font: Arial Unicode
2025-09-04 13:51:09,201 - INFO - Using font: Arial Unicode
2025-09-04 13:51:09,207 - INFO - Using font: Arial Unicode
2025-09-04 13:51:09,242 - INFO - Using font: Arial Unicode
2025-09-04 13:51:09,248 - INFO - Using font: Arial Unicode
2025-09-04 13:51:09,281 - INFO - Using font: Arial Unicode
2025-09-04 13:51:09,288 - INFO - Using font: Arial Unicode
2025-09-04 13:51:09,409 - INFO - Using font: Arial Unicode
2025-09-04 13:51:09,416 - INFO - Using font: Arial Unicode
2025-09-04 13:51:09,456 - INFO - Using font: Arial Unicode
2025-09-04 13:51:09,463 - INFO - Using font: Arial Unicode
2025-09-04 13:51:09,614 - INFO - Using font: Arial Unicode
2025-09-04 13:51:09,621 - INFO - Using font: Arial Unicode
2025-09-04 13:51:09,658 - INFO - Using font: Arial Unicode
2025-09-04 13:51:09,664 - INFO - Using font: Arial Unicode
2025-09-04 13:51:09,699 - INFO - Using font: Arial Unicode
2025-09-04 13:51:09,705 - INFO - Using font: Arial Unicode
2025-09-04 13:51:09,740 - INFO - Using font: Arial Unicode
2025-09-04 13:51:09,746 - INFO - Using font: Arial Unicode
2025-09-04 13:51:09,875 - INFO - Using font: Arial Unicode
2025-09-04 13:51:09,881 - INFO - Using font: Arial Unicode
2025-09-04 13:51:09,918 - INFO - Using font: Arial Unicode
2025-09-04 13:51:09,924 - INFO - Using font: Arial Unicode
2025-09-04 13:51:09,958 - INFO - Using font: Arial Unicode
2025-09-04 13:51:09,965 - INFO - Using font: Arial Unicode
2025-09-04 13:51:10,000 - INFO - Using font: Arial Unicode
2025-09-04 13:51:10,006 - INFO - Using font: Arial Unicode
2025-09-04 13:51:10,144 - INFO - Using font: Arial Unicode
2025-09-04 13:51:10,150 - INFO - Using font: Arial Unicode
2025-09-04 13:51:10,186 - INFO - Using font: Arial Unicode
2025-09-04 13:51:10,192 - INFO - Using font: Arial Unicode
2025-09-04 13:51:10,230 - INFO - Using font: Arial Unicode
2025-09-04 13:51:10,236 - INFO - Using font: Arial Unicode
2025-09-04 13:51:10,271 - INFO - Using font: Arial Unicode
2025-09-04 13:51:10,277 - INFO - Using font: Arial Unicode
2025-09-04 13:51:10,314 - INFO - Using font: Arial Unicode
2025-09-04 13:51:10,320 - INFO - Using font: Arial Unicode
2025-09-04 13:51:10,460 - INFO - Using font: Arial Unicode
2025-09-04 13:51:10,466 - INFO - Using font: Arial Unicode
2025-09-04 13:51:10,502 - INFO - Using font: Arial Unicode
2025-09-04 13:51:10,508 - INFO - Using font: Arial Unicode
2025-09-04 13:51:10,624 - INFO - Using font: Arial Unicode
2025-09-04 13:51:10,631 - INFO - Using font: Arial Unicode
2025-09-04 13:51:10,667 - INFO - Using font: Arial Unicode
2025-09-04 13:51:10,674 - INFO - Using font: Arial Unicode
2025-09-04 13:51:10,712 - INFO - Using font: Arial Unicode
2025-09-04 13:51:10,719 - INFO - Using font: Arial Unicode
2025-09-04 13:51:10,844 - INFO - Using font: Arial Unicode
2025-09-04 13:51:10,850 - INFO - Using font: Arial Unicode
2025-09-04 13:51:10,885 - INFO - Using font: Arial Unicode
2025-09-04 13:51:10,891 - INFO - Using font: Arial Unicode
2025-09-04 13:51:10,926 - INFO - Using font: Arial Unicode
2025-09-04 13:51:10,932 - INFO - Using font: Arial Unicode
2025-09-04 13:51:10,966 - INFO - Using font: Arial Unicode
2025-09-04 13:51:10,972 - INFO - Using font: Arial Unicode
2025-09-04 13:51:11,109 - INFO - Using font: Arial Unicode
2025-09-04 13:51:11,115 - INFO - Using font: Arial Unicode
2025-09-04 13:51:11,149 - INFO - Using font: Arial Unicode
2025-09-04 13:51:11,156 - INFO - Using font: Arial Unicode
2025-09-04 13:51:11,193 - INFO - Using font: Arial Unicode
2025-09-04 13:51:11,199 - INFO - Using font: Arial Unicode
2025-09-04 13:51:11,339 - INFO - Using font: Arial Unicode
2025-09-04 13:51:11,346 - INFO - Using font: Arial Unicode
2025-09-04 13:51:11,381 - INFO - Using font: Arial Unicode
2025-09-04 13:51:11,387 - INFO - Using font: Arial Unicode
2025-09-04 13:51:11,420 - INFO - Using font: Arial Unicode
2025-09-04 13:51:11,428 - INFO - Using font: Arial Unicode
2025-09-04 13:51:11,567 - INFO - Using font: Arial Unicode
2025-09-04 13:51:11,573 - INFO - Using font: Arial Unicode
2025-09-04 13:51:11,611 - INFO - Using font: Arial Unicode
2025-09-04 13:51:11,617 - INFO - Using font: Arial Unicode
2025-09-04 13:51:11,654 - INFO - Using font: Arial Unicode
2025-09-04 13:51:11,661 - INFO - Using font: Arial Unicode
2025-09-04 13:51:11,697 - INFO - Using font: Arial Unicode
2025-09-04 13:51:11,704 - INFO - Using font: Arial Unicode
2025-09-04 13:51:11,858 - INFO - Using font: Arial Unicode
2025-09-04 13:51:11,865 - INFO - Using font: Arial Unicode
2025-09-04 13:51:11,900 - INFO - Using font: Arial Unicode
2025-09-04 13:51:11,906 - INFO - Using font: Arial Unicode
2025-09-04 13:51:12,046 - INFO - Using font: Arial Unicode
2025-09-04 13:51:12,052 - INFO - Using font: Arial Unicode
2025-09-04 13:51:12,088 - INFO - Using font: Arial Unicode
2025-09-04 13:51:12,094 - INFO - Using font: Arial Unicode
2025-09-04 13:51:12,133 - INFO - Using font: Arial Unicode
2025-09-04 13:51:12,140 - INFO - Using font: Arial Unicode
2025-09-04 13:51:12,181 - INFO - Using font: Arial Unicode
2025-09-04 13:51:12,188 - INFO - Using font: Arial Unicode
2025-09-04 13:51:12,223 - INFO - Using font: Arial Unicode
2025-09-04 13:51:12,234 - INFO - Using font: Arial Unicode
2025-09-04 13:51:12,268 - INFO - Using font: Arial Unicode
2025-09-04 13:51:12,274 - INFO - Using font: Arial Unicode
2025-09-04 13:51:12,311 - INFO - Using font: Arial Unicode
2025-09-04 13:51:12,318 - INFO - Using font: Arial Unicode
2025-09-04 13:51:12,480 - INFO - Using font: Arial Unicode
2025-09-04 13:51:12,488 - INFO - Using font: Arial Unicode
2025-09-04 13:51:12,527 - INFO - Using font: Arial Unicode
2025-09-04 13:51:12,534 - INFO - Using font: Arial Unicode
2025-09-04 13:51:12,574 - INFO - Using font: Arial Unicode
2025-09-04 13:51:12,581 - INFO - Using font: Arial Unicode
2025-09-04 13:51:12,618 - INFO - Using font: Arial Unicode
2025-09-04 13:51:12,625 - INFO - Using font: Arial Unicode
2025-09-04 13:51:12,758 - INFO - Using font: Arial Unicode
2025-09-04 13:51:12,765 - INFO - Using font: Arial Unicode
2025-09-04 13:51:12,800 - INFO - Using font: Arial Unicode
2025-09-04 13:51:12,806 - INFO - Using font: Arial Unicode
2025-09-04 13:51:12,841 - INFO - Using font: Arial Unicode
2025-09-04 13:51:12,847 - INFO - Using font: Arial Unicode
2025-09-04 13:51:12,883 - INFO - Using font: Arial Unicode
2025-09-04 13:51:12,890 - INFO - Using font: Arial Unicode
2025-09-04 13:51:12,924 - INFO - Using font: Arial Unicode
2025-09-04 13:51:12,930 - INFO - Using font: Arial Unicode
2025-09-04 13:51:12,966 - INFO - Using font: Arial Unicode
2025-09-04 13:51:12,972 - INFO - Using font: Arial Unicode
2025-09-04 13:51:13,109 - INFO - Using font: Arial Unicode
2025-09-04 13:51:13,115 - INFO - Using font: Arial Unicode
2025-09-04 13:51:13,151 - INFO - Using font: Arial Unicode
2025-09-04 13:51:13,157 - INFO - Using font: Arial Unicode
2025-09-04 13:51:13,193 - INFO - Using font: Arial Unicode
2025-09-04 13:51:13,200 - INFO - Using font: Arial Unicode
2025-09-04 13:51:13,338 - INFO - Using font: Arial Unicode
2025-09-04 13:51:13,344 - INFO - Using font: Arial Unicode
2025-09-04 13:51:13,379 - INFO - Using font: Arial Unicode
2025-09-04 13:51:13,385 - INFO - Using font: Arial Unicode
2025-09-04 13:51:13,420 - INFO - Using font: Arial Unicode
2025-09-04 13:51:13,427 - INFO - Using font: Arial Unicode
2025-09-04 13:51:13,469 - INFO - Using font: Arial Unicode
2025-09-04 13:51:13,476 - INFO - Using font: Arial Unicode
2025-09-04 13:51:13,610 - INFO - Using font: Arial Unicode
2025-09-04 13:51:13,616 - INFO - Using font: Arial Unicode
2025-09-04 13:51:13,655 - INFO - Using font: Arial Unicode
2025-09-04 13:51:13,663 - INFO - Using font: Arial Unicode
2025-09-04 13:51:13,701 - INFO - Using font: Arial Unicode
2025-09-04 13:51:13,707 - INFO - Using font: Arial Unicode
2025-09-04 13:51:13,747 - INFO - Using font: Arial Unicode
2025-09-04 13:51:13,753 - INFO - Using font: Arial Unicode
2025-09-04 13:51:13,793 - INFO - Using font: Arial Unicode
2025-09-04 13:51:13,800 - INFO - Using font: Arial Unicode
2025-09-04 13:51:13,836 - INFO - Using font: Arial Unicode
2025-09-04 13:51:13,844 - INFO - Using font: Arial Unicode
2025-09-04 13:51:14,001 - INFO - Using font: Arial Unicode
2025-09-04 13:51:14,011 - INFO - Using font: Arial Unicode
2025-09-04 13:51:14,069 - INFO - Using font: Arial Unicode
2025-09-04 13:51:14,076 - INFO - Using font: Arial Unicode
2025-09-04 13:51:14,229 - INFO - Using font: Arial Unicode
2025-09-04 13:51:14,238 - INFO - Using font: Arial Unicode
2025-09-04 13:51:14,281 - INFO - Using font: Arial Unicode
2025-09-04 13:51:14,288 - INFO - Using font: Arial Unicode
2025-09-04 13:51:14,339 - INFO - Using font: Arial Unicode
2025-09-04 13:51:14,347 - INFO - Using font: Arial Unicode
2025-09-04 13:51:14,483 - INFO - Using font: Arial Unicode
2025-09-04 13:51:14,490 - INFO - Using font: Arial Unicode
2025-09-04 13:51:14,528 - INFO - Using font: Arial Unicode
2025-09-04 13:51:14,534 - INFO - Using font: Arial Unicode
2025-09-04 13:51:14,572 - INFO - Using font: Arial Unicode
2025-09-04 13:51:14,578 - INFO - Using font: Arial Unicode
2025-09-04 13:51:14,714 - INFO - Using font: Arial Unicode
2025-09-04 13:51:14,721 - INFO - Using font: Arial Unicode
2025-09-04 13:51:14,758 - INFO - Using font: Arial Unicode
2025-09-04 13:51:14,764 - INFO - Using font: Arial Unicode
2025-09-04 13:51:14,799 - INFO - Using font: Arial Unicode
2025-09-04 13:51:14,805 - INFO - Using font: Arial Unicode
2025-09-04 13:51:14,842 - INFO - Using font: Arial Unicode
2025-09-04 13:51:14,849 - INFO - Using font: Arial Unicode
2025-09-04 13:51:14,984 - INFO - Using font: Arial Unicode
2025-09-04 13:51:14,990 - INFO - Using font: Arial Unicode
2025-09-04 13:51:15,029 - INFO - Using font: Arial Unicode
2025-09-04 13:51:15,035 - INFO - Using font: Arial Unicode
2025-09-04 13:51:15,071 - INFO - Using font: Arial Unicode
2025-09-04 13:51:15,077 - INFO - Using font: Arial Unicode
2025-09-04 13:51:15,219 - INFO - Using font: Arial Unicode
2025-09-04 13:51:15,226 - INFO - Using font: Arial Unicode
2025-09-04 13:51:15,261 - INFO - Using font: Arial Unicode
2025-09-04 13:51:15,268 - INFO - Using font: Arial Unicode
2025-09-04 13:51:15,304 - INFO - Using font: Arial Unicode
2025-09-04 13:51:15,310 - INFO - Using font: Arial Unicode
2025-09-04 13:51:15,465 - INFO - Using font: Arial Unicode
2025-09-04 13:51:15,471 - INFO - Using font: Arial Unicode
2025-09-04 13:51:15,507 - INFO - Using font: Arial Unicode
2025-09-04 13:51:15,513 - INFO - Using font: Arial Unicode
2025-09-04 13:51:15,551 - INFO - Using font: Arial Unicode
2025-09-04 13:51:15,557 - INFO - Using font: Arial Unicode
2025-09-04 13:51:15,593 - INFO - Using font: Arial Unicode
2025-09-04 13:51:15,599 - INFO - Using font: Arial Unicode
2025-09-04 13:51:15,724 - INFO - Using font: Arial Unicode
2025-09-04 13:51:15,730 - INFO - Using font: Arial Unicode
2025-09-04 13:51:15,765 - INFO - Using font: Arial Unicode
2025-09-04 13:51:15,772 - INFO - Using font: Arial Unicode
2025-09-04 13:51:15,808 - INFO - Using font: Arial Unicode
2025-09-04 13:51:15,814 - INFO - Using font: Arial Unicode
2025-09-04 13:51:15,951 - INFO - Using font: Arial Unicode
2025-09-04 13:51:15,959 - INFO - Using font: Arial Unicode
2025-09-04 13:51:15,994 - INFO - Using font: Arial Unicode
2025-09-04 13:51:16,000 - INFO - Using font: Arial Unicode
2025-09-04 13:51:16,034 - INFO - Using font: Arial Unicode
2025-09-04 13:51:16,040 - INFO - Using font: Arial Unicode
2025-09-04 13:51:16,080 - INFO - Using font: Arial Unicode
2025-09-04 13:51:16,086 - INFO - Using font: Arial Unicode
2025-09-04 13:51:16,120 - INFO - Using font: Arial Unicode
2025-09-04 13:51:16,126 - INFO - Using font: Arial Unicode
2025-09-04 13:51:16,162 - INFO - Using font: Arial Unicode
2025-09-04 13:51:16,171 - INFO - Using font: Arial Unicode
2025-09-04 13:51:16,206 - INFO - Using font: Arial Unicode
2025-09-04 13:51:16,212 - INFO - Using font: Arial Unicode
2025-09-04 13:51:16,334 - INFO - Using font: Arial Unicode
2025-09-04 13:51:16,341 - INFO - Using font: Arial Unicode
2025-09-04 13:51:16,377 - INFO - Using font: Arial Unicode
2025-09-04 13:51:16,383 - INFO - Using font: Arial Unicode
2025-09-04 13:51:16,418 - INFO - Using font: Arial Unicode
2025-09-04 13:51:16,425 - INFO - Using font: Arial Unicode
2025-09-04 13:51:16,460 - INFO - Using font: Arial Unicode
2025-09-04 13:51:16,468 - INFO - Using font: Arial Unicode
2025-09-04 13:51:16,614 - INFO - Using font: Arial Unicode
2025-09-04 13:51:16,620 - INFO - Using font: Arial Unicode
2025-09-04 13:51:16,656 - INFO - Using font: Arial Unicode
2025-09-04 13:51:16,662 - INFO - Using font: Arial Unicode
2025-09-04 13:51:16,697 - INFO - Using font: Arial Unicode
2025-09-04 13:51:16,703 - INFO - Using font: Arial Unicode
2025-09-04 13:51:16,738 - INFO - Using font: Arial Unicode
2025-09-04 13:51:16,744 - INFO - Using font: Arial Unicode
2025-09-04 13:51:16,783 - INFO - Using font: Arial Unicode
2025-09-04 13:51:16,790 - INFO - Using font: Arial Unicode
2025-09-04 13:51:16,824 - INFO - Using font: Arial Unicode
2025-09-04 13:51:16,830 - INFO - Using font: Arial Unicode
2025-09-04 13:51:16,956 - INFO - Using font: Arial Unicode
2025-09-04 13:51:16,963 - INFO - Using font: Arial Unicode
2025-09-04 13:51:16,998 - INFO - Using font: Arial Unicode
2025-09-04 13:51:17,006 - INFO - Using font: Arial Unicode
2025-09-04 13:51:17,042 - INFO - Using font: Arial Unicode
2025-09-04 13:51:17,048 - INFO - Using font: Arial Unicode
2025-09-04 13:51:17,186 - INFO - Using font: Arial Unicode
2025-09-04 13:51:17,193 - INFO - Using font: Arial Unicode
2025-09-04 13:51:17,231 - INFO - Using font: Arial Unicode
2025-09-04 13:51:17,238 - INFO - Using font: Arial Unicode
2025-09-04 13:51:17,274 - INFO - Using font: Arial Unicode
2025-09-04 13:51:17,280 - INFO - Using font: Arial Unicode
2025-09-04 13:51:17,414 - INFO - Using font: Arial Unicode
2025-09-04 13:51:17,420 - INFO - Using font: Arial Unicode
2025-09-04 13:51:17,464 - INFO - Using font: Arial Unicode
2025-09-04 13:51:17,471 - INFO - Using font: Arial Unicode
2025-09-04 13:51:17,505 - INFO - Using font: Arial Unicode
2025-09-04 13:51:17,512 - INFO - Using font: Arial Unicode
2025-09-04 13:51:17,647 - INFO - Using font: Arial Unicode
2025-09-04 13:51:17,654 - INFO - Using font: Arial Unicode
2025-09-04 13:51:17,691 - INFO - Using font: Arial Unicode
2025-09-04 13:51:17,697 - INFO - Using font: Arial Unicode
2025-09-04 13:51:17,733 - INFO - Using font: Arial Unicode
2025-09-04 13:51:17,739 - INFO - Using font: Arial Unicode
2025-09-04 13:51:17,871 - INFO - Using font: Arial Unicode
2025-09-04 13:51:17,878 - INFO - Using font: Arial Unicode
2025-09-04 13:51:17,914 - INFO - Using font: Arial Unicode
2025-09-04 13:51:17,922 - INFO - Using font: Arial Unicode
2025-09-04 13:51:17,962 - INFO - Using font: Arial Unicode
2025-09-04 13:51:17,969 - INFO - Using font: Arial Unicode
2025-09-04 13:51:18,005 - INFO - Using font: Arial Unicode
2025-09-04 13:51:18,011 - INFO - Using font: Arial Unicode
2025-09-04 13:51:18,139 - INFO - Using font: Arial Unicode
2025-09-04 13:51:18,146 - INFO - Using font: Arial Unicode
2025-09-04 13:51:18,183 - INFO - Using font: Arial Unicode
2025-09-04 13:51:18,189 - INFO - Using font: Arial Unicode
2025-09-04 13:51:18,228 - INFO - Using font: Arial Unicode
2025-09-04 13:51:18,237 - INFO - Using font: Arial Unicode
2025-09-04 13:51:18,377 - INFO - Using font: Arial Unicode
2025-09-04 13:51:18,383 - INFO - Using font: Arial Unicode
2025-09-04 13:51:18,417 - INFO - Using font: Arial Unicode
2025-09-04 13:51:18,424 - INFO - Using font: Arial Unicode
2025-09-04 13:51:18,461 - INFO - Using font: Arial Unicode
2025-09-04 13:51:18,473 - INFO - Using font: Arial Unicode
2025-09-04 13:51:18,631 - INFO - Using font: Arial Unicode
2025-09-04 13:51:18,642 - INFO - Using font: Arial Unicode
2025-09-04 13:51:18,696 - INFO - Using font: Arial Unicode
2025-09-04 13:51:18,705 - INFO - Using font: Arial Unicode
2025-09-04 13:51:18,756 - INFO - Using font: Arial Unicode
2025-09-04 13:51:18,764 - INFO - Using font: Arial Unicode
2025-09-04 13:51:18,914 - INFO - Using font: Arial Unicode
2025-09-04 13:51:18,921 - INFO - Using font: Arial Unicode
2025-09-04 13:51:18,958 - INFO - Using font: Arial Unicode
2025-09-04 13:51:18,964 - INFO - Using font: Arial Unicode
2025-09-04 13:51:19,120 - INFO - Using font: Arial Unicode
2025-09-04 13:51:19,126 - INFO - Using font: Arial Unicode
2025-09-04 13:51:19,162 - INFO - Using font: Arial Unicode
2025-09-04 13:51:19,168 - INFO - Using font: Arial Unicode
2025-09-04 13:51:19,204 - INFO - Using font: Arial Unicode
2025-09-04 13:51:19,210 - INFO - Using font: Arial Unicode
2025-09-04 13:51:19,342 - INFO - Using font: Arial Unicode
2025-09-04 13:51:19,348 - INFO - Using font: Arial Unicode
2025-09-04 13:51:19,384 - INFO - Using font: Arial Unicode
2025-09-04 13:51:19,391 - INFO - Using font: Arial Unicode
2025-09-04 13:51:19,520 - INFO - Using font: Arial Unicode
2025-09-04 13:51:19,526 - INFO - Using font: Arial Unicode
2025-09-04 13:51:19,565 - INFO - Using font: Arial Unicode
2025-09-04 13:51:19,571 - INFO - Using font: Arial Unicode
2025-09-04 13:51:19,608 - INFO - Using font: Arial Unicode
2025-09-04 13:51:19,615 - INFO - Using font: Arial Unicode
2025-09-04 13:51:19,745 - INFO - Using font: Arial Unicode
2025-09-04 13:51:19,752 - INFO - Using font: Arial Unicode
2025-09-04 13:51:19,789 - INFO - Using font: Arial Unicode
2025-09-04 13:51:19,796 - INFO - Using font: Arial Unicode
2025-09-04 13:51:19,831 - INFO - Using font: Arial Unicode
2025-09-04 13:51:19,838 - INFO - Using font: Arial Unicode
2025-09-04 13:51:19,971 - INFO - Using font: Arial Unicode
2025-09-04 13:51:19,978 - INFO - Using font: Arial Unicode
2025-09-04 13:51:20,014 - INFO - Using font: Arial Unicode
2025-09-04 13:51:20,020 - INFO - Using font: Arial Unicode
2025-09-04 13:51:20,054 - INFO - Using font: Arial Unicode
2025-09-04 13:51:20,060 - INFO - Using font: Arial Unicode
2025-09-04 13:51:20,207 - INFO - Using font: Arial Unicode
2025-09-04 13:51:20,215 - INFO - Using font: Arial Unicode
2025-09-04 13:51:20,252 - INFO - Using font: Arial Unicode
2025-09-04 13:51:20,258 - INFO - Using font: Arial Unicode
2025-09-04 13:51:20,295 - INFO - Using font: Arial Unicode
2025-09-04 13:51:20,302 - INFO - Using font: Arial Unicode
2025-09-04 13:51:20,439 - INFO - Using font: Arial Unicode
2025-09-04 13:51:20,445 - INFO - Using font: Arial Unicode
2025-09-04 13:51:20,481 - INFO - Using font: Arial Unicode
2025-09-04 13:51:20,487 - INFO - Using font: Arial Unicode
2025-09-04 13:51:20,521 - INFO - Using font: Arial Unicode
2025-09-04 13:51:20,528 - INFO - Using font: Arial Unicode
2025-09-04 13:51:20,566 - INFO - Using font: Arial Unicode
2025-09-04 13:51:20,573 - INFO - Using font: Arial Unicode
2025-09-04 13:51:20,610 - INFO - Using font: Arial Unicode
2025-09-04 13:51:20,616 - INFO - Using font: Arial Unicode
2025-09-04 13:51:20,651 - INFO - Using font: Arial Unicode
2025-09-04 13:51:20,657 - INFO - Using font: Arial Unicode
2025-09-04 13:51:20,780 - INFO - Using font: Arial Unicode
2025-09-04 13:51:20,786 - INFO - Using font: Arial Unicode
2025-09-04 13:51:20,821 - INFO - Using font: Arial Unicode
2025-09-04 13:51:20,827 - INFO - Using font: Arial Unicode
2025-09-04 13:51:20,977 - INFO - Using font: Arial Unicode
2025-09-04 13:51:20,983 - INFO - Using font: Arial Unicode
2025-09-04 13:51:21,019 - INFO - Using font: Arial Unicode
2025-09-04 13:51:21,026 - INFO - Using font: Arial Unicode
2025-09-04 13:51:21,061 - INFO - Using font: Arial Unicode
2025-09-04 13:51:21,067 - INFO - Using font: Arial Unicode
2025-09-04 13:51:21,212 - INFO - Using font: Arial Unicode
2025-09-04 13:51:21,218 - INFO - Using font: Arial Unicode
2025-09-04 13:51:21,254 - INFO - Using font: Arial Unicode
2025-09-04 13:51:21,260 - INFO - Using font: Arial Unicode
2025-09-04 13:51:21,416 - INFO - Using font: Arial Unicode
2025-09-04 13:51:21,422 - INFO - Using font: Arial Unicode
2025-09-04 13:51:21,461 - INFO - Using font: Arial Unicode
2025-09-04 13:51:21,471 - INFO - Using font: Arial Unicode
2025-09-04 13:51:21,613 - INFO - Using font: Arial Unicode
2025-09-04 13:51:21,620 - INFO - Using font: Arial Unicode
2025-09-04 13:51:21,659 - INFO - Using font: Arial Unicode
2025-09-04 13:51:21,666 - INFO - Using font: Arial Unicode
2025-09-04 13:51:21,701 - INFO - Using font: Arial Unicode
2025-09-04 13:51:21,708 - INFO - Using font: Arial Unicode
2025-09-04 13:51:21,841 - INFO - Using font: Arial Unicode
2025-09-04 13:51:21,847 - INFO - Using font: Arial Unicode
2025-09-04 13:51:21,884 - INFO - Using font: Arial Unicode
2025-09-04 13:51:21,890 - INFO - Using font: Arial Unicode
2025-09-04 13:51:22,013 - INFO - Using font: Arial Unicode
2025-09-04 13:51:22,020 - INFO - Using font: Arial Unicode
2025-09-04 13:51:22,060 - INFO - Using font: Arial Unicode
2025-09-04 13:51:22,066 - INFO - Using font: Arial Unicode
2025-09-04 13:51:22,218 - INFO - Using font: Arial Unicode
2025-09-04 13:51:22,230 - INFO - Using font: Arial Unicode
2025-09-04 13:51:22,265 - INFO - Using font: Arial Unicode
2025-09-04 13:51:22,273 - INFO - Using font: Arial Unicode
2025-09-04 13:51:22,310 - INFO - Using font: Arial Unicode
2025-09-04 13:51:22,316 - INFO - Using font: Arial Unicode
2025-09-04 13:51:22,441 - INFO - Using font: Arial Unicode
2025-09-04 13:51:22,447 - INFO - Using font: Arial Unicode
2025-09-04 13:51:22,484 - INFO - Using font: Arial Unicode
2025-09-04 13:51:22,490 - INFO - Using font: Arial Unicode
2025-09-04 13:51:22,528 - INFO - Using font: Arial Unicode
2025-09-04 13:51:22,535 - INFO - Using font: Arial Unicode
2025-09-04 13:51:22,672 - INFO - Using font: Arial Unicode
2025-09-04 13:51:22,678 - INFO - Using font: Arial Unicode
2025-09-04 13:51:22,716 - INFO - Using font: Arial Unicode
2025-09-04 13:51:22,722 - INFO - Using font: Arial Unicode
2025-09-04 13:51:22,870 - INFO - Using font: Arial Unicode
2025-09-04 13:51:22,876 - INFO - Using font: Arial Unicode
2025-09-04 13:51:22,912 - INFO - Using font: Arial Unicode
2025-09-04 13:51:22,919 - INFO - Using font: Arial Unicode
2025-09-04 13:51:22,954 - INFO - Using font: Arial Unicode
2025-09-04 13:51:22,960 - INFO - Using font: Arial Unicode
2025-09-04 13:51:23,102 - INFO - Using font: Arial Unicode
2025-09-04 13:51:23,108 - INFO - Using font: Arial Unicode
2025-09-04 13:51:23,144 - INFO - Using font: Arial Unicode
2025-09-04 13:51:23,150 - INFO - Using font: Arial Unicode
2025-09-04 13:51:23,191 - INFO - Using font: Arial Unicode
2025-09-04 13:51:23,197 - INFO - Using font: Arial Unicode
2025-09-04 13:51:23,344 - INFO - Using font: Arial Unicode
2025-09-04 13:51:23,351 - INFO - Using font: Arial Unicode
2025-09-04 13:51:23,388 - INFO - Using font: Arial Unicode
2025-09-04 13:51:23,395 - INFO - Using font: Arial Unicode
2025-09-04 13:51:23,516 - INFO - Using font: Arial Unicode
2025-09-04 13:51:23,525 - INFO - Using font: Arial Unicode
2025-09-04 13:51:23,561 - INFO - Using font: Arial Unicode
2025-09-04 13:51:23,569 - INFO - Using font: Arial Unicode
2025-09-04 13:51:23,608 - INFO - Using font: Arial Unicode
2025-09-04 13:51:23,614 - INFO - Using font: Arial Unicode
2025-09-04 13:51:23,738 - INFO - Using font: Arial Unicode
2025-09-04 13:51:23,744 - INFO - Using font: Arial Unicode
2025-09-04 13:51:23,778 - INFO - Using font: Arial Unicode
2025-09-04 13:51:23,784 - INFO - Using font: Arial Unicode
2025-09-04 13:51:23,825 - INFO - Using font: Arial Unicode
2025-09-04 13:51:23,832 - INFO - Using font: Arial Unicode
2025-09-04 13:51:23,984 - INFO - Using font: Arial Unicode
2025-09-04 13:51:23,992 - INFO - Using font: Arial Unicode
2025-09-04 13:51:24,028 - INFO - Using font: Arial Unicode
2025-09-04 13:51:24,035 - INFO - Using font: Arial Unicode
2025-09-04 13:51:24,074 - INFO - Using font: Arial Unicode
2025-09-04 13:51:24,080 - INFO - Using font: Arial Unicode
2025-09-04 13:51:24,206 - INFO - Using font: Arial Unicode
2025-09-04 13:51:24,213 - INFO - Using font: Arial Unicode
2025-09-04 13:51:24,250 - INFO - Using font: Arial Unicode
2025-09-04 13:51:24,256 - INFO - Using font: Arial Unicode
2025-09-04 13:51:24,374 - INFO - Using font: Arial Unicode
2025-09-04 13:51:24,381 - INFO - Using font: Arial Unicode
2025-09-04 13:51:24,423 - INFO - Using font: Arial Unicode
2025-09-04 13:51:24,433 - INFO - Using font: Arial Unicode
2025-09-04 13:51:24,474 - INFO - Using font: Arial Unicode
2025-09-04 13:51:24,482 - INFO - Using font: Arial Unicode
2025-09-04 13:51:24,609 - INFO - Using font: Arial Unicode
2025-09-04 13:51:24,616 - INFO - Using font: Arial Unicode
2025-09-04 13:51:24,652 - INFO - Using font: Arial Unicode
2025-09-04 13:51:24,658 - INFO - Using font: Arial Unicode
2025-09-04 13:51:24,694 - INFO - Using font: Arial Unicode
2025-09-04 13:51:24,702 - INFO - Using font: Arial Unicode
2025-09-04 13:51:24,737 - INFO - Using font: Arial Unicode
2025-09-04 13:51:24,743 - INFO - Using font: Arial Unicode
2025-09-04 13:51:24,863 - INFO - Using font: Arial Unicode
2025-09-04 13:51:24,869 - INFO - Using font: Arial Unicode
2025-09-04 13:51:24,927 - INFO - Using font: Arial Unicode
2025-09-04 13:51:24,934 - INFO - Using font: Arial Unicode
2025-09-04 13:51:24,979 - INFO - Using font: Arial Unicode
2025-09-04 13:51:24,990 - INFO - Using font: Arial Unicode
2025-09-04 13:51:25,037 - INFO - Using font: Arial Unicode
2025-09-04 13:51:25,045 - INFO - Using font: Arial Unicode
2025-09-04 13:51:25,088 - INFO - Using font: Arial Unicode
2025-09-04 13:51:25,097 - INFO - Using font: Arial Unicode
2025-09-04 13:51:25,240 - INFO - Using font: Arial Unicode
2025-09-04 13:51:25,246 - INFO - Using font: Arial Unicode
2025-09-04 13:51:25,282 - INFO - Using font: Arial Unicode
2025-09-04 13:51:25,287 - INFO - Using font: Arial Unicode
2025-09-04 13:51:25,326 - INFO - Using font: Arial Unicode
2025-09-04 13:51:25,333 - INFO - Using font: Arial Unicode
2025-09-04 13:51:25,369 - INFO - Using font: Arial Unicode
2025-09-04 13:51:25,376 - INFO - Using font: Arial Unicode
2025-09-04 13:51:25,413 - INFO - Using font: Arial Unicode
2025-09-04 13:51:25,419 - INFO - Using font: Arial Unicode
2025-09-04 13:51:25,542 - INFO - Using font: Arial Unicode
2025-09-04 13:51:25,549 - INFO - Using font: Arial Unicode
2025-09-04 13:51:25,584 - INFO - Using font: Arial Unicode
2025-09-04 13:51:25,590 - INFO - Using font: Arial Unicode
2025-09-04 13:51:25,724 - INFO - Using font: Arial Unicode
2025-09-04 13:51:25,730 - INFO - Using font: Arial Unicode
2025-09-04 13:51:25,768 - INFO - Using font: Arial Unicode
2025-09-04 13:51:25,774 - INFO - Using font: Arial Unicode
2025-09-04 13:51:25,809 - INFO - Using font: Arial Unicode
2025-09-04 13:51:25,815 - INFO - Using font: Arial Unicode
2025-09-04 13:51:25,853 - INFO - Using font: Arial Unicode
2025-09-04 13:51:25,860 - INFO - Using font: Arial Unicode
2025-09-04 13:51:26,009 - INFO - Using font: Arial Unicode
2025-09-04 13:51:26,016 - INFO - Using font: Arial Unicode
2025-09-04 13:51:26,051 - INFO - Using font: Arial Unicode
2025-09-04 13:51:26,057 - INFO - Using font: Arial Unicode
2025-09-04 13:51:26,179 - INFO - Using font: Arial Unicode
2025-09-04 13:51:26,185 - INFO - Using font: Arial Unicode
2025-09-04 13:51:26,222 - INFO - Using font: Arial Unicode
2025-09-04 13:51:26,229 - INFO - Using font: Arial Unicode
2025-09-04 13:51:26,346 - INFO - Using font: Arial Unicode
2025-09-04 13:51:26,353 - INFO - Using font: Arial Unicode
2025-09-04 13:51:26,387 - INFO - Using font: Arial Unicode
2025-09-04 13:51:26,394 - INFO - Using font: Arial Unicode
2025-09-04 13:51:26,539 - INFO - Using font: Arial Unicode
2025-09-04 13:51:26,546 - INFO - Using font: Arial Unicode
2025-09-04 13:51:26,582 - INFO - Using font: Arial Unicode
2025-09-04 13:51:26,589 - INFO - Using font: Arial Unicode
2025-09-04 13:51:26,623 - INFO - Using font: Arial Unicode
2025-09-04 13:51:26,630 - INFO - Using font: Arial Unicode
2025-09-04 13:51:26,770 - INFO - Using font: Arial Unicode
2025-09-04 13:51:26,777 - INFO - Using font: Arial Unicode
2025-09-04 13:51:26,815 - INFO - Using font: Arial Unicode
2025-09-04 13:51:26,822 - INFO - Using font: Arial Unicode
2025-09-04 13:51:26,860 - INFO - Using font: Arial Unicode
2025-09-04 13:51:26,866 - INFO - Using font: Arial Unicode
2025-09-04 13:51:27,005 - INFO - Using font: Arial Unicode
2025-09-04 13:51:27,012 - INFO - Using font: Arial Unicode
2025-09-04 13:51:27,046 - INFO - Using font: Arial Unicode
2025-09-04 13:51:27,052 - INFO - Using font: Arial Unicode
2025-09-04 13:51:27,088 - INFO - Using font: Arial Unicode
2025-09-04 13:51:27,094 - INFO - Using font: Arial Unicode
2025-09-04 13:51:27,130 - INFO - Using font: Arial Unicode
2025-09-04 13:51:27,136 - INFO - Using font: Arial Unicode
2025-09-04 13:51:27,171 - INFO - Using font: Arial Unicode
2025-09-04 13:51:27,178 - INFO - Using font: Arial Unicode
2025-09-04 13:51:27,308 - INFO - Using font: Arial Unicode
2025-09-04 13:51:27,314 - INFO - Using font: Arial Unicode
2025-09-04 13:51:27,349 - INFO - Using font: Arial Unicode
2025-09-04 13:51:27,355 - INFO - Using font: Arial Unicode
2025-09-04 13:51:27,391 - INFO - Using font: Arial Unicode
2025-09-04 13:51:27,399 - INFO - Using font: Arial Unicode
2025-09-04 13:51:27,538 - INFO - Using font: Arial Unicode
2025-09-04 13:51:27,544 - INFO - Using font: Arial Unicode
2025-09-04 13:51:27,581 - INFO - Using font: Arial Unicode
2025-09-04 13:51:27,588 - INFO - Using font: Arial Unicode
2025-09-04 13:51:27,626 - INFO - Using font: Arial Unicode
2025-09-04 13:51:27,632 - INFO - Using font: Arial Unicode
2025-09-04 13:51:27,675 - INFO - Using font: Arial Unicode
2025-09-04 13:51:27,682 - INFO - Using font: Arial Unicode
2025-09-04 13:51:27,722 - INFO - Using font: Arial Unicode
2025-09-04 13:51:27,729 - INFO - Using font: Arial Unicode
2025-09-04 13:51:27,769 - INFO - Using font: Arial Unicode
2025-09-04 13:51:27,776 - INFO - Using font: Arial Unicode
2025-09-04 13:51:27,815 - INFO - Using font: Arial Unicode
2025-09-04 13:51:27,821 - INFO - Using font: Arial Unicode
2025-09-04 13:51:27,859 - INFO - Using font: Arial Unicode
2025-09-04 13:51:27,866 - INFO - Using font: Arial Unicode
2025-09-04 13:51:28,002 - INFO - Using font: Arial Unicode
2025-09-04 13:51:28,009 - INFO - Using font: Arial Unicode
2025-09-04 13:51:28,045 - INFO - Using font: Arial Unicode
2025-09-04 13:51:28,051 - INFO - Using font: Arial Unicode
2025-09-04 13:51:28,089 - INFO - Using font: Arial Unicode
2025-09-04 13:51:28,095 - INFO - Using font: Arial Unicode
2025-09-04 13:51:28,132 - INFO - Using font: Arial Unicode
2025-09-04 13:51:28,138 - INFO - Using font: Arial Unicode
2025-09-04 13:51:28,268 - INFO - Using font: Arial Unicode
2025-09-04 13:51:28,275 - INFO - Using font: Arial Unicode
2025-09-04 13:51:28,312 - INFO - Using font: Arial Unicode
2025-09-04 13:51:28,319 - INFO - Using font: Arial Unicode
2025-09-04 13:51:28,358 - INFO - Using font: Arial Unicode
2025-09-04 13:51:28,366 - INFO - Using font: Arial Unicode
2025-09-04 13:51:28,405 - INFO - Using font: Arial Unicode
2025-09-04 13:51:28,412 - INFO - Using font: Arial Unicode
2025-09-04 13:51:28,545 - INFO - Using font: Arial Unicode
2025-09-04 13:51:28,551 - INFO - Using font: Arial Unicode
2025-09-04 13:51:28,590 - INFO - Using font: Arial Unicode
2025-09-04 13:51:28,597 - INFO - Using font: Arial Unicode
2025-09-04 13:51:28,632 - INFO - Using font: Arial Unicode
2025-09-04 13:51:28,641 - INFO - Using font: Arial Unicode
2025-09-04 13:51:28,771 - INFO - Using font: Arial Unicode
2025-09-04 13:51:28,777 - INFO - Using font: Arial Unicode
2025-09-04 13:51:28,815 - INFO - Using font: Arial Unicode
2025-09-04 13:51:28,821 - INFO - Using font: Arial Unicode
2025-09-04 13:51:28,858 - INFO - Using font: Arial Unicode
2025-09-04 13:51:28,864 - INFO - Using font: Arial Unicode
2025-09-04 13:51:29,002 - INFO - Using font: Arial Unicode
2025-09-04 13:51:29,008 - INFO - Using font: Arial Unicode
2025-09-04 13:51:29,044 - INFO - Using font: Arial Unicode
2025-09-04 13:51:29,051 - INFO - Using font: Arial Unicode
2025-09-04 13:51:29,088 - INFO - Using font: Arial Unicode
2025-09-04 13:51:29,095 - INFO - Using font: Arial Unicode
2025-09-04 13:51:29,135 - INFO - Using font: Arial Unicode
2025-09-04 13:51:29,141 - INFO - Using font: Arial Unicode
2025-09-04 13:51:29,275 - INFO - Using font: Arial Unicode
2025-09-04 13:51:29,281 - INFO - Using font: Arial Unicode
2025-09-04 13:51:29,318 - INFO - Using font: Arial Unicode
2025-09-04 13:51:29,325 - INFO - Using font: Arial Unicode
2025-09-04 13:51:29,360 - INFO - Using font: Arial Unicode
2025-09-04 13:51:29,366 - INFO - Using font: Arial Unicode
2025-09-04 13:51:29,510 - INFO - Using font: Arial Unicode
2025-09-04 13:51:29,520 - INFO - Using font: Arial Unicode
2025-09-04 13:51:29,558 - INFO - Using font: Arial Unicode
2025-09-04 13:51:29,565 - INFO - Using font: Arial Unicode
2025-09-04 13:51:29,714 - INFO - Using font: Arial Unicode
2025-09-04 13:51:29,722 - INFO - Using font: Arial Unicode
2025-09-04 13:51:29,761 - INFO - Using font: Arial Unicode
2025-09-04 13:51:29,768 - INFO - Using font: Arial Unicode
2025-09-04 13:51:29,926 - INFO - Using font: Arial Unicode
2025-09-04 13:51:29,933 - INFO - Using font: Arial Unicode
2025-09-04 13:51:29,974 - INFO - Using font: Arial Unicode
2025-09-04 13:51:29,981 - INFO - Using font: Arial Unicode
2025-09-04 13:51:30,018 - INFO - Using font: Arial Unicode
2025-09-04 13:51:30,027 - INFO - Using font: Arial Unicode
2025-09-04 13:51:30,069 - INFO - Using font: Arial Unicode
2025-09-04 13:51:30,076 - INFO - Using font: Arial Unicode
2025-09-04 13:51:30,117 - INFO - Using font: Arial Unicode
2025-09-04 13:51:30,126 - INFO - Using font: Arial Unicode
2025-09-04 13:51:30,294 - INFO - Using font: Arial Unicode
2025-09-04 13:51:30,303 - INFO - Using font: Arial Unicode
2025-09-04 13:51:30,364 - INFO - Using font: Arial Unicode
2025-09-04 13:51:30,372 - INFO - Using font: Arial Unicode
2025-09-04 13:51:30,416 - INFO - Using font: Arial Unicode
2025-09-04 13:51:30,424 - INFO - Using font: Arial Unicode
2025-09-04 13:51:30,563 - INFO - Using font: Arial Unicode
2025-09-04 13:51:30,569 - INFO - Using font: Arial Unicode
2025-09-04 13:51:30,604 - INFO - Using font: Arial Unicode
2025-09-04 13:51:30,610 - INFO - Using font: Arial Unicode
2025-09-04 13:51:30,647 - INFO - Using font: Arial Unicode
2025-09-04 13:51:30,653 - INFO - Using font: Arial Unicode
2025-09-04 13:51:30,686 - INFO - Using font: Arial Unicode
2025-09-04 13:51:30,692 - INFO - Using font: Arial Unicode
2025-09-04 13:51:30,828 - INFO - Using font: Arial Unicode
2025-09-04 13:51:30,835 - INFO - Using font: Arial Unicode
2025-09-04 13:51:30,871 - INFO - Using font: Arial Unicode
2025-09-04 13:51:30,877 - INFO - Using font: Arial Unicode
2025-09-04 13:51:30,912 - INFO - Using font: Arial Unicode
2025-09-04 13:51:30,919 - INFO - Using font: Arial Unicode
2025-09-04 13:51:31,038 - INFO - Using font: Arial Unicode
2025-09-04 13:51:31,045 - INFO - Using font: Arial Unicode
2025-09-04 13:51:31,080 - INFO - Using font: Arial Unicode
2025-09-04 13:51:31,086 - INFO - Using font: Arial Unicode
2025-09-04 13:51:31,120 - INFO - Using font: Arial Unicode
2025-09-04 13:51:31,126 - INFO - Using font: Arial Unicode
2025-09-04 13:51:31,163 - INFO - Using font: Arial Unicode
2025-09-04 13:51:31,169 - INFO - Using font: Arial Unicode
2025-09-04 13:51:31,204 - INFO - Using font: Arial Unicode
2025-09-04 13:51:31,210 - INFO - Using font: Arial Unicode
2025-09-04 13:51:31,332 - INFO - Using font: Arial Unicode
2025-09-04 13:51:31,338 - INFO - Using font: Arial Unicode
2025-09-04 13:51:31,374 - INFO - Using font: Arial Unicode
2025-09-04 13:51:31,381 - INFO - Using font: Arial Unicode
2025-09-04 13:51:31,417 - INFO - Using font: Arial Unicode
2025-09-04 13:51:31,424 - INFO - Using font: Arial Unicode
2025-09-04 13:51:31,567 - INFO - Using font: Arial Unicode
2025-09-04 13:51:31,573 - INFO - Using font: Arial Unicode
2025-09-04 13:51:31,608 - INFO - Using font: Arial Unicode
2025-09-04 13:51:31,615 - INFO - Using font: Arial Unicode
2025-09-04 13:51:31,655 - INFO - Using font: Arial Unicode
2025-09-04 13:51:31,662 - INFO - Using font: Arial Unicode
2025-09-04 13:51:31,807 - INFO - Using font: Arial Unicode
2025-09-04 13:51:31,815 - INFO - Using font: Arial Unicode
2025-09-04 13:51:31,851 - INFO - Using font: Arial Unicode
2025-09-04 13:51:31,859 - INFO - Using font: Arial Unicode
2025-09-04 13:51:31,894 - INFO - Using font: Arial Unicode
2025-09-04 13:51:31,900 - INFO - Using font: Arial Unicode
2025-09-04 13:51:31,934 - INFO - Using font: Arial Unicode
2025-09-04 13:51:31,940 - INFO - Using font: Arial Unicode
2025-09-04 13:51:32,064 - INFO - Using font: Arial Unicode
2025-09-04 13:51:32,070 - INFO - Using font: Arial Unicode
2025-09-04 13:51:32,105 - INFO - Using font: Arial Unicode
2025-09-04 13:51:32,112 - INFO - Using font: Arial Unicode
2025-09-04 13:51:32,146 - INFO - Using font: Arial Unicode
2025-09-04 13:51:32,153 - INFO - Using font: Arial Unicode
2025-09-04 13:51:32,187 - INFO - Using font: Arial Unicode
2025-09-04 13:51:32,194 - INFO - Using font: Arial Unicode
2025-09-04 13:51:32,339 - INFO - Using font: Arial Unicode
2025-09-04 13:51:32,345 - INFO - Using font: Arial Unicode
2025-09-04 13:51:32,382 - INFO - Using font: Arial Unicode
2025-09-04 13:51:32,388 - INFO - Using font: Arial Unicode
2025-09-04 13:51:32,537 - INFO - Using font: Arial Unicode
2025-09-04 13:51:32,544 - INFO - Using font: Arial Unicode
2025-09-04 13:51:32,581 - INFO - Using font: Arial Unicode
2025-09-04 13:51:32,587 - INFO - Using font: Arial Unicode
2025-09-04 13:51:32,737 - INFO - Using font: Arial Unicode
2025-09-04 13:51:32,743 - INFO - Using font: Arial Unicode
2025-09-04 13:51:32,779 - INFO - Using font: Arial Unicode
2025-09-04 13:51:32,785 - INFO - Using font: Arial Unicode
2025-09-04 13:51:32,933 - INFO - Using font: Arial Unicode
2025-09-04 13:51:32,940 - INFO - Using font: Arial Unicode
2025-09-04 13:51:32,976 - INFO - Using font: Arial Unicode
2025-09-04 13:51:32,982 - INFO - Using font: Arial Unicode
2025-09-04 13:51:33,020 - INFO - Using font: Arial Unicode
2025-09-04 13:51:33,027 - INFO - Using font: Arial Unicode
2025-09-04 13:51:33,173 - INFO - Using font: Arial Unicode
2025-09-04 13:51:33,179 - INFO - Using font: Arial Unicode
2025-09-04 13:51:33,214 - INFO - Using font: Arial Unicode
2025-09-04 13:51:33,220 - INFO - Using font: Arial Unicode
2025-09-04 13:51:33,255 - INFO - Using font: Arial Unicode
2025-09-04 13:51:33,262 - INFO - Using font: Arial Unicode
2025-09-04 13:51:33,392 - INFO - Using font: Arial Unicode
2025-09-04 13:51:33,399 - INFO - Using font: Arial Unicode
2025-09-04 13:51:33,442 - INFO - Using font: Arial Unicode
2025-09-04 13:51:33,450 - INFO - Using font: Arial Unicode
2025-09-04 13:51:33,489 - INFO - Using font: Arial Unicode
2025-09-04 13:51:33,496 - INFO - Using font: Arial Unicode
2025-09-04 13:51:33,628 - INFO - Using font: Arial Unicode
2025-09-04 13:51:33,635 - INFO - Using font: Arial Unicode
2025-09-04 13:51:33,672 - INFO - Using font: Arial Unicode
2025-09-04 13:51:33,678 - INFO - Using font: Arial Unicode
2025-09-04 13:51:33,712 - INFO - Using font: Arial Unicode
2025-09-04 13:51:33,719 - INFO - Using font: Arial Unicode
2025-09-04 13:51:33,869 - INFO - Using font: Arial Unicode
2025-09-04 13:51:33,875 - INFO - Using font: Arial Unicode
2025-09-04 13:51:33,911 - INFO - Using font: Arial Unicode
2025-09-04 13:51:33,917 - INFO - Using font: Arial Unicode
2025-09-04 13:51:33,955 - INFO - Using font: Arial Unicode
2025-09-04 13:51:33,961 - INFO - Using font: Arial Unicode
2025-09-04 13:51:34,100 - INFO - Using font: Arial Unicode
2025-09-04 13:51:34,106 - INFO - Using font: Arial Unicode
2025-09-04 13:51:34,142 - INFO - Using font: Arial Unicode
2025-09-04 13:51:34,148 - INFO - Using font: Arial Unicode
2025-09-04 13:51:34,185 - INFO - Using font: Arial Unicode
2025-09-04 13:51:34,191 - INFO - Using font: Arial Unicode
2025-09-04 13:51:34,227 - INFO - Using font: Arial Unicode
2025-09-04 13:51:34,234 - INFO - Using font: Arial Unicode
2025-09-04 13:51:34,372 - INFO - Using font: Arial Unicode
2025-09-04 13:51:34,378 - INFO - Using font: Arial Unicode
2025-09-04 13:51:34,418 - INFO - Using font: Arial Unicode
2025-09-04 13:51:34,424 - INFO - Using font: Arial Unicode
2025-09-04 13:51:34,460 - INFO - Using font: Arial Unicode
2025-09-04 13:51:34,467 - INFO - Using font: Arial Unicode
2025-09-04 13:51:34,504 - INFO - Using font: Arial Unicode
2025-09-04 13:51:34,511 - INFO - Using font: Arial Unicode
2025-09-04 13:51:34,638 - INFO - Using font: Arial Unicode
2025-09-04 13:51:34,644 - INFO - Using font: Arial Unicode
2025-09-04 13:51:34,684 - INFO - Using font: Arial Unicode
2025-09-04 13:51:34,691 - INFO - Using font: Arial Unicode
2025-09-04 13:51:34,727 - INFO - Using font: Arial Unicode
2025-09-04 13:51:34,733 - INFO - Using font: Arial Unicode
2025-09-04 13:51:34,869 - INFO - Using font: Arial Unicode
2025-09-04 13:51:34,875 - INFO - Using font: Arial Unicode
2025-09-04 13:51:34,911 - INFO - Using font: Arial Unicode
2025-09-04 13:51:34,917 - INFO - Using font: Arial Unicode
2025-09-04 13:51:34,954 - INFO - Using font: Arial Unicode
2025-09-04 13:51:34,960 - INFO - Using font: Arial Unicode
2025-09-04 13:51:34,994 - INFO - Using font: Arial Unicode
2025-09-04 13:51:35,002 - INFO - Using font: Arial Unicode
2025-09-04 13:51:35,126 - INFO - Using font: Arial Unicode
2025-09-04 13:51:35,132 - INFO - Using font: Arial Unicode
2025-09-04 13:51:35,168 - INFO - Using font: Arial Unicode
2025-09-04 13:51:35,174 - INFO - Using font: Arial Unicode
2025-09-04 13:51:35,210 - INFO - Using font: Arial Unicode
2025-09-04 13:51:35,216 - INFO - Using font: Arial Unicode
2025-09-04 13:51:35,363 - INFO - Using font: Arial Unicode
2025-09-04 13:51:35,369 - INFO - Using font: Arial Unicode
2025-09-04 13:51:35,403 - INFO - Using font: Arial Unicode
2025-09-04 13:51:35,410 - INFO - Using font: Arial Unicode
2025-09-04 13:51:35,533 - INFO - Using font: Arial Unicode
2025-09-04 13:51:35,540 - INFO - Using font: Arial Unicode
2025-09-04 13:51:35,576 - INFO - Using font: Arial Unicode
2025-09-04 13:51:35,583 - INFO - Using font: Arial Unicode
2025-09-04 13:51:35,617 - INFO - Using font: Arial Unicode
2025-09-04 13:51:35,623 - INFO - Using font: Arial Unicode
2025-09-04 13:51:35,667 - INFO - Using font: Arial Unicode
2025-09-04 13:51:35,674 - INFO - Using font: Arial Unicode
2025-09-04 13:51:35,795 - INFO - Using font: Arial Unicode
2025-09-04 13:51:35,801 - INFO - Using font: Arial Unicode
2025-09-04 13:51:35,838 - INFO - Using font: Arial Unicode
2025-09-04 13:51:35,844 - INFO - Using font: Arial Unicode
2025-09-04 13:51:35,992 - INFO - Using font: Arial Unicode
2025-09-04 13:51:35,999 - INFO - Using font: Arial Unicode
2025-09-04 13:51:36,035 - INFO - Using font: Arial Unicode
2025-09-04 13:51:36,041 - INFO - Using font: Arial Unicode
2025-09-04 13:51:36,191 - INFO - Using font: Arial Unicode
2025-09-04 13:51:36,201 - INFO - Using font: Arial Unicode
2025-09-04 13:51:36,249 - INFO - Using font: Arial Unicode
2025-09-04 13:51:36,257 - INFO - Using font: Arial Unicode
2025-09-04 13:51:36,403 - INFO - Using font: Arial Unicode
2025-09-04 13:51:36,410 - INFO - Using font: Arial Unicode
2025-09-04 13:51:36,446 - INFO - Using font: Arial Unicode
2025-09-04 13:51:36,452 - INFO - Using font: Arial Unicode
2025-09-04 13:51:36,486 - INFO - Using font: Arial Unicode
2025-09-04 13:51:36,492 - INFO - Using font: Arial Unicode
2025-09-04 13:51:36,619 - INFO - Using font: Arial Unicode
2025-09-04 13:51:36,625 - INFO - Using font: Arial Unicode
2025-09-04 13:51:36,660 - INFO - Using font: Arial Unicode
2025-09-04 13:51:36,666 - INFO - Using font: Arial Unicode
2025-09-04 13:51:36,803 - INFO - Using font: Arial Unicode
2025-09-04 13:51:36,810 - INFO - Using font: Arial Unicode
2025-09-04 13:51:36,847 - INFO - Using font: Arial Unicode
2025-09-04 13:51:36,854 - INFO - Using font: Arial Unicode
2025-09-04 13:51:36,888 - INFO - Using font: Arial Unicode
2025-09-04 13:51:36,895 - INFO - Using font: Arial Unicode
2025-09-04 13:51:37,027 - INFO - Using font: Arial Unicode
2025-09-04 13:51:37,033 - INFO - Using font: Arial Unicode
2025-09-04 13:51:37,069 - INFO - Using font: Arial Unicode
2025-09-04 13:51:37,075 - INFO - Using font: Arial Unicode
2025-09-04 13:51:37,108 - INFO - Using font: Arial Unicode
2025-09-04 13:51:37,115 - INFO - Using font: Arial Unicode
2025-09-04 13:51:37,260 - INFO - Using font: Arial Unicode
2025-09-04 13:51:37,266 - INFO - Using font: Arial Unicode
2025-09-04 13:51:37,301 - INFO - Using font: Arial Unicode
2025-09-04 13:51:37,307 - INFO - Using font: Arial Unicode
2025-09-04 13:51:37,341 - INFO - Using font: Arial Unicode
2025-09-04 13:51:37,348 - INFO - Using font: Arial Unicode
2025-09-04 13:51:37,381 - INFO - Using font: Arial Unicode
2025-09-04 13:51:37,387 - INFO - Using font: Arial Unicode
2025-09-04 13:51:37,530 - INFO - Using font: Arial Unicode
2025-09-04 13:51:37,536 - INFO - Using font: Arial Unicode
2025-09-04 13:51:37,572 - INFO - Using font: Arial Unicode
2025-09-04 13:51:37,578 - INFO - Using font: Arial Unicode
2025-09-04 13:51:37,615 - INFO - Using font: Arial Unicode
2025-09-04 13:51:37,621 - INFO - Using font: Arial Unicode
2025-09-04 13:51:37,760 - INFO - Using font: Arial Unicode
2025-09-04 13:51:37,766 - INFO - Using font: Arial Unicode
2025-09-04 13:51:37,802 - INFO - Using font: Arial Unicode
2025-09-04 13:51:37,808 - INFO - Using font: Arial Unicode
2025-09-04 13:51:37,842 - INFO - Using font: Arial Unicode
2025-09-04 13:51:37,848 - INFO - Using font: Arial Unicode
2025-09-04 13:51:37,884 - INFO - Using font: Arial Unicode
2025-09-04 13:51:37,890 - INFO - Using font: Arial Unicode
2025-09-04 13:51:38,033 - INFO - Using font: Arial Unicode
2025-09-04 13:51:38,040 - INFO - Using font: Arial Unicode
2025-09-04 13:51:38,074 - INFO - Using font: Arial Unicode
2025-09-04 13:51:38,080 - INFO - Using font: Arial Unicode
2025-09-04 13:51:38,117 - INFO - Using font: Arial Unicode
2025-09-04 13:51:38,123 - INFO - Using font: Arial Unicode
2025-09-04 13:51:38,261 - INFO - Using font: Arial Unicode
2025-09-04 13:51:38,268 - INFO - Using font: Arial Unicode
2025-09-04 13:51:38,302 - INFO - Using font: Arial Unicode
2025-09-04 13:51:38,309 - INFO - Using font: Arial Unicode
2025-09-04 13:51:38,345 - INFO - Using font: Arial Unicode
2025-09-04 13:51:38,351 - INFO - Using font: Arial Unicode
2025-09-04 13:51:38,496 - INFO - Using font: Arial Unicode
2025-09-04 13:51:38,503 - INFO - Using font: Arial Unicode
2025-09-04 13:51:38,539 - INFO - Using font: Arial Unicode
2025-09-04 13:51:38,546 - INFO - Using font: Arial Unicode
2025-09-04 13:51:38,584 - INFO - Using font: Arial Unicode
2025-09-04 13:51:38,590 - INFO - Using font: Arial Unicode
2025-09-04 13:51:38,718 - INFO - Using font: Arial Unicode
2025-09-04 13:51:38,724 - INFO - Using font: Arial Unicode
2025-09-04 13:51:38,760 - INFO - Using font: Arial Unicode
2025-09-04 13:51:38,766 - INFO - Using font: Arial Unicode
2025-09-04 13:51:38,803 - INFO - Using font: Arial Unicode
2025-09-04 13:51:38,809 - INFO - Using font: Arial Unicode
2025-09-04 13:51:38,934 - INFO - Using font: Arial Unicode
2025-09-04 13:51:38,941 - INFO - Using font: Arial Unicode
2025-09-04 13:51:38,979 - INFO - Using font: Arial Unicode
2025-09-04 13:51:38,985 - INFO - Using font: Arial Unicode
2025-09-04 13:51:39,021 - INFO - Using font: Arial Unicode
2025-09-04 13:51:39,028 - INFO - Using font: Arial Unicode
2025-09-04 13:51:39,160 - INFO - Using font: Arial Unicode
2025-09-04 13:51:39,167 - INFO - Using font: Arial Unicode
2025-09-04 13:51:39,201 - INFO - Using font: Arial Unicode
2025-09-04 13:51:39,208 - INFO - Using font: Arial Unicode
2025-09-04 13:51:39,329 - INFO - Using font: Arial Unicode
2025-09-04 13:51:39,335 - INFO - Using font: Arial Unicode
2025-09-04 13:51:39,370 - INFO - Using font: Arial Unicode
2025-09-04 13:51:39,377 - INFO - Using font: Arial Unicode
2025-09-04 13:51:39,420 - INFO - Using font: Arial Unicode
2025-09-04 13:51:39,427 - INFO - Using font: Arial Unicode
2025-09-04 13:51:39,565 - INFO - Using font: Arial Unicode
2025-09-04 13:51:39,572 - INFO - Using font: Arial Unicode
2025-09-04 13:51:39,608 - INFO - Using font: Arial Unicode
2025-09-04 13:51:39,614 - INFO - Using font: Arial Unicode
2025-09-04 13:51:39,660 - INFO - Using font: Arial Unicode
2025-09-04 13:51:39,668 - INFO - Using font: Arial Unicode
2025-09-04 13:51:39,807 - INFO - Using font: Arial Unicode
2025-09-04 13:51:39,816 - INFO - Using font: Arial Unicode
2025-09-04 13:51:39,851 - INFO - Using font: Arial Unicode
2025-09-04 13:51:39,857 - INFO - Using font: Arial Unicode
2025-09-04 13:51:39,895 - INFO - Using font: Arial Unicode
2025-09-04 13:51:39,902 - INFO - Using font: Arial Unicode
2025-09-04 13:51:39,936 - INFO - Using font: Arial Unicode
2025-09-04 13:51:39,942 - INFO - Using font: Arial Unicode
2025-09-04 13:51:40,062 - INFO - Using font: Arial Unicode
2025-09-04 13:51:40,068 - INFO - Using font: Arial Unicode
2025-09-04 13:51:40,102 - INFO - Using font: Arial Unicode
2025-09-04 13:51:40,109 - INFO - Using font: Arial Unicode
2025-09-04 13:51:40,147 - INFO - Using font: Arial Unicode
2025-09-04 13:51:40,154 - INFO - Using font: Arial Unicode
2025-09-04 13:51:40,270 - INFO - Using font: Arial Unicode
2025-09-04 13:51:40,278 - INFO - Using font: Arial Unicode
2025-09-04 13:51:40,314 - INFO - Using font: Arial Unicode
2025-09-04 13:51:40,320 - INFO - Using font: Arial Unicode
2025-09-04 13:51:40,359 - INFO - Using font: Arial Unicode
2025-09-04 13:51:40,366 - INFO - Using font: Arial Unicode
2025-09-04 13:51:40,401 - INFO - Using font: Arial Unicode
2025-09-04 13:51:40,407 - INFO - Using font: Arial Unicode
2025-09-04 13:51:40,539 - INFO - Using font: Arial Unicode
2025-09-04 13:51:40,545 - INFO - Using font: Arial Unicode
2025-09-04 13:51:40,583 - INFO - Using font: Arial Unicode
2025-09-04 13:51:40,590 - INFO - Using font: Arial Unicode
2025-09-04 13:51:40,626 - INFO - Using font: Arial Unicode
2025-09-04 13:51:40,632 - INFO - Using font: Arial Unicode
2025-09-04 13:51:40,669 - INFO - Using font: Arial Unicode
2025-09-04 13:51:40,675 - INFO - Using font: Arial Unicode
2025-09-04 13:51:40,713 - INFO - Using font: Arial Unicode
2025-09-04 13:51:40,720 - INFO - Using font: Arial Unicode
2025-09-04 13:51:40,872 - INFO - Using font: Arial Unicode
2025-09-04 13:51:40,878 - INFO - Using font: Arial Unicode
2025-09-04 13:51:40,913 - INFO - Using font: Arial Unicode
2025-09-04 13:51:40,919 - INFO - Using font: Arial Unicode
2025-09-04 13:51:40,954 - INFO - Using font: Arial Unicode
2025-09-04 13:51:40,960 - INFO - Using font: Arial Unicode
2025-09-04 13:51:40,994 - INFO - Using font: Arial Unicode
2025-09-04 13:51:41,001 - INFO - Using font: Arial Unicode
2025-09-04 13:51:41,040 - INFO - Using font: Arial Unicode
2025-09-04 13:51:41,046 - INFO - Using font: Arial Unicode
2025-09-04 13:51:41,169 - INFO - Using font: Arial Unicode
2025-09-04 13:51:41,176 - INFO - Using font: Arial Unicode
2025-09-04 13:51:41,211 - INFO - Using font: Arial Unicode
2025-09-04 13:51:41,218 - INFO - Using font: Arial Unicode
2025-09-04 13:51:41,341 - INFO - Using font: Arial Unicode
2025-09-04 13:51:41,348 - INFO - Using font: Arial Unicode
2025-09-04 13:51:41,384 - INFO - Using font: Arial Unicode
2025-09-04 13:51:41,390 - INFO - Using font: Arial Unicode
2025-09-04 13:51:41,426 - INFO - Using font: Arial Unicode
2025-09-04 13:51:41,437 - INFO - Using font: Arial Unicode
2025-09-04 13:51:41,566 - INFO - Using font: Arial Unicode
2025-09-04 13:51:41,572 - INFO - Using font: Arial Unicode
2025-09-04 13:51:41,608 - INFO - Using font: Arial Unicode
2025-09-04 13:51:41,615 - INFO - Using font: Arial Unicode
2025-09-04 13:51:41,694 - INFO - Using font: Arial Unicode
2025-09-04 13:51:41,702 - INFO - Using font: Arial Unicode
2025-09-04 13:51:41,748 - INFO - Using font: Arial Unicode
2025-09-04 13:51:41,756 - INFO - Using font: Arial Unicode
2025-09-04 13:51:41,904 - INFO - Using font: Arial Unicode
2025-09-04 13:51:41,911 - INFO - Using font: Arial Unicode
2025-09-04 13:51:41,946 - INFO - Using font: Arial Unicode
2025-09-04 13:51:41,953 - INFO - Using font: Arial Unicode
2025-09-04 13:51:41,990 - INFO - Using font: Arial Unicode
2025-09-04 13:51:41,996 - INFO - Using font: Arial Unicode
2025-09-04 13:51:42,126 - INFO - Using font: Arial Unicode
2025-09-04 13:51:42,133 - INFO - Using font: Arial Unicode
2025-09-04 13:51:42,168 - INFO - Using font: Arial Unicode
2025-09-04 13:51:42,174 - INFO - Using font: Arial Unicode
2025-09-04 13:51:42,210 - INFO - Using font: Arial Unicode
2025-09-04 13:51:42,217 - INFO - Using font: Arial Unicode
2025-09-04 13:51:42,370 - INFO - Using font: Arial Unicode
2025-09-04 13:51:42,376 - INFO - Using font: Arial Unicode
2025-09-04 13:51:42,411 - INFO - Using font: Arial Unicode
2025-09-04 13:51:42,418 - INFO - Using font: Arial Unicode
2025-09-04 13:51:42,453 - INFO - Using font: Arial Unicode
2025-09-04 13:51:42,459 - INFO - Using font: Arial Unicode
2025-09-04 13:51:42,591 - INFO - Using font: Arial Unicode
2025-09-04 13:51:42,597 - INFO - Using font: Arial Unicode
2025-09-04 13:51:42,633 - INFO - Using font: Arial Unicode
2025-09-04 13:51:42,639 - INFO - Using font: Arial Unicode
2025-09-04 13:51:42,673 - INFO - Using font: Arial Unicode
2025-09-04 13:51:42,680 - INFO - Using font: Arial Unicode
2025-09-04 13:51:42,833 - INFO - Using font: Arial Unicode
2025-09-04 13:51:42,839 - INFO - Using font: Arial Unicode
2025-09-04 13:51:42,875 - INFO - Using font: Arial Unicode
2025-09-04 13:51:42,881 - INFO - Using font: Arial Unicode
2025-09-04 13:51:42,919 - INFO - Using font: Arial Unicode
2025-09-04 13:51:42,925 - INFO - Using font: Arial Unicode
2025-09-04 13:51:42,962 - INFO - Using font: Arial Unicode
2025-09-04 13:51:42,968 - INFO - Using font: Arial Unicode
2025-09-04 13:51:43,096 - INFO - Using font: Arial Unicode
2025-09-04 13:51:43,103 - INFO - Using font: Arial Unicode
2025-09-04 13:51:43,139 - INFO - Using font: Arial Unicode
2025-09-04 13:51:43,146 - INFO - Using font: Arial Unicode
2025-09-04 13:51:43,305 - INFO - Using font: Arial Unicode
2025-09-04 13:51:43,311 - INFO - Using font: Arial Unicode
2025-09-04 13:51:43,348 - INFO - Using font: Arial Unicode
2025-09-04 13:51:43,354 - INFO - Using font: Arial Unicode
2025-09-04 13:51:43,389 - INFO - Using font: Arial Unicode
2025-09-04 13:51:43,395 - INFO - Using font: Arial Unicode
2025-09-04 13:51:43,528 - INFO - Using font: Arial Unicode
2025-09-04 13:51:43,534 - INFO - Using font: Arial Unicode
2025-09-04 13:51:43,568 - INFO - Using font: Arial Unicode
2025-09-04 13:51:43,574 - INFO - Using font: Arial Unicode
2025-09-04 13:51:43,609 - INFO - Using font: Arial Unicode
2025-09-04 13:51:43,616 - INFO - Using font: Arial Unicode
2025-09-04 13:51:43,758 - INFO - Using font: Arial Unicode
2025-09-04 13:51:43,764 - INFO - Using font: Arial Unicode
2025-09-04 13:51:43,802 - INFO - Using font: Arial Unicode
2025-09-04 13:51:43,807 - INFO - Using font: Arial Unicode
2025-09-04 13:51:43,845 - INFO - Using font: Arial Unicode
2025-09-04 13:51:43,851 - INFO - Using font: Arial Unicode
2025-09-04 13:51:43,998 - INFO - Using font: Arial Unicode
2025-09-04 13:51:44,005 - INFO - Using font: Arial Unicode
2025-09-04 13:51:44,041 - INFO - Using font: Arial Unicode
2025-09-04 13:51:44,047 - INFO - Using font: Arial Unicode
2025-09-04 13:51:44,083 - INFO - Using font: Arial Unicode
2025-09-04 13:51:44,089 - INFO - Using font: Arial Unicode
2025-09-04 13:51:44,124 - INFO - Using font: Arial Unicode
2025-09-04 13:51:44,130 - INFO - Using font: Arial Unicode
2025-09-04 13:51:44,258 - INFO - Using font: Arial Unicode
2025-09-04 13:51:44,265 - INFO - Using font: Arial Unicode
2025-09-04 13:51:44,300 - INFO - Using font: Arial Unicode
2025-09-04 13:51:44,306 - INFO - Using font: Arial Unicode
2025-09-04 13:51:44,341 - INFO - Using font: Arial Unicode
2025-09-04 13:51:44,349 - INFO - Using font: Arial Unicode
2025-09-04 13:51:44,383 - INFO - Using font: Arial Unicode
2025-09-04 13:51:44,389 - INFO - Using font: Arial Unicode
2025-09-04 13:51:44,537 - INFO - Using font: Arial Unicode
2025-09-04 13:51:44,544 - INFO - Using font: Arial Unicode
2025-09-04 13:51:44,579 - INFO - Using font: Arial Unicode
2025-09-04 13:51:44,585 - INFO - Using font: Arial Unicode
2025-09-04 13:51:44,620 - INFO - Using font: Arial Unicode
2025-09-04 13:51:44,626 - INFO - Using font: Arial Unicode
2025-09-04 13:51:44,663 - INFO - Using font: Arial Unicode
2025-09-04 13:51:44,669 - INFO - Using font: Arial Unicode
2025-09-04 13:51:44,820 - INFO - Using font: Arial Unicode
2025-09-04 13:51:44,826 - INFO - Using font: Arial Unicode
2025-09-04 13:51:44,861 - INFO - Using font: Arial Unicode
2025-09-04 13:51:44,868 - INFO - Using font: Arial Unicode
2025-09-04 13:51:45,003 - INFO - Using font: Arial Unicode
2025-09-04 13:51:45,009 - INFO - Using font: Arial Unicode
2025-09-04 13:51:45,043 - INFO - Using font: Arial Unicode
2025-09-04 13:51:45,049 - INFO - Using font: Arial Unicode
2025-09-04 13:51:45,187 - INFO - Using font: Arial Unicode
2025-09-04 13:51:45,193 - INFO - Using font: Arial Unicode
2025-09-04 13:51:45,228 - INFO - Using font: Arial Unicode
2025-09-04 13:51:45,235 - INFO - Using font: Arial Unicode
2025-09-04 13:51:45,271 - INFO - Using font: Arial Unicode
2025-09-04 13:51:45,277 - INFO - Using font: Arial Unicode
2025-09-04 13:51:45,316 - INFO - Using font: Arial Unicode
2025-09-04 13:51:45,322 - INFO - Using font: Arial Unicode
2025-09-04 13:51:45,464 - INFO - Using font: Arial Unicode
2025-09-04 13:51:45,470 - INFO - Using font: Arial Unicode
2025-09-04 13:51:45,510 - INFO - Using font: Arial Unicode
2025-09-04 13:51:45,516 - INFO - Using font: Arial Unicode
2025-09-04 13:51:45,656 - INFO - Using font: Arial Unicode
2025-09-04 13:51:45,663 - INFO - Using font: Arial Unicode
2025-09-04 13:51:45,710 - INFO - Using font: Arial Unicode
2025-09-04 13:51:45,717 - INFO - Using font: Arial Unicode
2025-09-04 13:51:45,759 - INFO - Using font: Arial Unicode
2025-09-04 13:51:45,767 - INFO - Using font: Arial Unicode
2025-09-04 13:51:45,899 - INFO - Using font: Arial Unicode
2025-09-04 13:51:45,908 - INFO - Using font: Arial Unicode
2025-09-04 13:51:45,946 - INFO - Using font: Arial Unicode
2025-09-04 13:51:45,952 - INFO - Using font: Arial Unicode
2025-09-04 13:51:45,992 - INFO - Using font: Arial Unicode
2025-09-04 13:51:45,998 - INFO - Using font: Arial Unicode
2025-09-04 13:51:46,135 - INFO - Using font: Arial Unicode
2025-09-04 13:51:46,143 - INFO - Using font: Arial Unicode
2025-09-04 13:51:46,184 - INFO - Using font: Arial Unicode
2025-09-04 13:51:46,190 - INFO - Using font: Arial Unicode
2025-09-04 13:51:46,231 - INFO - Using font: Arial Unicode
2025-09-04 13:51:46,237 - INFO - Using font: Arial Unicode
2025-09-04 13:51:46,389 - INFO - Using font: Arial Unicode
2025-09-04 13:51:46,396 - INFO - Using font: Arial Unicode
2025-09-04 13:51:46,431 - INFO - Using font: Arial Unicode
2025-09-04 13:51:46,438 - INFO - Using font: Arial Unicode
2025-09-04 13:51:46,473 - INFO - Using font: Arial Unicode
2025-09-04 13:51:46,479 - INFO - Using font: Arial Unicode
2025-09-04 13:51:46,621 - INFO - Using font: Arial Unicode
2025-09-04 13:51:46,628 - INFO - Using font: Arial Unicode
2025-09-04 13:51:46,666 - INFO - Using font: Arial Unicode
2025-09-04 13:51:46,673 - INFO - Using font: Arial Unicode
2025-09-04 13:51:46,707 - INFO - Using font: Arial Unicode
2025-09-04 13:51:46,714 - INFO - Using font: Arial Unicode
2025-09-04 13:51:46,749 - INFO - Using font: Arial Unicode
2025-09-04 13:51:46,755 - INFO - Using font: Arial Unicode
2025-09-04 13:51:46,876 - INFO - Using font: Arial Unicode
2025-09-04 13:51:46,883 - INFO - Using font: Arial Unicode
2025-09-04 13:51:46,919 - INFO - Using font: Arial Unicode
2025-09-04 13:51:46,925 - INFO - Using font: Arial Unicode
2025-09-04 13:51:46,962 - INFO - Using font: Arial Unicode
2025-09-04 13:51:46,968 - INFO - Using font: Arial Unicode
2025-09-04 13:51:47,004 - INFO - Using font: Arial Unicode
2025-09-04 13:51:47,009 - INFO - Using font: Arial Unicode
2025-09-04 13:51:47,046 - INFO - Using font: Arial Unicode
2025-09-04 13:51:47,053 - INFO - Using font: Arial Unicode
2025-09-04 13:51:47,180 - INFO - Using font: Arial Unicode
2025-09-04 13:51:47,187 - INFO - Using font: Arial Unicode
2025-09-04 13:51:47,223 - INFO - Using font: Arial Unicode
2025-09-04 13:51:47,229 - INFO - Using font: Arial Unicode
2025-09-04 13:51:47,263 - INFO - Using font: Arial Unicode
2025-09-04 13:51:47,270 - INFO - Using font: Arial Unicode
2025-09-04 13:51:47,303 - INFO - Using font: Arial Unicode
2025-09-04 13:51:47,310 - INFO - Using font: Arial Unicode
2025-09-04 13:51:47,442 - INFO - Using font: Arial Unicode
2025-09-04 13:51:47,449 - INFO - Using font: Arial Unicode
2025-09-04 13:51:47,484 - INFO - Using font: Arial Unicode
2025-09-04 13:51:47,490 - INFO - Using font: Arial Unicode
2025-09-04 13:51:47,626 - INFO - Using font: Arial Unicode
2025-09-04 13:51:47,633 - INFO - Using font: Arial Unicode
2025-09-04 13:51:47,670 - INFO - Using font: Arial Unicode
2025-09-04 13:51:47,677 - INFO - Using font: Arial Unicode
2025-09-04 13:51:47,797 - INFO - Using font: Arial Unicode
2025-09-04 13:51:47,804 - INFO - Using font: Arial Unicode
2025-09-04 13:51:47,839 - INFO - Using font: Arial Unicode
2025-09-04 13:51:47,846 - INFO - Using font: Arial Unicode
2025-09-04 13:51:47,881 - INFO - Using font: Arial Unicode
2025-09-04 13:51:47,889 - INFO - Using font: Arial Unicode
2025-09-04 13:51:48,062 - INFO - Using font: Arial Unicode
2025-09-04 13:51:48,072 - INFO - Using font: Arial Unicode
2025-09-04 13:51:48,123 - INFO - Using font: Arial Unicode
2025-09-04 13:51:48,132 - INFO - Using font: Arial Unicode
2025-09-04 13:51:48,185 - INFO - Using font: Arial Unicode
2025-09-04 13:51:48,194 - INFO - Using font: Arial Unicode
2025-09-04 13:51:48,239 - INFO - Using font: Arial Unicode
2025-09-04 13:51:48,247 - INFO - Using font: Arial Unicode
2025-09-04 13:51:48,415 - INFO - Using font: Arial Unicode
2025-09-04 13:51:48,421 - INFO - Using font: Arial Unicode
2025-09-04 13:51:48,460 - INFO - Using font: Arial Unicode
2025-09-04 13:51:48,466 - INFO - Using font: Arial Unicode
2025-09-04 13:51:48,503 - INFO - Using font: Arial Unicode
2025-09-04 13:51:48,509 - INFO - Using font: Arial Unicode
2025-09-04 13:51:48,545 - INFO - Using font: Arial Unicode
2025-09-04 13:51:48,551 - INFO - Using font: Arial Unicode
2025-09-04 13:51:48,688 - INFO - Using font: Arial Unicode
2025-09-04 13:51:48,695 - INFO - Using font: Arial Unicode
2025-09-04 13:51:48,728 - INFO - Using font: Arial Unicode
2025-09-04 13:51:48,734 - INFO - Using font: Arial Unicode
2025-09-04 13:51:48,771 - INFO - Using font: Arial Unicode
2025-09-04 13:51:48,778 - INFO - Using font: Arial Unicode
2025-09-04 13:51:48,813 - INFO - Using font: Arial Unicode
2025-09-04 13:51:48,820 - INFO - Using font: Arial Unicode
2025-09-04 13:51:48,856 - INFO - Using font: Arial Unicode
2025-09-04 13:51:48,863 - INFO - Using font: Arial Unicode
2025-09-04 13:51:48,987 - INFO - Using font: Arial Unicode
2025-09-04 13:51:48,994 - INFO - Using font: Arial Unicode
2025-09-04 13:51:49,030 - INFO - Using font: Arial Unicode
2025-09-04 13:51:49,037 - INFO - Using font: Arial Unicode
2025-09-04 13:51:49,071 - INFO - Using font: Arial Unicode
2025-09-04 13:51:49,077 - INFO - Using font: Arial Unicode
2025-09-04 13:51:49,240 - INFO - Using font: Arial Unicode
2025-09-04 13:51:49,246 - INFO - Using font: Arial Unicode
2025-09-04 13:51:49,287 - INFO - Using font: Arial Unicode
2025-09-04 13:51:49,293 - INFO - Using font: Arial Unicode
2025-09-04 13:51:49,329 - INFO - Using font: Arial Unicode
2025-09-04 13:51:49,335 - INFO - Using font: Arial Unicode
2025-09-04 13:51:49,462 - INFO - Using font: Arial Unicode
2025-09-04 13:51:49,469 - INFO - Using font: Arial Unicode
2025-09-04 13:51:49,506 - INFO - Using font: Arial Unicode
2025-09-04 13:51:49,512 - INFO - Using font: Arial Unicode
2025-09-04 13:51:49,548 - INFO - Using font: Arial Unicode
2025-09-04 13:51:49,554 - INFO - Using font: Arial Unicode
2025-09-04 13:51:49,589 - INFO - Using font: Arial Unicode
2025-09-04 13:51:49,595 - INFO - Using font: Arial Unicode
2025-09-04 13:51:49,727 - INFO - Using font: Arial Unicode
2025-09-04 13:51:49,733 - INFO - Using font: Arial Unicode
2025-09-04 13:51:49,769 - INFO - Using font: Arial Unicode
2025-09-04 13:51:49,776 - INFO - Using font: Arial Unicode
2025-09-04 13:51:49,912 - INFO - Using font: Arial Unicode
2025-09-04 13:51:49,918 - INFO - Using font: Arial Unicode
2025-09-04 13:51:49,954 - INFO - Using font: Arial Unicode
2025-09-04 13:51:49,960 - INFO - Using font: Arial Unicode
2025-09-04 13:51:50,093 - INFO - Using font: Arial Unicode
2025-09-04 13:51:50,100 - INFO - Using font: Arial Unicode
2025-09-04 13:51:50,134 - INFO - Using font: Arial Unicode
2025-09-04 13:51:50,140 - INFO - Using font: Arial Unicode
2025-09-04 13:51:50,177 - INFO - Using font: Arial Unicode
2025-09-04 13:51:50,184 - INFO - Using font: Arial Unicode
2025-09-04 13:51:50,330 - INFO - Using font: Arial Unicode
2025-09-04 13:51:50,336 - INFO - Using font: Arial Unicode
2025-09-04 13:51:50,375 - INFO - Using font: Arial Unicode
2025-09-04 13:51:50,381 - INFO - Using font: Arial Unicode
2025-09-04 13:51:50,421 - INFO - Using font: Arial Unicode
2025-09-04 13:51:50,427 - INFO - Using font: Arial Unicode
2025-09-04 13:51:50,551 - INFO - Using font: Arial Unicode
2025-09-04 13:51:50,557 - INFO - Using font: Arial Unicode
2025-09-04 13:51:50,594 - INFO - Using font: Arial Unicode
2025-09-04 13:51:50,601 - INFO - Using font: Arial Unicode
2025-09-04 13:51:50,725 - INFO - Using font: Arial Unicode
2025-09-04 13:51:50,732 - INFO - Using font: Arial Unicode
2025-09-04 13:51:50,768 - INFO - Using font: Arial Unicode
2025-09-04 13:51:50,774 - INFO - Using font: Arial Unicode
2025-09-04 13:51:50,810 - INFO - Using font: Arial Unicode
2025-09-04 13:51:50,816 - INFO - Using font: Arial Unicode
2025-09-04 13:51:50,953 - INFO - Using font: Arial Unicode
2025-09-04 13:51:50,959 - INFO - Using font: Arial Unicode
2025-09-04 13:51:50,993 - INFO - Using font: Arial Unicode
2025-09-04 13:51:50,999 - INFO - Using font: Arial Unicode
2025-09-04 13:51:51,034 - INFO - Using font: Arial Unicode
2025-09-04 13:51:51,040 - INFO - Using font: Arial Unicode
2025-09-04 13:51:51,192 - INFO - Using font: Arial Unicode
2025-09-04 13:51:51,199 - INFO - Using font: Arial Unicode
2025-09-04 13:51:51,234 - INFO - Using font: Arial Unicode
2025-09-04 13:51:51,240 - INFO - Using font: Arial Unicode
2025-09-04 13:51:51,275 - INFO - Using font: Arial Unicode
2025-09-04 13:51:51,282 - INFO - Using font: Arial Unicode
2025-09-04 13:51:51,319 - INFO - Using font: Arial Unicode
2025-09-04 13:51:51,325 - INFO - Using font: Arial Unicode
2025-09-04 13:51:51,460 - INFO - Using font: Arial Unicode
2025-09-04 13:51:51,466 - INFO - Using font: Arial Unicode
2025-09-04 13:51:51,503 - INFO - Using font: Arial Unicode
2025-09-04 13:51:51,509 - INFO - Using font: Arial Unicode
2025-09-04 13:51:51,544 - INFO - Using font: Arial Unicode
2025-09-04 13:51:51,555 - INFO - Using font: Arial Unicode
2025-09-04 13:51:51,592 - INFO - Using font: Arial Unicode
2025-09-04 13:51:51,598 - INFO - Using font: Arial Unicode
2025-09-04 13:51:51,738 - INFO - Using font: Arial Unicode
2025-09-04 13:51:51,744 - INFO - Using font: Arial Unicode
2025-09-04 13:51:51,779 - INFO - Using font: Arial Unicode
2025-09-04 13:51:51,785 - INFO - Using font: Arial Unicode
2025-09-04 13:51:51,820 - INFO - Using font: Arial Unicode
2025-09-04 13:51:51,827 - INFO - Using font: Arial Unicode
2025-09-04 13:51:51,864 - INFO - Using font: Arial Unicode
2025-09-04 13:51:51,870 - INFO - Using font: Arial Unicode
2025-09-04 13:51:51,909 - INFO - Using font: Arial Unicode
2025-09-04 13:51:51,915 - INFO - Using font: Arial Unicode
2025-09-04 13:51:52,064 - INFO - Using font: Arial Unicode
2025-09-04 13:51:52,071 - INFO - Using font: Arial Unicode
2025-09-04 13:51:52,113 - INFO - Using font: Arial Unicode
2025-09-04 13:51:52,120 - INFO - Using font: Arial Unicode
2025-09-04 13:51:52,158 - INFO - Using font: Arial Unicode
2025-09-04 13:51:52,164 - INFO - Using font: Arial Unicode
2025-09-04 13:51:52,198 - INFO - Using font: Arial Unicode
2025-09-04 13:51:52,204 - INFO - Using font: Arial Unicode
2025-09-04 13:51:52,332 - INFO - Using font: Arial Unicode
2025-09-04 13:51:52,338 - INFO - Using font: Arial Unicode
2025-09-04 13:51:52,376 - INFO - Using font: Arial Unicode
2025-09-04 13:51:52,382 - INFO - Using font: Arial Unicode
2025-09-04 13:51:52,419 - INFO - Using font: Arial Unicode
2025-09-04 13:51:52,426 - INFO - Using font: Arial Unicode
2025-09-04 13:51:52,463 - INFO - Using font: Arial Unicode
2025-09-04 13:51:52,469 - INFO - Using font: Arial Unicode
2025-09-04 13:51:52,588 - INFO - Using font: Arial Unicode
2025-09-04 13:51:52,594 - INFO - Using font: Arial Unicode
2025-09-04 13:51:52,629 - INFO - Using font: Arial Unicode
2025-09-04 13:51:52,636 - INFO - Using font: Arial Unicode
2025-09-04 13:51:52,673 - INFO - Using font: Arial Unicode
2025-09-04 13:51:52,679 - INFO - Using font: Arial Unicode
2025-09-04 13:51:52,714 - INFO - Using font: Arial Unicode
2025-09-04 13:51:52,721 - INFO - Using font: Arial Unicode
2025-09-04 13:51:52,857 - INFO - Using font: Arial Unicode
2025-09-04 13:51:52,863 - INFO - Using font: Arial Unicode
2025-09-04 13:51:52,898 - INFO - Using font: Arial Unicode
2025-09-04 13:51:52,904 - INFO - Using font: Arial Unicode
2025-09-04 13:51:53,027 - INFO - Using font: Arial Unicode
2025-09-04 13:51:53,033 - INFO - Using font: Arial Unicode
2025-09-04 13:51:53,068 - INFO - Using font: Arial Unicode
2025-09-04 13:51:53,075 - INFO - Using font: Arial Unicode
2025-09-04 13:51:53,235 - INFO - Using font: Arial Unicode
2025-09-04 13:51:53,242 - INFO - Using font: Arial Unicode
2025-09-04 13:51:53,276 - INFO - Using font: Arial Unicode
2025-09-04 13:51:53,282 - INFO - Using font: Arial Unicode
2025-09-04 13:51:53,318 - INFO - Using font: Arial Unicode
2025-09-04 13:51:53,327 - INFO - Using font: Arial Unicode
2025-09-04 13:51:53,466 - INFO - Using font: Arial Unicode
2025-09-04 13:51:53,473 - INFO - Using font: Arial Unicode
2025-09-04 13:51:53,511 - INFO - Using font: Arial Unicode
2025-09-04 13:51:53,517 - INFO - Using font: Arial Unicode
2025-09-04 13:51:53,556 - INFO - Using font: Arial Unicode
2025-09-04 13:51:53,562 - INFO - Using font: Arial Unicode
2025-09-04 13:51:53,704 - INFO - Using font: Arial Unicode
2025-09-04 13:51:53,711 - INFO - Using font: Arial Unicode
2025-09-04 13:51:53,748 - INFO - Using font: Arial Unicode
2025-09-04 13:51:53,753 - INFO - Using font: Arial Unicode
2025-09-04 13:51:53,886 - INFO - Using font: Arial Unicode
2025-09-04 13:51:53,893 - INFO - Using font: Arial Unicode
2025-09-04 13:51:53,952 - INFO - Using font: Arial Unicode
2025-09-04 13:51:53,959 - INFO - Using font: Arial Unicode
2025-09-04 13:51:54,001 - INFO - Using font: Arial Unicode
2025-09-04 13:51:54,009 - INFO - Using font: Arial Unicode
2025-09-04 13:51:54,057 - INFO - Using font: Arial Unicode
2025-09-04 13:51:54,066 - INFO - Using font: Arial Unicode
2025-09-04 13:51:54,206 - INFO - Using font: Arial Unicode
2025-09-04 13:51:54,214 - INFO - Using font: Arial Unicode
2025-09-04 13:51:54,251 - INFO - Using font: Arial Unicode
2025-09-04 13:51:54,257 - INFO - Using font: Arial Unicode
2025-09-04 13:51:54,294 - INFO - Using font: Arial Unicode
2025-09-04 13:51:54,301 - INFO - Using font: Arial Unicode
2025-09-04 13:51:54,451 - INFO - Using font: Arial Unicode
2025-09-04 13:51:54,457 - INFO - Using font: Arial Unicode
2025-09-04 13:51:54,491 - INFO - Using font: Arial Unicode
2025-09-04 13:51:54,497 - INFO - Using font: Arial Unicode
2025-09-04 13:51:54,532 - INFO - Using font: Arial Unicode
2025-09-04 13:51:54,538 - INFO - Using font: Arial Unicode
2025-09-04 13:51:54,573 - INFO - Using font: Arial Unicode
2025-09-04 13:51:54,579 - INFO - Using font: Arial Unicode
2025-09-04 13:51:54,713 - INFO - Using font: Arial Unicode
2025-09-04 13:51:54,719 - INFO - Using font: Arial Unicode
2025-09-04 13:51:54,754 - INFO - Using font: Arial Unicode
2025-09-04 13:51:54,760 - INFO - Using font: Arial Unicode
2025-09-04 13:51:54,797 - INFO - Using font: Arial Unicode
2025-09-04 13:51:54,803 - INFO - Using font: Arial Unicode
2025-09-04 13:51:54,922 - INFO - Using font: Arial Unicode
2025-09-04 13:51:54,928 - INFO - Using font: Arial Unicode
2025-09-04 13:51:54,965 - INFO - Using font: Arial Unicode
2025-09-04 13:51:54,972 - INFO - Using font: Arial Unicode
2025-09-04 13:51:55,008 - INFO - Using font: Arial Unicode
2025-09-04 13:51:55,015 - INFO - Using font: Arial Unicode
2025-09-04 13:51:55,156 - INFO - Using font: Arial Unicode
2025-09-04 13:51:55,162 - INFO - Using font: Arial Unicode
2025-09-04 13:51:55,197 - INFO - Using font: Arial Unicode
2025-09-04 13:51:55,204 - INFO - Using font: Arial Unicode
2025-09-04 13:51:55,238 - INFO - Using font: Arial Unicode
2025-09-04 13:51:55,244 - INFO - Using font: Arial Unicode
2025-09-04 13:51:55,280 - INFO - Using font: Arial Unicode
2025-09-04 13:51:55,286 - INFO - Using font: Arial Unicode
2025-09-04 13:51:55,423 - INFO - Using font: Arial Unicode
2025-09-04 13:51:55,429 - INFO - Using font: Arial Unicode
2025-09-04 13:51:55,464 - INFO - Using font: Arial Unicode
2025-09-04 13:51:55,470 - INFO - Using font: Arial Unicode
2025-09-04 13:51:55,507 - INFO - Using font: Arial Unicode
2025-09-04 13:51:55,513 - INFO - Using font: Arial Unicode
2025-09-04 13:51:55,548 - INFO - Using font: Arial Unicode
2025-09-04 13:51:55,554 - INFO - Using font: Arial Unicode
2025-09-04 13:51:55,692 - INFO - Using font: Arial Unicode
2025-09-04 13:51:55,698 - INFO - Using font: Arial Unicode
2025-09-04 13:51:55,734 - INFO - Using font: Arial Unicode
2025-09-04 13:51:55,740 - INFO - Using font: Arial Unicode
2025-09-04 13:51:55,866 - INFO - Using font: Arial Unicode
2025-09-04 13:51:55,872 - INFO - Using font: Arial Unicode
2025-09-04 13:51:55,910 - INFO - Using font: Arial Unicode
2025-09-04 13:51:55,917 - INFO - Using font: Arial Unicode
2025-09-04 13:51:56,052 - INFO - Using font: Arial Unicode
2025-09-04 13:51:56,058 - INFO - Using font: Arial Unicode
2025-09-04 13:51:56,094 - INFO - Using font: Arial Unicode
2025-09-04 13:51:56,099 - INFO - Using font: Arial Unicode
2025-09-04 13:51:56,135 - INFO - Using font: Arial Unicode
2025-09-04 13:51:56,142 - INFO - Using font: Arial Unicode
2025-09-04 13:51:56,296 - INFO - Using font: Arial Unicode
2025-09-04 13:51:56,303 - INFO - Using font: Arial Unicode
2025-09-04 13:51:56,338 - INFO - Using font: Arial Unicode
2025-09-04 13:51:56,344 - INFO - Using font: Arial Unicode
2025-09-04 13:51:56,496 - INFO - Using font: Arial Unicode
2025-09-04 13:51:56,503 - INFO - Using font: Arial Unicode
2025-09-04 13:51:56,540 - INFO - Using font: Arial Unicode
2025-09-04 13:51:56,547 - INFO - Using font: Arial Unicode
2025-09-04 13:51:56,688 - INFO - Using font: Arial Unicode
2025-09-04 13:51:56,695 - INFO - Using font: Arial Unicode
2025-09-04 13:51:56,730 - INFO - Using font: Arial Unicode
2025-09-04 13:51:56,736 - INFO - Using font: Arial Unicode
2025-09-04 13:51:56,773 - INFO - Using font: Arial Unicode
2025-09-04 13:51:56,781 - INFO - Using font: Arial Unicode
2025-09-04 13:51:56,934 - INFO - Using font: Arial Unicode
2025-09-04 13:51:56,940 - INFO - Using font: Arial Unicode
2025-09-04 13:51:56,976 - INFO - Using font: Arial Unicode
2025-09-04 13:51:56,983 - INFO - Using font: Arial Unicode
2025-09-04 13:51:57,121 - INFO - Using font: Arial Unicode
2025-09-04 13:51:57,128 - INFO - Using font: Arial Unicode
2025-09-04 13:51:57,164 - INFO - Using font: Arial Unicode
2025-09-04 13:51:57,169 - INFO - Using font: Arial Unicode
2025-09-04 13:51:57,205 - INFO - Using font: Arial Unicode
2025-09-04 13:51:57,211 - INFO - Using font: Arial Unicode
2025-09-04 13:51:57,351 - INFO - Using font: Arial Unicode
2025-09-04 13:51:57,358 - INFO - Using font: Arial Unicode
2025-09-04 13:51:57,393 - INFO - Using font: Arial Unicode
2025-09-04 13:51:57,399 - INFO - Using font: Arial Unicode
2025-09-04 13:51:57,440 - INFO - Using font: Arial Unicode
2025-09-04 13:51:57,453 - INFO - Using font: Arial Unicode
2025-09-04 13:51:57,494 - INFO - Using font: Arial Unicode
2025-09-04 13:51:57,502 - INFO - Using font: Arial Unicode
2025-09-04 13:51:57,662 - INFO - Using font: Arial Unicode
2025-09-04 13:51:57,670 - INFO - Using font: Arial Unicode
2025-09-04 13:51:57,710 - INFO - Using font: Arial Unicode
2025-09-04 13:51:57,716 - INFO - Using font: Arial Unicode
2025-09-04 13:51:57,754 - INFO - Using font: Arial Unicode
2025-09-04 13:51:57,761 - INFO - Using font: Arial Unicode
2025-09-04 13:51:57,887 - INFO - Using font: Arial Unicode
2025-09-04 13:51:57,895 - INFO - Using font: Arial Unicode
2025-09-04 13:51:57,932 - INFO - Using font: Arial Unicode
2025-09-04 13:51:57,942 - INFO - Using font: Arial Unicode
2025-09-04 13:51:57,981 - INFO - Using font: Arial Unicode
2025-09-04 13:51:57,990 - INFO - Using font: Arial Unicode
2025-09-04 13:51:58,116 - INFO - Using font: Arial Unicode
2025-09-04 13:51:58,122 - INFO - Using font: Arial Unicode
2025-09-04 13:51:58,159 - INFO - Using font: Arial Unicode
2025-09-04 13:51:58,165 - INFO - Using font: Arial Unicode
2025-09-04 13:51:58,205 - INFO - Using font: Arial Unicode
2025-09-04 13:51:58,212 - INFO - Using font: Arial Unicode
2025-09-04 13:51:58,249 - INFO - Using font: Arial Unicode
2025-09-04 13:51:58,255 - INFO - Using font: Arial Unicode
2025-09-04 13:51:58,392 - INFO - Using font: Arial Unicode
2025-09-04 13:51:58,398 - INFO - Using font: Arial Unicode
2025-09-04 13:51:58,438 - INFO - Using font: Arial Unicode
2025-09-04 13:51:58,444 - INFO - Using font: Arial Unicode
2025-09-04 13:51:58,482 - INFO - Using font: Arial Unicode
2025-09-04 13:51:58,489 - INFO - Using font: Arial Unicode
2025-09-04 13:51:58,621 - INFO - Using font: Arial Unicode
2025-09-04 13:51:58,627 - INFO - Using font: Arial Unicode
2025-09-04 13:51:58,664 - INFO - Using font: Arial Unicode
2025-09-04 13:51:58,670 - INFO - Using font: Arial Unicode
2025-09-04 13:51:58,706 - INFO - Using font: Arial Unicode
2025-09-04 13:51:58,712 - INFO - Using font: Arial Unicode
2025-09-04 13:51:58,848 - INFO - Using font: Arial Unicode
2025-09-04 13:51:58,854 - INFO - Using font: Arial Unicode
2025-09-04 13:51:58,889 - INFO - Using font: Arial Unicode
2025-09-04 13:51:58,895 - INFO - Using font: Arial Unicode
2025-09-04 13:51:58,930 - INFO - Using font: Arial Unicode
2025-09-04 13:51:58,936 - INFO - Using font: Arial Unicode
2025-09-04 13:51:59,085 - INFO - Using font: Arial Unicode
2025-09-04 13:51:59,091 - INFO - Using font: Arial Unicode
2025-09-04 13:51:59,126 - INFO - Using font: Arial Unicode
2025-09-04 13:51:59,133 - INFO - Using font: Arial Unicode
2025-09-04 13:51:59,167 - INFO - Using font: Arial Unicode
2025-09-04 13:51:59,177 - INFO - Using font: Arial Unicode
2025-09-04 13:51:59,321 - INFO - Using font: Arial Unicode
2025-09-04 13:51:59,329 - INFO - Using font: Arial Unicode
2025-09-04 13:51:59,369 - INFO - Using font: Arial Unicode
2025-09-04 13:51:59,378 - INFO - Using font: Arial Unicode
2025-09-04 13:51:59,541 - INFO - Using font: Arial Unicode
2025-09-04 13:51:59,547 - INFO - Using font: Arial Unicode
2025-09-04 13:51:59,583 - INFO - Using font: Arial Unicode
2025-09-04 13:51:59,590 - INFO - Using font: Arial Unicode
2025-09-04 13:51:59,728 - INFO - Using font: Arial Unicode
2025-09-04 13:51:59,735 - INFO - Using font: Arial Unicode
2025-09-04 13:51:59,772 - INFO - Using font: Arial Unicode
2025-09-04 13:51:59,778 - INFO - Using font: Arial Unicode
2025-09-04 13:51:59,815 - INFO - Using font: Arial Unicode
2025-09-04 13:51:59,821 - INFO - Using font: Arial Unicode
2025-09-04 13:51:59,894 - INFO - Using font: Arial Unicode
2025-09-04 13:51:59,902 - INFO - Using font: Arial Unicode
2025-09-04 13:52:00,051 - INFO - Using font: Arial Unicode
2025-09-04 13:52:00,061 - INFO - Using font: Arial Unicode
2025-09-04 13:52:00,105 - INFO - Using font: Arial Unicode
2025-09-04 13:52:00,115 - INFO - Using font: Arial Unicode
2025-09-04 13:52:00,263 - INFO - Using font: Arial Unicode
2025-09-04 13:52:00,272 - INFO - Using font: Arial Unicode
2025-09-04 13:52:00,317 - INFO - Using font: Arial Unicode
2025-09-04 13:52:00,325 - INFO - Using font: Arial Unicode
2025-09-04 13:52:00,486 - INFO - Using font: Arial Unicode
2025-09-04 13:52:00,493 - INFO - Using font: Arial Unicode
2025-09-04 13:52:00,529 - INFO - Using font: Arial Unicode
2025-09-04 13:52:00,535 - INFO - Using font: Arial Unicode
2025-09-04 13:52:00,661 - INFO - Using font: Arial Unicode
2025-09-04 13:52:00,668 - INFO - Using font: Arial Unicode
2025-09-04 13:52:00,706 - INFO - Using font: Arial Unicode
2025-09-04 13:52:00,712 - INFO - Using font: Arial Unicode
2025-09-04 13:52:00,747 - INFO - Using font: Arial Unicode
2025-09-04 13:52:00,754 - INFO - Using font: Arial Unicode
2025-09-04 13:52:00,888 - INFO - Using font: Arial Unicode
2025-09-04 13:52:00,895 - INFO - Using font: Arial Unicode
2025-09-04 13:52:00,933 - INFO - Using font: Arial Unicode
2025-09-04 13:52:00,939 - INFO - Using font: Arial Unicode
2025-09-04 13:52:00,976 - INFO - Using font: Arial Unicode
2025-09-04 13:52:00,982 - INFO - Using font: Arial Unicode
2025-09-04 13:52:01,017 - INFO - Using font: Arial Unicode
2025-09-04 13:52:01,024 - INFO - Using font: Arial Unicode
2025-09-04 13:52:01,059 - INFO - Using font: Arial Unicode
2025-09-04 13:52:01,065 - INFO - Using font: Arial Unicode
2025-09-04 13:52:01,104 - INFO - Using font: Arial Unicode
2025-09-04 13:52:01,111 - INFO - Using font: Arial Unicode
2025-09-04 13:52:01,147 - INFO - Using font: Arial Unicode
2025-09-04 13:52:01,153 - INFO - Using font: Arial Unicode
2025-09-04 13:52:01,287 - INFO - Using font: Arial Unicode
2025-09-04 13:52:01,294 - INFO - Using font: Arial Unicode
2025-09-04 13:52:01,333 - INFO - Using font: Arial Unicode
2025-09-04 13:52:01,339 - INFO - Using font: Arial Unicode
2025-09-04 13:52:01,374 - INFO - Using font: Arial Unicode
2025-09-04 13:52:01,380 - INFO - Using font: Arial Unicode
2025-09-04 13:52:01,415 - INFO - Using font: Arial Unicode
2025-09-04 13:52:01,421 - INFO - Using font: Arial Unicode
2025-09-04 13:52:01,460 - INFO - Using font: Arial Unicode
2025-09-04 13:52:01,467 - INFO - Using font: Arial Unicode
2025-09-04 13:52:01,593 - INFO - Using font: Arial Unicode
2025-09-04 13:52:01,600 - INFO - Using font: Arial Unicode
2025-09-04 13:52:01,641 - INFO - Using font: Arial Unicode
2025-09-04 13:52:01,647 - INFO - Using font: Arial Unicode
2025-09-04 13:52:01,687 - INFO - Using font: Arial Unicode
2025-09-04 13:52:01,694 - INFO - Using font: Arial Unicode
2025-09-04 13:52:01,829 - INFO - Using font: Arial Unicode
2025-09-04 13:52:01,836 - INFO - Using font: Arial Unicode
2025-09-04 13:52:01,873 - INFO - Using font: Arial Unicode
2025-09-04 13:52:01,880 - INFO - Using font: Arial Unicode
2025-09-04 13:52:02,028 - INFO - Using font: Arial Unicode
2025-09-04 13:52:02,034 - INFO - Using font: Arial Unicode
2025-09-04 13:52:02,078 - INFO - Using font: Arial Unicode
2025-09-04 13:52:02,085 - INFO - Using font: Arial Unicode
2025-09-04 13:52:02,130 - INFO - Using font: Arial Unicode
2025-09-04 13:52:02,139 - INFO - Using font: Arial Unicode
2025-09-04 13:52:02,293 - INFO - Using font: Arial Unicode
2025-09-04 13:52:02,300 - INFO - Using font: Arial Unicode
2025-09-04 13:52:02,336 - INFO - Using font: Arial Unicode
2025-09-04 13:52:02,342 - INFO - Using font: Arial Unicode
2025-09-04 13:52:02,376 - INFO - Using font: Arial Unicode
2025-09-04 13:52:02,383 - INFO - Using font: Arial Unicode
2025-09-04 13:52:02,418 - INFO - Using font: Arial Unicode
2025-09-04 13:52:02,424 - INFO - Using font: Arial Unicode
2025-09-04 13:52:02,550 - INFO - Using font: Arial Unicode
2025-09-04 13:52:02,556 - INFO - Using font: Arial Unicode
2025-09-04 13:52:02,591 - INFO - Using font: Arial Unicode
2025-09-04 13:52:02,597 - INFO - Using font: Arial Unicode
2025-09-04 13:52:02,632 - INFO - Using font: Arial Unicode
2025-09-04 13:52:02,638 - INFO - Using font: Arial Unicode
2025-09-04 13:52:02,673 - INFO - Using font: Arial Unicode
2025-09-04 13:52:02,679 - INFO - Using font: Arial Unicode
2025-09-04 13:52:02,714 - INFO - Using font: Arial Unicode
2025-09-04 13:52:02,720 - INFO - Using font: Arial Unicode
2025-09-04 13:52:02,847 - INFO - Using font: Arial Unicode
2025-09-04 13:52:02,853 - INFO - Using font: Arial Unicode
2025-09-04 13:52:02,889 - INFO - Using font: Arial Unicode
2025-09-04 13:52:02,895 - INFO - Using font: Arial Unicode
2025-09-04 13:52:03,046 - INFO - Using font: Arial Unicode
2025-09-04 13:52:03,053 - INFO - Using font: Arial Unicode
2025-09-04 13:52:03,090 - INFO - Using font: Arial Unicode
2025-09-04 13:52:03,096 - INFO - Using font: Arial Unicode
2025-09-04 13:52:03,215 - INFO - Using font: Arial Unicode
2025-09-04 13:52:03,221 - INFO - Using font: Arial Unicode
2025-09-04 13:52:03,257 - INFO - Using font: Arial Unicode
2025-09-04 13:52:03,264 - INFO - Using font: Arial Unicode
2025-09-04 13:52:03,302 - INFO - Using font: Arial Unicode
2025-09-04 13:52:03,308 - INFO - Using font: Arial Unicode
2025-09-04 13:52:03,466 - INFO - Using font: Arial Unicode
2025-09-04 13:52:03,472 - INFO - Using font: Arial Unicode
2025-09-04 13:52:03,507 - INFO - Using font: Arial Unicode
2025-09-04 13:52:03,515 - INFO - Using font: Arial Unicode
2025-09-04 13:52:03,551 - INFO - Using font: Arial Unicode
2025-09-04 13:52:03,557 - INFO - Using font: Arial Unicode
2025-09-04 13:52:03,592 - INFO - Using font: Arial Unicode
2025-09-04 13:52:03,598 - INFO - Using font: Arial Unicode
2025-09-04 13:52:03,728 - INFO - Using font: Arial Unicode
2025-09-04 13:52:03,735 - INFO - Using font: Arial Unicode
2025-09-04 13:52:03,770 - INFO - Using font: Arial Unicode
2025-09-04 13:52:03,777 - INFO - Using font: Arial Unicode
2025-09-04 13:52:03,912 - INFO - Using font: Arial Unicode
2025-09-04 13:52:03,918 - INFO - Using font: Arial Unicode
2025-09-04 13:52:03,954 - INFO - Using font: Arial Unicode
2025-09-04 13:52:03,960 - INFO - Using font: Arial Unicode
2025-09-04 13:52:03,997 - INFO - Using font: Arial Unicode
2025-09-04 13:52:04,003 - INFO - Using font: Arial Unicode
2025-09-04 13:52:04,152 - INFO - Using font: Arial Unicode
2025-09-04 13:52:04,158 - INFO - Using font: Arial Unicode
2025-09-04 13:52:04,196 - INFO - Using font: Arial Unicode
2025-09-04 13:52:04,202 - INFO - Using font: Arial Unicode
2025-09-04 13:52:04,348 - INFO - Using font: Arial Unicode
2025-09-04 13:52:04,354 - INFO - Using font: Arial Unicode
2025-09-04 13:52:04,391 - INFO - Using font: Arial Unicode
2025-09-04 13:52:04,397 - INFO - Using font: Arial Unicode
2025-09-04 13:52:04,438 - INFO - Using font: Arial Unicode
2025-09-04 13:52:04,445 - INFO - Using font: Arial Unicode
2025-09-04 13:52:04,480 - INFO - Using font: Arial Unicode
2025-09-04 13:52:04,498 - INFO - Using font: Arial Unicode
2025-09-04 13:52:04,537 - INFO - Using font: Arial Unicode
2025-09-04 13:52:04,544 - INFO - Using font: Arial Unicode
2025-09-04 13:52:04,691 - INFO - Using font: Arial Unicode
2025-09-04 13:52:04,697 - INFO - Using font: Arial Unicode
2025-09-04 13:52:04,733 - INFO - Using font: Arial Unicode
2025-09-04 13:52:04,739 - INFO - Using font: Arial Unicode
2025-09-04 13:52:04,867 - INFO - Using font: Arial Unicode
2025-09-04 13:52:04,874 - INFO - Using font: Arial Unicode
2025-09-04 13:52:04,908 - INFO - Using font: Arial Unicode
2025-09-04 13:52:04,915 - INFO - Using font: Arial Unicode
2025-09-04 13:52:04,954 - INFO - Using font: Arial Unicode
2025-09-04 13:52:04,960 - INFO - Using font: Arial Unicode
2025-09-04 13:52:05,112 - INFO - Using font: Arial Unicode
2025-09-04 13:52:05,119 - INFO - Using font: Arial Unicode
2025-09-04 13:52:05,156 - INFO - Using font: Arial Unicode
2025-09-04 13:52:05,162 - INFO - Using font: Arial Unicode
2025-09-04 13:52:05,286 - INFO - Using font: Arial Unicode
2025-09-04 13:52:05,292 - INFO - Using font: Arial Unicode
2025-09-04 13:52:05,328 - INFO - Using font: Arial Unicode
2025-09-04 13:52:05,334 - INFO - Using font: Arial Unicode
2025-09-04 13:52:05,462 - INFO - Using font: Arial Unicode
2025-09-04 13:52:05,468 - INFO - Using font: Arial Unicode
2025-09-04 13:52:05,503 - INFO - Using font: Arial Unicode
2025-09-04 13:52:05,510 - INFO - Using font: Arial Unicode
2025-09-04 13:52:05,548 - INFO - Using font: Arial Unicode
2025-09-04 13:52:05,555 - INFO - Using font: Arial Unicode
2025-09-04 13:52:05,713 - INFO - Using font: Arial Unicode
2025-09-04 13:52:05,726 - INFO - Using font: Arial Unicode
2025-09-04 13:52:05,771 - INFO - Using font: Arial Unicode
2025-09-04 13:52:05,781 - INFO - Using font: Arial Unicode
2025-09-04 13:52:05,827 - INFO - Using font: Arial Unicode
2025-09-04 13:52:05,836 - INFO - Using font: Arial Unicode
2025-09-04 13:52:05,883 - INFO - Using font: Arial Unicode
2025-09-04 13:52:05,892 - INFO - Using font: Arial Unicode
2025-09-04 13:52:06,077 - INFO - Using font: Arial Unicode
2025-09-04 13:52:06,084 - INFO - Using font: Arial Unicode
2025-09-04 13:52:06,120 - INFO - Using font: Arial Unicode
2025-09-04 13:52:06,126 - INFO - Using font: Arial Unicode
2025-09-04 13:52:06,162 - INFO - Using font: Arial Unicode
2025-09-04 13:52:06,168 - INFO - Using font: Arial Unicode
2025-09-04 13:52:06,205 - INFO - Using font: Arial Unicode
2025-09-04 13:52:06,211 - INFO - Using font: Arial Unicode
2025-09-04 13:52:06,246 - INFO - Using font: Arial Unicode
2025-09-04 13:52:06,253 - INFO - Using font: Arial Unicode
2025-09-04 13:52:06,289 - INFO - Using font: Arial Unicode
2025-09-04 13:52:06,296 - INFO - Using font: Arial Unicode
2025-09-04 13:52:06,427 - INFO - Using font: Arial Unicode
2025-09-04 13:52:06,433 - INFO - Using font: Arial Unicode
2025-09-04 13:52:06,469 - INFO - Using font: Arial Unicode
2025-09-04 13:52:06,475 - INFO - Using font: Arial Unicode
2025-09-04 13:52:06,508 - INFO - Using font: Arial Unicode
2025-09-04 13:52:06,514 - INFO - Using font: Arial Unicode
2025-09-04 13:52:06,549 - INFO - Using font: Arial Unicode
2025-09-04 13:52:06,556 - INFO - Using font: Arial Unicode
2025-09-04 13:52:06,591 - INFO - Using font: Arial Unicode
2025-09-04 13:52:06,597 - INFO - Using font: Arial Unicode
2025-09-04 13:52:06,728 - INFO - Using font: Arial Unicode
2025-09-04 13:52:06,734 - INFO - Using font: Arial Unicode
2025-09-04 13:52:06,770 - INFO - Using font: Arial Unicode
2025-09-04 13:52:06,776 - INFO - Using font: Arial Unicode
2025-09-04 13:52:06,813 - INFO - Using font: Arial Unicode
2025-09-04 13:52:06,819 - INFO - Using font: Arial Unicode
2025-09-04 13:52:06,950 - INFO - Using font: Arial Unicode
2025-09-04 13:52:06,957 - INFO - Using font: Arial Unicode
2025-09-04 13:52:06,992 - INFO - Using font: Arial Unicode
2025-09-04 13:52:06,998 - INFO - Using font: Arial Unicode
2025-09-04 13:52:07,120 - INFO - Using font: Arial Unicode
2025-09-04 13:52:07,127 - INFO - Using font: Arial Unicode
2025-09-04 13:52:07,161 - INFO - Using font: Arial Unicode
2025-09-04 13:52:07,168 - INFO - Using font: Arial Unicode
2025-09-04 13:52:07,204 - INFO - Using font: Arial Unicode
2025-09-04 13:52:07,210 - INFO - Using font: Arial Unicode
2025-09-04 13:52:07,346 - INFO - Using font: Arial Unicode
2025-09-04 13:52:07,352 - INFO - Using font: Arial Unicode
2025-09-04 13:52:07,388 - INFO - Using font: Arial Unicode
2025-09-04 13:52:07,393 - INFO - Using font: Arial Unicode
2025-09-04 13:52:07,428 - INFO - Using font: Arial Unicode
2025-09-04 13:52:07,437 - INFO - Using font: Arial Unicode
2025-09-04 13:52:07,587 - INFO - Using font: Arial Unicode
2025-09-04 13:52:07,593 - INFO - Using font: Arial Unicode
2025-09-04 13:52:07,629 - INFO - Using font: Arial Unicode
2025-09-04 13:52:07,637 - INFO - Using font: Arial Unicode
2025-09-04 13:52:07,762 - INFO - Using font: Arial Unicode
2025-09-04 13:52:07,768 - INFO - Using font: Arial Unicode
2025-09-04 13:52:07,806 - INFO - Using font: Arial Unicode
2025-09-04 13:52:07,812 - INFO - Using font: Arial Unicode
2025-09-04 13:52:07,945 - INFO - Using font: Arial Unicode
2025-09-04 13:52:07,951 - INFO - Using font: Arial Unicode
2025-09-04 13:52:07,985 - INFO - Using font: Arial Unicode
2025-09-04 13:52:07,992 - INFO - Using font: Arial Unicode
2025-09-04 13:52:08,115 - INFO - Using font: Arial Unicode
2025-09-04 13:52:08,122 - INFO - Using font: Arial Unicode
2025-09-04 13:52:08,157 - INFO - Using font: Arial Unicode
2025-09-04 13:52:08,164 - INFO - Using font: Arial Unicode
2025-09-04 13:52:08,199 - INFO - Using font: Arial Unicode
2025-09-04 13:52:08,205 - INFO - Using font: Arial Unicode
2025-09-04 13:52:08,240 - INFO - Using font: Arial Unicode
2025-09-04 13:52:08,247 - INFO - Using font: Arial Unicode
2025-09-04 13:52:08,390 - INFO - Using font: Arial Unicode
2025-09-04 13:52:08,397 - INFO - Using font: Arial Unicode
2025-09-04 13:52:08,435 - INFO - Using font: Arial Unicode
2025-09-04 13:52:08,444 - INFO - Using font: Arial Unicode
2025-09-04 13:52:08,492 - INFO - Using font: Arial Unicode
2025-09-04 13:52:08,500 - INFO - Using font: Arial Unicode
2025-09-04 13:52:08,535 - INFO - Using font: Arial Unicode
2025-09-04 13:52:08,541 - INFO - Using font: Arial Unicode
2025-09-04 13:52:08,676 - INFO - Using font: Arial Unicode
2025-09-04 13:52:08,683 - INFO - Using font: Arial Unicode
2025-09-04 13:52:08,720 - INFO - Using font: Arial Unicode
2025-09-04 13:52:08,726 - INFO - Using font: Arial Unicode
2025-09-04 13:52:08,762 - INFO - Using font: Arial Unicode
2025-09-04 13:52:08,768 - INFO - Using font: Arial Unicode
2025-09-04 13:52:08,899 - INFO - Using font: Arial Unicode
2025-09-04 13:52:08,906 - INFO - Using font: Arial Unicode
2025-09-04 13:52:08,941 - INFO - Using font: Arial Unicode
2025-09-04 13:52:08,947 - INFO - Using font: Arial Unicode
2025-09-04 13:52:08,981 - INFO - Using font: Arial Unicode
2025-09-04 13:52:08,988 - INFO - Using font: Arial Unicode
2025-09-04 13:52:09,023 - INFO - Using font: Arial Unicode
2025-09-04 13:52:09,030 - INFO - Using font: Arial Unicode
2025-09-04 13:52:09,066 - INFO - Using font: Arial Unicode
2025-09-04 13:52:09,072 - INFO - Using font: Arial Unicode
2025-09-04 13:52:09,112 - INFO - Using font: Arial Unicode
2025-09-04 13:52:09,119 - INFO - Using font: Arial Unicode
2025-09-04 13:52:09,256 - INFO - Using font: Arial Unicode
2025-09-04 13:52:09,263 - INFO - Using font: Arial Unicode
2025-09-04 13:52:09,297 - INFO - Using font: Arial Unicode
2025-09-04 13:52:09,303 - INFO - Using font: Arial Unicode
2025-09-04 13:52:09,434 - INFO - Using font: Arial Unicode
2025-09-04 13:52:09,448 - INFO - Using font: Arial Unicode
2025-09-04 13:52:09,500 - INFO - Using font: Arial Unicode
2025-09-04 13:52:09,510 - INFO - Using font: Arial Unicode
2025-09-04 13:52:09,548 - INFO - Using font: Arial Unicode
2025-09-04 13:52:09,555 - INFO - Using font: Arial Unicode
2025-09-04 13:52:09,589 - INFO - Using font: Arial Unicode
2025-09-04 13:52:09,596 - INFO - Using font: Arial Unicode
2025-09-04 13:52:09,750 - INFO - Using font: Arial Unicode
2025-09-04 13:52:09,756 - INFO - Using font: Arial Unicode
2025-09-04 13:52:09,791 - INFO - Using font: Arial Unicode
2025-09-04 13:52:09,797 - INFO - Using font: Arial Unicode
2025-09-04 13:52:09,837 - INFO - Using font: Arial Unicode
2025-09-04 13:52:09,843 - INFO - Using font: Arial Unicode
2025-09-04 13:52:09,877 - INFO - Using font: Arial Unicode
2025-09-04 13:52:09,884 - INFO - Using font: Arial Unicode
2025-09-04 13:52:10,024 - INFO - Using font: Arial Unicode
2025-09-04 13:52:10,031 - INFO - Using font: Arial Unicode
2025-09-04 13:52:10,069 - INFO - Using font: Arial Unicode
2025-09-04 13:52:10,075 - INFO - Using font: Arial Unicode
2025-09-04 13:52:10,109 - INFO - Using font: Arial Unicode
2025-09-04 13:52:10,115 - INFO - Using font: Arial Unicode
2025-09-04 13:52:10,152 - INFO - Using font: Arial Unicode
2025-09-04 13:52:10,160 - INFO - Using font: Arial Unicode
2025-09-04 13:52:10,284 - INFO - Using font: Arial Unicode
2025-09-04 13:52:10,291 - INFO - Using font: Arial Unicode
2025-09-04 13:52:10,329 - INFO - Using font: Arial Unicode
2025-09-04 13:52:10,338 - INFO - Using font: Arial Unicode
2025-09-04 13:52:10,376 - INFO - Using font: Arial Unicode
2025-09-04 13:52:10,383 - INFO - Using font: Arial Unicode
2025-09-04 13:52:10,523 - INFO - Using font: Arial Unicode
2025-09-04 13:52:10,529 - INFO - Using font: Arial Unicode
2025-09-04 13:52:10,565 - INFO - Using font: Arial Unicode
2025-09-04 13:52:10,572 - INFO - Using font: Arial Unicode
2025-09-04 13:52:10,607 - INFO - Using font: Arial Unicode
2025-09-04 13:52:10,616 - INFO - Using font: Arial Unicode
2025-09-04 13:52:10,777 - INFO - Using font: Arial Unicode
2025-09-04 13:52:10,785 - INFO - Using font: Arial Unicode
2025-09-04 13:52:10,831 - INFO - Using font: Arial Unicode
2025-09-04 13:52:10,839 - INFO - Using font: Arial Unicode
2025-09-04 13:52:10,885 - INFO - Using font: Arial Unicode
2025-09-04 13:52:10,893 - INFO - Using font: Arial Unicode
2025-09-04 13:52:10,934 - INFO - Using font: Arial Unicode
2025-09-04 13:52:10,943 - INFO - Using font: Arial Unicode
2025-09-04 13:52:10,988 - INFO - Using font: Arial Unicode
2025-09-04 13:52:10,995 - INFO - Using font: Arial Unicode
2025-09-04 13:52:11,127 - INFO - Using font: Arial Unicode
2025-09-04 13:52:11,133 - INFO - Using font: Arial Unicode
2025-09-04 13:52:11,168 - INFO - Using font: Arial Unicode
2025-09-04 13:52:11,174 - INFO - Using font: Arial Unicode
2025-09-04 13:52:11,213 - INFO - Using font: Arial Unicode
2025-09-04 13:52:11,219 - INFO - Using font: Arial Unicode
2025-09-04 13:52:11,362 - INFO - Using font: Arial Unicode
2025-09-04 13:52:11,368 - INFO - Using font: Arial Unicode
2025-09-04 13:52:11,405 - INFO - Using font: Arial Unicode
2025-09-04 13:52:11,411 - INFO - Using font: Arial Unicode
2025-09-04 13:52:11,457 - INFO - Using font: Arial Unicode
2025-09-04 13:52:11,464 - INFO - Using font: Arial Unicode
2025-09-04 13:52:11,500 - INFO - Using font: Arial Unicode
2025-09-04 13:52:11,507 - INFO - Using font: Arial Unicode
2025-09-04 13:52:11,653 - INFO - Using font: Arial Unicode
2025-09-04 13:52:11,659 - INFO - Using font: Arial Unicode
2025-09-04 13:52:11,695 - INFO - Using font: Arial Unicode
2025-09-04 13:52:11,702 - INFO - Using font: Arial Unicode
2025-09-04 13:52:11,739 - INFO - Using font: Arial Unicode
2025-09-04 13:52:11,745 - INFO - Using font: Arial Unicode
2025-09-04 13:52:11,779 - INFO - Using font: Arial Unicode
2025-09-04 13:52:11,785 - INFO - Using font: Arial Unicode
2025-09-04 13:52:11,908 - INFO - Using font: Arial Unicode
2025-09-04 13:52:11,915 - INFO - Using font: Arial Unicode
2025-09-04 13:52:11,948 - INFO - Using font: Arial Unicode
2025-09-04 13:52:11,955 - INFO - Using font: Arial Unicode
2025-09-04 13:52:11,989 - INFO - Using font: Arial Unicode
2025-09-04 13:52:11,996 - INFO - Using font: Arial Unicode
2025-09-04 13:52:12,031 - INFO - Using font: Arial Unicode
2025-09-04 13:52:12,038 - INFO - Using font: Arial Unicode
2025-09-04 13:52:12,188 - INFO - Using font: Arial Unicode
2025-09-04 13:52:12,195 - INFO - Using font: Arial Unicode
2025-09-04 13:52:12,235 - INFO - Using font: Arial Unicode
2025-09-04 13:52:12,242 - INFO - Using font: Arial Unicode
2025-09-04 13:52:12,407 - INFO - Using font: Arial Unicode
2025-09-04 13:52:12,413 - INFO - Using font: Arial Unicode
2025-09-04 13:52:12,450 - INFO - Using font: Arial Unicode
2025-09-04 13:52:12,456 - INFO - Using font: Arial Unicode
2025-09-04 13:52:12,492 - INFO - Using font: Arial Unicode
2025-09-04 13:52:12,498 - INFO - Using font: Arial Unicode
2025-09-04 13:52:12,537 - INFO - Using font: Arial Unicode
2025-09-04 13:52:12,543 - INFO - Using font: Arial Unicode
2025-09-04 13:52:12,577 - INFO - Using font: Arial Unicode
2025-09-04 13:52:12,584 - INFO - Using font: Arial Unicode
2025-09-04 13:52:12,718 - INFO - Using font: Arial Unicode
2025-09-04 13:52:12,724 - INFO - Using font: Arial Unicode
2025-09-04 13:52:12,757 - INFO - Using font: Arial Unicode
2025-09-04 13:52:12,765 - INFO - Using font: Arial Unicode
2025-09-04 13:52:12,800 - INFO - Using font: Arial Unicode
2025-09-04 13:52:12,806 - INFO - Using font: Arial Unicode
2025-09-04 13:52:12,841 - INFO - Using font: Arial Unicode
2025-09-04 13:52:12,847 - INFO - Using font: Arial Unicode
2025-09-04 13:52:12,993 - INFO - Using font: Arial Unicode
2025-09-04 13:52:13,000 - INFO - Using font: Arial Unicode
2025-09-04 13:52:13,035 - INFO - Using font: Arial Unicode
2025-09-04 13:52:13,041 - INFO - Using font: Arial Unicode
2025-09-04 13:52:13,075 - INFO - Using font: Arial Unicode
2025-09-04 13:52:13,081 - INFO - Using font: Arial Unicode
2025-09-04 13:52:13,116 - INFO - Using font: Arial Unicode
2025-09-04 13:52:13,125 - INFO - Using font: Arial Unicode
2025-09-04 13:52:13,289 - INFO - Using font: Arial Unicode
2025-09-04 13:52:13,295 - INFO - Using font: Arial Unicode
2025-09-04 13:52:13,330 - INFO - Using font: Arial Unicode
2025-09-04 13:52:13,337 - INFO - Using font: Arial Unicode
2025-09-04 13:52:13,372 - INFO - Using font: Arial Unicode
2025-09-04 13:52:13,378 - INFO - Using font: Arial Unicode
2025-09-04 13:52:13,413 - INFO - Using font: Arial Unicode
2025-09-04 13:52:13,419 - INFO - Using font: Arial Unicode
2025-09-04 13:52:13,543 - INFO - Using font: Arial Unicode
2025-09-04 13:52:13,549 - INFO - Using font: Arial Unicode
2025-09-04 13:52:13,583 - INFO - Using font: Arial Unicode
2025-09-04 13:52:13,589 - INFO - Using font: Arial Unicode
2025-09-04 13:52:13,626 - INFO - Using font: Arial Unicode
2025-09-04 13:52:13,634 - INFO - Using font: Arial Unicode
2025-09-04 13:52:13,772 - INFO - Using font: Arial Unicode
2025-09-04 13:52:13,779 - INFO - Using font: Arial Unicode
2025-09-04 13:52:13,817 - INFO - Using font: Arial Unicode
2025-09-04 13:52:13,824 - INFO - Using font: Arial Unicode
2025-09-04 13:52:13,861 - INFO - Using font: Arial Unicode
2025-09-04 13:52:13,867 - INFO - Using font: Arial Unicode
2025-09-04 13:52:14,009 - INFO - Using font: Arial Unicode
2025-09-04 13:52:14,015 - INFO - Using font: Arial Unicode
2025-09-04 13:52:14,052 - INFO - Using font: Arial Unicode
2025-09-04 13:52:14,058 - INFO - Using font: Arial Unicode
2025-09-04 13:52:14,094 - INFO - Using font: Arial Unicode
2025-09-04 13:52:14,101 - INFO - Using font: Arial Unicode
2025-09-04 13:52:14,138 - INFO - Using font: Arial Unicode
2025-09-04 13:52:14,145 - INFO - Using font: Arial Unicode
2025-09-04 13:52:14,184 - INFO - Using font: Arial Unicode
2025-09-04 13:52:14,190 - INFO - Using font: Arial Unicode
2025-09-04 13:52:14,225 - INFO - Using font: Arial Unicode
2025-09-04 13:52:14,232 - INFO - Using font: Arial Unicode
2025-09-04 13:52:14,269 - INFO - Using font: Arial Unicode
2025-09-04 13:52:14,275 - INFO - Using font: Arial Unicode
2025-09-04 13:52:14,423 - INFO - Using font: Arial Unicode
2025-09-04 13:52:14,431 - INFO - Using font: Arial Unicode
2025-09-04 13:52:14,465 - INFO - Using font: Arial Unicode
2025-09-04 13:52:14,471 - INFO - Using font: Arial Unicode
2025-09-04 13:52:14,510 - INFO - Using font: Arial Unicode
2025-09-04 13:52:14,517 - INFO - Using font: Arial Unicode
2025-09-04 13:52:14,556 - INFO - Using font: Arial Unicode
2025-09-04 13:52:14,564 - INFO - Using font: Arial Unicode
2025-09-04 13:52:14,679 - INFO - Using font: Arial Unicode
2025-09-04 13:52:14,685 - INFO - Using font: Arial Unicode
2025-09-04 13:52:14,721 - INFO - Using font: Arial Unicode
2025-09-04 13:52:14,727 - INFO - Using font: Arial Unicode
2025-09-04 13:52:14,764 - INFO - Using font: Arial Unicode
2025-09-04 13:52:14,771 - INFO - Using font: Arial Unicode
2025-09-04 13:52:14,806 - INFO - Using font: Arial Unicode
2025-09-04 13:52:14,813 - INFO - Using font: Arial Unicode
2025-09-04 13:52:14,851 - INFO - Using font: Arial Unicode
2025-09-04 13:52:14,857 - INFO - Using font: Arial Unicode
2025-09-04 13:52:15,005 - INFO - Using font: Arial Unicode
2025-09-04 13:52:15,012 - INFO - Using font: Arial Unicode
2025-09-04 13:52:15,047 - INFO - Using font: Arial Unicode
2025-09-04 13:52:15,053 - INFO - Using font: Arial Unicode
2025-09-04 13:52:15,088 - INFO - Using font: Arial Unicode
2025-09-04 13:52:15,094 - INFO - Using font: Arial Unicode
2025-09-04 13:52:15,130 - INFO - Using font: Arial Unicode
2025-09-04 13:52:15,137 - INFO - Using font: Arial Unicode
2025-09-04 13:52:15,276 - INFO - Using font: Arial Unicode
2025-09-04 13:52:15,282 - INFO - Using font: Arial Unicode
2025-09-04 13:52:15,317 - INFO - Using font: Arial Unicode
2025-09-04 13:52:15,323 - INFO - Using font: Arial Unicode
2025-09-04 13:52:15,361 - INFO - Using font: Arial Unicode
2025-09-04 13:52:15,367 - INFO - Using font: Arial Unicode
2025-09-04 13:52:15,542 - INFO - Using font: Arial Unicode
2025-09-04 13:52:15,549 - INFO - Using font: Arial Unicode
2025-09-04 13:52:15,588 - INFO - Using font: Arial Unicode
2025-09-04 13:52:15,594 - INFO - Using font: Arial Unicode
2025-09-04 13:52:15,634 - INFO - Using font: Arial Unicode
2025-09-04 13:52:15,641 - INFO - Using font: Arial Unicode
2025-09-04 13:52:15,781 - INFO - Using font: Arial Unicode
2025-09-04 13:52:15,787 - INFO - Using font: Arial Unicode
2025-09-04 13:52:15,823 - INFO - Using font: Arial Unicode
2025-09-04 13:52:15,829 - INFO - Using font: Arial Unicode
2025-09-04 13:52:15,953 - INFO - Using font: Arial Unicode
2025-09-04 13:52:15,959 - INFO - Using font: Arial Unicode
2025-09-04 13:52:15,992 - INFO - Using font: Arial Unicode
2025-09-04 13:52:15,998 - INFO - Using font: Arial Unicode
2025-09-04 13:52:16,034 - INFO - Using font: Arial Unicode
2025-09-04 13:52:16,041 - INFO - Using font: Arial Unicode
2025-09-04 13:52:16,075 - INFO - Using font: Arial Unicode
2025-09-04 13:52:16,082 - INFO - Using font: Arial Unicode
2025-09-04 13:52:16,203 - INFO - Using font: Arial Unicode
2025-09-04 13:52:16,209 - INFO - Using font: Arial Unicode
2025-09-04 13:52:16,244 - INFO - Using font: Arial Unicode
2025-09-04 13:52:16,250 - INFO - Using font: Arial Unicode
2025-09-04 13:52:16,287 - INFO - Using font: Arial Unicode
2025-09-04 13:52:16,293 - INFO - Using font: Arial Unicode
2025-09-04 13:52:16,418 - INFO - Using font: Arial Unicode
2025-09-04 13:52:16,424 - INFO - Using font: Arial Unicode
2025-09-04 13:52:16,459 - INFO - Using font: Arial Unicode
2025-09-04 13:52:16,465 - INFO - Using font: Arial Unicode
2025-09-04 13:52:16,609 - INFO - Using font: Arial Unicode
2025-09-04 13:52:16,615 - INFO - Using font: Arial Unicode
2025-09-04 13:52:16,650 - INFO - Using font: Arial Unicode
2025-09-04 13:52:16,656 - INFO - Using font: Arial Unicode
2025-09-04 13:52:16,692 - INFO - Using font: Arial Unicode
2025-09-04 13:52:16,698 - INFO - Using font: Arial Unicode
2025-09-04 13:52:16,736 - INFO - Using font: Arial Unicode
2025-09-04 13:52:16,742 - INFO - Using font: Arial Unicode
2025-09-04 13:52:16,880 - INFO - Using font: Arial Unicode
2025-09-04 13:52:16,886 - INFO - Using font: Arial Unicode
2025-09-04 13:52:16,922 - INFO - Using font: Arial Unicode
2025-09-04 13:52:16,930 - INFO - Using font: Arial Unicode
2025-09-04 13:52:17,056 - INFO - Using font: Arial Unicode
2025-09-04 13:52:17,062 - INFO - Using font: Arial Unicode
2025-09-04 13:52:17,097 - INFO - Using font: Arial Unicode
2025-09-04 13:52:17,103 - INFO - Using font: Arial Unicode
2025-09-04 13:52:17,138 - INFO - Using font: Arial Unicode
2025-09-04 13:52:17,144 - INFO - Using font: Arial Unicode
2025-09-04 13:52:17,284 - INFO - Using font: Arial Unicode
2025-09-04 13:52:17,290 - INFO - Using font: Arial Unicode
2025-09-04 13:52:17,327 - INFO - Using font: Arial Unicode
2025-09-04 13:52:17,333 - INFO - Using font: Arial Unicode
2025-09-04 13:52:17,369 - INFO - Using font: Arial Unicode
2025-09-04 13:52:17,375 - INFO - Using font: Arial Unicode
2025-09-04 13:52:17,413 - INFO - Using font: Arial Unicode
2025-09-04 13:52:17,420 - INFO - Using font: Arial Unicode
2025-09-04 13:52:17,460 - INFO - Using font: Arial Unicode
2025-09-04 13:52:17,467 - INFO - Using font: Arial Unicode
2025-09-04 13:52:17,619 - INFO - Using font: Arial Unicode
2025-09-04 13:52:17,626 - INFO - Using font: Arial Unicode
2025-09-04 13:52:17,668 - INFO - Using font: Arial Unicode
2025-09-04 13:52:17,674 - INFO - Using font: Arial Unicode
2025-09-04 13:52:17,714 - INFO - Using font: Arial Unicode
2025-09-04 13:52:17,721 - INFO - Using font: Arial Unicode
2025-09-04 13:52:17,888 - INFO - Using font: Arial Unicode
2025-09-04 13:52:17,895 - INFO - Using font: Arial Unicode
2025-09-04 13:52:17,932 - INFO - Using font: Arial Unicode
2025-09-04 13:52:17,938 - INFO - Using font: Arial Unicode
2025-09-04 13:52:17,975 - INFO - Using font: Arial Unicode
2025-09-04 13:52:17,982 - INFO - Using font: Arial Unicode
2025-09-04 13:52:18,119 - INFO - Using font: Arial Unicode
2025-09-04 13:52:18,127 - INFO - Using font: Arial Unicode
2025-09-04 13:52:18,171 - INFO - Using font: Arial Unicode
2025-09-04 13:52:18,177 - INFO - Using font: Arial Unicode
2025-09-04 13:52:18,217 - INFO - Using font: Arial Unicode
2025-09-04 13:52:18,225 - INFO - Using font: Arial Unicode
2025-09-04 13:52:18,375 - INFO - Using font: Arial Unicode
2025-09-04 13:52:18,381 - INFO - Using font: Arial Unicode
2025-09-04 13:52:18,415 - INFO - Using font: Arial Unicode
2025-09-04 13:52:18,422 - INFO - Using font: Arial Unicode
2025-09-04 13:52:18,457 - INFO - Using font: Arial Unicode
2025-09-04 13:52:18,464 - INFO - Using font: Arial Unicode
2025-09-04 13:52:18,498 - INFO - Using font: Arial Unicode
2025-09-04 13:52:18,504 - INFO - Using font: Arial Unicode
2025-09-04 13:52:18,540 - INFO - Using font: Arial Unicode
2025-09-04 13:52:18,546 - INFO - Using font: Arial Unicode
2025-09-04 13:52:18,674 - INFO - Using font: Arial Unicode
2025-09-04 13:52:18,680 - INFO - Using font: Arial Unicode
2025-09-04 13:52:18,714 - INFO - Using font: Arial Unicode
2025-09-04 13:52:18,720 - INFO - Using font: Arial Unicode
2025-09-04 13:52:18,755 - INFO - Using font: Arial Unicode
2025-09-04 13:52:18,761 - INFO - Using font: Arial Unicode
2025-09-04 13:52:18,884 - INFO - Using font: Arial Unicode
2025-09-04 13:52:18,890 - INFO - Using font: Arial Unicode
2025-09-04 13:52:18,924 - INFO - Using font: Arial Unicode
2025-09-04 13:52:18,930 - INFO - Using font: Arial Unicode
2025-09-04 13:52:18,967 - INFO - Using font: Arial Unicode
2025-09-04 13:52:18,973 - INFO - Using font: Arial Unicode
2025-09-04 13:52:19,008 - INFO - Using font: Arial Unicode
2025-09-04 13:52:19,015 - INFO - Using font: Arial Unicode
2025-09-04 13:52:19,052 - INFO - Using font: Arial Unicode
2025-09-04 13:52:19,060 - INFO - Using font: Arial Unicode
2025-09-04 13:52:19,095 - INFO - Using font: Arial Unicode
2025-09-04 13:52:19,101 - INFO - Using font: Arial Unicode
2025-09-04 13:52:19,136 - INFO - Using font: Arial Unicode
2025-09-04 13:52:19,142 - INFO - Using font: Arial Unicode
2025-09-04 13:52:19,271 - INFO - Using font: Arial Unicode
2025-09-04 13:52:19,277 - INFO - Using font: Arial Unicode
2025-09-04 13:52:19,313 - INFO - Using font: Arial Unicode
2025-09-04 13:52:19,320 - INFO - Using font: Arial Unicode
2025-09-04 13:52:19,355 - INFO - Using font: Arial Unicode
2025-09-04 13:52:19,361 - INFO - Using font: Arial Unicode
2025-09-04 13:52:19,514 - INFO - Using font: Arial Unicode
2025-09-04 13:52:19,521 - INFO - Using font: Arial Unicode
2025-09-04 13:52:19,560 - INFO - Using font: Arial Unicode
2025-09-04 13:52:19,566 - INFO - Using font: Arial Unicode
2025-09-04 13:52:19,601 - INFO - Using font: Arial Unicode
2025-09-04 13:52:19,608 - INFO - Using font: Arial Unicode
2025-09-04 13:52:19,763 - INFO - Using font: Arial Unicode
2025-09-04 13:52:19,769 - INFO - Using font: Arial Unicode
2025-09-04 13:52:19,808 - INFO - Using font: Arial Unicode
2025-09-04 13:52:19,815 - INFO - Using font: Arial Unicode
2025-09-04 13:52:19,859 - INFO - Using font: Arial Unicode
2025-09-04 13:52:19,868 - INFO - Using font: Arial Unicode
2025-09-04 13:52:19,914 - INFO - Using font: Arial Unicode
2025-09-04 13:52:19,922 - INFO - Using font: Arial Unicode
2025-09-04 13:52:20,064 - INFO - Using font: Arial Unicode
2025-09-04 13:52:20,071 - INFO - Using font: Arial Unicode
2025-09-04 13:52:20,111 - INFO - Using font: Arial Unicode
2025-09-04 13:52:20,122 - INFO - Using font: Arial Unicode
2025-09-04 13:52:20,257 - INFO - Using font: Arial Unicode
2025-09-04 13:52:20,263 - INFO - Using font: Arial Unicode
2025-09-04 13:52:20,299 - INFO - Using font: Arial Unicode
2025-09-04 13:52:20,305 - INFO - Using font: Arial Unicode
2025-09-04 13:52:20,473 - INFO - Using font: Arial Unicode
2025-09-04 13:52:20,481 - INFO - Using font: Arial Unicode
2025-09-04 13:52:20,528 - INFO - Using font: Arial Unicode
2025-09-04 13:52:20,538 - INFO - Using font: Arial Unicode
2025-09-04 13:52:20,702 - INFO - Using font: Arial Unicode
2025-09-04 13:52:20,712 - INFO - Using font: Arial Unicode
2025-09-04 13:52:20,755 - INFO - Using font: Arial Unicode
2025-09-04 13:52:20,762 - INFO - Using font: Arial Unicode
2025-09-04 13:52:20,796 - INFO - Using font: Arial Unicode
2025-09-04 13:52:20,802 - INFO - Using font: Arial Unicode
2025-09-04 13:52:20,955 - INFO - Using font: Arial Unicode
2025-09-04 13:52:20,961 - INFO - Using font: Arial Unicode
2025-09-04 13:52:20,997 - INFO - Using font: Arial Unicode
2025-09-04 13:52:21,003 - INFO - Using font: Arial Unicode
2025-09-04 13:52:21,039 - INFO - Using font: Arial Unicode
2025-09-04 13:52:21,045 - INFO - Using font: Arial Unicode
2025-09-04 13:52:21,080 - INFO - Using font: Arial Unicode
2025-09-04 13:52:21,088 - INFO - Using font: Arial Unicode
2025-09-04 13:52:21,222 - INFO - Using font: Arial Unicode
2025-09-04 13:52:21,229 - INFO - Using font: Arial Unicode
2025-09-04 13:52:21,266 - INFO - Using font: Arial Unicode
2025-09-04 13:52:21,273 - INFO - Using font: Arial Unicode
2025-09-04 13:52:21,308 - INFO - Using font: Arial Unicode
2025-09-04 13:52:21,314 - INFO - Using font: Arial Unicode
2025-09-04 13:52:21,444 - INFO - Using font: Arial Unicode
2025-09-04 13:52:21,450 - INFO - Using font: Arial Unicode
2025-09-04 13:52:21,493 - INFO - Using font: Arial Unicode
2025-09-04 13:52:21,499 - INFO - Using font: Arial Unicode
2025-09-04 13:52:21,623 - INFO - Using font: Arial Unicode
2025-09-04 13:52:21,630 - INFO - Using font: Arial Unicode
2025-09-04 13:52:21,666 - INFO - Using font: Arial Unicode
2025-09-04 13:52:21,673 - INFO - Using font: Arial Unicode
2025-09-04 13:52:21,708 - INFO - Using font: Arial Unicode
2025-09-04 13:52:21,715 - INFO - Using font: Arial Unicode
2025-09-04 13:52:21,841 - INFO - Using font: Arial Unicode
2025-09-04 13:52:21,848 - INFO - Using font: Arial Unicode
2025-09-04 13:52:21,885 - INFO - Using font: Arial Unicode
2025-09-04 13:52:21,891 - INFO - Using font: Arial Unicode
2025-09-04 13:52:21,928 - INFO - Using font: Arial Unicode
2025-09-04 13:52:21,934 - INFO - Using font: Arial Unicode
2025-09-04 13:52:22,069 - INFO - Using font: Arial Unicode
2025-09-04 13:52:22,075 - INFO - Using font: Arial Unicode
2025-09-04 13:52:22,111 - INFO - Using font: Arial Unicode
2025-09-04 13:52:22,117 - INFO - Using font: Arial Unicode
2025-09-04 13:52:22,249 - INFO - Using font: Arial Unicode
2025-09-04 13:52:22,256 - INFO - Using font: Arial Unicode
2025-09-04 13:52:22,291 - INFO - Using font: Arial Unicode
2025-09-04 13:52:22,297 - INFO - Using font: Arial Unicode
2025-09-04 13:52:22,336 - INFO - Using font: Arial Unicode
2025-09-04 13:52:22,342 - INFO - Using font: Arial Unicode
2025-09-04 13:52:22,480 - INFO - Using font: Arial Unicode
2025-09-04 13:52:22,486 - INFO - Using font: Arial Unicode
2025-09-04 13:52:22,522 - INFO - Using font: Arial Unicode
2025-09-04 13:52:22,529 - INFO - Using font: Arial Unicode
2025-09-04 13:52:22,565 - INFO - Using font: Arial Unicode
2025-09-04 13:52:22,571 - INFO - Using font: Arial Unicode
2025-09-04 13:52:22,698 - INFO - Using font: Arial Unicode
2025-09-04 13:52:22,704 - INFO - Using font: Arial Unicode
2025-09-04 13:52:22,741 - INFO - Using font: Arial Unicode
2025-09-04 13:52:22,749 - INFO - Using font: Arial Unicode
2025-09-04 13:52:22,789 - INFO - Using font: Arial Unicode
2025-09-04 13:52:22,797 - INFO - Using font: Arial Unicode
2025-09-04 13:52:22,837 - INFO - Using font: Arial Unicode
2025-09-04 13:52:22,846 - INFO - Using font: Arial Unicode
2025-09-04 13:52:22,993 - INFO - Using font: Arial Unicode
2025-09-04 13:52:23,003 - INFO - Using font: Arial Unicode
2025-09-04 13:52:23,045 - INFO - Using font: Arial Unicode
2025-09-04 13:52:23,051 - INFO - Using font: Arial Unicode
2025-09-04 13:52:23,097 - INFO - Using font: Arial Unicode
2025-09-04 13:52:23,106 - INFO - Using font: Arial Unicode
2025-09-04 13:52:23,157 - INFO - Using font: Arial Unicode
2025-09-04 13:52:23,165 - INFO - Using font: Arial Unicode
2025-09-04 13:52:23,216 - INFO - Using font: Arial Unicode
2025-09-04 13:52:23,225 - INFO - Using font: Arial Unicode
2025-09-04 13:52:23,276 - INFO - Using font: Arial Unicode
2025-09-04 13:52:23,285 - INFO - Using font: Arial Unicode
2025-09-04 13:52:23,425 - INFO - Using font: Arial Unicode
2025-09-04 13:52:23,435 - INFO - Using font: Arial Unicode
2025-09-04 13:52:23,480 - INFO - Using font: Arial Unicode
2025-09-04 13:52:23,487 - INFO - Using font: Arial Unicode
2025-09-04 13:52:23,527 - INFO - Using font: Arial Unicode
2025-09-04 13:52:23,535 - INFO - Using font: Arial Unicode
2025-09-04 13:52:23,694 - INFO - Using font: Arial Unicode
2025-09-04 13:52:23,701 - INFO - Using font: Arial Unicode
2025-09-04 13:52:23,742 - INFO - Using font: Arial Unicode
2025-09-04 13:52:23,749 - INFO - Using font: Arial Unicode
2025-09-04 13:52:23,789 - INFO - Using font: Arial Unicode
2025-09-04 13:52:23,799 - INFO - Using font: Arial Unicode
2025-09-04 13:52:23,952 - INFO - Using font: Arial Unicode
2025-09-04 13:52:23,959 - INFO - Using font: Arial Unicode
2025-09-04 13:52:23,997 - INFO - Using font: Arial Unicode
2025-09-04 13:52:24,004 - INFO - Using font: Arial Unicode
2025-09-04 13:52:24,040 - INFO - Using font: Arial Unicode
2025-09-04 13:52:24,047 - INFO - Using font: Arial Unicode
2025-09-04 13:52:24,082 - INFO - Using font: Arial Unicode
2025-09-04 13:52:24,088 - INFO - Using font: Arial Unicode
2025-09-04 13:52:24,228 - INFO - Using font: Arial Unicode
2025-09-04 13:52:24,235 - INFO - Using font: Arial Unicode
2025-09-04 13:52:24,270 - INFO - Using font: Arial Unicode
2025-09-04 13:52:24,277 - INFO - Using font: Arial Unicode
2025-09-04 13:52:24,314 - INFO - Using font: Arial Unicode
2025-09-04 13:52:24,320 - INFO - Using font: Arial Unicode
2025-09-04 13:52:24,483 - INFO - Using font: Arial Unicode
2025-09-04 13:52:24,491 - INFO - Using font: Arial Unicode
2025-09-04 13:52:24,525 - INFO - Using font: Arial Unicode
2025-09-04 13:52:24,531 - INFO - Using font: Arial Unicode
2025-09-04 13:52:24,569 - INFO - Using font: Arial Unicode
2025-09-04 13:52:24,577 - INFO - Using font: Arial Unicode
2025-09-04 13:52:24,613 - INFO - Using font: Arial Unicode
2025-09-04 13:52:24,619 - INFO - Using font: Arial Unicode
2025-09-04 13:52:24,777 - INFO - Using font: Arial Unicode
2025-09-04 13:52:24,784 - INFO - Using font: Arial Unicode
2025-09-04 13:52:24,820 - INFO - Using font: Arial Unicode
2025-09-04 13:52:24,826 - INFO - Using font: Arial Unicode
2025-09-04 13:52:24,955 - INFO - Using font: Arial Unicode
2025-09-04 13:52:24,962 - INFO - Using font: Arial Unicode
2025-09-04 13:52:24,997 - INFO - Using font: Arial Unicode
2025-09-04 13:52:25,003 - INFO - Using font: Arial Unicode
2025-09-04 13:52:25,129 - INFO - Using font: Arial Unicode
2025-09-04 13:52:25,135 - INFO - Using font: Arial Unicode
2025-09-04 13:52:25,173 - INFO - Using font: Arial Unicode
2025-09-04 13:52:25,180 - INFO - Using font: Arial Unicode
2025-09-04 13:52:25,310 - INFO - Using font: Arial Unicode
2025-09-04 13:52:25,317 - INFO - Using font: Arial Unicode
2025-09-04 13:52:25,352 - INFO - Using font: Arial Unicode
2025-09-04 13:52:25,359 - INFO - Using font: Arial Unicode
2025-09-04 13:52:25,505 - INFO - Using font: Arial Unicode
2025-09-04 13:52:25,511 - INFO - Using font: Arial Unicode
2025-09-04 13:52:25,549 - INFO - Using font: Arial Unicode
2025-09-04 13:52:25,558 - INFO - Using font: Arial Unicode
2025-09-04 13:52:25,698 - INFO - Using font: Arial Unicode
2025-09-04 13:52:25,704 - INFO - Using font: Arial Unicode
2025-09-04 13:52:25,742 - INFO - Using font: Arial Unicode
2025-09-04 13:52:25,749 - INFO - Using font: Arial Unicode
2025-09-04 13:52:25,942 - INFO - Using font: Arial Unicode
2025-09-04 13:52:25,953 - INFO - Using font: Arial Unicode
2025-09-04 13:52:26,002 - INFO - Using font: Arial Unicode
2025-09-04 13:52:26,010 - INFO - Using font: Arial Unicode
2025-09-04 13:52:26,070 - INFO - Using font: Arial Unicode
2025-09-04 13:52:26,078 - INFO - Using font: Arial Unicode
2025-09-04 13:52:26,132 - INFO - Using font: Arial Unicode
2025-09-04 13:52:26,140 - INFO - Using font: Arial Unicode
2025-09-04 13:52:26,297 - INFO - Using font: Arial Unicode
2025-09-04 13:52:26,302 - INFO - Using font: Arial Unicode
2025-09-04 13:52:26,338 - INFO - Using font: Arial Unicode
2025-09-04 13:52:26,343 - INFO - Using font: Arial Unicode
2025-09-04 13:52:26,380 - INFO - Using font: Arial Unicode
2025-09-04 13:52:26,387 - INFO - Using font: Arial Unicode
2025-09-04 13:52:26,515 - INFO - Using font: Arial Unicode
2025-09-04 13:52:26,521 - INFO - Using font: Arial Unicode
2025-09-04 13:52:26,556 - INFO - Using font: Arial Unicode
2025-09-04 13:52:26,562 - INFO - Using font: Arial Unicode
2025-09-04 13:52:26,596 - INFO - Using font: Arial Unicode
2025-09-04 13:52:26,602 - INFO - Using font: Arial Unicode
2025-09-04 13:52:26,639 - INFO - Using font: Arial Unicode
2025-09-04 13:52:26,645 - INFO - Using font: Arial Unicode
2025-09-04 13:52:26,681 - INFO - Using font: Arial Unicode
2025-09-04 13:52:26,687 - INFO - Using font: Arial Unicode
2025-09-04 13:52:26,724 - INFO - Using font: Arial Unicode
2025-09-04 13:52:26,731 - INFO - Using font: Arial Unicode
2025-09-04 13:52:26,871 - INFO - Using font: Arial Unicode
2025-09-04 13:52:26,877 - INFO - Using font: Arial Unicode
2025-09-04 13:52:26,912 - INFO - Using font: Arial Unicode
2025-09-04 13:52:26,918 - INFO - Using font: Arial Unicode
2025-09-04 13:52:26,954 - INFO - Using font: Arial Unicode
2025-09-04 13:52:26,960 - INFO - Using font: Arial Unicode
2025-09-04 13:52:26,995 - INFO - Using font: Arial Unicode
2025-09-04 13:52:27,001 - INFO - Using font: Arial Unicode
2025-09-04 13:52:27,036 - INFO - Using font: Arial Unicode
2025-09-04 13:52:27,043 - INFO - Using font: Arial Unicode
2025-09-04 13:52:27,169 - INFO - Using font: Arial Unicode
2025-09-04 13:52:27,175 - INFO - Using font: Arial Unicode
2025-09-04 13:52:27,210 - INFO - Using font: Arial Unicode
2025-09-04 13:52:27,217 - INFO - Using font: Arial Unicode
2025-09-04 13:52:27,250 - INFO - Using font: Arial Unicode
2025-09-04 13:52:27,256 - INFO - Using font: Arial Unicode
2025-09-04 13:52:27,289 - INFO - Using font: Arial Unicode
2025-09-04 13:52:27,295 - INFO - Using font: Arial Unicode
2025-09-04 13:52:27,331 - INFO - Using font: Arial Unicode
2025-09-04 13:52:27,337 - INFO - Using font: Arial Unicode
2025-09-04 13:52:27,471 - INFO - Using font: Arial Unicode
2025-09-04 13:52:27,477 - INFO - Using font: Arial Unicode
2025-09-04 13:52:27,512 - INFO - Using font: Arial Unicode
2025-09-04 13:52:27,518 - INFO - Using font: Arial Unicode
2025-09-04 13:52:27,555 - INFO - Using font: Arial Unicode
2025-09-04 13:52:27,562 - INFO - Using font: Arial Unicode
2025-09-04 13:52:27,599 - INFO - Using font: Arial Unicode
2025-09-04 13:52:27,606 - INFO - Using font: Arial Unicode
2025-09-04 13:52:27,740 - INFO - Using font: Arial Unicode
2025-09-04 13:52:27,746 - INFO - Using font: Arial Unicode
2025-09-04 13:52:27,782 - INFO - Using font: Arial Unicode
2025-09-04 13:52:27,788 - INFO - Using font: Arial Unicode
2025-09-04 13:52:27,823 - INFO - Using font: Arial Unicode
2025-09-04 13:52:27,830 - INFO - Using font: Arial Unicode
2025-09-04 13:52:27,866 - INFO - Using font: Arial Unicode
2025-09-04 13:52:27,873 - INFO - Using font: Arial Unicode
2025-09-04 13:52:28,033 - INFO - Using font: Arial Unicode
2025-09-04 13:52:28,039 - INFO - Using font: Arial Unicode
2025-09-04 13:52:28,075 - INFO - Using font: Arial Unicode
2025-09-04 13:52:28,081 - INFO - Using font: Arial Unicode
2025-09-04 13:52:28,116 - INFO - Using font: Arial Unicode
2025-09-04 13:52:28,123 - INFO - Using font: Arial Unicode
2025-09-04 13:52:28,162 - INFO - Using font: Arial Unicode
2025-09-04 13:52:28,169 - INFO - Using font: Arial Unicode
2025-09-04 13:52:28,299 - INFO - Using font: Arial Unicode
2025-09-04 13:52:28,306 - INFO - Using font: Arial Unicode
2025-09-04 13:52:28,343 - INFO - Using font: Arial Unicode
2025-09-04 13:52:28,349 - INFO - Using font: Arial Unicode
2025-09-04 13:52:28,385 - INFO - Using font: Arial Unicode
2025-09-04 13:52:28,392 - INFO - Using font: Arial Unicode
2025-09-04 13:52:28,543 - INFO - Using font: Arial Unicode
2025-09-04 13:52:28,550 - INFO - Using font: Arial Unicode
2025-09-04 13:52:28,585 - INFO - Using font: Arial Unicode
2025-09-04 13:52:28,593 - INFO - Using font: Arial Unicode
2025-09-04 13:52:28,626 - INFO - Using font: Arial Unicode
2025-09-04 13:52:28,632 - INFO - Using font: Arial Unicode
2025-09-04 13:52:28,778 - INFO - Using font: Arial Unicode
2025-09-04 13:52:28,784 - INFO - Using font: Arial Unicode
2025-09-04 13:52:28,819 - INFO - Using font: Arial Unicode
2025-09-04 13:52:28,825 - INFO - Using font: Arial Unicode
2025-09-04 13:52:28,859 - INFO - Using font: Arial Unicode
2025-09-04 13:52:28,866 - INFO - Using font: Arial Unicode
2025-09-04 13:52:29,024 - INFO - Using font: Arial Unicode
2025-09-04 13:52:29,030 - INFO - Using font: Arial Unicode
2025-09-04 13:52:29,067 - INFO - Using font: Arial Unicode
2025-09-04 13:52:29,074 - INFO - Using font: Arial Unicode
2025-09-04 13:52:29,210 - INFO - Using font: Arial Unicode
2025-09-04 13:52:29,217 - INFO - Using font: Arial Unicode
2025-09-04 13:52:29,256 - INFO - Using font: Arial Unicode
2025-09-04 13:52:29,262 - INFO - Using font: Arial Unicode
2025-09-04 13:52:29,298 - INFO - Using font: Arial Unicode
2025-09-04 13:52:29,305 - INFO - Using font: Arial Unicode
2025-09-04 13:52:29,448 - INFO - Using font: Arial Unicode
2025-09-04 13:52:29,454 - INFO - Using font: Arial Unicode
2025-09-04 13:52:29,493 - INFO - Using font: Arial Unicode
2025-09-04 13:52:29,501 - INFO - Using font: Arial Unicode
2025-09-04 13:52:29,536 - INFO - Using font: Arial Unicode
2025-09-04 13:52:29,542 - INFO - Using font: Arial Unicode
2025-09-04 13:52:29,679 - INFO - Using font: Arial Unicode
2025-09-04 13:52:29,685 - INFO - Using font: Arial Unicode
2025-09-04 13:52:29,724 - INFO - Using font: Arial Unicode
2025-09-04 13:52:29,730 - INFO - Using font: Arial Unicode
2025-09-04 13:52:29,769 - INFO - Using font: Arial Unicode
2025-09-04 13:52:29,775 - INFO - Using font: Arial Unicode
2025-09-04 13:52:29,811 - INFO - Using font: Arial Unicode
2025-09-04 13:52:29,818 - INFO - Using font: Arial Unicode
2025-09-04 13:52:29,938 - INFO - Using font: Arial Unicode
2025-09-04 13:52:29,945 - INFO - Using font: Arial Unicode
2025-09-04 13:52:29,980 - INFO - Using font: Arial Unicode
2025-09-04 13:52:29,987 - INFO - Using font: Arial Unicode
2025-09-04 13:52:30,147 - INFO - Using font: Arial Unicode
2025-09-04 13:52:30,153 - INFO - Using font: Arial Unicode
2025-09-04 13:52:30,191 - INFO - Using font: Arial Unicode
2025-09-04 13:52:30,198 - INFO - Using font: Arial Unicode
2025-09-04 13:52:30,235 - INFO - Using font: Arial Unicode
2025-09-04 13:52:30,241 - INFO - Using font: Arial Unicode
2025-09-04 13:52:30,376 - INFO - Using font: Arial Unicode
2025-09-04 13:52:30,383 - INFO - Using font: Arial Unicode
2025-09-04 13:52:30,418 - INFO - Using font: Arial Unicode
2025-09-04 13:52:30,424 - INFO - Using font: Arial Unicode
2025-09-04 13:52:30,461 - INFO - Using font: Arial Unicode
2025-09-04 13:52:30,468 - INFO - Using font: Arial Unicode
2025-09-04 13:52:30,607 - INFO - Using font: Arial Unicode
2025-09-04 13:52:30,613 - INFO - Using font: Arial Unicode
2025-09-04 13:52:30,649 - INFO - Using font: Arial Unicode
2025-09-04 13:52:30,660 - INFO - Using font: Arial Unicode
2025-09-04 13:52:30,693 - INFO - Using font: Arial Unicode
2025-09-04 13:52:30,700 - INFO - Using font: Arial Unicode
2025-09-04 13:52:30,844 - INFO - Using font: Arial Unicode
2025-09-04 13:52:30,850 - INFO - Using font: Arial Unicode
2025-09-04 13:52:30,887 - INFO - Using font: Arial Unicode
2025-09-04 13:52:30,893 - INFO - Using font: Arial Unicode
2025-09-04 13:52:31,048 - INFO - Using font: Arial Unicode
2025-09-04 13:52:31,056 - INFO - Using font: Arial Unicode
2025-09-04 13:52:31,106 - INFO - Using font: Arial Unicode
2025-09-04 13:52:31,113 - INFO - Using font: Arial Unicode
2025-09-04 13:52:31,250 - INFO - Using font: Arial Unicode
2025-09-04 13:52:31,259 - INFO - Using font: Arial Unicode
2025-09-04 13:52:31,306 - INFO - Using font: Arial Unicode
2025-09-04 13:52:31,313 - INFO - Using font: Arial Unicode
2025-09-04 13:52:31,488 - INFO - Using font: Arial Unicode
2025-09-04 13:52:31,494 - INFO - Using font: Arial Unicode
2025-09-04 13:52:31,529 - INFO - Using font: Arial Unicode
2025-09-04 13:52:31,536 - INFO - Using font: Arial Unicode
2025-09-04 13:52:31,571 - INFO - Using font: Arial Unicode
2025-09-04 13:52:31,577 - INFO - Using font: Arial Unicode
2025-09-04 13:52:31,711 - INFO - Using font: Arial Unicode
2025-09-04 13:52:31,718 - INFO - Using font: Arial Unicode
2025-09-04 13:52:31,755 - INFO - Using font: Arial Unicode
2025-09-04 13:52:31,761 - INFO - Using font: Arial Unicode
2025-09-04 13:52:31,923 - INFO - Using font: Arial Unicode
2025-09-04 13:52:31,929 - INFO - Using font: Arial Unicode
2025-09-04 13:52:31,963 - INFO - Using font: Arial Unicode
2025-09-04 13:52:31,970 - INFO - Using font: Arial Unicode
2025-09-04 13:52:32,004 - INFO - Using font: Arial Unicode
2025-09-04 13:52:32,011 - INFO - Using font: Arial Unicode
2025-09-04 13:52:32,137 - INFO - Using font: Arial Unicode
2025-09-04 13:52:32,144 - INFO - Using font: Arial Unicode
2025-09-04 13:52:32,181 - INFO - Using font: Arial Unicode
2025-09-04 13:52:32,187 - INFO - Using font: Arial Unicode
2025-09-04 13:52:32,222 - INFO - Using font: Arial Unicode
2025-09-04 13:52:32,228 - INFO - Using font: Arial Unicode
2025-09-04 13:52:32,350 - INFO - Using font: Arial Unicode
2025-09-04 13:52:32,357 - INFO - Using font: Arial Unicode
2025-09-04 13:52:32,498 - INFO - Using font: Arial Unicode
2025-09-04 13:52:32,504 - INFO - Using font: Arial Unicode
2025-09-04 13:52:32,541 - INFO - Using font: Arial Unicode
2025-09-04 13:52:32,547 - INFO - Using font: Arial Unicode
2025-09-04 13:52:32,682 - INFO - Using font: Arial Unicode
2025-09-04 13:52:32,689 - INFO - Using font: Arial Unicode
2025-09-04 13:52:32,726 - INFO - Using font: Arial Unicode
2025-09-04 13:52:32,732 - INFO - Using font: Arial Unicode
2025-09-04 13:52:32,766 - INFO - Using font: Arial Unicode
2025-09-04 13:52:32,772 - INFO - Using font: Arial Unicode
2025-09-04 13:52:32,809 - INFO - Using font: Arial Unicode
2025-09-04 13:52:32,815 - INFO - Using font: Arial Unicode
2025-09-04 13:52:32,940 - INFO - Using font: Arial Unicode
2025-09-04 13:52:32,947 - INFO - Using font: Arial Unicode
2025-09-04 13:52:32,983 - INFO - Using font: Arial Unicode
2025-09-04 13:52:32,989 - INFO - Using font: Arial Unicode
2025-09-04 13:52:33,023 - INFO - Using font: Arial Unicode
2025-09-04 13:52:33,030 - INFO - Using font: Arial Unicode
2025-09-04 13:52:33,172 - INFO - Using font: Arial Unicode
2025-09-04 13:52:33,178 - INFO - Using font: Arial Unicode
2025-09-04 13:52:33,213 - INFO - Using font: Arial Unicode
2025-09-04 13:52:33,219 - INFO - Using font: Arial Unicode
2025-09-04 13:52:33,254 - INFO - Using font: Arial Unicode
2025-09-04 13:52:33,261 - INFO - Using font: Arial Unicode
2025-09-04 13:52:33,295 - INFO - Using font: Arial Unicode
2025-09-04 13:52:33,301 - INFO - Using font: Arial Unicode
2025-09-04 13:52:33,427 - INFO - Using font: Arial Unicode
2025-09-04 13:52:33,435 - INFO - Using font: Arial Unicode
2025-09-04 13:52:33,482 - INFO - Using font: Arial Unicode
2025-09-04 13:52:33,489 - INFO - Using font: Arial Unicode
2025-09-04 13:52:33,528 - INFO - Using font: Arial Unicode
2025-09-04 13:52:33,537 - INFO - Using font: Arial Unicode
2025-09-04 13:52:33,682 - INFO - Using font: Arial Unicode
2025-09-04 13:52:33,688 - INFO - Using font: Arial Unicode
2025-09-04 13:52:33,742 - INFO - Using font: Arial Unicode
2025-09-04 13:52:33,748 - INFO - Using font: Arial Unicode
2025-09-04 13:52:33,792 - INFO - Using font: Arial Unicode
2025-09-04 13:52:33,798 - INFO - Using font: Arial Unicode
2025-09-04 13:52:33,930 - INFO - Using font: Arial Unicode
2025-09-04 13:52:33,937 - INFO - Using font: Arial Unicode
2025-09-04 13:52:33,975 - INFO - Using font: Arial Unicode
2025-09-04 13:52:33,982 - INFO - Using font: Arial Unicode
2025-09-04 13:52:34,027 - INFO - Using font: Arial Unicode
2025-09-04 13:52:34,035 - INFO - Using font: Arial Unicode
2025-09-04 13:52:34,079 - INFO - Using font: Arial Unicode
2025-09-04 13:52:34,086 - INFO - Using font: Arial Unicode
2025-09-04 13:52:34,242 - INFO - Using font: Arial Unicode
2025-09-04 13:52:34,249 - INFO - Using font: Arial Unicode
2025-09-04 13:52:34,288 - INFO - Using font: Arial Unicode
2025-09-04 13:52:34,295 - INFO - Using font: Arial Unicode
2025-09-04 13:52:34,330 - INFO - Using font: Arial Unicode
2025-09-04 13:52:34,337 - INFO - Using font: Arial Unicode
2025-09-04 13:52:34,465 - INFO - Using font: Arial Unicode
2025-09-04 13:52:34,471 - INFO - Using font: Arial Unicode
2025-09-04 13:52:34,507 - INFO - Using font: Arial Unicode
2025-09-04 13:52:34,513 - INFO - Using font: Arial Unicode
2025-09-04 13:52:34,548 - INFO - Using font: Arial Unicode
2025-09-04 13:52:34,554 - INFO - Using font: Arial Unicode
2025-09-04 13:52:34,672 - INFO - Using font: Arial Unicode
2025-09-04 13:52:34,679 - INFO - Using font: Arial Unicode
2025-09-04 13:52:34,714 - INFO - Using font: Arial Unicode
2025-09-04 13:52:34,720 - INFO - Using font: Arial Unicode
2025-09-04 13:52:34,755 - INFO - Using font: Arial Unicode
2025-09-04 13:52:34,761 - INFO - Using font: Arial Unicode
2025-09-04 13:52:34,906 - INFO - Using font: Arial Unicode
2025-09-04 13:52:34,912 - INFO - Using font: Arial Unicode
2025-09-04 13:52:34,948 - INFO - Using font: Arial Unicode
2025-09-04 13:52:34,954 - INFO - Using font: Arial Unicode
2025-09-04 13:52:35,101 - INFO - Using font: Arial Unicode
2025-09-04 13:52:35,107 - INFO - Using font: Arial Unicode
2025-09-04 13:52:35,143 - INFO - Using font: Arial Unicode
2025-09-04 13:52:35,149 - INFO - Using font: Arial Unicode
2025-09-04 13:52:35,295 - INFO - Using font: Arial Unicode
2025-09-04 13:52:35,301 - INFO - Using font: Arial Unicode
2025-09-04 13:52:35,340 - INFO - Using font: Arial Unicode
2025-09-04 13:52:35,346 - INFO - Using font: Arial Unicode
2025-09-04 13:52:35,384 - INFO - Using font: Arial Unicode
2025-09-04 13:52:35,390 - INFO - Using font: Arial Unicode
2025-09-04 13:52:35,534 - INFO - Using font: Arial Unicode
2025-09-04 13:52:35,541 - INFO - Using font: Arial Unicode
2025-09-04 13:52:35,577 - INFO - Using font: Arial Unicode
2025-09-04 13:52:35,584 - INFO - Using font: Arial Unicode
2025-09-04 13:52:35,736 - INFO - Using font: Arial Unicode
2025-09-04 13:52:35,745 - INFO - Using font: Arial Unicode
2025-09-04 13:52:35,781 - INFO - Using font: Arial Unicode
2025-09-04 13:52:35,788 - INFO - Using font: Arial Unicode
2025-09-04 13:52:35,826 - INFO - Using font: Arial Unicode
2025-09-04 13:52:35,833 - INFO - Using font: Arial Unicode
2025-09-04 13:52:35,966 - INFO - Using font: Arial Unicode
2025-09-04 13:52:35,973 - INFO - Using font: Arial Unicode
2025-09-04 13:52:36,013 - INFO - Using font: Arial Unicode
2025-09-04 13:52:36,019 - INFO - Using font: Arial Unicode
2025-09-04 13:52:36,057 - INFO - Using font: Arial Unicode
2025-09-04 13:52:36,063 - INFO - Using font: Arial Unicode
2025-09-04 13:52:36,190 - INFO - Using font: Arial Unicode
2025-09-04 13:52:36,196 - INFO - Using font: Arial Unicode
2025-09-04 13:52:36,231 - INFO - Using font: Arial Unicode
2025-09-04 13:52:36,237 - INFO - Using font: Arial Unicode
2025-09-04 13:52:36,273 - INFO - Using font: Arial Unicode
2025-09-04 13:52:36,279 - INFO - Using font: Arial Unicode
2025-09-04 13:52:36,313 - INFO - Using font: Arial Unicode
2025-09-04 13:52:36,319 - INFO - Using font: Arial Unicode
2025-09-04 13:52:36,443 - INFO - Using font: Arial Unicode
2025-09-04 13:52:36,449 - INFO - Using font: Arial Unicode
2025-09-04 13:52:36,486 - INFO - Using font: Arial Unicode
2025-09-04 13:52:36,492 - INFO - Using font: Arial Unicode
2025-09-04 13:52:36,615 - INFO - Using font: Arial Unicode
2025-09-04 13:52:36,622 - INFO - Using font: Arial Unicode
2025-09-04 13:52:36,679 - INFO - Using font: Arial Unicode
2025-09-04 13:52:36,687 - INFO - Using font: Arial Unicode
2025-09-04 13:52:36,850 - INFO - Using font: Arial Unicode
2025-09-04 13:52:36,857 - INFO - Using font: Arial Unicode
2025-09-04 13:52:36,893 - INFO - Using font: Arial Unicode
2025-09-04 13:52:36,900 - INFO - Using font: Arial Unicode
2025-09-04 13:52:36,938 - INFO - Using font: Arial Unicode
2025-09-04 13:52:36,944 - INFO - Using font: Arial Unicode
2025-09-04 13:52:37,074 - INFO - Using font: Arial Unicode
2025-09-04 13:52:37,080 - INFO - Using font: Arial Unicode
2025-09-04 13:52:37,115 - INFO - Using font: Arial Unicode
2025-09-04 13:52:37,121 - INFO - Using font: Arial Unicode
2025-09-04 13:52:37,159 - INFO - Using font: Arial Unicode
2025-09-04 13:52:37,165 - INFO - Using font: Arial Unicode
2025-09-04 13:52:37,295 - INFO - Using font: Arial Unicode
2025-09-04 13:52:37,301 - INFO - Using font: Arial Unicode
2025-09-04 13:52:37,422 - INFO - Using font: Arial Unicode
2025-09-04 13:52:37,428 - INFO - Using font: Arial Unicode
2025-09-04 13:52:37,567 - INFO - Using font: Arial Unicode
2025-09-04 13:52:37,573 - INFO - Using font: Arial Unicode
2025-09-04 13:52:37,607 - INFO - Using font: Arial Unicode
2025-09-04 13:52:37,614 - INFO - Using font: Arial Unicode
2025-09-04 13:52:37,734 - INFO - Using font: Arial Unicode
2025-09-04 13:52:37,740 - INFO - Using font: Arial Unicode
2025-09-04 13:52:37,874 - INFO - Using font: Arial Unicode
2025-09-04 13:52:37,881 - INFO - Using font: Arial Unicode
2025-09-04 13:52:37,998 - INFO - Using font: Arial Unicode
2025-09-04 13:52:38,005 - INFO - Using font: Arial Unicode
2025-09-04 13:52:38,041 - INFO - Using font: Arial Unicode
2025-09-04 13:52:38,047 - INFO - Using font: Arial Unicode
2025-09-04 13:52:38,173 - INFO - Using font: Arial Unicode
2025-09-04 13:52:38,180 - INFO - Using font: Arial Unicode
2025-09-04 13:52:38,216 - INFO - Using font: Arial Unicode
2025-09-04 13:52:38,222 - INFO - Using font: Arial Unicode
2025-09-04 13:52:38,381 - INFO - Using font: Arial Unicode
2025-09-04 13:52:38,387 - INFO - Using font: Arial Unicode
2025-09-04 13:52:38,544 - INFO - Using font: Arial Unicode
2025-09-04 13:52:38,551 - INFO - Using font: Arial Unicode
2025-09-04 13:52:38,585 - INFO - Using font: Arial Unicode
2025-09-04 13:52:38,591 - INFO - Using font: Arial Unicode
2025-09-04 13:52:38,733 - INFO - Using font: Arial Unicode
2025-09-04 13:52:38,740 - INFO - Using font: Arial Unicode
2025-09-04 13:52:38,775 - INFO - Using font: Arial Unicode
2025-09-04 13:52:38,781 - INFO - Using font: Arial Unicode
2025-09-04 13:52:38,900 - INFO - Using font: Arial Unicode
2025-09-04 13:52:38,906 - INFO - Using font: Arial Unicode
2025-09-04 13:52:38,940 - INFO - Using font: Arial Unicode
2025-09-04 13:52:38,947 - INFO - Using font: Arial Unicode
2025-09-04 13:52:39,076 - INFO - Using font: Arial Unicode
2025-09-04 13:52:39,082 - INFO - Using font: Arial Unicode
2025-09-04 13:52:39,119 - INFO - Using font: Arial Unicode
2025-09-04 13:52:39,125 - INFO - Using font: Arial Unicode
2025-09-04 13:52:39,264 - INFO - Using font: Arial Unicode
2025-09-04 13:52:39,270 - INFO - Using font: Arial Unicode
2025-09-04 13:52:39,307 - INFO - Using font: Arial Unicode
2025-09-04 13:52:39,313 - INFO - Using font: Arial Unicode
2025-09-04 13:52:39,468 - INFO - Using font: Arial Unicode
2025-09-04 13:52:39,475 - INFO - Using font: Arial Unicode
2025-09-04 13:52:39,510 - INFO - Using font: Arial Unicode
2025-09-04 13:52:39,516 - INFO - Using font: Arial Unicode
2025-09-04 13:52:39,551 - INFO - Using font: Arial Unicode
2025-09-04 13:52:39,557 - INFO - Using font: Arial Unicode
2025-09-04 13:52:39,690 - INFO - Using font: Arial Unicode
2025-09-04 13:52:39,696 - INFO - Using font: Arial Unicode
2025-09-04 13:52:39,732 - INFO - Using font: Arial Unicode
2025-09-04 13:52:39,738 - INFO - Using font: Arial Unicode
2025-09-04 13:52:39,775 - INFO - Using font: Arial Unicode
2025-09-04 13:52:39,782 - INFO - Using font: Arial Unicode
2025-09-04 13:52:39,817 - INFO - Using font: Arial Unicode
2025-09-04 13:52:39,824 - INFO - Using font: Arial Unicode
2025-09-04 13:52:39,859 - INFO - Using font: Arial Unicode
2025-09-04 13:52:39,865 - INFO - Using font: Arial Unicode
2025-09-04 13:52:39,989 - INFO - Using font: Arial Unicode
2025-09-04 13:52:39,995 - INFO - Using font: Arial Unicode
2025-09-04 13:52:40,030 - INFO - Using font: Arial Unicode
2025-09-04 13:52:40,036 - INFO - Using font: Arial Unicode
2025-09-04 13:52:40,071 - INFO - Using font: Arial Unicode
2025-09-04 13:52:40,077 - INFO - Using font: Arial Unicode
2025-09-04 13:52:40,205 - INFO - Using font: Arial Unicode
2025-09-04 13:52:40,211 - INFO - Using font: Arial Unicode
2025-09-04 13:52:40,248 - INFO - Using font: Arial Unicode
2025-09-04 13:52:40,255 - INFO - Using font: Arial Unicode
2025-09-04 13:52:40,291 - INFO - Using font: Arial Unicode
2025-09-04 13:52:40,297 - INFO - Using font: Arial Unicode
2025-09-04 13:52:40,425 - INFO - Using font: Arial Unicode
2025-09-04 13:52:40,432 - INFO - Using font: Arial Unicode
2025-09-04 13:52:40,471 - INFO - Using font: Arial Unicode
2025-09-04 13:52:40,478 - INFO - Using font: Arial Unicode
2025-09-04 13:52:40,602 - INFO - Using font: Arial Unicode
2025-09-04 13:52:40,609 - INFO - Using font: Arial Unicode
2025-09-04 13:52:40,645 - INFO - Using font: Arial Unicode
2025-09-04 13:52:40,653 - INFO - Using font: Arial Unicode
2025-09-04 13:52:40,689 - INFO - Using font: Arial Unicode
2025-09-04 13:52:40,696 - INFO - Using font: Arial Unicode
2025-09-04 13:52:40,732 - INFO - Using font: Arial Unicode
2025-09-04 13:52:40,738 - INFO - Using font: Arial Unicode
2025-09-04 13:52:40,875 - INFO - Using font: Arial Unicode
2025-09-04 13:52:40,881 - INFO - Using font: Arial Unicode
2025-09-04 13:52:40,916 - INFO - Using font: Arial Unicode
2025-09-04 13:52:40,922 - INFO - Using font: Arial Unicode
2025-09-04 13:52:40,958 - INFO - Using font: Arial Unicode
2025-09-04 13:52:40,964 - INFO - Using font: Arial Unicode
2025-09-04 13:52:41,004 - INFO - Using font: Arial Unicode
2025-09-04 13:52:41,010 - INFO - Using font: Arial Unicode
2025-09-04 13:52:41,136 - INFO - Using font: Arial Unicode
2025-09-04 13:52:41,142 - INFO - Using font: Arial Unicode
2025-09-04 13:52:41,183 - INFO - Using font: Arial Unicode
2025-09-04 13:52:41,195 - INFO - Using font: Arial Unicode
2025-09-04 13:52:41,230 - INFO - Using font: Arial Unicode
2025-09-04 13:52:41,236 - INFO - Using font: Arial Unicode
2025-09-04 13:52:41,271 - INFO - Using font: Arial Unicode
2025-09-04 13:52:41,277 - INFO - Using font: Arial Unicode
2025-09-04 13:52:41,428 - INFO - Using font: Arial Unicode
2025-09-04 13:52:41,435 - INFO - Using font: Arial Unicode
2025-09-04 13:52:41,472 - INFO - Using font: Arial Unicode
2025-09-04 13:52:41,479 - INFO - Using font: Arial Unicode
2025-09-04 13:52:41,629 - INFO - Using font: Arial Unicode
2025-09-04 13:52:41,637 - INFO - Using font: Arial Unicode
2025-09-04 13:52:41,672 - INFO - Using font: Arial Unicode
2025-09-04 13:52:41,678 - INFO - Using font: Arial Unicode
2025-09-04 13:52:41,714 - INFO - Using font: Arial Unicode
2025-09-04 13:52:41,721 - INFO - Using font: Arial Unicode
2025-09-04 13:52:41,755 - INFO - Using font: Arial Unicode
2025-09-04 13:52:41,763 - INFO - Using font: Arial Unicode
2025-09-04 13:52:41,800 - INFO - Using font: Arial Unicode
2025-09-04 13:52:41,807 - INFO - Using font: Arial Unicode
2025-09-04 13:52:41,939 - INFO - Using font: Arial Unicode
2025-09-04 13:52:41,946 - INFO - Using font: Arial Unicode
2025-09-04 13:52:41,982 - INFO - Using font: Arial Unicode
2025-09-04 13:52:41,989 - INFO - Using font: Arial Unicode
2025-09-04 13:52:42,027 - INFO - Using font: Arial Unicode
2025-09-04 13:52:42,034 - INFO - Using font: Arial Unicode
2025-09-04 13:52:42,195 - INFO - Using font: Arial Unicode
2025-09-04 13:52:42,203 - INFO - Using font: Arial Unicode
2025-09-04 13:52:42,254 - INFO - Using font: Arial Unicode
2025-09-04 13:52:42,262 - INFO - Using font: Arial Unicode
2025-09-04 13:52:42,311 - INFO - Using font: Arial Unicode
2025-09-04 13:52:42,322 - INFO - Using font: Arial Unicode
2025-09-04 13:52:42,495 - INFO - Using font: Arial Unicode
2025-09-04 13:52:42,501 - INFO - Using font: Arial Unicode
2025-09-04 13:52:42,537 - INFO - Using font: Arial Unicode
2025-09-04 13:52:42,543 - INFO - Using font: Arial Unicode
2025-09-04 13:52:42,577 - INFO - Using font: Arial Unicode
2025-09-04 13:52:42,583 - INFO - Using font: Arial Unicode
2025-09-04 13:52:42,710 - INFO - Using font: Arial Unicode
2025-09-04 13:52:42,716 - INFO - Using font: Arial Unicode
2025-09-04 13:52:42,751 - INFO - Using font: Arial Unicode
2025-09-04 13:52:42,757 - INFO - Using font: Arial Unicode
2025-09-04 13:52:42,792 - INFO - Using font: Arial Unicode
2025-09-04 13:52:42,798 - INFO - Using font: Arial Unicode
2025-09-04 13:52:42,834 - INFO - Using font: Arial Unicode
2025-09-04 13:52:42,840 - INFO - Using font: Arial Unicode
2025-09-04 13:52:42,969 - INFO - Using font: Arial Unicode
2025-09-04 13:52:42,975 - INFO - Using font: Arial Unicode
2025-09-04 13:52:43,010 - INFO - Using font: Arial Unicode
2025-09-04 13:52:43,016 - INFO - Using font: Arial Unicode
2025-09-04 13:52:43,050 - INFO - Using font: Arial Unicode
2025-09-04 13:52:43,056 - INFO - Using font: Arial Unicode
2025-09-04 13:52:43,091 - INFO - Using font: Arial Unicode
2025-09-04 13:52:43,097 - INFO - Using font: Arial Unicode
2025-09-04 13:52:43,224 - INFO - Using font: Arial Unicode
2025-09-04 13:52:43,231 - INFO - Using font: Arial Unicode
2025-09-04 13:52:43,264 - INFO - Using font: Arial Unicode
2025-09-04 13:52:43,271 - INFO - Using font: Arial Unicode
2025-09-04 13:52:43,402 - INFO - Using font: Arial Unicode
2025-09-04 13:52:43,408 - INFO - Using font: Arial Unicode
2025-09-04 13:52:43,448 - INFO - Using font: Arial Unicode
2025-09-04 13:52:43,455 - INFO - Using font: Arial Unicode
2025-09-04 13:52:43,490 - INFO - Using font: Arial Unicode
2025-09-04 13:52:43,496 - INFO - Using font: Arial Unicode
2025-09-04 13:52:43,617 - INFO - Using font: Arial Unicode
2025-09-04 13:52:43,623 - INFO - Using font: Arial Unicode
2025-09-04 13:52:43,661 - INFO - Using font: Arial Unicode
2025-09-04 13:52:43,668 - INFO - Using font: Arial Unicode
2025-09-04 13:52:43,794 - INFO - Using font: Arial Unicode
2025-09-04 13:52:43,800 - INFO - Using font: Arial Unicode
2025-09-04 13:52:43,836 - INFO - Using font: Arial Unicode
2025-09-04 13:52:43,842 - INFO - Using font: Arial Unicode
2025-09-04 13:52:43,881 - INFO - Using font: Arial Unicode
2025-09-04 13:52:43,887 - INFO - Using font: Arial Unicode
2025-09-04 13:52:44,040 - INFO - Using font: Arial Unicode
2025-09-04 13:52:44,047 - INFO - Using font: Arial Unicode
2025-09-04 13:52:44,086 - INFO - Using font: Arial Unicode
2025-09-04 13:52:44,093 - INFO - Using font: Arial Unicode
2025-09-04 13:52:44,135 - INFO - Using font: Arial Unicode
2025-09-04 13:52:44,142 - INFO - Using font: Arial Unicode
2025-09-04 13:52:44,265 - INFO - Using font: Arial Unicode
2025-09-04 13:52:44,271 - INFO - Using font: Arial Unicode
2025-09-04 13:52:44,309 - INFO - Using font: Arial Unicode
2025-09-04 13:52:44,315 - INFO - Using font: Arial Unicode
2025-09-04 13:52:44,358 - INFO - Using font: Arial Unicode
2025-09-04 13:52:44,365 - INFO - Using font: Arial Unicode
2025-09-04 13:52:44,491 - INFO - Using font: Arial Unicode
2025-09-04 13:52:44,498 - INFO - Using font: Arial Unicode
2025-09-04 13:52:44,537 - INFO - Using font: Arial Unicode
2025-09-04 13:52:44,544 - INFO - Using font: Arial Unicode
2025-09-04 13:52:44,582 - INFO - Using font: Arial Unicode
2025-09-04 13:52:44,588 - INFO - Using font: Arial Unicode
2025-09-04 13:52:44,625 - INFO - Using font: Arial Unicode
2025-09-04 13:52:44,631 - INFO - Using font: Arial Unicode
2025-09-04 13:52:44,664 - INFO - Using font: Arial Unicode
2025-09-04 13:52:44,670 - INFO - Using font: Arial Unicode
2025-09-04 13:52:44,706 - INFO - Using font: Arial Unicode
2025-09-04 13:52:44,713 - INFO - Using font: Arial Unicode
2025-09-04 13:52:44,748 - INFO - Using font: Arial Unicode
2025-09-04 13:52:44,754 - INFO - Using font: Arial Unicode
2025-09-04 13:52:44,890 - INFO - Using font: Arial Unicode
2025-09-04 13:52:44,896 - INFO - Using font: Arial Unicode
2025-09-04 13:52:44,930 - INFO - Using font: Arial Unicode
2025-09-04 13:52:44,937 - INFO - Using font: Arial Unicode
2025-09-04 13:52:45,057 - INFO - Using font: Arial Unicode
2025-09-04 13:52:45,064 - INFO - Using font: Arial Unicode
2025-09-04 13:52:45,099 - INFO - Using font: Arial Unicode
2025-09-04 13:52:45,105 - INFO - Using font: Arial Unicode
2025-09-04 13:52:45,139 - INFO - Using font: Arial Unicode
2025-09-04 13:52:45,145 - INFO - Using font: Arial Unicode
2025-09-04 13:52:45,180 - INFO - Using font: Arial Unicode
2025-09-04 13:52:45,186 - INFO - Using font: Arial Unicode
2025-09-04 13:52:45,328 - INFO - Using font: Arial Unicode
2025-09-04 13:52:45,335 - INFO - Using font: Arial Unicode
2025-09-04 13:52:45,370 - INFO - Using font: Arial Unicode
2025-09-04 13:52:45,377 - INFO - Using font: Arial Unicode
2025-09-04 13:52:45,414 - INFO - Using font: Arial Unicode
2025-09-04 13:52:45,420 - INFO - Using font: Arial Unicode
2025-09-04 13:52:45,463 - INFO - Using font: Arial Unicode
2025-09-04 13:52:45,469 - INFO - Using font: Arial Unicode
2025-09-04 13:52:45,506 - INFO - Using font: Arial Unicode
2025-09-04 13:52:45,512 - INFO - Using font: Arial Unicode
2025-09-04 13:52:45,548 - INFO - Using font: Arial Unicode
2025-09-04 13:52:45,554 - INFO - Using font: Arial Unicode
2025-09-04 13:52:45,696 - INFO - Using font: Arial Unicode
2025-09-04 13:52:45,703 - INFO - Using font: Arial Unicode
2025-09-04 13:52:45,749 - INFO - Using font: Arial Unicode
2025-09-04 13:52:45,757 - INFO - Using font: Arial Unicode
2025-09-04 13:52:45,793 - INFO - Using font: Arial Unicode
2025-09-04 13:52:45,799 - INFO - Using font: Arial Unicode
2025-09-04 13:52:45,834 - INFO - Using font: Arial Unicode
2025-09-04 13:52:45,840 - INFO - Using font: Arial Unicode
2025-09-04 13:52:45,875 - INFO - Using font: Arial Unicode
2025-09-04 13:52:45,881 - INFO - Using font: Arial Unicode
2025-09-04 13:52:45,917 - INFO - Using font: Arial Unicode
2025-09-04 13:52:45,923 - INFO - Using font: Arial Unicode
2025-09-04 13:52:46,057 - INFO - Using font: Arial Unicode
2025-09-04 13:52:46,064 - INFO - Using font: Arial Unicode
2025-09-04 13:52:46,099 - INFO - Using font: Arial Unicode
2025-09-04 13:52:46,106 - INFO - Using font: Arial Unicode
2025-09-04 13:52:46,143 - INFO - Using font: Arial Unicode
2025-09-04 13:52:46,151 - INFO - Using font: Arial Unicode
2025-09-04 13:52:46,186 - INFO - Using font: Arial Unicode
2025-09-04 13:52:46,192 - INFO - Using font: Arial Unicode
2025-09-04 13:52:46,231 - INFO - Using font: Arial Unicode
2025-09-04 13:52:46,237 - INFO - Using font: Arial Unicode
2025-09-04 13:52:46,272 - INFO - Using font: Arial Unicode
2025-09-04 13:52:46,281 - INFO - Using font: Arial Unicode
2025-09-04 13:52:46,318 - INFO - Using font: Arial Unicode
2025-09-04 13:52:46,323 - INFO - Using font: Arial Unicode
2025-09-04 13:52:46,358 - INFO - Using font: Arial Unicode
2025-09-04 13:52:46,364 - INFO - Using font: Arial Unicode
2025-09-04 13:52:46,487 - INFO - Using font: Arial Unicode
2025-09-04 13:52:46,493 - INFO - Using font: Arial Unicode
2025-09-04 13:52:46,529 - INFO - Using font: Arial Unicode
2025-09-04 13:52:46,535 - INFO - Using font: Arial Unicode
2025-09-04 13:52:46,590 - INFO - Using font: Arial Unicode
2025-09-04 13:52:46,598 - INFO - Using font: Arial Unicode
2025-09-04 13:52:46,745 - INFO - Using font: Arial Unicode
2025-09-04 13:52:46,755 - INFO - Using font: Arial Unicode
2025-09-04 13:52:46,797 - INFO - Using font: Arial Unicode
2025-09-04 13:52:46,804 - INFO - Using font: Arial Unicode
2025-09-04 13:52:46,841 - INFO - Using font: Arial Unicode
2025-09-04 13:52:46,847 - INFO - Using font: Arial Unicode
2025-09-04 13:52:46,976 - INFO - Using font: Arial Unicode
2025-09-04 13:52:46,982 - INFO - Using font: Arial Unicode
2025-09-04 13:52:47,018 - INFO - Using font: Arial Unicode
2025-09-04 13:52:47,024 - INFO - Using font: Arial Unicode
2025-09-04 13:52:47,061 - INFO - Using font: Arial Unicode
2025-09-04 13:52:47,067 - INFO - Using font: Arial Unicode
2025-09-04 13:52:47,101 - INFO - Using font: Arial Unicode
2025-09-04 13:52:47,107 - INFO - Using font: Arial Unicode
2025-09-04 13:52:47,228 - INFO - Using font: Arial Unicode
2025-09-04 13:52:47,234 - INFO - Using font: Arial Unicode
2025-09-04 13:52:47,270 - INFO - Using font: Arial Unicode
2025-09-04 13:52:47,276 - INFO - Using font: Arial Unicode
2025-09-04 13:52:47,311 - INFO - Using font: Arial Unicode
2025-09-04 13:52:47,318 - INFO - Using font: Arial Unicode
2025-09-04 13:52:47,362 - INFO - Using font: Arial Unicode
2025-09-04 13:52:47,368 - INFO - Using font: Arial Unicode
2025-09-04 13:52:47,407 - INFO - Using font: Arial Unicode
2025-09-04 13:52:47,414 - INFO - Using font: Arial Unicode
2025-09-04 13:52:47,559 - INFO - Using font: Arial Unicode
2025-09-04 13:52:47,565 - INFO - Using font: Arial Unicode
2025-09-04 13:52:47,603 - INFO - Using font: Arial Unicode
2025-09-04 13:52:47,610 - INFO - Using font: Arial Unicode
2025-09-04 13:52:47,728 - INFO - Using font: Arial Unicode
2025-09-04 13:52:47,735 - INFO - Using font: Arial Unicode
2025-09-04 13:52:47,774 - INFO - Using font: Arial Unicode
2025-09-04 13:52:47,782 - INFO - Using font: Arial Unicode
2025-09-04 13:52:47,817 - INFO - Using font: Arial Unicode
2025-09-04 13:52:47,827 - INFO - Using font: Arial Unicode
2025-09-04 13:52:47,866 - INFO - Using font: Arial Unicode
2025-09-04 13:52:47,872 - INFO - Using font: Arial Unicode
2025-09-04 13:52:47,996 - INFO - Using font: Arial Unicode
2025-09-04 13:52:48,002 - INFO - Using font: Arial Unicode
2025-09-04 13:52:48,038 - INFO - Using font: Arial Unicode
2025-09-04 13:52:48,044 - INFO - Using font: Arial Unicode
2025-09-04 13:52:48,079 - INFO - Using font: Arial Unicode
2025-09-04 13:52:48,085 - INFO - Using font: Arial Unicode
2025-09-04 13:52:48,223 - INFO - Using font: Arial Unicode
2025-09-04 13:52:48,230 - INFO - Using font: Arial Unicode
2025-09-04 13:52:48,265 - INFO - Using font: Arial Unicode
2025-09-04 13:52:48,271 - INFO - Using font: Arial Unicode
2025-09-04 13:52:48,311 - INFO - Using font: Arial Unicode
2025-09-04 13:52:48,317 - INFO - Using font: Arial Unicode
2025-09-04 13:52:48,361 - INFO - Using font: Arial Unicode
2025-09-04 13:52:48,369 - INFO - Using font: Arial Unicode
2025-09-04 13:52:48,485 - INFO - Using font: Arial Unicode
2025-09-04 13:52:48,492 - INFO - Using font: Arial Unicode
2025-09-04 13:52:48,527 - INFO - Using font: Arial Unicode
2025-09-04 13:52:48,534 - INFO - Using font: Arial Unicode
2025-09-04 13:52:48,571 - INFO - Using font: Arial Unicode
2025-09-04 13:52:48,577 - INFO - Using font: Arial Unicode
2025-09-04 13:52:48,613 - INFO - Using font: Arial Unicode
2025-09-04 13:52:48,619 - INFO - Using font: Arial Unicode
2025-09-04 13:52:48,654 - INFO - Using font: Arial Unicode
2025-09-04 13:52:48,660 - INFO - Using font: Arial Unicode
2025-09-04 13:52:48,814 - INFO - Using font: Arial Unicode
2025-09-04 13:52:48,820 - INFO - Using font: Arial Unicode
2025-09-04 13:52:48,855 - INFO - Using font: Arial Unicode
2025-09-04 13:52:48,862 - INFO - Using font: Arial Unicode
2025-09-04 13:52:48,897 - INFO - Using font: Arial Unicode
2025-09-04 13:52:48,903 - INFO - Using font: Arial Unicode
2025-09-04 13:52:49,026 - INFO - Using font: Arial Unicode
2025-09-04 13:52:49,033 - INFO - Using font: Arial Unicode
2025-09-04 13:52:49,068 - INFO - Using font: Arial Unicode
2025-09-04 13:52:49,074 - INFO - Using font: Arial Unicode
2025-09-04 13:52:49,110 - INFO - Using font: Arial Unicode
2025-09-04 13:52:49,116 - INFO - Using font: Arial Unicode
2025-09-04 13:52:49,152 - INFO - Using font: Arial Unicode
2025-09-04 13:52:49,158 - INFO - Using font: Arial Unicode
2025-09-04 13:52:49,292 - INFO - Using font: Arial Unicode
2025-09-04 13:52:49,298 - INFO - Using font: Arial Unicode
2025-09-04 13:52:49,333 - INFO - Using font: Arial Unicode
2025-09-04 13:52:49,339 - INFO - Using font: Arial Unicode
2025-09-04 13:52:49,376 - INFO - Using font: Arial Unicode
2025-09-04 13:52:49,383 - INFO - Using font: Arial Unicode
2025-09-04 13:52:49,419 - INFO - Using font: Arial Unicode
2025-09-04 13:52:49,425 - INFO - Using font: Arial Unicode
2025-09-04 13:52:49,570 - INFO - Using font: Arial Unicode
2025-09-04 13:52:49,578 - INFO - Using font: Arial Unicode
2025-09-04 13:52:49,616 - INFO - Using font: Arial Unicode
2025-09-04 13:52:49,622 - INFO - Using font: Arial Unicode
2025-09-04 13:52:49,666 - INFO - Using font: Arial Unicode
2025-09-04 13:52:49,672 - INFO - Using font: Arial Unicode
2025-09-04 13:52:49,807 - INFO - Using font: Arial Unicode
2025-09-04 13:52:49,814 - INFO - Using font: Arial Unicode
2025-09-04 13:52:49,859 - INFO - Using font: Arial Unicode
2025-09-04 13:52:49,867 - INFO - Using font: Arial Unicode
2025-09-04 13:52:49,994 - INFO - Using font: Arial Unicode
2025-09-04 13:52:50,001 - INFO - Using font: Arial Unicode
2025-09-04 13:52:50,050 - INFO - Using font: Arial Unicode
2025-09-04 13:52:50,059 - INFO - Using font: Arial Unicode
2025-09-04 13:52:50,109 - INFO - Using font: Arial Unicode
2025-09-04 13:52:50,120 - INFO - Using font: Arial Unicode
2025-09-04 13:52:50,180 - INFO - Using font: Arial Unicode
2025-09-04 13:52:50,188 - INFO - Using font: Arial Unicode
2025-09-04 13:52:50,322 - INFO - Using font: Arial Unicode
2025-09-04 13:52:50,329 - INFO - Using font: Arial Unicode
2025-09-04 13:52:50,374 - INFO - Using font: Arial Unicode
2025-09-04 13:52:50,383 - INFO - Using font: Arial Unicode
2025-09-04 13:52:50,428 - INFO - Using font: Arial Unicode
2025-09-04 13:52:50,436 - INFO - Using font: Arial Unicode
2025-09-04 13:52:50,475 - INFO - Using font: Arial Unicode
2025-09-04 13:52:50,485 - INFO - Using font: Arial Unicode
2025-09-04 13:52:50,521 - INFO - Using font: Arial Unicode
2025-09-04 13:52:50,528 - INFO - Using font: Arial Unicode
2025-09-04 13:52:50,674 - INFO - Using font: Arial Unicode
2025-09-04 13:52:50,683 - INFO - Using font: Arial Unicode
2025-09-04 13:52:50,724 - INFO - Using font: Arial Unicode
2025-09-04 13:52:50,732 - INFO - Using font: Arial Unicode
2025-09-04 13:52:50,768 - INFO - Using font: Arial Unicode
2025-09-04 13:52:50,779 - INFO - Using font: Arial Unicode
2025-09-04 13:52:50,923 - INFO - Using font: Arial Unicode
2025-09-04 13:52:50,929 - INFO - Using font: Arial Unicode
2025-09-04 13:52:50,965 - INFO - Using font: Arial Unicode
2025-09-04 13:52:50,971 - INFO - Using font: Arial Unicode
2025-09-04 13:52:51,126 - INFO - Using font: Arial Unicode
2025-09-04 13:52:51,132 - INFO - Using font: Arial Unicode
2025-09-04 13:52:51,167 - INFO - Using font: Arial Unicode
2025-09-04 13:52:51,173 - INFO - Using font: Arial Unicode
2025-09-04 13:52:51,238 - INFO - Using font: Arial Unicode
2025-09-04 13:52:51,244 - INFO - Using font: Arial Unicode
2025-09-04 13:52:51,296 - INFO - Using font: Arial Unicode
2025-09-04 13:52:51,304 - INFO - Using font: Arial Unicode
2025-09-04 13:52:51,472 - INFO - Using font: Arial Unicode
2025-09-04 13:52:51,483 - INFO - Using font: Arial Unicode
2025-09-04 13:52:51,537 - INFO - Using font: Arial Unicode
2025-09-04 13:52:51,544 - INFO - Using font: Arial Unicode
2025-09-04 13:52:51,580 - INFO - Using font: Arial Unicode
2025-09-04 13:52:51,590 - INFO - Using font: Arial Unicode
2025-09-04 13:52:51,625 - INFO - Using font: Arial Unicode
2025-09-04 13:52:51,632 - INFO - Using font: Arial Unicode
2025-09-04 13:52:51,672 - INFO - Using font: Arial Unicode
2025-09-04 13:52:51,679 - INFO - Using font: Arial Unicode
2025-09-04 13:52:51,837 - INFO - Using font: Arial Unicode
2025-09-04 13:52:51,843 - INFO - Using font: Arial Unicode
2025-09-04 13:52:51,878 - INFO - Using font: Arial Unicode
2025-09-04 13:52:51,884 - INFO - Using font: Arial Unicode
2025-09-04 13:52:51,921 - INFO - Using font: Arial Unicode
2025-09-04 13:52:51,928 - INFO - Using font: Arial Unicode
2025-09-04 13:52:51,964 - INFO - Using font: Arial Unicode
2025-09-04 13:52:51,970 - INFO - Using font: Arial Unicode
2025-09-04 13:52:52,093 - INFO - Using font: Arial Unicode
2025-09-04 13:52:52,098 - INFO - Using font: Arial Unicode
2025-09-04 13:52:52,248 - INFO - Using font: Arial Unicode
2025-09-04 13:52:52,254 - INFO - Using font: Arial Unicode
2025-09-04 13:52:52,291 - INFO - Using font: Arial Unicode
2025-09-04 13:52:52,297 - INFO - Using font: Arial Unicode
2025-09-04 13:52:52,415 - INFO - Using font: Arial Unicode
2025-09-04 13:52:52,422 - INFO - Using font: Arial Unicode
2025-09-04 13:52:52,460 - INFO - Using font: Arial Unicode
2025-09-04 13:52:52,466 - INFO - Using font: Arial Unicode
2025-09-04 13:52:52,583 - INFO - Using font: Arial Unicode
2025-09-04 13:52:52,590 - INFO - Using font: Arial Unicode
2025-09-04 13:52:52,623 - INFO - Using font: Arial Unicode
2025-09-04 13:52:52,629 - INFO - Using font: Arial Unicode
2025-09-04 13:52:52,662 - INFO - Using font: Arial Unicode
2025-09-04 13:52:52,669 - INFO - Using font: Arial Unicode
2025-09-04 13:52:52,792 - INFO - Using font: Arial Unicode
2025-09-04 13:52:52,799 - INFO - Using font: Arial Unicode
2025-09-04 13:52:52,927 - INFO - Using font: Arial Unicode
2025-09-04 13:52:52,934 - INFO - Using font: Arial Unicode
2025-09-04 13:52:52,969 - INFO - Using font: Arial Unicode
2025-09-04 13:52:52,975 - INFO - Using font: Arial Unicode
2025-09-04 13:52:53,013 - INFO - Using font: Arial Unicode
2025-09-04 13:52:53,019 - INFO - Using font: Arial Unicode
2025-09-04 13:52:53,148 - INFO - Using font: Arial Unicode
2025-09-04 13:52:53,155 - INFO - Using font: Arial Unicode
2025-09-04 13:52:53,190 - INFO - Using font: Arial Unicode
2025-09-04 13:52:53,196 - INFO - Using font: Arial Unicode
2025-09-04 13:52:53,347 - INFO - Using font: Arial Unicode
2025-09-04 13:52:53,353 - INFO - Using font: Arial Unicode
2025-09-04 13:52:53,389 - INFO - Using font: Arial Unicode
2025-09-04 13:52:53,395 - INFO - Using font: Arial Unicode
2025-09-04 13:52:53,433 - INFO - Using font: Arial Unicode
2025-09-04 13:52:53,441 - INFO - Using font: Arial Unicode
2025-09-04 13:52:53,481 - INFO - Using font: Arial Unicode
2025-09-04 13:52:53,487 - INFO - Using font: Arial Unicode
2025-09-04 13:52:53,643 - INFO - Using font: Arial Unicode
2025-09-04 13:52:53,649 - INFO - Using font: Arial Unicode
2025-09-04 13:52:53,685 - INFO - Using font: Arial Unicode
2025-09-04 13:52:53,692 - INFO - Using font: Arial Unicode
2025-09-04 13:52:53,726 - INFO - Using font: Arial Unicode
2025-09-04 13:52:53,732 - INFO - Using font: Arial Unicode
2025-09-04 13:52:53,865 - INFO - Using font: Arial Unicode
2025-09-04 13:52:53,872 - INFO - Using font: Arial Unicode
2025-09-04 13:52:53,907 - INFO - Using font: Arial Unicode
2025-09-04 13:52:53,913 - INFO - Using font: Arial Unicode
2025-09-04 13:52:53,949 - INFO - Using font: Arial Unicode
2025-09-04 13:52:53,956 - INFO - Using font: Arial Unicode
2025-09-04 13:52:53,991 - INFO - Using font: Arial Unicode
2025-09-04 13:52:53,999 - INFO - Using font: Arial Unicode
2025-09-04 13:52:54,128 - INFO - Using font: Arial Unicode
2025-09-04 13:52:54,134 - INFO - Using font: Arial Unicode
2025-09-04 13:52:54,169 - INFO - Using font: Arial Unicode
2025-09-04 13:52:54,176 - INFO - Using font: Arial Unicode
2025-09-04 13:52:54,212 - INFO - Using font: Arial Unicode
2025-09-04 13:52:54,218 - INFO - Using font: Arial Unicode
2025-09-04 13:52:54,257 - INFO - Using font: Arial Unicode
2025-09-04 13:52:54,263 - INFO - Using font: Arial Unicode
2025-09-04 13:52:54,389 - INFO - Using font: Arial Unicode
2025-09-04 13:52:54,395 - INFO - Using font: Arial Unicode
2025-09-04 13:52:54,433 - INFO - Using font: Arial Unicode
2025-09-04 13:52:54,439 - INFO - Using font: Arial Unicode
2025-09-04 13:52:54,477 - INFO - Using font: Arial Unicode
2025-09-04 13:52:54,483 - INFO - Using font: Arial Unicode
2025-09-04 13:52:54,518 - INFO - Using font: Arial Unicode
2025-09-04 13:52:54,525 - INFO - Using font: Arial Unicode
2025-09-04 13:52:54,560 - INFO - Using font: Arial Unicode
2025-09-04 13:52:54,566 - INFO - Using font: Arial Unicode
2025-09-04 13:52:54,684 - INFO - Using font: Arial Unicode
2025-09-04 13:52:54,691 - INFO - Using font: Arial Unicode
2025-09-04 13:52:54,818 - INFO - Using font: Arial Unicode
2025-09-04 13:52:54,824 - INFO - Using font: Arial Unicode
2025-09-04 13:52:54,859 - INFO - Using font: Arial Unicode
2025-09-04 13:52:54,867 - INFO - Using font: Arial Unicode
2025-09-04 13:52:55,006 - INFO - Using font: Arial Unicode
2025-09-04 13:52:55,012 - INFO - Using font: Arial Unicode
2025-09-04 13:52:55,050 - INFO - Using font: Arial Unicode
2025-09-04 13:52:55,056 - INFO - Using font: Arial Unicode
2025-09-04 13:52:55,095 - INFO - Using font: Arial Unicode
2025-09-04 13:52:55,101 - INFO - Using font: Arial Unicode
2025-09-04 13:52:55,138 - INFO - Using font: Arial Unicode
2025-09-04 13:52:55,145 - INFO - Using font: Arial Unicode
2025-09-04 13:52:55,291 - INFO - Using font: Arial Unicode
2025-09-04 13:52:55,297 - INFO - Using font: Arial Unicode
2025-09-04 13:52:55,334 - INFO - Using font: Arial Unicode
2025-09-04 13:52:55,341 - INFO - Using font: Arial Unicode
2025-09-04 13:52:55,378 - INFO - Using font: Arial Unicode
2025-09-04 13:52:55,384 - INFO - Using font: Arial Unicode
2025-09-04 13:52:55,532 - INFO - Using font: Arial Unicode
2025-09-04 13:52:55,538 - INFO - Using font: Arial Unicode
2025-09-04 13:52:55,573 - INFO - Using font: Arial Unicode
2025-09-04 13:52:55,580 - INFO - Using font: Arial Unicode
2025-09-04 13:52:55,616 - INFO - Using font: Arial Unicode
2025-09-04 13:52:55,623 - INFO - Using font: Arial Unicode
2025-09-04 13:52:55,751 - INFO - Using font: Arial Unicode
2025-09-04 13:52:55,758 - INFO - Using font: Arial Unicode
2025-09-04 13:52:55,793 - INFO - Using font: Arial Unicode
2025-09-04 13:52:55,800 - INFO - Using font: Arial Unicode
2025-09-04 13:52:55,835 - INFO - Using font: Arial Unicode
2025-09-04 13:52:55,843 - INFO - Using font: Arial Unicode
2025-09-04 13:52:56,013 - INFO - Using font: Arial Unicode
2025-09-04 13:52:56,022 - INFO - Using font: Arial Unicode
2025-09-04 13:52:56,061 - INFO - Using font: Arial Unicode
2025-09-04 13:52:56,067 - INFO - Using font: Arial Unicode
2025-09-04 13:52:56,102 - INFO - Using font: Arial Unicode
2025-09-04 13:52:56,109 - INFO - Using font: Arial Unicode
2025-09-04 13:52:56,231 - INFO - Using font: Arial Unicode
2025-09-04 13:52:56,238 - INFO - Using font: Arial Unicode
2025-09-04 13:52:56,275 - INFO - Using font: Arial Unicode
2025-09-04 13:52:56,281 - INFO - Using font: Arial Unicode
2025-09-04 13:52:56,316 - INFO - Using font: Arial Unicode
2025-09-04 13:52:56,323 - INFO - Using font: Arial Unicode
2025-09-04 13:52:56,358 - INFO - Using font: Arial Unicode
2025-09-04 13:52:56,365 - INFO - Using font: Arial Unicode
2025-09-04 13:52:56,399 - INFO - Using font: Arial Unicode
2025-09-04 13:52:56,405 - INFO - Using font: Arial Unicode
2025-09-04 13:52:56,546 - INFO - Using font: Arial Unicode
2025-09-04 13:52:56,552 - INFO - Using font: Arial Unicode
2025-09-04 13:52:56,588 - INFO - Using font: Arial Unicode
2025-09-04 13:52:56,594 - INFO - Using font: Arial Unicode
2025-09-04 13:52:56,630 - INFO - Using font: Arial Unicode
2025-09-04 13:52:56,636 - INFO - Using font: Arial Unicode
2025-09-04 13:52:56,673 - INFO - Using font: Arial Unicode
2025-09-04 13:52:56,679 - INFO - Using font: Arial Unicode
2025-09-04 13:52:56,717 - INFO - Using font: Arial Unicode
2025-09-04 13:52:56,723 - INFO - Using font: Arial Unicode
2025-09-04 13:52:56,759 - INFO - Using font: Arial Unicode
2025-09-04 13:52:56,765 - INFO - Using font: Arial Unicode
2025-09-04 13:52:56,882 - INFO - Using font: Arial Unicode
2025-09-04 13:52:56,888 - INFO - Using font: Arial Unicode
2025-09-04 13:52:56,922 - INFO - Using font: Arial Unicode
2025-09-04 13:52:56,928 - INFO - Using font: Arial Unicode
2025-09-04 13:52:56,964 - INFO - Using font: Arial Unicode
2025-09-04 13:52:56,970 - INFO - Using font: Arial Unicode
2025-09-04 13:52:57,095 - INFO - Using font: Arial Unicode
2025-09-04 13:52:57,102 - INFO - Using font: Arial Unicode
2025-09-04 13:52:57,140 - INFO - Using font: Arial Unicode
2025-09-04 13:52:57,147 - INFO - Using font: Arial Unicode
2025-09-04 13:52:57,183 - INFO - Using font: Arial Unicode
2025-09-04 13:52:57,189 - INFO - Using font: Arial Unicode
2025-09-04 13:52:57,225 - INFO - Using font: Arial Unicode
2025-09-04 13:52:57,230 - INFO - Using font: Arial Unicode
2025-09-04 13:52:57,350 - INFO - Using font: Arial Unicode
2025-09-04 13:52:57,356 - INFO - Using font: Arial Unicode
2025-09-04 13:52:57,391 - INFO - Using font: Arial Unicode
2025-09-04 13:52:57,398 - INFO - Using font: Arial Unicode
2025-09-04 13:52:57,433 - INFO - Using font: Arial Unicode
2025-09-04 13:52:57,442 - INFO - Using font: Arial Unicode
2025-09-04 13:52:57,481 - INFO - Using font: Arial Unicode
2025-09-04 13:52:57,487 - INFO - Using font: Arial Unicode
2025-09-04 13:52:57,523 - INFO - Using font: Arial Unicode
2025-09-04 13:52:57,530 - INFO - Using font: Arial Unicode
2025-09-04 13:52:57,654 - INFO - Using font: Arial Unicode
2025-09-04 13:52:57,661 - INFO - Using font: Arial Unicode
2025-09-04 13:52:57,698 - INFO - Using font: Arial Unicode
2025-09-04 13:52:57,704 - INFO - Using font: Arial Unicode
2025-09-04 13:52:57,741 - INFO - Using font: Arial Unicode
2025-09-04 13:52:57,748 - INFO - Using font: Arial Unicode
2025-09-04 13:52:57,783 - INFO - Using font: Arial Unicode
2025-09-04 13:52:57,789 - INFO - Using font: Arial Unicode
2025-09-04 13:52:57,927 - INFO - Using font: Arial Unicode
2025-09-04 13:52:57,935 - INFO - Using font: Arial Unicode
2025-09-04 13:52:57,970 - INFO - Using font: Arial Unicode
2025-09-04 13:52:57,976 - INFO - Using font: Arial Unicode
2025-09-04 13:52:58,011 - INFO - Using font: Arial Unicode
2025-09-04 13:52:58,018 - INFO - Using font: Arial Unicode
2025-09-04 13:52:58,053 - INFO - Using font: Arial Unicode
2025-09-04 13:52:58,059 - INFO - Using font: Arial Unicode
2025-09-04 13:52:58,093 - INFO - Using font: Arial Unicode
2025-09-04 13:52:58,100 - INFO - Using font: Arial Unicode
2025-09-04 13:52:58,236 - INFO - Using font: Arial Unicode
2025-09-04 13:52:58,243 - INFO - Using font: Arial Unicode
2025-09-04 13:52:58,392 - INFO - Using font: Arial Unicode
2025-09-04 13:52:58,399 - INFO - Using font: Arial Unicode
2025-09-04 13:52:58,434 - INFO - Using font: Arial Unicode
2025-09-04 13:52:58,441 - INFO - Using font: Arial Unicode
2025-09-04 13:52:58,589 - INFO - Using font: Arial Unicode
2025-09-04 13:52:58,596 - INFO - Using font: Arial Unicode
2025-09-04 13:52:58,632 - INFO - Using font: Arial Unicode
2025-09-04 13:52:58,638 - INFO - Using font: Arial Unicode
2025-09-04 13:52:58,674 - INFO - Using font: Arial Unicode
2025-09-04 13:52:58,681 - INFO - Using font: Arial Unicode
2025-09-04 13:52:58,819 - INFO - Using font: Arial Unicode
2025-09-04 13:52:58,825 - INFO - Using font: Arial Unicode
2025-09-04 13:52:58,956 - INFO - Using font: Arial Unicode
2025-09-04 13:52:58,962 - INFO - Using font: Arial Unicode
2025-09-04 13:52:58,998 - INFO - Using font: Arial Unicode
2025-09-04 13:52:59,004 - INFO - Using font: Arial Unicode
2025-09-04 13:52:59,042 - INFO - Using font: Arial Unicode
2025-09-04 13:52:59,049 - INFO - Using font: Arial Unicode
2025-09-04 13:52:59,086 - INFO - Using font: Arial Unicode
2025-09-04 13:52:59,093 - INFO - Using font: Arial Unicode
2025-09-04 13:52:59,225 - INFO - Using font: Arial Unicode
2025-09-04 13:52:59,231 - INFO - Using font: Arial Unicode
2025-09-04 13:52:59,268 - INFO - Using font: Arial Unicode
2025-09-04 13:52:59,275 - INFO - Using font: Arial Unicode
2025-09-04 13:52:59,418 - INFO - Using font: Arial Unicode
2025-09-04 13:52:59,425 - INFO - Using font: Arial Unicode
2025-09-04 13:52:59,466 - INFO - Using font: Arial Unicode
2025-09-04 13:52:59,473 - INFO - Using font: Arial Unicode
2025-09-04 13:52:59,509 - INFO - Using font: Arial Unicode
2025-09-04 13:52:59,515 - INFO - Using font: Arial Unicode
2025-09-04 13:52:59,660 - INFO - Using font: Arial Unicode
2025-09-04 13:52:59,668 - INFO - Using font: Arial Unicode
2025-09-04 13:52:59,706 - INFO - Using font: Arial Unicode
2025-09-04 13:52:59,712 - INFO - Using font: Arial Unicode
2025-09-04 13:52:59,747 - INFO - Using font: Arial Unicode
2025-09-04 13:52:59,753 - INFO - Using font: Arial Unicode
2025-09-04 13:52:59,790 - INFO - Using font: Arial Unicode
2025-09-04 13:52:59,796 - INFO - Using font: Arial Unicode
2025-09-04 13:52:59,928 - INFO - Using font: Arial Unicode
2025-09-04 13:52:59,936 - INFO - Using font: Arial Unicode
2025-09-04 13:52:59,971 - INFO - Using font: Arial Unicode
2025-09-04 13:52:59,978 - INFO - Using font: Arial Unicode
2025-09-04 13:53:00,015 - INFO - Using font: Arial Unicode
2025-09-04 13:53:00,022 - INFO - Using font: Arial Unicode
2025-09-04 13:53:00,057 - INFO - Using font: Arial Unicode
2025-09-04 13:53:00,064 - INFO - Using font: Arial Unicode
2025-09-04 13:53:00,131 - INFO - Using font: Arial Unicode
2025-09-04 13:53:00,138 - INFO - Using font: Arial Unicode
2025-09-04 13:53:00,301 - INFO - Using font: Arial Unicode
2025-09-04 13:53:00,313 - INFO - Using font: Arial Unicode
2025-09-04 13:53:00,355 - INFO - Using font: Arial Unicode
2025-09-04 13:53:00,362 - INFO - Using font: Arial Unicode
2025-09-04 13:53:00,397 - INFO - Using font: Arial Unicode
2025-09-04 13:53:00,403 - INFO - Using font: Arial Unicode
2025-09-04 13:53:00,505 - INFO - Using font: Arial Unicode
2025-09-04 13:53:00,519 - INFO - Using font: Arial Unicode
2025-09-04 13:53:00,569 - INFO - Using font: Arial Unicode
2025-09-04 13:53:00,575 - INFO - Using font: Arial Unicode
2025-09-04 13:53:00,612 - INFO - Using font: Arial Unicode
2025-09-04 13:53:00,619 - INFO - Using font: Arial Unicode
2025-09-04 13:53:00,655 - INFO - Using font: Arial Unicode
2025-09-04 13:53:00,662 - INFO - Using font: Arial Unicode
2025-09-04 13:53:00,815 - INFO - Using font: Arial Unicode
2025-09-04 13:53:00,822 - INFO - Using font: Arial Unicode
2025-09-04 13:53:00,856 - INFO - Using font: Arial Unicode
2025-09-04 13:53:00,862 - INFO - Using font: Arial Unicode
2025-09-04 13:53:00,897 - INFO - Using font: Arial Unicode
2025-09-04 13:53:00,903 - INFO - Using font: Arial Unicode
2025-09-04 13:53:00,937 - INFO - Using font: Arial Unicode
2025-09-04 13:53:00,943 - INFO - Using font: Arial Unicode
2025-09-04 13:53:00,977 - INFO - Using font: Arial Unicode
2025-09-04 13:53:00,983 - INFO - Using font: Arial Unicode
2025-09-04 13:53:01,018 - INFO - Using font: Arial Unicode
2025-09-04 13:53:01,024 - INFO - Using font: Arial Unicode
2025-09-04 13:53:01,060 - INFO - Using font: Arial Unicode
2025-09-04 13:53:01,066 - INFO - Using font: Arial Unicode
2025-09-04 13:53:01,184 - INFO - Using font: Arial Unicode
2025-09-04 13:53:01,190 - INFO - Using font: Arial Unicode
2025-09-04 13:53:01,228 - INFO - Using font: Arial Unicode
2025-09-04 13:53:01,235 - INFO - Using font: Arial Unicode
2025-09-04 13:53:01,273 - INFO - Using font: Arial Unicode
2025-09-04 13:53:01,280 - INFO - Using font: Arial Unicode
2025-09-04 13:53:01,317 - INFO - Using font: Arial Unicode
2025-09-04 13:53:01,323 - INFO - Using font: Arial Unicode
2025-09-04 13:53:01,453 - INFO - Using font: Arial Unicode
2025-09-04 13:53:01,459 - INFO - Using font: Arial Unicode
2025-09-04 13:53:01,497 - INFO - Using font: Arial Unicode
2025-09-04 13:53:01,504 - INFO - Using font: Arial Unicode
2025-09-04 13:53:01,540 - INFO - Using font: Arial Unicode
2025-09-04 13:53:01,545 - INFO - Using font: Arial Unicode
2025-09-04 13:53:01,672 - INFO - Using font: Arial Unicode
2025-09-04 13:53:01,679 - INFO - Using font: Arial Unicode
2025-09-04 13:53:01,714 - INFO - Using font: Arial Unicode
2025-09-04 13:53:01,721 - INFO - Using font: Arial Unicode
2025-09-04 13:53:01,756 - INFO - Using font: Arial Unicode
2025-09-04 13:53:01,762 - INFO - Using font: Arial Unicode
2025-09-04 13:53:01,798 - INFO - Using font: Arial Unicode
2025-09-04 13:53:01,804 - INFO - Using font: Arial Unicode
2025-09-04 13:53:01,928 - INFO - Using font: Arial Unicode
2025-09-04 13:53:01,934 - INFO - Using font: Arial Unicode
2025-09-04 13:53:01,970 - INFO - Using font: Arial Unicode
2025-09-04 13:53:01,978 - INFO - Using font: Arial Unicode
2025-09-04 13:53:02,014 - INFO - Using font: Arial Unicode
2025-09-04 13:53:02,021 - INFO - Using font: Arial Unicode
2025-09-04 13:53:02,146 - INFO - Using font: Arial Unicode
2025-09-04 13:53:02,154 - INFO - Using font: Arial Unicode
2025-09-04 13:53:02,191 - INFO - Using font: Arial Unicode
2025-09-04 13:53:02,198 - INFO - Using font: Arial Unicode
2025-09-04 13:53:02,232 - INFO - Using font: Arial Unicode
2025-09-04 13:53:02,239 - INFO - Using font: Arial Unicode
2025-09-04 13:53:02,383 - INFO - Using font: Arial Unicode
2025-09-04 13:53:02,389 - INFO - Using font: Arial Unicode
2025-09-04 13:53:02,423 - INFO - Using font: Arial Unicode
2025-09-04 13:53:02,429 - INFO - Using font: Arial Unicode
2025-09-04 13:53:02,464 - INFO - Using font: Arial Unicode
2025-09-04 13:53:02,471 - INFO - Using font: Arial Unicode
2025-09-04 13:53:02,597 - INFO - Using font: Arial Unicode
2025-09-04 13:53:02,603 - INFO - Using font: Arial Unicode
2025-09-04 13:53:02,638 - INFO - Using font: Arial Unicode
2025-09-04 13:53:02,646 - INFO - Using font: Arial Unicode
2025-09-04 13:53:02,682 - INFO - Using font: Arial Unicode
2025-09-04 13:53:02,688 - INFO - Using font: Arial Unicode
2025-09-04 13:53:02,723 - INFO - Using font: Arial Unicode
2025-09-04 13:53:02,729 - INFO - Using font: Arial Unicode
2025-09-04 13:53:02,854 - INFO - Using font: Arial Unicode
2025-09-04 13:53:02,860 - INFO - Using font: Arial Unicode
2025-09-04 13:53:02,896 - INFO - Using font: Arial Unicode
2025-09-04 13:53:02,902 - INFO - Using font: Arial Unicode
2025-09-04 13:53:02,936 - INFO - Using font: Arial Unicode
2025-09-04 13:53:02,942 - INFO - Using font: Arial Unicode
2025-09-04 13:53:02,992 - INFO - Using font: Arial Unicode
2025-09-04 13:53:02,998 - INFO - Using font: Arial Unicode
2025-09-04 13:53:03,036 - INFO - Using font: Arial Unicode
2025-09-04 13:53:03,043 - INFO - Using font: Arial Unicode
2025-09-04 13:53:03,078 - INFO - Using font: Arial Unicode
2025-09-04 13:53:03,084 - INFO - Using font: Arial Unicode
2025-09-04 13:53:03,218 - INFO - Using font: Arial Unicode
2025-09-04 13:53:03,225 - INFO - Using font: Arial Unicode
2025-09-04 13:53:03,260 - INFO - Using font: Arial Unicode
2025-09-04 13:53:03,266 - INFO - Using font: Arial Unicode
2025-09-04 13:53:03,302 - INFO - Using font: Arial Unicode
2025-09-04 13:53:03,308 - INFO - Using font: Arial Unicode
2025-09-04 13:53:03,343 - INFO - Using font: Arial Unicode
2025-09-04 13:53:03,349 - INFO - Using font: Arial Unicode
2025-09-04 13:53:03,486 - INFO - Using font: Arial Unicode
2025-09-04 13:53:03,492 - INFO - Using font: Arial Unicode
2025-09-04 13:53:03,528 - INFO - Using font: Arial Unicode
2025-09-04 13:53:03,534 - INFO - Using font: Arial Unicode
2025-09-04 13:53:03,569 - INFO - Using font: Arial Unicode
2025-09-04 13:53:03,575 - INFO - Using font: Arial Unicode
2025-09-04 13:53:03,614 - INFO - Using font: Arial Unicode
2025-09-04 13:53:03,620 - INFO - Using font: Arial Unicode
2025-09-04 13:53:03,660 - INFO - Using font: Arial Unicode
2025-09-04 13:53:03,666 - INFO - Using font: Arial Unicode
2025-09-04 13:53:03,713 - INFO - Using font: Arial Unicode
2025-09-04 13:53:03,722 - INFO - Using font: Arial Unicode
2025-09-04 13:53:03,851 - INFO - Using font: Arial Unicode
2025-09-04 13:53:03,858 - INFO - Using font: Arial Unicode
2025-09-04 13:53:03,895 - INFO - Using font: Arial Unicode
2025-09-04 13:53:03,902 - INFO - Using font: Arial Unicode
2025-09-04 13:53:03,945 - INFO - Using font: Arial Unicode
2025-09-04 13:53:03,952 - INFO - Using font: Arial Unicode
2025-09-04 13:53:03,995 - INFO - Using font: Arial Unicode
2025-09-04 13:53:04,002 - INFO - Using font: Arial Unicode
2025-09-04 13:53:04,155 - INFO - Using font: Arial Unicode
2025-09-04 13:53:04,164 - INFO - Using font: Arial Unicode
2025-09-04 13:53:04,213 - INFO - Using font: Arial Unicode
2025-09-04 13:53:04,221 - INFO - Using font: Arial Unicode
2025-09-04 13:53:04,271 - INFO - Using font: Arial Unicode
2025-09-04 13:53:04,280 - INFO - Using font: Arial Unicode
2025-09-04 13:53:04,328 - INFO - Using font: Arial Unicode
2025-09-04 13:53:04,338 - INFO - Using font: Arial Unicode
2025-09-04 13:53:04,377 - INFO - Using font: Arial Unicode
2025-09-04 13:53:04,384 - INFO - Using font: Arial Unicode
2025-09-04 13:53:04,420 - INFO - Using font: Arial Unicode
2025-09-04 13:53:04,426 - INFO - Using font: Arial Unicode
2025-09-04 13:53:04,570 - INFO - Using font: Arial Unicode
2025-09-04 13:53:04,577 - INFO - Using font: Arial Unicode
2025-09-04 13:53:04,614 - INFO - Using font: Arial Unicode
2025-09-04 13:53:04,620 - INFO - Using font: Arial Unicode
2025-09-04 13:53:04,656 - INFO - Using font: Arial Unicode
2025-09-04 13:53:04,662 - INFO - Using font: Arial Unicode
2025-09-04 13:53:04,698 - INFO - Using font: Arial Unicode
2025-09-04 13:53:04,705 - INFO - Using font: Arial Unicode
2025-09-04 13:53:04,738 - INFO - Using font: Arial Unicode
2025-09-04 13:53:04,744 - INFO - Using font: Arial Unicode
2025-09-04 13:53:04,781 - INFO - Using font: Arial Unicode
2025-09-04 13:53:04,787 - INFO - Using font: Arial Unicode
2025-09-04 13:53:04,911 - INFO - Using font: Arial Unicode
2025-09-04 13:53:04,917 - INFO - Using font: Arial Unicode
2025-09-04 13:53:04,952 - INFO - Using font: Arial Unicode
2025-09-04 13:53:04,959 - INFO - Using font: Arial Unicode
2025-09-04 13:53:04,996 - INFO - Using font: Arial Unicode
2025-09-04 13:53:05,002 - INFO - Using font: Arial Unicode
2025-09-04 13:53:05,037 - INFO - Using font: Arial Unicode
2025-09-04 13:53:05,043 - INFO - Using font: Arial Unicode
2025-09-04 13:53:05,080 - INFO - Using font: Arial Unicode
2025-09-04 13:53:05,086 - INFO - Using font: Arial Unicode
2025-09-04 13:53:05,211 - INFO - Using font: Arial Unicode
2025-09-04 13:53:05,217 - INFO - Using font: Arial Unicode
2025-09-04 13:53:05,252 - INFO - Using font: Arial Unicode
2025-09-04 13:53:05,259 - INFO - Using font: Arial Unicode
2025-09-04 13:53:05,293 - INFO - Using font: Arial Unicode
2025-09-04 13:53:05,300 - INFO - Using font: Arial Unicode
2025-09-04 13:53:05,451 - INFO - Using font: Arial Unicode
2025-09-04 13:53:05,458 - INFO - Using font: Arial Unicode
2025-09-04 13:53:05,496 - INFO - Using font: Arial Unicode
2025-09-04 13:53:05,503 - INFO - Using font: Arial Unicode
2025-09-04 13:53:05,540 - INFO - Using font: Arial Unicode
2025-09-04 13:53:05,546 - INFO - Using font: Arial Unicode
2025-09-04 13:53:05,585 - INFO - Using font: Arial Unicode
2025-09-04 13:53:05,591 - INFO - Using font: Arial Unicode
2025-09-04 13:53:05,728 - INFO - Using font: Arial Unicode
2025-09-04 13:53:05,735 - INFO - Using font: Arial Unicode
2025-09-04 13:53:05,776 - INFO - Using font: Arial Unicode
2025-09-04 13:53:05,784 - INFO - Using font: Arial Unicode
2025-09-04 13:53:05,828 - INFO - Using font: Arial Unicode
2025-09-04 13:53:05,836 - INFO - Using font: Arial Unicode
2025-09-04 13:53:05,995 - INFO - Using font: Arial Unicode
2025-09-04 13:53:06,002 - INFO - Using font: Arial Unicode
2025-09-04 13:53:06,043 - INFO - Using font: Arial Unicode
2025-09-04 13:53:06,050 - INFO - Using font: Arial Unicode
2025-09-04 13:53:06,088 - INFO - Using font: Arial Unicode
2025-09-04 13:53:06,095 - INFO - Using font: Arial Unicode
2025-09-04 13:53:06,216 - INFO - Using font: Arial Unicode
2025-09-04 13:53:06,222 - INFO - Using font: Arial Unicode
2025-09-04 13:53:06,263 - INFO - Using font: Arial Unicode
2025-09-04 13:53:06,269 - INFO - Using font: Arial Unicode
2025-09-04 13:53:06,303 - INFO - Using font: Arial Unicode
2025-09-04 13:53:06,310 - INFO - Using font: Arial Unicode
2025-09-04 13:53:06,347 - INFO - Using font: Arial Unicode
2025-09-04 13:53:06,354 - INFO - Using font: Arial Unicode
2025-09-04 13:53:06,479 - INFO - Using font: Arial Unicode
2025-09-04 13:53:06,485 - INFO - Using font: Arial Unicode
2025-09-04 13:53:06,520 - INFO - Using font: Arial Unicode
2025-09-04 13:53:06,526 - INFO - Using font: Arial Unicode
2025-09-04 13:53:06,561 - INFO - Using font: Arial Unicode
2025-09-04 13:53:06,568 - INFO - Using font: Arial Unicode
2025-09-04 13:53:06,602 - INFO - Using font: Arial Unicode
2025-09-04 13:53:06,610 - INFO - Using font: Arial Unicode
2025-09-04 13:53:06,746 - INFO - Using font: Arial Unicode
2025-09-04 13:53:06,753 - INFO - Using font: Arial Unicode
2025-09-04 13:53:06,791 - INFO - Using font: Arial Unicode
2025-09-04 13:53:06,798 - INFO - Using font: Arial Unicode
2025-09-04 13:53:06,837 - INFO - Using font: Arial Unicode
2025-09-04 13:53:06,843 - INFO - Using font: Arial Unicode
2025-09-04 13:53:06,997 - INFO - Using font: Arial Unicode
2025-09-04 13:53:07,005 - INFO - Using font: Arial Unicode
2025-09-04 13:53:07,039 - INFO - Using font: Arial Unicode
2025-09-04 13:53:07,046 - INFO - Using font: Arial Unicode
2025-09-04 13:53:07,083 - INFO - Using font: Arial Unicode
2025-09-04 13:53:07,089 - INFO - Using font: Arial Unicode
2025-09-04 13:53:07,125 - INFO - Using font: Arial Unicode
2025-09-04 13:53:07,131 - INFO - Using font: Arial Unicode
2025-09-04 13:53:07,167 - INFO - Using font: Arial Unicode
2025-09-04 13:53:07,175 - INFO - Using font: Arial Unicode
2025-09-04 13:53:07,319 - INFO - Using font: Arial Unicode
2025-09-04 13:53:07,325 - INFO - Using font: Arial Unicode
2025-09-04 13:53:07,358 - INFO - Using font: Arial Unicode
2025-09-04 13:53:07,365 - INFO - Using font: Arial Unicode
2025-09-04 13:53:07,399 - INFO - Using font: Arial Unicode
2025-09-04 13:53:07,405 - INFO - Using font: Arial Unicode
2025-09-04 13:53:07,532 - INFO - Using font: Arial Unicode
2025-09-04 13:53:07,539 - INFO - Using font: Arial Unicode
2025-09-04 13:53:07,576 - INFO - Using font: Arial Unicode
2025-09-04 13:53:07,582 - INFO - Using font: Arial Unicode
2025-09-04 13:53:07,621 - INFO - Using font: Arial Unicode
2025-09-04 13:53:07,627 - INFO - Using font: Arial Unicode
2025-09-04 13:53:07,668 - INFO - Using font: Arial Unicode
2025-09-04 13:53:07,674 - INFO - Using font: Arial Unicode
2025-09-04 13:53:07,713 - INFO - Using font: Arial Unicode
2025-09-04 13:53:07,722 - INFO - Using font: Arial Unicode
2025-09-04 13:53:07,867 - INFO - Using font: Arial Unicode
2025-09-04 13:53:07,873 - INFO - Using font: Arial Unicode
2025-09-04 13:53:07,908 - INFO - Using font: Arial Unicode
2025-09-04 13:53:07,915 - INFO - Using font: Arial Unicode
2025-09-04 13:53:07,949 - INFO - Using font: Arial Unicode
2025-09-04 13:53:07,955 - INFO - Using font: Arial Unicode
2025-09-04 13:53:07,990 - INFO - Using font: Arial Unicode
2025-09-04 13:53:07,996 - INFO - Using font: Arial Unicode
2025-09-04 13:53:08,120 - INFO - Using font: Arial Unicode
2025-09-04 13:53:08,126 - INFO - Using font: Arial Unicode
2025-09-04 13:53:08,161 - INFO - Using font: Arial Unicode
2025-09-04 13:53:08,171 - INFO - Using font: Arial Unicode
2025-09-04 13:53:08,215 - INFO - Using font: Arial Unicode
2025-09-04 13:53:08,222 - INFO - Using font: Arial Unicode
2025-09-04 13:53:08,265 - INFO - Using font: Arial Unicode
2025-09-04 13:53:08,274 - INFO - Using font: Arial Unicode
2025-09-04 13:53:08,320 - INFO - Using font: Arial Unicode
2025-09-04 13:53:08,329 - INFO - Using font: Arial Unicode
2025-09-04 13:53:08,460 - INFO - Using font: Arial Unicode
2025-09-04 13:53:08,467 - INFO - Using font: Arial Unicode
2025-09-04 13:53:08,506 - INFO - Using font: Arial Unicode
2025-09-04 13:53:08,513 - INFO - Using font: Arial Unicode
2025-09-04 13:53:08,548 - INFO - Using font: Arial Unicode
2025-09-04 13:53:08,554 - INFO - Using font: Arial Unicode
2025-09-04 13:53:08,590 - INFO - Using font: Arial Unicode
2025-09-04 13:53:08,596 - INFO - Using font: Arial Unicode
2025-09-04 13:53:08,630 - INFO - Using font: Arial Unicode
2025-09-04 13:53:08,637 - INFO - Using font: Arial Unicode
2025-09-04 13:53:08,670 - INFO - Using font: Arial Unicode
2025-09-04 13:53:08,676 - INFO - Using font: Arial Unicode
2025-09-04 13:53:08,712 - INFO - Using font: Arial Unicode
2025-09-04 13:53:08,719 - INFO - Using font: Arial Unicode
2025-09-04 13:53:08,844 - INFO - Using font: Arial Unicode
2025-09-04 13:53:08,850 - INFO - Using font: Arial Unicode
2025-09-04 13:53:08,884 - INFO - Using font: Arial Unicode
2025-09-04 13:53:08,890 - INFO - Using font: Arial Unicode
2025-09-04 13:53:08,925 - INFO - Using font: Arial Unicode
2025-09-04 13:53:08,931 - INFO - Using font: Arial Unicode
2025-09-04 13:53:08,965 - INFO - Using font: Arial Unicode
2025-09-04 13:53:08,972 - INFO - Using font: Arial Unicode
2025-09-04 13:53:09,008 - INFO - Using font: Arial Unicode
2025-09-04 13:53:09,014 - INFO - Using font: Arial Unicode
2025-09-04 13:53:09,142 - INFO - Using font: Arial Unicode
2025-09-04 13:53:09,148 - INFO - Using font: Arial Unicode
2025-09-04 13:53:09,183 - INFO - Using font: Arial Unicode
2025-09-04 13:53:09,189 - INFO - Using font: Arial Unicode
2025-09-04 13:53:09,224 - INFO - Using font: Arial Unicode
2025-09-04 13:53:09,230 - INFO - Using font: Arial Unicode
2025-09-04 13:53:09,265 - INFO - Using font: Arial Unicode
2025-09-04 13:53:09,271 - INFO - Using font: Arial Unicode
2025-09-04 13:53:09,407 - INFO - Using font: Arial Unicode
2025-09-04 13:53:09,414 - INFO - Using font: Arial Unicode
2025-09-04 13:53:09,456 - INFO - Using font: Arial Unicode
2025-09-04 13:53:09,463 - INFO - Using font: Arial Unicode
2025-09-04 13:53:09,504 - INFO - Using font: Arial Unicode
2025-09-04 13:53:09,511 - INFO - Using font: Arial Unicode
2025-09-04 13:53:09,659 - INFO - Using font: Arial Unicode
2025-09-04 13:53:09,666 - INFO - Using font: Arial Unicode
2025-09-04 13:53:09,703 - INFO - Using font: Arial Unicode
2025-09-04 13:53:09,710 - INFO - Using font: Arial Unicode
2025-09-04 13:53:09,747 - INFO - Using font: Arial Unicode
2025-09-04 13:53:09,753 - INFO - Using font: Arial Unicode
2025-09-04 13:53:09,790 - INFO - Using font: Arial Unicode
2025-09-04 13:53:09,796 - INFO - Using font: Arial Unicode
2025-09-04 13:53:09,839 - INFO - Using font: Arial Unicode
2025-09-04 13:53:09,845 - INFO - Using font: Arial Unicode
2025-09-04 13:53:09,879 - INFO - Using font: Arial Unicode
2025-09-04 13:53:09,886 - INFO - Using font: Arial Unicode
2025-09-04 13:53:10,009 - INFO - Using font: Arial Unicode
2025-09-04 13:53:10,015 - INFO - Using font: Arial Unicode
2025-09-04 13:53:10,051 - INFO - Using font: Arial Unicode
2025-09-04 13:53:10,058 - INFO - Using font: Arial Unicode
2025-09-04 13:53:10,095 - INFO - Using font: Arial Unicode
2025-09-04 13:53:10,101 - INFO - Using font: Arial Unicode
2025-09-04 13:53:10,137 - INFO - Using font: Arial Unicode
2025-09-04 13:53:10,143 - INFO - Using font: Arial Unicode
2025-09-04 13:53:10,271 - INFO - Using font: Arial Unicode
2025-09-04 13:53:10,278 - INFO - Using font: Arial Unicode
2025-09-04 13:53:10,315 - INFO - Using font: Arial Unicode
2025-09-04 13:53:10,321 - INFO - Using font: Arial Unicode
2025-09-04 13:53:10,357 - INFO - Using font: Arial Unicode
2025-09-04 13:53:10,364 - INFO - Using font: Arial Unicode
2025-09-04 13:53:10,400 - INFO - Using font: Arial Unicode
2025-09-04 13:53:10,407 - INFO - Using font: Arial Unicode
2025-09-04 13:53:10,448 - INFO - Using font: Arial Unicode
2025-09-04 13:53:10,457 - INFO - Using font: Arial Unicode
2025-09-04 13:53:10,492 - INFO - Using font: Arial Unicode
2025-09-04 13:53:10,498 - INFO - Using font: Arial Unicode
2025-09-04 13:53:10,622 - INFO - Using font: Arial Unicode
2025-09-04 13:53:10,628 - INFO - Using font: Arial Unicode
2025-09-04 13:53:10,665 - INFO - Using font: Arial Unicode
2025-09-04 13:53:10,671 - INFO - Using font: Arial Unicode
2025-09-04 13:53:10,707 - INFO - Using font: Arial Unicode
2025-09-04 13:53:10,714 - INFO - Using font: Arial Unicode
2025-09-04 13:53:10,749 - INFO - Using font: Arial Unicode
2025-09-04 13:53:10,756 - INFO - Using font: Arial Unicode
2025-09-04 13:53:10,887 - INFO - Using font: Arial Unicode
2025-09-04 13:53:10,894 - INFO - Using font: Arial Unicode
2025-09-04 13:53:10,930 - INFO - Using font: Arial Unicode
2025-09-04 13:53:10,937 - INFO - Using font: Arial Unicode
2025-09-04 13:53:11,074 - INFO - Using font: Arial Unicode
2025-09-04 13:53:11,081 - INFO - Using font: Arial Unicode
2025-09-04 13:53:11,118 - INFO - Using font: Arial Unicode
2025-09-04 13:53:11,125 - INFO - Using font: Arial Unicode
2025-09-04 13:53:11,245 - INFO - Using font: Arial Unicode
2025-09-04 13:53:11,251 - INFO - Using font: Arial Unicode
2025-09-04 13:53:11,284 - INFO - Using font: Arial Unicode
2025-09-04 13:53:11,291 - INFO - Using font: Arial Unicode
2025-09-04 13:53:11,327 - INFO - Using font: Arial Unicode
2025-09-04 13:53:11,333 - INFO - Using font: Arial Unicode
2025-09-04 13:53:11,478 - INFO - Using font: Arial Unicode
2025-09-04 13:53:11,484 - INFO - Using font: Arial Unicode
2025-09-04 13:53:11,524 - INFO - Using font: Arial Unicode
2025-09-04 13:53:11,531 - INFO - Using font: Arial Unicode
2025-09-04 13:53:11,565 - INFO - Using font: Arial Unicode
2025-09-04 13:53:11,571 - INFO - Using font: Arial Unicode
2025-09-04 13:53:11,723 - INFO - Using font: Arial Unicode
2025-09-04 13:53:11,731 - INFO - Using font: Arial Unicode
2025-09-04 13:53:11,773 - INFO - Using font: Arial Unicode
2025-09-04 13:53:11,781 - INFO - Using font: Arial Unicode
2025-09-04 13:53:11,818 - INFO - Using font: Arial Unicode
2025-09-04 13:53:11,825 - INFO - Using font: Arial Unicode
2025-09-04 13:53:11,860 - INFO - Using font: Arial Unicode
2025-09-04 13:53:11,868 - INFO - Using font: Arial Unicode
2025-09-04 13:53:12,021 - INFO - Using font: Arial Unicode
2025-09-04 13:53:12,027 - INFO - Using font: Arial Unicode
2025-09-04 13:53:12,061 - INFO - Using font: Arial Unicode
2025-09-04 13:53:12,069 - INFO - Using font: Arial Unicode
2025-09-04 13:53:12,105 - INFO - Using font: Arial Unicode
2025-09-04 13:53:12,111 - INFO - Using font: Arial Unicode
2025-09-04 13:53:12,149 - INFO - Using font: Arial Unicode
2025-09-04 13:53:12,156 - INFO - Using font: Arial Unicode
2025-09-04 13:53:12,190 - INFO - Using font: Arial Unicode
2025-09-04 13:53:12,197 - INFO - Using font: Arial Unicode
2025-09-04 13:53:12,376 - INFO - Using font: Arial Unicode
2025-09-04 13:53:12,384 - INFO - Using font: Arial Unicode
2025-09-04 13:53:12,433 - INFO - Using font: Arial Unicode
2025-09-04 13:53:12,441 - INFO - Using font: Arial Unicode
2025-09-04 13:53:12,489 - INFO - Using font: Arial Unicode
2025-09-04 13:53:12,497 - INFO - Using font: Arial Unicode
2025-09-04 13:53:12,543 - INFO - Using font: Arial Unicode
2025-09-04 13:53:12,553 - INFO - Using font: Arial Unicode
2025-09-04 13:53:12,596 - INFO - Using font: Arial Unicode
2025-09-04 13:53:12,602 - INFO - Using font: Arial Unicode
2025-09-04 13:53:12,639 - INFO - Using font: Arial Unicode
2025-09-04 13:53:12,646 - INFO - Using font: Arial Unicode
2025-09-04 13:53:12,685 - INFO - Using font: Arial Unicode
2025-09-04 13:53:12,692 - INFO - Using font: Arial Unicode
2025-09-04 13:53:12,834 - INFO - Using font: Arial Unicode
2025-09-04 13:53:12,840 - INFO - Using font: Arial Unicode
2025-09-04 13:53:12,875 - INFO - Using font: Arial Unicode
2025-09-04 13:53:12,881 - INFO - Using font: Arial Unicode
2025-09-04 13:53:12,916 - INFO - Using font: Arial Unicode
2025-09-04 13:53:12,923 - INFO - Using font: Arial Unicode
2025-09-04 13:53:13,046 - INFO - Using font: Arial Unicode
2025-09-04 13:53:13,052 - INFO - Using font: Arial Unicode
2025-09-04 13:53:13,086 - INFO - Using font: Arial Unicode
2025-09-04 13:53:13,092 - INFO - Using font: Arial Unicode
2025-09-04 13:53:13,126 - INFO - Using font: Arial Unicode
2025-09-04 13:53:13,132 - INFO - Using font: Arial Unicode
2025-09-04 13:53:13,284 - INFO - Using font: Arial Unicode
2025-09-04 13:53:13,290 - INFO - Using font: Arial Unicode
2025-09-04 13:53:13,325 - INFO - Using font: Arial Unicode
2025-09-04 13:53:13,331 - INFO - Using font: Arial Unicode
2025-09-04 13:53:13,366 - INFO - Using font: Arial Unicode
2025-09-04 13:53:13,373 - INFO - Using font: Arial Unicode
2025-09-04 13:53:13,407 - INFO - Using font: Arial Unicode
2025-09-04 13:53:13,413 - INFO - Using font: Arial Unicode
2025-09-04 13:53:13,546 - INFO - Using font: Arial Unicode
2025-09-04 13:53:13,553 - INFO - Using font: Arial Unicode
2025-09-04 13:53:13,588 - INFO - Using font: Arial Unicode
2025-09-04 13:53:13,594 - INFO - Using font: Arial Unicode
2025-09-04 13:53:13,629 - INFO - Using font: Arial Unicode
2025-09-04 13:53:13,636 - INFO - Using font: Arial Unicode
2025-09-04 13:53:13,673 - INFO - Using font: Arial Unicode
2025-09-04 13:53:13,679 - INFO - Using font: Arial Unicode
2025-09-04 13:53:13,804 - INFO - Using font: Arial Unicode
2025-09-04 13:53:13,810 - INFO - Using font: Arial Unicode
2025-09-04 13:53:13,844 - INFO - Using font: Arial Unicode
2025-09-04 13:53:13,851 - INFO - Using font: Arial Unicode
2025-09-04 13:53:13,886 - INFO - Using font: Arial Unicode
2025-09-04 13:53:13,892 - INFO - Using font: Arial Unicode
2025-09-04 13:53:13,928 - INFO - Using font: Arial Unicode
2025-09-04 13:53:13,935 - INFO - Using font: Arial Unicode
2025-09-04 13:53:13,969 - INFO - Using font: Arial Unicode
2025-09-04 13:53:13,976 - INFO - Using font: Arial Unicode
2025-09-04 13:53:14,011 - INFO - Using font: Arial Unicode
2025-09-04 13:53:14,017 - INFO - Using font: Arial Unicode
2025-09-04 13:53:14,051 - INFO - Using font: Arial Unicode
2025-09-04 13:53:14,058 - INFO - Using font: Arial Unicode
2025-09-04 13:53:14,178 - INFO - Using font: Arial Unicode
2025-09-04 13:53:14,184 - INFO - Using font: Arial Unicode
2025-09-04 13:53:14,219 - INFO - Using font: Arial Unicode
2025-09-04 13:53:14,225 - INFO - Using font: Arial Unicode
2025-09-04 13:53:14,259 - INFO - Using font: Arial Unicode
2025-09-04 13:53:14,266 - INFO - Using font: Arial Unicode
2025-09-04 13:53:14,388 - INFO - Using font: Arial Unicode
2025-09-04 13:53:14,395 - INFO - Using font: Arial Unicode
2025-09-04 13:53:14,429 - INFO - Using font: Arial Unicode
2025-09-04 13:53:14,436 - INFO - Using font: Arial Unicode
2025-09-04 13:53:14,471 - INFO - Using font: Arial Unicode
2025-09-04 13:53:14,478 - INFO - Using font: Arial Unicode
2025-09-04 13:53:14,615 - INFO - Using font: Arial Unicode
2025-09-04 13:53:14,622 - INFO - Using font: Arial Unicode
2025-09-04 13:53:14,657 - INFO - Using font: Arial Unicode
2025-09-04 13:53:14,663 - INFO - Using font: Arial Unicode
2025-09-04 13:53:14,698 - INFO - Using font: Arial Unicode
2025-09-04 13:53:14,704 - INFO - Using font: Arial Unicode
2025-09-04 13:53:14,843 - INFO - Using font: Arial Unicode
2025-09-04 13:53:14,849 - INFO - Using font: Arial Unicode
2025-09-04 13:53:14,885 - INFO - Using font: Arial Unicode
2025-09-04 13:53:14,891 - INFO - Using font: Arial Unicode
2025-09-04 13:53:15,011 - INFO - Using font: Arial Unicode
2025-09-04 13:53:15,017 - INFO - Using font: Arial Unicode
2025-09-04 13:53:15,055 - INFO - Using font: Arial Unicode
2025-09-04 13:53:15,062 - INFO - Using font: Arial Unicode
2025-09-04 13:53:15,182 - INFO - Using font: Arial Unicode
2025-09-04 13:53:15,189 - INFO - Using font: Arial Unicode
2025-09-04 13:53:15,223 - INFO - Using font: Arial Unicode
2025-09-04 13:53:15,230 - INFO - Using font: Arial Unicode
2025-09-04 13:53:15,268 - INFO - Using font: Arial Unicode
2025-09-04 13:53:15,274 - INFO - Using font: Arial Unicode
2025-09-04 13:53:15,407 - INFO - Using font: Arial Unicode
2025-09-04 13:53:15,414 - INFO - Using font: Arial Unicode
2025-09-04 13:53:15,452 - INFO - Using font: Arial Unicode
2025-09-04 13:53:15,460 - INFO - Using font: Arial Unicode
2025-09-04 13:53:15,622 - INFO - Using font: Arial Unicode
2025-09-04 13:53:15,630 - INFO - Using font: Arial Unicode
2025-09-04 13:53:15,681 - INFO - Using font: Arial Unicode
2025-09-04 13:53:15,689 - INFO - Using font: Arial Unicode
2025-09-04 13:53:15,731 - INFO - Using font: Arial Unicode
2025-09-04 13:53:15,737 - INFO - Using font: Arial Unicode
2025-09-04 13:53:15,876 - INFO - Using font: Arial Unicode
2025-09-04 13:53:15,885 - INFO - Using font: Arial Unicode
2025-09-04 13:53:15,928 - INFO - Using font: Arial Unicode
2025-09-04 13:53:15,939 - INFO - Using font: Arial Unicode
2025-09-04 13:53:15,985 - INFO - Using font: Arial Unicode
2025-09-04 13:53:15,991 - INFO - Using font: Arial Unicode
2025-09-04 13:53:16,115 - INFO - Using font: Arial Unicode
2025-09-04 13:53:16,122 - INFO - Using font: Arial Unicode
2025-09-04 13:53:16,157 - INFO - Using font: Arial Unicode
2025-09-04 13:53:16,166 - INFO - Using font: Arial Unicode
2025-09-04 13:53:16,201 - INFO - Using font: Arial Unicode
2025-09-04 13:53:16,208 - INFO - Using font: Arial Unicode
2025-09-04 13:53:16,344 - INFO - Using font: Arial Unicode
2025-09-04 13:53:16,350 - INFO - Using font: Arial Unicode
2025-09-04 13:53:16,389 - INFO - Using font: Arial Unicode
2025-09-04 13:53:16,395 - INFO - Using font: Arial Unicode
2025-09-04 13:53:16,432 - INFO - Using font: Arial Unicode
2025-09-04 13:53:16,441 - INFO - Using font: Arial Unicode
2025-09-04 13:53:16,581 - INFO - Using font: Arial Unicode
2025-09-04 13:53:16,588 - INFO - Using font: Arial Unicode
2025-09-04 13:53:16,623 - INFO - Using font: Arial Unicode
2025-09-04 13:53:16,638 - INFO - Using font: Arial Unicode
2025-09-04 13:53:16,695 - INFO - Using font: Arial Unicode
2025-09-04 13:53:16,702 - INFO - Using font: Arial Unicode
2025-09-04 13:53:16,754 - INFO - Using font: Arial Unicode
2025-09-04 13:53:16,770 - INFO - Using font: Arial Unicode
2025-09-04 13:53:16,944 - INFO - Using font: Arial Unicode
2025-09-04 13:53:16,952 - INFO - Using font: Arial Unicode
2025-09-04 13:53:17,006 - INFO - Using font: Arial Unicode
2025-09-04 13:53:17,016 - INFO - Using font: Arial Unicode
2025-09-04 13:53:17,071 - INFO - Using font: Arial Unicode
2025-09-04 13:53:17,079 - INFO - Using font: Arial Unicode
2025-09-04 13:53:17,225 - INFO - Using font: Arial Unicode
2025-09-04 13:53:17,235 - INFO - Using font: Arial Unicode
2025-09-04 13:53:17,276 - INFO - Using font: Arial Unicode
2025-09-04 13:53:17,285 - INFO - Using font: Arial Unicode
2025-09-04 13:53:17,440 - INFO - Using font: Arial Unicode
2025-09-04 13:53:17,448 - INFO - Using font: Arial Unicode
2025-09-04 13:53:17,482 - INFO - Using font: Arial Unicode
2025-09-04 13:53:17,489 - INFO - Using font: Arial Unicode
2025-09-04 13:53:17,522 - INFO - Using font: Arial Unicode
2025-09-04 13:53:17,529 - INFO - Using font: Arial Unicode
2025-09-04 13:53:17,563 - INFO - Using font: Arial Unicode
2025-09-04 13:53:17,570 - INFO - Using font: Arial Unicode
2025-09-04 13:53:17,713 - INFO - Using font: Arial Unicode
2025-09-04 13:53:17,719 - INFO - Using font: Arial Unicode
2025-09-04 13:53:17,753 - INFO - Using font: Arial Unicode
2025-09-04 13:53:17,760 - INFO - Using font: Arial Unicode
2025-09-04 13:53:17,796 - INFO - Using font: Arial Unicode
2025-09-04 13:53:17,802 - INFO - Using font: Arial Unicode
2025-09-04 13:53:17,837 - INFO - Using font: Arial Unicode
2025-09-04 13:53:17,843 - INFO - Using font: Arial Unicode
2025-09-04 13:53:17,976 - INFO - Using font: Arial Unicode
2025-09-04 13:53:17,982 - INFO - Using font: Arial Unicode
2025-09-04 13:53:18,016 - INFO - Using font: Arial Unicode
2025-09-04 13:53:18,023 - INFO - Using font: Arial Unicode
2025-09-04 13:53:18,058 - INFO - Using font: Arial Unicode
2025-09-04 13:53:18,064 - INFO - Using font: Arial Unicode
2025-09-04 13:53:18,206 - INFO - Using font: Arial Unicode
2025-09-04 13:53:18,212 - INFO - Using font: Arial Unicode
2025-09-04 13:53:18,246 - INFO - Using font: Arial Unicode
2025-09-04 13:53:18,253 - INFO - Using font: Arial Unicode
2025-09-04 13:53:18,289 - INFO - Using font: Arial Unicode
2025-09-04 13:53:18,295 - INFO - Using font: Arial Unicode
2025-09-04 13:53:18,442 - INFO - Using font: Arial Unicode
2025-09-04 13:53:18,448 - INFO - Using font: Arial Unicode
2025-09-04 13:53:18,484 - INFO - Using font: Arial Unicode
2025-09-04 13:53:18,490 - INFO - Using font: Arial Unicode
2025-09-04 13:53:18,526 - INFO - Using font: Arial Unicode
2025-09-04 13:53:18,532 - INFO - Using font: Arial Unicode
2025-09-04 13:53:18,651 - INFO - Using font: Arial Unicode
2025-09-04 13:53:18,657 - INFO - Using font: Arial Unicode
2025-09-04 13:53:18,693 - INFO - Using font: Arial Unicode
2025-09-04 13:53:18,699 - INFO - Using font: Arial Unicode
2025-09-04 13:53:18,737 - INFO - Using font: Arial Unicode
2025-09-04 13:53:18,743 - INFO - Using font: Arial Unicode
2025-09-04 13:53:18,867 - INFO - Using font: Arial Unicode
2025-09-04 13:53:18,873 - INFO - Using font: Arial Unicode
2025-09-04 13:53:18,909 - INFO - Using font: Arial Unicode
2025-09-04 13:53:18,916 - INFO - Using font: Arial Unicode
2025-09-04 13:53:19,038 - INFO - Using font: Arial Unicode
2025-09-04 13:53:19,044 - INFO - Using font: Arial Unicode
2025-09-04 13:53:19,079 - INFO - Using font: Arial Unicode
2025-09-04 13:53:19,085 - INFO - Using font: Arial Unicode
2025-09-04 13:53:19,208 - INFO - Using font: Arial Unicode
2025-09-04 13:53:19,214 - INFO - Using font: Arial Unicode
2025-09-04 13:53:19,250 - INFO - Using font: Arial Unicode
2025-09-04 13:53:19,256 - INFO - Using font: Arial Unicode
2025-09-04 13:53:19,376 - INFO - Using font: Arial Unicode
2025-09-04 13:53:19,382 - INFO - Using font: Arial Unicode
2025-09-04 13:53:19,417 - INFO - Using font: Arial Unicode
2025-09-04 13:53:19,423 - INFO - Using font: Arial Unicode
2025-09-04 13:53:19,543 - INFO - Using font: Arial Unicode
2025-09-04 13:53:19,549 - INFO - Using font: Arial Unicode
2025-09-04 13:53:19,585 - INFO - Using font: Arial Unicode
2025-09-04 13:53:19,591 - INFO - Using font: Arial Unicode
2025-09-04 13:53:19,629 - INFO - Using font: Arial Unicode
2025-09-04 13:53:19,638 - INFO - Using font: Arial Unicode
2025-09-04 13:53:19,777 - INFO - Using font: Arial Unicode
2025-09-04 13:53:19,784 - INFO - Using font: Arial Unicode
2025-09-04 13:53:19,824 - INFO - Using font: Arial Unicode
2025-09-04 13:53:19,830 - INFO - Using font: Arial Unicode
2025-09-04 13:53:19,869 - INFO - Using font: Arial Unicode
2025-09-04 13:53:19,875 - INFO - Using font: Arial Unicode
2025-09-04 13:53:20,006 - INFO - Using font: Arial Unicode
2025-09-04 13:53:20,012 - INFO - Using font: Arial Unicode
2025-09-04 13:53:20,048 - INFO - Using font: Arial Unicode
2025-09-04 13:53:20,056 - INFO - Using font: Arial Unicode
2025-09-04 13:53:20,092 - INFO - Using font: Arial Unicode
2025-09-04 13:53:20,098 - INFO - Using font: Arial Unicode
2025-09-04 13:53:20,133 - INFO - Using font: Arial Unicode
2025-09-04 13:53:20,140 - INFO - Using font: Arial Unicode
2025-09-04 13:53:20,269 - INFO - Using font: Arial Unicode
2025-09-04 13:53:20,276 - INFO - Using font: Arial Unicode
2025-09-04 13:53:20,312 - INFO - Using font: Arial Unicode
2025-09-04 13:53:20,319 - INFO - Using font: Arial Unicode
2025-09-04 13:53:20,455 - INFO - Using font: Arial Unicode
2025-09-04 13:53:20,463 - INFO - Using font: Arial Unicode
2025-09-04 13:53:20,506 - INFO - Using font: Arial Unicode
2025-09-04 13:53:20,513 - INFO - Using font: Arial Unicode
2025-09-04 13:53:20,550 - INFO - Using font: Arial Unicode
2025-09-04 13:53:20,556 - INFO - Using font: Arial Unicode
2025-09-04 13:53:20,592 - INFO - Using font: Arial Unicode
2025-09-04 13:53:20,599 - INFO - Using font: Arial Unicode
2025-09-04 13:53:20,636 - INFO - Using font: Arial Unicode
2025-09-04 13:53:20,645 - INFO - Using font: Arial Unicode
2025-09-04 13:53:20,779 - INFO - Using font: Arial Unicode
2025-09-04 13:53:20,785 - INFO - Using font: Arial Unicode
2025-09-04 13:53:20,825 - INFO - Using font: Arial Unicode
2025-09-04 13:53:20,832 - INFO - Using font: Arial Unicode
2025-09-04 13:53:20,871 - INFO - Using font: Arial Unicode
2025-09-04 13:53:20,878 - INFO - Using font: Arial Unicode
2025-09-04 13:53:20,913 - INFO - Using font: Arial Unicode
2025-09-04 13:53:20,921 - INFO - Using font: Arial Unicode
2025-09-04 13:53:20,956 - INFO - Using font: Arial Unicode
2025-09-04 13:53:20,967 - INFO - Using font: Arial Unicode
2025-09-04 13:53:21,116 - INFO - Using font: Arial Unicode
2025-09-04 13:53:21,123 - INFO - Using font: Arial Unicode
2025-09-04 13:53:21,158 - INFO - Using font: Arial Unicode
2025-09-04 13:53:21,165 - INFO - Using font: Arial Unicode
2025-09-04 13:53:21,201 - INFO - Using font: Arial Unicode
2025-09-04 13:53:21,210 - INFO - Using font: Arial Unicode
2025-09-04 13:53:21,373 - INFO - Using font: Arial Unicode
2025-09-04 13:53:21,382 - INFO - Using font: Arial Unicode
2025-09-04 13:53:21,420 - INFO - Using font: Arial Unicode
2025-09-04 13:53:21,427 - INFO - Using font: Arial Unicode
2025-09-04 13:53:21,464 - INFO - Using font: Arial Unicode
2025-09-04 13:53:21,471 - INFO - Using font: Arial Unicode
2025-09-04 13:53:21,509 - INFO - Using font: Arial Unicode
2025-09-04 13:53:21,518 - INFO - Using font: Arial Unicode
2025-09-04 13:53:21,557 - INFO - Using font: Arial Unicode
2025-09-04 13:53:21,563 - INFO - Using font: Arial Unicode
2025-09-04 13:53:21,698 - INFO - Using font: Arial Unicode
2025-09-04 13:53:21,704 - INFO - Using font: Arial Unicode
2025-09-04 13:53:21,740 - INFO - Using font: Arial Unicode
2025-09-04 13:53:21,747 - INFO - Using font: Arial Unicode
2025-09-04 13:53:21,785 - INFO - Using font: Arial Unicode
2025-09-04 13:53:21,791 - INFO - Using font: Arial Unicode
2025-09-04 13:53:21,830 - INFO - Using font: Arial Unicode
2025-09-04 13:53:21,837 - INFO - Using font: Arial Unicode
2025-09-04 13:53:21,989 - INFO - Using font: Arial Unicode
2025-09-04 13:53:21,996 - INFO - Using font: Arial Unicode
2025-09-04 13:53:22,036 - INFO - Using font: Arial Unicode
2025-09-04 13:53:22,043 - INFO - Using font: Arial Unicode
2025-09-04 13:53:22,085 - INFO - Using font: Arial Unicode
2025-09-04 13:53:22,092 - INFO - Using font: Arial Unicode
2025-09-04 13:53:22,135 - INFO - Using font: Arial Unicode
2025-09-04 13:53:22,141 - INFO - Using font: Arial Unicode
2025-09-04 13:53:22,184 - INFO - Using font: Arial Unicode
2025-09-04 13:53:22,191 - INFO - Using font: Arial Unicode
2025-09-04 13:53:22,316 - INFO - Using font: Arial Unicode
2025-09-04 13:53:22,322 - INFO - Using font: Arial Unicode
2025-09-04 13:53:22,358 - INFO - Using font: Arial Unicode
2025-09-04 13:53:22,365 - INFO - Using font: Arial Unicode
2025-09-04 13:53:22,400 - INFO - Using font: Arial Unicode
2025-09-04 13:53:22,407 - INFO - Using font: Arial Unicode
2025-09-04 13:53:22,442 - INFO - Using font: Arial Unicode
2025-09-04 13:53:22,448 - INFO - Using font: Arial Unicode
2025-09-04 13:53:22,484 - INFO - Using font: Arial Unicode
2025-09-04 13:53:22,490 - INFO - Using font: Arial Unicode
2025-09-04 13:53:22,617 - INFO - Using font: Arial Unicode
2025-09-04 13:53:22,623 - INFO - Using font: Arial Unicode
2025-09-04 13:53:22,659 - INFO - Using font: Arial Unicode
2025-09-04 13:53:22,665 - INFO - Using font: Arial Unicode
2025-09-04 13:53:22,810 - INFO - Using font: Arial Unicode
2025-09-04 13:53:22,816 - INFO - Using font: Arial Unicode
2025-09-04 13:53:22,851 - INFO - Using font: Arial Unicode
2025-09-04 13:53:22,857 - INFO - Using font: Arial Unicode
2025-09-04 13:53:22,896 - INFO - Using font: Arial Unicode
2025-09-04 13:53:22,903 - INFO - Using font: Arial Unicode
2025-09-04 13:53:22,938 - INFO - Using font: Arial Unicode
2025-09-04 13:53:22,944 - INFO - Using font: Arial Unicode
2025-09-04 13:53:22,979 - INFO - Using font: Arial Unicode
2025-09-04 13:53:22,985 - INFO - Using font: Arial Unicode
2025-09-04 13:53:23,111 - INFO - Using font: Arial Unicode
2025-09-04 13:53:23,118 - INFO - Using font: Arial Unicode
2025-09-04 13:53:23,155 - INFO - Using font: Arial Unicode
2025-09-04 13:53:23,163 - INFO - Using font: Arial Unicode
2025-09-04 13:53:23,198 - INFO - Using font: Arial Unicode
2025-09-04 13:53:23,204 - INFO - Using font: Arial Unicode
2025-09-04 13:53:23,240 - INFO - Using font: Arial Unicode
2025-09-04 13:53:23,246 - INFO - Using font: Arial Unicode
2025-09-04 13:53:23,282 - INFO - Using font: Arial Unicode
2025-09-04 13:53:23,288 - INFO - Using font: Arial Unicode
2025-09-04 13:53:23,324 - INFO - Using font: Arial Unicode
2025-09-04 13:53:23,332 - INFO - Using font: Arial Unicode
2025-09-04 13:53:23,368 - INFO - Using font: Arial Unicode
2025-09-04 13:53:23,375 - INFO - Using font: Arial Unicode
2025-09-04 13:53:23,512 - INFO - Using font: Arial Unicode
2025-09-04 13:53:23,519 - INFO - Using font: Arial Unicode
2025-09-04 13:53:23,557 - INFO - Using font: Arial Unicode
2025-09-04 13:53:23,564 - INFO - Using font: Arial Unicode
2025-09-04 13:53:23,601 - INFO - Using font: Arial Unicode
2025-09-04 13:53:23,607 - INFO - Using font: Arial Unicode
2025-09-04 13:53:23,646 - INFO - Using font: Arial Unicode
2025-09-04 13:53:23,653 - INFO - Using font: Arial Unicode
2025-09-04 13:53:23,690 - INFO - Using font: Arial Unicode
2025-09-04 13:53:23,697 - INFO - Using font: Arial Unicode
2025-09-04 13:53:23,811 - INFO - Using font: Arial Unicode
2025-09-04 13:53:23,817 - INFO - Using font: Arial Unicode
2025-09-04 13:53:23,851 - INFO - Using font: Arial Unicode
2025-09-04 13:53:23,857 - INFO - Using font: Arial Unicode
2025-09-04 13:53:23,973 - INFO - Using font: Arial Unicode
2025-09-04 13:53:23,980 - INFO - Using font: Arial Unicode
2025-09-04 13:53:24,097 - INFO - Using font: Arial Unicode
2025-09-04 13:53:24,104 - INFO - Using font: Arial Unicode
2025-09-04 13:53:24,236 - INFO - Using font: Arial Unicode
2025-09-04 13:53:24,242 - INFO - Using font: Arial Unicode
2025-09-04 13:53:24,280 - INFO - Using font: Arial Unicode
2025-09-04 13:53:24,286 - INFO - Using font: Arial Unicode
2025-09-04 13:53:24,322 - INFO - Using font: Arial Unicode
2025-09-04 13:53:24,328 - INFO - Using font: Arial Unicode
2025-09-04 13:53:24,450 - INFO - Using font: Arial Unicode
2025-09-04 13:53:24,456 - INFO - Using font: Arial Unicode
2025-09-04 13:53:24,493 - INFO - Using font: Arial Unicode
2025-09-04 13:53:24,500 - INFO - Using font: Arial Unicode
2025-09-04 13:53:24,539 - INFO - Using font: Arial Unicode
2025-09-04 13:53:24,545 - INFO - Using font: Arial Unicode
2025-09-04 13:53:24,582 - INFO - Using font: Arial Unicode
2025-09-04 13:53:24,590 - INFO - Using font: Arial Unicode
2025-09-04 13:53:24,744 - INFO - Using font: Arial Unicode
2025-09-04 13:53:24,751 - INFO - Using font: Arial Unicode
2025-09-04 13:53:24,785 - INFO - Using font: Arial Unicode
2025-09-04 13:53:24,791 - INFO - Using font: Arial Unicode
2025-09-04 13:53:24,825 - INFO - Using font: Arial Unicode
2025-09-04 13:53:24,831 - INFO - Using font: Arial Unicode
2025-09-04 13:53:24,867 - INFO - Using font: Arial Unicode
2025-09-04 13:53:24,873 - INFO - Using font: Arial Unicode
2025-09-04 13:53:24,908 - INFO - Using font: Arial Unicode
2025-09-04 13:53:24,916 - INFO - Using font: Arial Unicode
2025-09-04 13:53:25,039 - INFO - Using font: Arial Unicode
2025-09-04 13:53:25,047 - INFO - Using font: Arial Unicode
2025-09-04 13:53:25,082 - INFO - Using font: Arial Unicode
2025-09-04 13:53:25,088 - INFO - Using font: Arial Unicode
2025-09-04 13:53:25,127 - INFO - Using font: Arial Unicode
2025-09-04 13:53:25,134 - INFO - Using font: Arial Unicode
2025-09-04 13:53:25,183 - INFO - Using font: Arial Unicode
2025-09-04 13:53:25,189 - INFO - Using font: Arial Unicode
2025-09-04 13:53:25,234 - INFO - Using font: Arial Unicode
2025-09-04 13:53:25,242 - INFO - Using font: Arial Unicode
2025-09-04 13:53:25,288 - INFO - Using font: Arial Unicode
2025-09-04 13:53:25,297 - INFO - Using font: Arial Unicode
2025-09-04 13:53:25,342 - INFO - Using font: Arial Unicode
2025-09-04 13:53:25,352 - INFO - Using font: Arial Unicode
2025-09-04 13:53:25,392 - INFO - Using font: Arial Unicode
2025-09-04 13:53:25,399 - INFO - Using font: Arial Unicode
2025-09-04 13:53:25,551 - INFO - Using font: Arial Unicode
2025-09-04 13:53:25,557 - INFO - Using font: Arial Unicode
2025-09-04 13:53:25,591 - INFO - Using font: Arial Unicode
2025-09-04 13:53:25,598 - INFO - Using font: Arial Unicode
2025-09-04 13:53:25,632 - INFO - Using font: Arial Unicode
2025-09-04 13:53:25,639 - INFO - Using font: Arial Unicode
2025-09-04 13:53:25,676 - INFO - Using font: Arial Unicode
2025-09-04 13:53:25,684 - INFO - Using font: Arial Unicode
2025-09-04 13:53:25,719 - INFO - Using font: Arial Unicode
2025-09-04 13:53:25,725 - INFO - Using font: Arial Unicode
2025-09-04 13:53:25,841 - INFO - Using font: Arial Unicode
2025-09-04 13:53:25,847 - INFO - Using font: Arial Unicode
2025-09-04 13:53:25,883 - INFO - Using font: Arial Unicode
2025-09-04 13:53:25,890 - INFO - Using font: Arial Unicode
2025-09-04 13:53:25,924 - INFO - Using font: Arial Unicode
2025-09-04 13:53:25,930 - INFO - Using font: Arial Unicode
2025-09-04 13:53:25,965 - INFO - Using font: Arial Unicode
2025-09-04 13:53:25,971 - INFO - Using font: Arial Unicode
2025-09-04 13:53:26,107 - INFO - Using font: Arial Unicode
2025-09-04 13:53:26,113 - INFO - Using font: Arial Unicode
2025-09-04 13:53:26,241 - INFO - Using font: Arial Unicode
2025-09-04 13:53:26,247 - INFO - Using font: Arial Unicode
2025-09-04 13:53:26,284 - INFO - Using font: Arial Unicode
2025-09-04 13:53:26,290 - INFO - Using font: Arial Unicode
2025-09-04 13:53:26,327 - INFO - Using font: Arial Unicode
2025-09-04 13:53:26,333 - INFO - Using font: Arial Unicode
2025-09-04 13:53:26,368 - INFO - Using font: Arial Unicode
2025-09-04 13:53:26,375 - INFO - Using font: Arial Unicode
2025-09-04 13:53:26,499 - INFO - Using font: Arial Unicode
2025-09-04 13:53:26,506 - INFO - Using font: Arial Unicode
2025-09-04 13:53:26,545 - INFO - Using font: Arial Unicode
2025-09-04 13:53:26,551 - INFO - Using font: Arial Unicode
2025-09-04 13:53:26,590 - INFO - Using font: Arial Unicode
2025-09-04 13:53:26,596 - INFO - Using font: Arial Unicode
2025-09-04 13:53:26,846 - INFO - Using font: Arial Unicode
2025-09-04 13:53:26,853 - INFO - Using font: Arial Unicode
2025-09-04 13:53:26,898 - INFO - Using font: Arial Unicode
2025-09-04 13:53:26,907 - INFO - Using font: Arial Unicode
2025-09-04 13:53:26,953 - INFO - Using font: Arial Unicode
2025-09-04 13:53:26,961 - INFO - Using font: Arial Unicode
2025-09-04 13:53:27,002 - INFO - Using font: Arial Unicode
2025-09-04 13:53:27,009 - INFO - Using font: Arial Unicode
2025-09-04 13:53:27,146 - INFO - Using font: Arial Unicode
2025-09-04 13:53:27,154 - INFO - Using font: Arial Unicode
2025-09-04 13:53:27,192 - INFO - Using font: Arial Unicode
2025-09-04 13:53:27,199 - INFO - Using font: Arial Unicode
2025-09-04 13:53:27,237 - INFO - Using font: Arial Unicode
2025-09-04 13:53:27,243 - INFO - Using font: Arial Unicode
2025-09-04 13:53:27,281 - INFO - Using font: Arial Unicode
2025-09-04 13:53:27,288 - INFO - Using font: Arial Unicode
2025-09-04 13:53:27,413 - INFO - Using font: Arial Unicode
2025-09-04 13:53:27,419 - INFO - Using font: Arial Unicode
2025-09-04 13:53:27,463 - INFO - Using font: Arial Unicode
2025-09-04 13:53:27,470 - INFO - Using font: Arial Unicode
2025-09-04 13:53:27,515 - INFO - Using font: Arial Unicode
2025-09-04 13:53:27,522 - INFO - Using font: Arial Unicode
2025-09-04 13:53:27,564 - INFO - Using font: Arial Unicode
2025-09-04 13:53:27,570 - INFO - Using font: Arial Unicode
2025-09-04 13:53:27,610 - INFO - Using font: Arial Unicode
2025-09-04 13:53:27,617 - INFO - Using font: Arial Unicode
2025-09-04 13:53:27,753 - INFO - Using font: Arial Unicode
2025-09-04 13:53:27,760 - INFO - Using font: Arial Unicode
2025-09-04 13:53:27,802 - INFO - Using font: Arial Unicode
2025-09-04 13:53:27,809 - INFO - Using font: Arial Unicode
2025-09-04 13:53:27,848 - INFO - Using font: Arial Unicode
2025-09-04 13:53:27,854 - INFO - Using font: Arial Unicode
2025-09-04 13:53:27,968 - INFO - Using font: Arial Unicode
2025-09-04 13:53:27,975 - INFO - Using font: Arial Unicode
2025-09-04 13:53:28,099 - INFO - Using font: Arial Unicode
2025-09-04 13:53:28,105 - INFO - Using font: Arial Unicode
2025-09-04 13:53:28,140 - INFO - Using font: Arial Unicode
2025-09-04 13:53:28,146 - INFO - Using font: Arial Unicode
2025-09-04 13:53:28,179 - INFO - Using font: Arial Unicode
2025-09-04 13:53:28,186 - INFO - Using font: Arial Unicode
2025-09-04 13:53:28,330 - INFO - Using font: Arial Unicode
2025-09-04 13:53:28,336 - INFO - Using font: Arial Unicode
2025-09-04 13:53:28,476 - INFO - Using font: Arial Unicode
2025-09-04 13:53:28,483 - INFO - Using font: Arial Unicode
2025-09-04 13:53:28,517 - INFO - Using font: Arial Unicode
2025-09-04 13:53:28,524 - INFO - Using font: Arial Unicode
2025-09-04 13:53:28,563 - INFO - Using font: Arial Unicode
2025-09-04 13:53:28,570 - INFO - Using font: Arial Unicode
2025-09-04 13:53:28,604 - INFO - Using font: Arial Unicode
2025-09-04 13:53:28,610 - INFO - Using font: Arial Unicode
2025-09-04 13:53:28,646 - INFO - Using font: Arial Unicode
2025-09-04 13:53:28,653 - INFO - Using font: Arial Unicode
2025-09-04 13:53:28,774 - INFO - Using font: Arial Unicode
2025-09-04 13:53:28,780 - INFO - Using font: Arial Unicode
2025-09-04 13:53:28,814 - INFO - Using font: Arial Unicode
2025-09-04 13:53:28,821 - INFO - Using font: Arial Unicode
2025-09-04 13:53:28,974 - INFO - Using font: Arial Unicode
2025-09-04 13:53:28,981 - INFO - Using font: Arial Unicode
2025-09-04 13:53:29,015 - INFO - Using font: Arial Unicode
2025-09-04 13:53:29,021 - INFO - Using font: Arial Unicode
2025-09-04 13:53:29,190 - INFO - Using font: Arial Unicode
2025-09-04 13:53:29,199 - INFO - Using font: Arial Unicode
2025-09-04 13:53:29,460 - INFO - Using font: Arial Unicode
2025-09-04 13:53:29,470 - INFO - Using font: Arial Unicode
2025-09-04 13:53:29,530 - INFO - Using font: Arial Unicode
2025-09-04 13:53:29,541 - INFO - Using font: Arial Unicode
2025-09-04 13:53:29,606 - INFO - Using font: Arial Unicode
2025-09-04 13:53:29,617 - INFO - Using font: Arial Unicode
2025-09-04 13:53:29,693 - INFO - Using font: Arial Unicode
2025-09-04 13:53:29,706 - INFO - Using font: Arial Unicode
2025-09-04 13:53:29,847 - INFO - Using font: Arial Unicode
2025-09-04 13:53:29,862 - INFO - Using font: Arial Unicode
2025-09-04 13:53:30,100 - INFO - Using font: Arial Unicode
2025-09-04 13:53:30,112 - INFO - Using font: Arial Unicode
2025-09-04 13:53:30,214 - INFO - Using font: Arial Unicode
2025-09-04 13:53:30,226 - INFO - Using font: Arial Unicode
2025-09-04 13:53:30,331 - INFO - Using font: Arial Unicode
2025-09-04 13:53:30,342 - INFO - Using font: Arial Unicode
2025-09-04 13:53:30,647 - INFO - Using font: Arial Unicode
2025-09-04 13:53:30,662 - INFO - Using font: Arial Unicode
2025-09-04 13:53:30,750 - INFO - Using font: Arial Unicode
2025-09-04 13:53:30,765 - INFO - Using font: Arial Unicode
2025-09-04 13:53:30,840 - INFO - Using font: Arial Unicode
2025-09-04 13:53:30,851 - INFO - Using font: Arial Unicode
2025-09-04 13:53:31,023 - INFO - Using font: Arial Unicode
2025-09-04 13:53:31,033 - INFO - Using font: Arial Unicode
2025-09-04 13:53:31,085 - INFO - Using font: Arial Unicode
2025-09-04 13:53:31,092 - INFO - Using font: Arial Unicode
2025-09-04 13:53:31,140 - INFO - Using font: Arial Unicode
2025-09-04 13:53:31,147 - INFO - Using font: Arial Unicode
2025-09-04 13:53:31,186 - INFO - Using font: Arial Unicode
2025-09-04 13:53:31,193 - INFO - Using font: Arial Unicode
2025-09-04 13:53:31,237 - INFO - Using font: Arial Unicode
2025-09-04 13:53:31,244 - INFO - Using font: Arial Unicode
2025-09-04 13:53:31,382 - INFO - Using font: Arial Unicode
2025-09-04 13:53:31,389 - INFO - Using font: Arial Unicode
2025-09-04 13:53:31,436 - INFO - Using font: Arial Unicode
2025-09-04 13:53:31,448 - INFO - Using font: Arial Unicode
2025-09-04 13:53:31,517 - INFO - Using font: Arial Unicode
2025-09-04 13:53:31,527 - INFO - Using font: Arial Unicode
2025-09-04 13:53:31,570 - INFO - Using font: Arial Unicode
2025-09-04 13:53:31,578 - INFO - Using font: Arial Unicode
2025-09-04 13:53:31,619 - INFO - Using font: Arial Unicode
2025-09-04 13:53:31,626 - INFO - Using font: Arial Unicode
2025-09-04 13:53:31,670 - INFO - Using font: Arial Unicode
2025-09-04 13:53:31,677 - INFO - Using font: Arial Unicode
2025-09-04 13:53:31,815 - INFO - Using font: Arial Unicode
2025-09-04 13:53:31,823 - INFO - Using font: Arial Unicode
2025-09-04 13:53:31,860 - INFO - Using font: Arial Unicode
2025-09-04 13:53:31,867 - INFO - Using font: Arial Unicode
2025-09-04 13:53:31,996 - INFO - Using font: Arial Unicode
2025-09-04 13:53:32,003 - INFO - Using font: Arial Unicode
2025-09-04 13:53:32,040 - INFO - Using font: Arial Unicode
2025-09-04 13:53:32,047 - INFO - Using font: Arial Unicode
2025-09-04 13:53:32,085 - INFO - Using font: Arial Unicode
2025-09-04 13:53:32,091 - INFO - Using font: Arial Unicode
2025-09-04 13:53:32,127 - INFO - Using font: Arial Unicode
2025-09-04 13:53:32,133 - INFO - Using font: Arial Unicode
2025-09-04 13:53:32,273 - INFO - Using font: Arial Unicode
2025-09-04 13:53:32,279 - INFO - Using font: Arial Unicode
2025-09-04 13:53:32,313 - INFO - Using font: Arial Unicode
2025-09-04 13:53:32,319 - INFO - Using font: Arial Unicode
2025-09-04 13:53:32,354 - INFO - Using font: Arial Unicode
2025-09-04 13:53:32,361 - INFO - Using font: Arial Unicode
2025-09-04 13:53:32,394 - INFO - Using font: Arial Unicode
2025-09-04 13:53:32,400 - INFO - Using font: Arial Unicode
2025-09-04 13:53:32,435 - INFO - Using font: Arial Unicode
2025-09-04 13:53:32,444 - INFO - Using font: Arial Unicode
2025-09-04 13:53:32,575 - INFO - Using font: Arial Unicode
2025-09-04 13:53:32,581 - INFO - Using font: Arial Unicode
2025-09-04 13:53:32,616 - INFO - Using font: Arial Unicode
2025-09-04 13:53:32,623 - INFO - Using font: Arial Unicode
2025-09-04 13:53:32,657 - INFO - Using font: Arial Unicode
2025-09-04 13:53:32,664 - INFO - Using font: Arial Unicode
2025-09-04 13:53:32,813 - INFO - Using font: Arial Unicode
2025-09-04 13:53:32,819 - INFO - Using font: Arial Unicode
2025-09-04 13:53:32,853 - INFO - Using font: Arial Unicode
2025-09-04 13:53:32,860 - INFO - Using font: Arial Unicode
2025-09-04 13:53:32,898 - INFO - Using font: Arial Unicode
2025-09-04 13:53:32,905 - INFO - Using font: Arial Unicode
2025-09-04 13:53:32,940 - INFO - Using font: Arial Unicode
2025-09-04 13:53:32,946 - INFO - Using font: Arial Unicode
2025-09-04 13:53:32,981 - INFO - Using font: Arial Unicode
2025-09-04 13:53:32,987 - INFO - Using font: Arial Unicode
2025-09-04 13:53:33,107 - INFO - Using font: Arial Unicode
2025-09-04 13:53:33,113 - INFO - Using font: Arial Unicode
2025-09-04 13:53:33,147 - INFO - Using font: Arial Unicode
2025-09-04 13:53:33,153 - INFO - Using font: Arial Unicode
2025-09-04 13:53:33,188 - INFO - Using font: Arial Unicode
2025-09-04 13:53:33,196 - INFO - Using font: Arial Unicode
2025-09-04 13:53:33,231 - INFO - Using font: Arial Unicode
2025-09-04 13:53:33,237 - INFO - Using font: Arial Unicode
2025-09-04 13:53:33,273 - INFO - Using font: Arial Unicode
2025-09-04 13:53:33,279 - INFO - Using font: Arial Unicode
2025-09-04 13:53:33,395 - INFO - Using font: Arial Unicode
2025-09-04 13:53:33,401 - INFO - Using font: Arial Unicode
2025-09-04 13:53:33,448 - INFO - Using font: Arial Unicode
2025-09-04 13:53:33,454 - INFO - Using font: Arial Unicode
2025-09-04 13:53:33,573 - INFO - Using font: Arial Unicode
2025-09-04 13:53:33,579 - INFO - Using font: Arial Unicode
2025-09-04 13:53:33,615 - INFO - Using font: Arial Unicode
2025-09-04 13:53:33,623 - INFO - Using font: Arial Unicode
2025-09-04 13:53:33,661 - INFO - Using font: Arial Unicode
2025-09-04 13:53:33,668 - INFO - Using font: Arial Unicode
2025-09-04 13:53:33,710 - INFO - Using font: Arial Unicode
2025-09-04 13:53:33,719 - INFO - Using font: Arial Unicode
2025-09-04 13:53:33,866 - INFO - Using font: Arial Unicode
2025-09-04 13:53:33,873 - INFO - Using font: Arial Unicode
2025-09-04 13:53:33,908 - INFO - Using font: Arial Unicode
2025-09-04 13:53:33,915 - INFO - Using font: Arial Unicode
2025-09-04 13:53:33,949 - INFO - Using font: Arial Unicode
2025-09-04 13:53:33,959 - INFO - Using font: Arial Unicode
2025-09-04 13:53:33,996 - INFO - Using font: Arial Unicode
2025-09-04 13:53:34,002 - INFO - Using font: Arial Unicode
2025-09-04 13:53:34,140 - INFO - Using font: Arial Unicode
2025-09-04 13:53:34,146 - INFO - Using font: Arial Unicode
2025-09-04 13:53:34,182 - INFO - Using font: Arial Unicode
2025-09-04 13:53:34,189 - INFO - Using font: Arial Unicode
2025-09-04 13:53:34,230 - INFO - Using font: Arial Unicode
2025-09-04 13:53:34,244 - INFO - Using font: Arial Unicode
2025-09-04 13:53:34,291 - INFO - Using font: Arial Unicode
2025-09-04 13:53:34,299 - INFO - Using font: Arial Unicode
2025-09-04 13:53:34,477 - INFO - Using font: Arial Unicode
2025-09-04 13:53:34,485 - INFO - Using font: Arial Unicode
2025-09-04 13:53:34,540 - INFO - Using font: Arial Unicode
2025-09-04 13:53:34,548 - INFO - Using font: Arial Unicode
2025-09-04 13:53:34,596 - INFO - Using font: Arial Unicode
2025-09-04 13:53:34,605 - INFO - Using font: Arial Unicode
2025-09-04 13:53:34,656 - INFO - Using font: Arial Unicode
2025-09-04 13:53:34,663 - INFO - Using font: Arial Unicode
2025-09-04 13:53:34,702 - INFO - Using font: Arial Unicode
2025-09-04 13:53:34,708 - INFO - Using font: Arial Unicode
2025-09-04 13:53:34,741 - INFO - Using font: Arial Unicode
2025-09-04 13:53:34,747 - INFO - Using font: Arial Unicode
2025-09-04 13:53:34,866 - INFO - Using font: Arial Unicode
2025-09-04 13:53:34,873 - INFO - Using font: Arial Unicode
2025-09-04 13:53:34,909 - INFO - Using font: Arial Unicode
2025-09-04 13:53:34,914 - INFO - Using font: Arial Unicode
2025-09-04 13:53:34,951 - INFO - Using font: Arial Unicode
2025-09-04 13:53:34,958 - INFO - Using font: Arial Unicode
2025-09-04 13:53:35,097 - INFO - Using font: Arial Unicode
2025-09-04 13:53:35,103 - INFO - Using font: Arial Unicode
2025-09-04 13:53:35,138 - INFO - Using font: Arial Unicode
2025-09-04 13:53:35,145 - INFO - Using font: Arial Unicode
2025-09-04 13:53:35,178 - INFO - Using font: Arial Unicode
2025-09-04 13:53:35,185 - INFO - Using font: Arial Unicode
2025-09-04 13:53:35,219 - INFO - Using font: Arial Unicode
2025-09-04 13:53:35,226 - INFO - Using font: Arial Unicode
2025-09-04 13:53:35,259 - INFO - Using font: Arial Unicode
2025-09-04 13:53:35,266 - INFO - Using font: Arial Unicode
2025-09-04 13:53:35,300 - INFO - Using font: Arial Unicode
2025-09-04 13:53:35,306 - INFO - Using font: Arial Unicode
2025-09-04 13:53:35,421 - INFO - Using font: Arial Unicode
2025-09-04 13:53:35,428 - INFO - Using font: Arial Unicode
2025-09-04 13:53:35,465 - INFO - Using font: Arial Unicode
2025-09-04 13:53:35,471 - INFO - Using font: Arial Unicode
2025-09-04 13:53:35,505 - INFO - Using font: Arial Unicode
2025-09-04 13:53:35,511 - INFO - Using font: Arial Unicode
2025-09-04 13:53:35,637 - INFO - Using font: Arial Unicode
2025-09-04 13:53:35,644 - INFO - Using font: Arial Unicode
2025-09-04 13:53:35,679 - INFO - Using font: Arial Unicode
2025-09-04 13:53:35,685 - INFO - Using font: Arial Unicode
2025-09-04 13:53:35,719 - INFO - Using font: Arial Unicode
2025-09-04 13:53:35,725 - INFO - Using font: Arial Unicode
2025-09-04 13:53:35,897 - INFO - Using font: Arial Unicode
2025-09-04 13:53:35,903 - INFO - Using font: Arial Unicode
2025-09-04 13:53:35,938 - INFO - Using font: Arial Unicode
2025-09-04 13:53:35,945 - INFO - Using font: Arial Unicode
2025-09-04 13:53:36,072 - INFO - Using font: Arial Unicode
2025-09-04 13:53:36,079 - INFO - Using font: Arial Unicode
2025-09-04 13:53:36,113 - INFO - Using font: Arial Unicode
2025-09-04 13:53:36,120 - INFO - Using font: Arial Unicode
2025-09-04 13:53:36,272 - INFO - Using font: Arial Unicode
2025-09-04 13:53:36,278 - INFO - Using font: Arial Unicode
2025-09-04 13:53:36,313 - INFO - Using font: Arial Unicode
2025-09-04 13:53:36,320 - INFO - Using font: Arial Unicode
2025-09-04 13:53:36,355 - INFO - Using font: Arial Unicode
2025-09-04 13:53:36,362 - INFO - Using font: Arial Unicode
2025-09-04 13:53:36,505 - INFO - Using font: Arial Unicode
2025-09-04 13:53:36,511 - INFO - Using font: Arial Unicode
2025-09-04 13:53:36,548 - INFO - Using font: Arial Unicode
2025-09-04 13:53:36,555 - INFO - Using font: Arial Unicode
2025-09-04 13:53:36,671 - INFO - Using font: Arial Unicode
2025-09-04 13:53:36,677 - INFO - Using font: Arial Unicode
2025-09-04 13:53:36,713 - INFO - Using font: Arial Unicode
2025-09-04 13:53:36,720 - INFO - Using font: Arial Unicode
2025-09-04 13:53:36,755 - INFO - Using font: Arial Unicode
2025-09-04 13:53:36,761 - INFO - Using font: Arial Unicode
2025-09-04 13:53:36,896 - INFO - Using font: Arial Unicode
2025-09-04 13:53:36,903 - INFO - Using font: Arial Unicode
2025-09-04 13:53:36,937 - INFO - Using font: Arial Unicode
2025-09-04 13:53:36,943 - INFO - Using font: Arial Unicode
2025-09-04 13:53:36,979 - INFO - Using font: Arial Unicode
2025-09-04 13:53:36,986 - INFO - Using font: Arial Unicode
2025-09-04 13:53:37,022 - INFO - Using font: Arial Unicode
2025-09-04 13:53:37,028 - INFO - Using font: Arial Unicode
2025-09-04 13:53:37,062 - INFO - Using font: Arial Unicode
2025-09-04 13:53:37,068 - INFO - Using font: Arial Unicode
2025-09-04 13:53:37,192 - INFO - Using font: Arial Unicode
2025-09-04 13:53:37,199 - INFO - Using font: Arial Unicode
2025-09-04 13:53:37,234 - INFO - Using font: Arial Unicode
2025-09-04 13:53:37,242 - INFO - Using font: Arial Unicode
2025-09-04 13:53:37,276 - INFO - Using font: Arial Unicode
2025-09-04 13:53:37,283 - INFO - Using font: Arial Unicode
2025-09-04 13:53:37,436 - INFO - Using font: Arial Unicode
2025-09-04 13:53:37,445 - INFO - Using font: Arial Unicode
2025-09-04 13:53:37,506 - INFO - Using font: Arial Unicode
2025-09-04 13:53:37,516 - INFO - Using font: Arial Unicode
2025-09-04 13:53:37,658 - INFO - Using font: Arial Unicode
2025-09-04 13:53:37,667 - INFO - Using font: Arial Unicode
2025-09-04 13:53:37,714 - INFO - Using font: Arial Unicode
2025-09-04 13:53:37,722 - INFO - Using font: Arial Unicode
2025-09-04 13:53:37,764 - INFO - Using font: Arial Unicode
2025-09-04 13:53:37,774 - INFO - Using font: Arial Unicode
2025-09-04 13:53:37,909 - INFO - Using font: Arial Unicode
2025-09-04 13:53:37,916 - INFO - Using font: Arial Unicode
2025-09-04 13:53:37,953 - INFO - Using font: Arial Unicode
2025-09-04 13:53:37,961 - INFO - Using font: Arial Unicode
2025-09-04 13:53:38,078 - INFO - Using font: Arial Unicode
2025-09-04 13:53:38,086 - INFO - Using font: Arial Unicode
2025-09-04 13:53:38,123 - INFO - Using font: Arial Unicode
2025-09-04 13:53:38,134 - INFO - Using font: Arial Unicode
2025-09-04 13:53:38,179 - INFO - Using font: Arial Unicode
2025-09-04 13:53:38,188 - INFO - Using font: Arial Unicode
2025-09-04 13:53:38,234 - INFO - Using font: Arial Unicode
2025-09-04 13:53:38,246 - INFO - Using font: Arial Unicode
2025-09-04 13:53:38,289 - INFO - Using font: Arial Unicode
2025-09-04 13:53:38,296 - INFO - Using font: Arial Unicode
2025-09-04 13:53:38,469 - INFO - Using font: Arial Unicode
2025-09-04 13:53:38,480 - INFO - Using font: Arial Unicode
2025-09-04 13:53:38,536 - INFO - Using font: Arial Unicode
2025-09-04 13:53:38,544 - INFO - Using font: Arial Unicode
2025-09-04 13:53:38,589 - INFO - Using font: Arial Unicode
2025-09-04 13:53:38,598 - INFO - Using font: Arial Unicode
2025-09-04 13:53:38,637 - INFO - Using font: Arial Unicode
2025-09-04 13:53:38,644 - INFO - Using font: Arial Unicode
2025-09-04 13:53:38,767 - INFO - Using font: Arial Unicode
2025-09-04 13:53:38,774 - INFO - Using font: Arial Unicode
2025-09-04 13:53:38,808 - INFO - Using font: Arial Unicode
2025-09-04 13:53:38,814 - INFO - Using font: Arial Unicode
2025-09-04 13:53:38,850 - INFO - Using font: Arial Unicode
2025-09-04 13:53:38,856 - INFO - Using font: Arial Unicode
2025-09-04 13:53:38,893 - INFO - Using font: Arial Unicode
2025-09-04 13:53:38,899 - INFO - Using font: Arial Unicode
2025-09-04 13:53:39,029 - INFO - Using font: Arial Unicode
2025-09-04 13:53:39,035 - INFO - Using font: Arial Unicode
2025-09-04 13:53:39,069 - INFO - Using font: Arial Unicode
2025-09-04 13:53:39,076 - INFO - Using font: Arial Unicode
2025-09-04 13:53:39,196 - INFO - Using font: Arial Unicode
2025-09-04 13:53:39,203 - INFO - Using font: Arial Unicode
2025-09-04 13:53:39,237 - INFO - Using font: Arial Unicode
2025-09-04 13:53:39,244 - INFO - Using font: Arial Unicode
2025-09-04 13:53:39,281 - INFO - Using font: Arial Unicode
2025-09-04 13:53:39,287 - INFO - Using font: Arial Unicode
2025-09-04 13:53:39,444 - INFO - Using font: Arial Unicode
2025-09-04 13:53:39,451 - INFO - Using font: Arial Unicode
2025-09-04 13:53:39,490 - INFO - Using font: Arial Unicode
2025-09-04 13:53:39,496 - INFO - Using font: Arial Unicode
2025-09-04 13:53:39,531 - INFO - Using font: Arial Unicode
2025-09-04 13:53:39,538 - INFO - Using font: Arial Unicode
2025-09-04 13:53:39,571 - INFO - Using font: Arial Unicode
2025-09-04 13:53:39,578 - INFO - Using font: Arial Unicode
2025-09-04 13:53:39,722 - INFO - Using font: Arial Unicode
2025-09-04 13:53:39,728 - INFO - Using font: Arial Unicode
2025-09-04 13:53:39,764 - INFO - Using font: Arial Unicode
2025-09-04 13:53:39,771 - INFO - Using font: Arial Unicode
2025-09-04 13:53:39,812 - INFO - Using font: Arial Unicode
2025-09-04 13:53:39,819 - INFO - Using font: Arial Unicode
2025-09-04 13:53:39,962 - INFO - Using font: Arial Unicode
2025-09-04 13:53:39,969 - INFO - Using font: Arial Unicode
2025-09-04 13:53:40,003 - INFO - Using font: Arial Unicode
2025-09-04 13:53:40,009 - INFO - Using font: Arial Unicode
2025-09-04 13:53:40,044 - INFO - Using font: Arial Unicode
2025-09-04 13:53:40,051 - INFO - Using font: Arial Unicode
2025-09-04 13:53:40,190 - INFO - Using font: Arial Unicode
2025-09-04 13:53:40,196 - INFO - Using font: Arial Unicode
2025-09-04 13:53:40,230 - INFO - Using font: Arial Unicode
2025-09-04 13:53:40,237 - INFO - Using font: Arial Unicode
2025-09-04 13:53:40,362 - INFO - Using font: Arial Unicode
2025-09-04 13:53:40,369 - INFO - Using font: Arial Unicode
2025-09-04 13:53:40,405 - INFO - Using font: Arial Unicode
2025-09-04 13:53:40,412 - INFO - Using font: Arial Unicode
2025-09-04 13:53:40,446 - INFO - Using font: Arial Unicode
2025-09-04 13:53:40,452 - INFO - Using font: Arial Unicode
2025-09-04 13:53:40,571 - INFO - Using font: Arial Unicode
2025-09-04 13:53:40,578 - INFO - Using font: Arial Unicode
2025-09-04 13:53:40,614 - INFO - Using font: Arial Unicode
2025-09-04 13:53:40,620 - INFO - Using font: Arial Unicode
2025-09-04 13:53:40,656 - INFO - Using font: Arial Unicode
2025-09-04 13:53:40,664 - INFO - Using font: Arial Unicode
2025-09-04 13:53:40,823 - INFO - Using font: Arial Unicode
2025-09-04 13:53:40,830 - INFO - Using font: Arial Unicode
2025-09-04 13:53:40,873 - INFO - Using font: Arial Unicode
2025-09-04 13:53:40,879 - INFO - Using font: Arial Unicode
2025-09-04 13:53:40,916 - INFO - Using font: Arial Unicode
2025-09-04 13:53:40,923 - INFO - Using font: Arial Unicode
2025-09-04 13:53:40,959 - INFO - Using font: Arial Unicode
2025-09-04 13:53:40,966 - INFO - Using font: Arial Unicode
2025-09-04 13:53:41,115 - INFO - Using font: Arial Unicode
2025-09-04 13:53:41,122 - INFO - Using font: Arial Unicode
2025-09-04 13:53:41,156 - INFO - Using font: Arial Unicode
2025-09-04 13:53:41,165 - INFO - Using font: Arial Unicode
2025-09-04 13:53:41,214 - INFO - Using font: Arial Unicode
2025-09-04 13:53:41,223 - INFO - Using font: Arial Unicode
2025-09-04 13:53:41,267 - INFO - Using font: Arial Unicode
2025-09-04 13:53:41,273 - INFO - Using font: Arial Unicode
2025-09-04 13:53:41,312 - INFO - Using font: Arial Unicode
2025-09-04 13:53:41,319 - INFO - Using font: Arial Unicode
2025-09-04 13:53:41,474 - INFO - Using font: Arial Unicode
2025-09-04 13:53:41,481 - INFO - Using font: Arial Unicode
2025-09-04 13:53:41,515 - INFO - Using font: Arial Unicode
2025-09-04 13:53:41,523 - INFO - Using font: Arial Unicode
2025-09-04 13:53:41,557 - INFO - Using font: Arial Unicode
2025-09-04 13:53:41,564 - INFO - Using font: Arial Unicode
2025-09-04 13:53:41,714 - INFO - Using font: Arial Unicode
2025-09-04 13:53:41,721 - INFO - Using font: Arial Unicode
2025-09-04 13:53:41,765 - INFO - Using font: Arial Unicode
2025-09-04 13:53:41,771 - INFO - Using font: Arial Unicode
2025-09-04 13:53:41,807 - INFO - Using font: Arial Unicode
2025-09-04 13:53:41,816 - INFO - Using font: Arial Unicode
2025-09-04 13:53:41,947 - INFO - Using font: Arial Unicode
2025-09-04 13:53:41,954 - INFO - Using font: Arial Unicode
2025-09-04 13:53:41,992 - INFO - Using font: Arial Unicode
2025-09-04 13:53:42,000 - INFO - Using font: Arial Unicode
2025-09-04 13:53:42,074 - INFO - Using font: Arial Unicode
2025-09-04 13:53:42,084 - INFO - Using font: Arial Unicode
2025-09-04 13:53:42,241 - INFO - Using font: Arial Unicode
2025-09-04 13:53:42,248 - INFO - Using font: Arial Unicode
2025-09-04 13:53:42,289 - INFO - Using font: Arial Unicode
2025-09-04 13:53:42,296 - INFO - Using font: Arial Unicode
2025-09-04 13:53:42,386 - INFO - Using font: Arial Unicode
2025-09-04 13:53:42,393 - INFO - Using font: Arial Unicode
2025-09-04 13:53:42,447 - INFO - Using font: Arial Unicode
2025-09-04 13:53:42,456 - INFO - Using font: Arial Unicode
2025-09-04 13:53:42,652 - INFO - Using font: Arial Unicode
2025-09-04 13:53:42,662 - INFO - Using font: Arial Unicode
2025-09-04 13:53:42,725 - INFO - Using font: Arial Unicode
2025-09-04 13:53:42,734 - INFO - Using font: Arial Unicode
2025-09-04 13:53:42,798 - INFO - Using font: Arial Unicode
2025-09-04 13:53:42,808 - INFO - Using font: Arial Unicode
2025-09-04 13:53:42,951 - INFO - Using font: Arial Unicode
2025-09-04 13:53:42,958 - INFO - Using font: Arial Unicode
2025-09-04 13:53:42,994 - INFO - Using font: Arial Unicode
2025-09-04 13:53:43,000 - INFO - Using font: Arial Unicode
2025-09-04 13:53:43,051 - INFO - Using font: Arial Unicode
2025-09-04 13:53:43,058 - INFO - Using font: Arial Unicode
2025-09-04 13:53:43,100 - INFO - Using font: Arial Unicode
2025-09-04 13:53:43,107 - INFO - Using font: Arial Unicode
2025-09-04 13:53:43,232 - INFO - Using font: Arial Unicode
2025-09-04 13:53:43,239 - INFO - Using font: Arial Unicode
2025-09-04 13:53:43,274 - INFO - Using font: Arial Unicode
2025-09-04 13:53:43,281 - INFO - Using font: Arial Unicode
2025-09-04 13:53:43,423 - INFO - Using font: Arial Unicode
2025-09-04 13:53:43,429 - INFO - Using font: Arial Unicode
2025-09-04 13:53:43,487 - INFO - Using font: Arial Unicode
2025-09-04 13:53:43,494 - INFO - Using font: Arial Unicode
2025-09-04 13:53:43,637 - INFO - Using font: Arial Unicode
2025-09-04 13:53:43,646 - INFO - Using font: Arial Unicode
2025-09-04 13:53:43,695 - INFO - Using font: Arial Unicode
2025-09-04 13:53:43,702 - INFO - Using font: Arial Unicode
2025-09-04 13:53:43,741 - INFO - Using font: Arial Unicode
2025-09-04 13:53:43,747 - INFO - Using font: Arial Unicode
2025-09-04 13:53:43,786 - INFO - Using font: Arial Unicode
2025-09-04 13:53:43,796 - INFO - Using font: Arial Unicode
2025-09-04 13:53:43,936 - INFO - Using font: Arial Unicode
2025-09-04 13:53:43,944 - INFO - Using font: Arial Unicode
2025-09-04 13:53:43,989 - INFO - Using font: Arial Unicode
2025-09-04 13:53:43,996 - INFO - Using font: Arial Unicode
2025-09-04 13:53:44,044 - INFO - Using font: Arial Unicode
2025-09-04 13:53:44,052 - INFO - Using font: Arial Unicode
2025-09-04 13:53:44,091 - INFO - Using font: Arial Unicode
2025-09-04 13:53:44,097 - INFO - Using font: Arial Unicode
2025-09-04 13:53:44,224 - INFO - Using font: Arial Unicode
2025-09-04 13:53:44,230 - INFO - Using font: Arial Unicode
2025-09-04 13:53:44,265 - INFO - Using font: Arial Unicode
2025-09-04 13:53:44,271 - INFO - Using font: Arial Unicode
2025-09-04 13:53:44,310 - INFO - Using font: Arial Unicode
2025-09-04 13:53:44,318 - INFO - Using font: Arial Unicode
2025-09-04 13:53:44,466 - INFO - Using font: Arial Unicode
2025-09-04 13:53:44,473 - INFO - Using font: Arial Unicode
2025-09-04 13:53:44,519 - INFO - Using font: Arial Unicode
2025-09-04 13:53:44,525 - INFO - Using font: Arial Unicode
2025-09-04 13:53:44,565 - INFO - Using font: Arial Unicode
2025-09-04 13:53:44,571 - INFO - Using font: Arial Unicode
2025-09-04 13:53:44,606 - INFO - Using font: Arial Unicode
2025-09-04 13:53:44,612 - INFO - Using font: Arial Unicode
2025-09-04 13:53:44,767 - INFO - Using font: Arial Unicode
2025-09-04 13:53:44,774 - INFO - Using font: Arial Unicode
2025-09-04 13:53:44,828 - INFO - Using font: Arial Unicode
2025-09-04 13:53:44,835 - INFO - Using font: Arial Unicode
2025-09-04 13:53:44,880 - INFO - Using font: Arial Unicode
2025-09-04 13:53:44,887 - INFO - Using font: Arial Unicode
2025-09-04 13:53:44,931 - INFO - Using font: Arial Unicode
2025-09-04 13:53:44,938 - INFO - Using font: Arial Unicode
2025-09-04 13:53:44,976 - INFO - Using font: Arial Unicode
2025-09-04 13:53:44,982 - INFO - Using font: Arial Unicode
2025-09-04 13:53:45,018 - INFO - Using font: Arial Unicode
2025-09-04 13:53:45,024 - INFO - Using font: Arial Unicode
2025-09-04 13:53:45,162 - INFO - Using font: Arial Unicode
2025-09-04 13:53:45,171 - INFO - Using font: Arial Unicode
2025-09-04 13:53:45,219 - INFO - Using font: Arial Unicode
2025-09-04 13:53:45,228 - INFO - Using font: Arial Unicode
2025-09-04 13:53:45,271 - INFO - Using font: Arial Unicode
2025-09-04 13:53:45,278 - INFO - Using font: Arial Unicode
2025-09-04 13:53:45,316 - INFO - Using font: Arial Unicode
2025-09-04 13:53:45,322 - INFO - Using font: Arial Unicode
2025-09-04 13:53:45,357 - INFO - Using font: Arial Unicode
2025-09-04 13:53:45,363 - INFO - Using font: Arial Unicode
2025-09-04 13:53:45,496 - INFO - Using font: Arial Unicode
2025-09-04 13:53:45,502 - INFO - Using font: Arial Unicode
2025-09-04 13:53:45,540 - INFO - Using font: Arial Unicode
2025-09-04 13:53:45,546 - INFO - Using font: Arial Unicode
2025-09-04 13:53:45,582 - INFO - Using font: Arial Unicode
2025-09-04 13:53:45,589 - INFO - Using font: Arial Unicode
2025-09-04 13:53:45,623 - INFO - Using font: Arial Unicode
2025-09-04 13:53:45,636 - INFO - Using font: Arial Unicode
2025-09-04 13:53:45,815 - INFO - Using font: Arial Unicode
2025-09-04 13:53:45,823 - INFO - Using font: Arial Unicode
2025-09-04 13:53:45,872 - INFO - Using font: Arial Unicode
2025-09-04 13:53:45,885 - INFO - Using font: Arial Unicode
2025-09-04 13:53:45,934 - INFO - Using font: Arial Unicode
2025-09-04 13:53:45,943 - INFO - Using font: Arial Unicode
2025-09-04 13:53:46,105 - INFO - Using font: Arial Unicode
2025-09-04 13:53:46,113 - INFO - Using font: Arial Unicode
2025-09-04 13:53:46,166 - INFO - Using font: Arial Unicode
2025-09-04 13:53:46,175 - INFO - Using font: Arial Unicode
2025-09-04 13:53:46,319 - INFO - Using font: Arial Unicode
2025-09-04 13:53:46,325 - INFO - Using font: Arial Unicode
2025-09-04 13:53:46,479 - INFO - Using font: Arial Unicode
2025-09-04 13:53:46,487 - INFO - Using font: Arial Unicode
2025-09-04 13:53:46,529 - INFO - Using font: Arial Unicode
2025-09-04 13:53:46,539 - INFO - Using font: Arial Unicode
2025-09-04 13:53:46,687 - INFO - Using font: Arial Unicode
2025-09-04 13:53:46,698 - INFO - Using font: Arial Unicode
2025-09-04 13:53:46,902 - INFO - Using font: Arial Unicode
2025-09-04 13:53:46,912 - INFO - Using font: Arial Unicode
2025-09-04 13:53:46,976 - INFO - Using font: Arial Unicode
2025-09-04 13:53:46,985 - INFO - Using font: Arial Unicode
2025-09-04 13:53:47,162 - INFO - Using font: Arial Unicode
2025-09-04 13:53:47,170 - INFO - Using font: Arial Unicode
2025-09-04 13:53:47,216 - INFO - Using font: Arial Unicode
2025-09-04 13:53:47,223 - INFO - Using font: Arial Unicode
2025-09-04 13:53:47,369 - INFO - Using font: Arial Unicode
2025-09-04 13:53:47,375 - INFO - Using font: Arial Unicode
2025-09-04 13:53:47,411 - INFO - Using font: Arial Unicode
2025-09-04 13:53:47,418 - INFO - Using font: Arial Unicode
2025-09-04 13:53:47,458 - INFO - Using font: Arial Unicode
2025-09-04 13:53:47,464 - INFO - Using font: Arial Unicode
2025-09-04 13:53:47,597 - INFO - Using font: Arial Unicode
2025-09-04 13:53:47,604 - INFO - Using font: Arial Unicode
2025-09-04 13:53:47,654 - INFO - Using font: Arial Unicode
2025-09-04 13:53:47,661 - INFO - Using font: Arial Unicode
2025-09-04 13:53:47,790 - INFO - Using font: Arial Unicode
2025-09-04 13:53:47,796 - INFO - Using font: Arial Unicode
2025-09-04 13:53:47,833 - INFO - Using font: Arial Unicode
2025-09-04 13:53:47,840 - INFO - Using font: Arial Unicode
2025-09-04 13:53:47,874 - INFO - Using font: Arial Unicode
2025-09-04 13:53:47,880 - INFO - Using font: Arial Unicode
2025-09-04 13:53:48,019 - INFO - Using font: Arial Unicode
2025-09-04 13:53:48,025 - INFO - Using font: Arial Unicode
2025-09-04 13:53:48,069 - INFO - Using font: Arial Unicode
2025-09-04 13:53:48,075 - INFO - Using font: Arial Unicode
2025-09-04 13:53:48,119 - INFO - Using font: Arial Unicode
2025-09-04 13:53:48,125 - INFO - Using font: Arial Unicode
2025-09-04 13:53:48,170 - INFO - Using font: Arial Unicode
2025-09-04 13:53:48,177 - INFO - Using font: Arial Unicode
2025-09-04 13:53:48,214 - INFO - Using font: Arial Unicode
2025-09-04 13:53:48,220 - INFO - Using font: Arial Unicode
2025-09-04 13:53:48,364 - INFO - Using font: Arial Unicode
2025-09-04 13:53:48,370 - INFO - Using font: Arial Unicode
2025-09-04 13:53:48,406 - INFO - Using font: Arial Unicode
2025-09-04 13:53:48,412 - INFO - Using font: Arial Unicode
2025-09-04 13:53:48,450 - INFO - Using font: Arial Unicode
2025-09-04 13:53:48,458 - INFO - Using font: Arial Unicode
2025-09-04 13:53:48,493 - INFO - Using font: Arial Unicode
2025-09-04 13:53:48,499 - INFO - Using font: Arial Unicode
2025-09-04 13:53:48,628 - INFO - Using font: Arial Unicode
2025-09-04 13:53:48,635 - INFO - Using font: Arial Unicode
2025-09-04 13:53:48,669 - INFO - Using font: Arial Unicode
2025-09-04 13:53:48,676 - INFO - Using font: Arial Unicode
2025-09-04 13:53:48,798 - INFO - Using font: Arial Unicode
2025-09-04 13:53:48,804 - INFO - Using font: Arial Unicode
2025-09-04 13:53:48,840 - INFO - Using font: Arial Unicode
2025-09-04 13:53:48,847 - INFO - Using font: Arial Unicode
2025-09-04 13:53:48,881 - INFO - Using font: Arial Unicode
2025-09-04 13:53:48,887 - INFO - Using font: Arial Unicode
2025-09-04 13:53:48,922 - INFO - Using font: Arial Unicode
2025-09-04 13:53:48,929 - INFO - Using font: Arial Unicode
2025-09-04 13:53:49,067 - INFO - Using font: Arial Unicode
2025-09-04 13:53:49,073 - INFO - Using font: Arial Unicode
2025-09-04 13:53:49,110 - INFO - Using font: Arial Unicode
2025-09-04 13:53:49,116 - INFO - Using font: Arial Unicode
2025-09-04 13:53:49,151 - INFO - Using font: Arial Unicode
2025-09-04 13:53:49,157 - INFO - Using font: Arial Unicode
2025-09-04 13:53:49,272 - INFO - Using font: Arial Unicode
2025-09-04 13:53:49,279 - INFO - Using font: Arial Unicode
2025-09-04 13:53:49,393 - INFO - Using font: Arial Unicode
2025-09-04 13:53:49,399 - INFO - Using font: Arial Unicode
2025-09-04 13:53:49,434 - INFO - Using font: Arial Unicode
2025-09-04 13:53:49,443 - INFO - Using font: Arial Unicode
2025-09-04 13:53:49,566 - INFO - Using font: Arial Unicode
2025-09-04 13:53:49,572 - INFO - Using font: Arial Unicode
2025-09-04 13:53:49,607 - INFO - Using font: Arial Unicode
2025-09-04 13:53:49,614 - INFO - Using font: Arial Unicode
2025-09-04 13:53:49,684 - INFO - Using font: Arial Unicode
2025-09-04 13:53:49,691 - INFO - Using font: Arial Unicode
2025-09-04 13:53:49,817 - INFO - Using font: Arial Unicode
2025-09-04 13:53:49,823 - INFO - Using font: Arial Unicode
2025-09-04 13:53:49,857 - INFO - Using font: Arial Unicode
2025-09-04 13:53:49,863 - INFO - Using font: Arial Unicode
2025-09-04 13:53:49,899 - INFO - Using font: Arial Unicode
2025-09-04 13:53:49,906 - INFO - Using font: Arial Unicode
2025-09-04 13:53:50,023 - INFO - Using font: Arial Unicode
2025-09-04 13:53:50,030 - INFO - Using font: Arial Unicode
2025-09-04 13:53:50,063 - INFO - Using font: Arial Unicode
2025-09-04 13:53:50,069 - INFO - Using font: Arial Unicode
2025-09-04 13:53:50,104 - INFO - Using font: Arial Unicode
2025-09-04 13:53:50,114 - INFO - Using font: Arial Unicode
2025-09-04 13:53:50,152 - INFO - Using font: Arial Unicode
2025-09-04 13:53:50,158 - INFO - Using font: Arial Unicode
2025-09-04 13:53:50,291 - INFO - Using font: Arial Unicode
2025-09-04 13:53:50,298 - INFO - Using font: Arial Unicode
2025-09-04 13:53:50,334 - INFO - Using font: Arial Unicode
2025-09-04 13:53:50,341 - INFO - Using font: Arial Unicode
2025-09-04 13:53:50,382 - INFO - Using font: Arial Unicode
2025-09-04 13:53:50,389 - INFO - Using font: Arial Unicode
2025-09-04 13:53:50,426 - INFO - Using font: Arial Unicode
2025-09-04 13:53:50,433 - INFO - Using font: Arial Unicode
2025-09-04 13:53:50,555 - INFO - Using font: Arial Unicode
2025-09-04 13:53:50,562 - INFO - Using font: Arial Unicode
2025-09-04 13:53:50,599 - INFO - Using font: Arial Unicode
2025-09-04 13:53:50,605 - INFO - Using font: Arial Unicode
2025-09-04 13:53:50,749 - INFO - Using font: Arial Unicode
2025-09-04 13:53:50,755 - INFO - Using font: Arial Unicode
2025-09-04 13:53:50,789 - INFO - Using font: Arial Unicode
2025-09-04 13:53:50,796 - INFO - Using font: Arial Unicode
2025-09-04 13:53:50,832 - INFO - Using font: Arial Unicode
2025-09-04 13:53:50,840 - INFO - Using font: Arial Unicode
2025-09-04 13:53:50,963 - INFO - Using font: Arial Unicode
2025-09-04 13:53:50,969 - INFO - Using font: Arial Unicode
2025-09-04 13:53:51,007 - INFO - Using font: Arial Unicode
2025-09-04 13:53:51,027 - INFO - Using font: Arial Unicode
2025-09-04 13:53:51,148 - INFO - Using font: Arial Unicode
2025-09-04 13:53:51,154 - INFO - Using font: Arial Unicode
2025-09-04 13:53:51,198 - INFO - Using font: Arial Unicode
2025-09-04 13:53:51,205 - INFO - Using font: Arial Unicode
2025-09-04 13:53:51,343 - INFO - Using font: Arial Unicode
2025-09-04 13:53:51,351 - INFO - Using font: Arial Unicode
2025-09-04 13:53:51,394 - INFO - Using font: Arial Unicode
2025-09-04 13:53:51,402 - INFO - Using font: Arial Unicode
2025-09-04 13:53:51,459 - INFO - Using font: Arial Unicode
2025-09-04 13:53:51,467 - INFO - Using font: Arial Unicode
2025-09-04 13:53:51,509 - INFO - Using font: Arial Unicode
2025-09-04 13:53:51,516 - INFO - Using font: Arial Unicode
2025-09-04 13:53:51,667 - INFO - Using font: Arial Unicode
2025-09-04 13:53:51,674 - INFO - Using font: Arial Unicode
2025-09-04 13:53:51,708 - INFO - Using font: Arial Unicode
2025-09-04 13:53:51,714 - INFO - Using font: Arial Unicode
2025-09-04 13:53:51,750 - INFO - Using font: Arial Unicode
2025-09-04 13:53:51,756 - INFO - Using font: Arial Unicode
2025-09-04 13:53:51,886 - INFO - Using font: Arial Unicode
2025-09-04 13:53:51,892 - INFO - Using font: Arial Unicode
2025-09-04 13:53:51,929 - INFO - Using font: Arial Unicode
2025-09-04 13:53:51,935 - INFO - Using font: Arial Unicode
2025-09-04 13:53:52,064 - INFO - Using font: Arial Unicode
2025-09-04 13:53:52,070 - INFO - Using font: Arial Unicode
2025-09-04 13:53:52,106 - INFO - Using font: Arial Unicode
2025-09-04 13:53:52,112 - INFO - Using font: Arial Unicode
2025-09-04 13:53:52,146 - INFO - Using font: Arial Unicode
2025-09-04 13:53:52,152 - INFO - Using font: Arial Unicode
2025-09-04 13:53:52,186 - INFO - Using font: Arial Unicode
2025-09-04 13:53:52,193 - INFO - Using font: Arial Unicode
2025-09-04 13:53:52,229 - INFO - Using font: Arial Unicode
2025-09-04 13:53:52,236 - INFO - Using font: Arial Unicode
2025-09-04 13:53:52,357 - INFO - Using font: Arial Unicode
2025-09-04 13:53:52,364 - INFO - Using font: Arial Unicode
2025-09-04 13:53:52,399 - INFO - Using font: Arial Unicode
2025-09-04 13:53:52,406 - INFO - Using font: Arial Unicode
2025-09-04 13:53:52,443 - INFO - Using font: Arial Unicode
2025-09-04 13:53:52,450 - INFO - Using font: Arial Unicode
2025-09-04 13:53:52,484 - INFO - Using font: Arial Unicode
2025-09-04 13:53:52,491 - INFO - Using font: Arial Unicode
2025-09-04 13:53:52,627 - INFO - Using font: Arial Unicode
2025-09-04 13:53:52,633 - INFO - Using font: Arial Unicode
2025-09-04 13:53:52,668 - INFO - Using font: Arial Unicode
2025-09-04 13:53:52,675 - INFO - Using font: Arial Unicode
2025-09-04 13:53:52,710 - INFO - Using font: Arial Unicode
2025-09-04 13:53:52,717 - INFO - Using font: Arial Unicode
2025-09-04 13:53:52,850 - INFO - Using font: Arial Unicode
2025-09-04 13:53:52,856 - INFO - Using font: Arial Unicode
2025-09-04 13:53:52,892 - INFO - Using font: Arial Unicode
2025-09-04 13:53:52,898 - INFO - Using font: Arial Unicode
2025-09-04 13:53:53,048 - INFO - Using font: Arial Unicode
2025-09-04 13:53:53,054 - INFO - Using font: Arial Unicode
2025-09-04 13:53:53,088 - INFO - Using font: Arial Unicode
2025-09-04 13:53:53,095 - INFO - Using font: Arial Unicode
2025-09-04 13:53:53,230 - INFO - Using font: Arial Unicode
2025-09-04 13:53:53,236 - INFO - Using font: Arial Unicode
2025-09-04 13:53:53,270 - INFO - Using font: Arial Unicode
2025-09-04 13:53:53,277 - INFO - Using font: Arial Unicode
2025-09-04 13:53:53,410 - INFO - Using font: Arial Unicode
2025-09-04 13:53:53,418 - INFO - Using font: Arial Unicode
2025-09-04 13:53:53,466 - INFO - Using font: Arial Unicode
2025-09-04 13:53:53,473 - INFO - Using font: Arial Unicode
2025-09-04 13:53:53,515 - INFO - Using font: Arial Unicode
2025-09-04 13:53:53,522 - INFO - Using font: Arial Unicode
2025-09-04 13:53:53,660 - INFO - Using font: Arial Unicode
2025-09-04 13:53:53,672 - INFO - Using font: Arial Unicode
2025-09-04 13:53:53,745 - INFO - Using font: Arial Unicode
2025-09-04 13:53:53,754 - INFO - Using font: Arial Unicode
2025-09-04 13:53:53,797 - INFO - Using font: Arial Unicode
2025-09-04 13:53:53,805 - INFO - Using font: Arial Unicode
2025-09-04 13:53:53,848 - INFO - Using font: Arial Unicode
2025-09-04 13:53:53,855 - INFO - Using font: Arial Unicode
2025-09-04 13:53:53,911 - INFO - Using font: Arial Unicode
2025-09-04 13:53:53,919 - INFO - Using font: Arial Unicode
2025-09-04 13:53:53,982 - INFO - Using font: Arial Unicode
2025-09-04 13:53:53,989 - INFO - Using font: Arial Unicode
2025-09-04 13:53:54,175 - INFO - Using font: Arial Unicode
2025-09-04 13:53:54,182 - INFO - Using font: Arial Unicode
2025-09-04 13:53:54,333 - INFO - Using font: Arial Unicode
2025-09-04 13:53:54,340 - INFO - Using font: Arial Unicode
2025-09-04 13:53:54,469 - INFO - Using font: Arial Unicode
2025-09-04 13:53:54,476 - INFO - Using font: Arial Unicode
2025-09-04 13:53:54,511 - INFO - Using font: Arial Unicode
2025-09-04 13:53:54,517 - INFO - Using font: Arial Unicode
2025-09-04 13:53:54,655 - INFO - Using font: Arial Unicode
2025-09-04 13:53:54,662 - INFO - Using font: Arial Unicode
2025-09-04 13:53:54,789 - INFO - Using font: Arial Unicode
2025-09-04 13:53:54,795 - INFO - Using font: Arial Unicode
2025-09-04 13:53:54,829 - INFO - Using font: Arial Unicode
2025-09-04 13:53:54,835 - INFO - Using font: Arial Unicode
2025-09-04 13:53:54,870 - INFO - Using font: Arial Unicode
2025-09-04 13:53:54,876 - INFO - Using font: Arial Unicode
2025-09-04 13:53:54,910 - INFO - Using font: Arial Unicode
2025-09-04 13:53:54,916 - INFO - Using font: Arial Unicode
2025-09-04 13:53:54,951 - INFO - Using font: Arial Unicode
2025-09-04 13:53:54,957 - INFO - Using font: Arial Unicode
2025-09-04 13:53:54,991 - INFO - Using font: Arial Unicode
2025-09-04 13:53:54,997 - INFO - Using font: Arial Unicode
2025-09-04 13:53:55,032 - INFO - Using font: Arial Unicode
2025-09-04 13:53:55,038 - INFO - Using font: Arial Unicode
2025-09-04 13:53:55,073 - INFO - Using font: Arial Unicode
2025-09-04 13:53:55,079 - INFO - Using font: Arial Unicode
2025-09-04 13:53:55,219 - INFO - Using font: Arial Unicode
2025-09-04 13:53:55,225 - INFO - Using font: Arial Unicode
2025-09-04 13:53:55,259 - INFO - Using font: Arial Unicode
2025-09-04 13:53:55,265 - INFO - Using font: Arial Unicode
2025-09-04 13:53:55,300 - INFO - Using font: Arial Unicode
2025-09-04 13:53:55,307 - INFO - Using font: Arial Unicode
2025-09-04 13:53:55,364 - INFO - Using font: Arial Unicode
2025-09-04 13:53:55,371 - INFO - Using font: Arial Unicode
2025-09-04 13:53:55,405 - INFO - Using font: Arial Unicode
2025-09-04 13:53:55,412 - INFO - Using font: Arial Unicode
2025-09-04 13:53:55,529 - INFO - Using font: Arial Unicode
2025-09-04 13:53:55,535 - INFO - Using font: Arial Unicode
2025-09-04 13:53:55,570 - INFO - Using font: Arial Unicode
2025-09-04 13:53:55,576 - INFO - Using font: Arial Unicode
2025-09-04 13:53:55,611 - INFO - Using font: Arial Unicode
2025-09-04 13:53:55,618 - INFO - Using font: Arial Unicode
2025-09-04 13:53:55,656 - INFO - Using font: Arial Unicode
2025-09-04 13:53:55,663 - INFO - Using font: Arial Unicode
2025-09-04 13:53:55,699 - INFO - Using font: Arial Unicode
2025-09-04 13:53:55,705 - INFO - Using font: Arial Unicode
2025-09-04 13:53:55,741 - INFO - Using font: Arial Unicode
2025-09-04 13:53:55,747 - INFO - Using font: Arial Unicode
2025-09-04 13:53:55,868 - INFO - Using font: Arial Unicode
2025-09-04 13:53:55,874 - INFO - Using font: Arial Unicode
2025-09-04 13:53:55,910 - INFO - Using font: Arial Unicode
2025-09-04 13:53:55,917 - INFO - Using font: Arial Unicode
2025-09-04 13:53:55,952 - INFO - Using font: Arial Unicode
2025-09-04 13:53:55,958 - INFO - Using font: Arial Unicode
2025-09-04 13:53:56,096 - INFO - Using font: Arial Unicode
2025-09-04 13:53:56,102 - INFO - Using font: Arial Unicode
2025-09-04 13:53:56,139 - INFO - Using font: Arial Unicode
2025-09-04 13:53:56,146 - INFO - Using font: Arial Unicode
2025-09-04 13:53:56,301 - INFO - Using font: Arial Unicode
2025-09-04 13:53:56,307 - INFO - Using font: Arial Unicode
2025-09-04 13:53:56,449 - INFO - Using font: Arial Unicode
2025-09-04 13:53:56,455 - INFO - Using font: Arial Unicode
2025-09-04 13:53:56,489 - INFO - Using font: Arial Unicode
2025-09-04 13:53:56,497 - INFO - Using font: Arial Unicode
2025-09-04 13:53:56,665 - INFO - Using font: Arial Unicode
2025-09-04 13:53:56,672 - INFO - Using font: Arial Unicode
2025-09-04 13:53:56,717 - INFO - Using font: Arial Unicode
2025-09-04 13:53:56,725 - INFO - Using font: Arial Unicode
2025-09-04 13:53:56,881 - INFO - Using font: Arial Unicode
2025-09-04 13:53:56,889 - INFO - Using font: Arial Unicode
2025-09-04 13:53:56,937 - INFO - Using font: Arial Unicode
2025-09-04 13:53:56,950 - INFO - Using font: Arial Unicode
2025-09-04 13:53:57,107 - INFO - Using font: Arial Unicode
2025-09-04 13:53:57,115 - INFO - Using font: Arial Unicode
2025-09-04 13:53:57,171 - INFO - Using font: Arial Unicode
2025-09-04 13:53:57,180 - INFO - Using font: Arial Unicode
2025-09-04 13:53:57,370 - INFO - Using font: Arial Unicode
2025-09-04 13:53:57,376 - INFO - Using font: Arial Unicode
2025-09-04 13:53:57,411 - INFO - Using font: Arial Unicode
2025-09-04 13:53:57,418 - INFO - Using font: Arial Unicode
2025-09-04 13:53:57,457 - INFO - Using font: Arial Unicode
2025-09-04 13:53:57,463 - INFO - Using font: Arial Unicode
2025-09-04 13:53:57,593 - INFO - Using font: Arial Unicode
2025-09-04 13:53:57,599 - INFO - Using font: Arial Unicode
2025-09-04 13:53:57,635 - INFO - Using font: Arial Unicode
2025-09-04 13:53:57,641 - INFO - Using font: Arial Unicode
2025-09-04 13:53:57,794 - INFO - Using font: Arial Unicode
2025-09-04 13:53:57,800 - INFO - Using font: Arial Unicode
2025-09-04 13:53:57,836 - INFO - Using font: Arial Unicode
2025-09-04 13:53:57,842 - INFO - Using font: Arial Unicode
2025-09-04 13:53:57,876 - INFO - Using font: Arial Unicode
2025-09-04 13:53:57,882 - INFO - Using font: Arial Unicode
2025-09-04 13:53:58,027 - INFO - Using font: Arial Unicode
2025-09-04 13:53:58,033 - INFO - Using font: Arial Unicode
2025-09-04 13:53:58,067 - INFO - Using font: Arial Unicode
2025-09-04 13:53:58,073 - INFO - Using font: Arial Unicode
2025-09-04 13:53:58,106 - INFO - Using font: Arial Unicode
2025-09-04 13:53:58,112 - INFO - Using font: Arial Unicode
2025-09-04 13:53:58,258 - INFO - Using font: Arial Unicode
2025-09-04 13:53:58,264 - INFO - Using font: Arial Unicode
2025-09-04 13:53:58,405 - INFO - Using font: Arial Unicode
2025-09-04 13:53:58,412 - INFO - Using font: Arial Unicode
2025-09-04 13:53:58,444 - INFO - Using font: Arial Unicode
2025-09-04 13:53:58,450 - INFO - Using font: Arial Unicode
2025-09-04 13:53:58,486 - INFO - Using font: Arial Unicode
2025-09-04 13:53:58,492 - INFO - Using font: Arial Unicode
2025-09-04 13:53:58,618 - INFO - Using font: Arial Unicode
2025-09-04 13:53:58,625 - INFO - Using font: Arial Unicode
2025-09-04 13:53:58,657 - INFO - Using font: Arial Unicode
2025-09-04 13:53:58,663 - INFO - Using font: Arial Unicode
2025-09-04 13:53:58,696 - INFO - Using font: Arial Unicode
2025-09-04 13:53:58,702 - INFO - Using font: Arial Unicode
2025-09-04 13:53:58,818 - INFO - Using font: Arial Unicode
2025-09-04 13:53:58,824 - INFO - Using font: Arial Unicode
2025-09-04 13:53:58,857 - INFO - Using font: Arial Unicode
2025-09-04 13:53:58,862 - INFO - Using font: Arial Unicode
2025-09-04 13:53:58,896 - INFO - Using font: Arial Unicode
2025-09-04 13:53:58,902 - INFO - Using font: Arial Unicode
2025-09-04 13:53:58,935 - INFO - Using font: Arial Unicode
2025-09-04 13:53:58,941 - INFO - Using font: Arial Unicode
2025-09-04 13:53:58,974 - INFO - Using font: Arial Unicode
2025-09-04 13:53:58,980 - INFO - Using font: Arial Unicode
2025-09-04 13:53:59,092 - INFO - Using font: Arial Unicode
2025-09-04 13:53:59,098 - INFO - Using font: Arial Unicode
2025-09-04 13:53:59,130 - INFO - Using font: Arial Unicode
2025-09-04 13:53:59,137 - INFO - Using font: Arial Unicode
2025-09-04 13:53:59,169 - INFO - Using font: Arial Unicode
2025-09-04 13:53:59,174 - INFO - Using font: Arial Unicode
2025-09-04 13:53:59,290 - INFO - Using font: Arial Unicode
2025-09-04 13:53:59,296 - INFO - Using font: Arial Unicode
2025-09-04 13:53:59,328 - INFO - Using font: Arial Unicode
2025-09-04 13:53:59,334 - INFO - Using font: Arial Unicode
2025-09-04 13:53:59,367 - INFO - Using font: Arial Unicode
2025-09-04 13:53:59,373 - INFO - Using font: Arial Unicode
2025-09-04 13:53:59,493 - INFO - Using font: Arial Unicode
2025-09-04 13:53:59,499 - INFO - Using font: Arial Unicode
2025-09-04 13:53:59,533 - INFO - Using font: Arial Unicode
2025-09-04 13:53:59,539 - INFO - Using font: Arial Unicode
2025-09-04 13:53:59,574 - INFO - Using font: Arial Unicode
2025-09-04 13:53:59,581 - INFO - Using font: Arial Unicode
2025-09-04 13:53:59,614 - INFO - Using font: Arial Unicode
2025-09-04 13:53:59,620 - INFO - Using font: Arial Unicode
2025-09-04 13:53:59,653 - INFO - Using font: Arial Unicode
2025-09-04 13:53:59,660 - INFO - Using font: Arial Unicode
2025-09-04 13:53:59,780 - INFO - Using font: Arial Unicode
2025-09-04 13:53:59,786 - INFO - Using font: Arial Unicode
2025-09-04 13:53:59,819 - INFO - Using font: Arial Unicode
2025-09-04 13:53:59,825 - INFO - Using font: Arial Unicode
2025-09-04 13:53:59,859 - INFO - Using font: Arial Unicode
2025-09-04 13:53:59,864 - INFO - Using font: Arial Unicode
2025-09-04 13:53:59,992 - INFO - Using font: Arial Unicode
2025-09-04 13:53:59,998 - INFO - Using font: Arial Unicode
2025-09-04 13:54:00,032 - INFO - Using font: Arial Unicode
2025-09-04 13:54:00,038 - INFO - Using font: Arial Unicode
2025-09-04 13:54:00,070 - INFO - Using font: Arial Unicode
2025-09-04 13:54:00,076 - INFO - Using font: Arial Unicode
2025-09-04 13:54:00,109 - INFO - Using font: Arial Unicode
2025-09-04 13:54:00,115 - INFO - Using font: Arial Unicode
2025-09-04 13:54:00,249 - INFO - Using font: Arial Unicode
2025-09-04 13:54:00,256 - INFO - Using font: Arial Unicode
2025-09-04 13:54:00,288 - INFO - Using font: Arial Unicode
2025-09-04 13:54:00,293 - INFO - Using font: Arial Unicode
2025-09-04 13:54:00,326 - INFO - Using font: Arial Unicode
2025-09-04 13:54:00,332 - INFO - Using font: Arial Unicode
2025-09-04 13:54:00,364 - INFO - Using font: Arial Unicode
2025-09-04 13:54:00,370 - INFO - Using font: Arial Unicode
2025-09-04 13:54:00,403 - INFO - Using font: Arial Unicode
2025-09-04 13:54:00,408 - INFO - Using font: Arial Unicode
2025-09-04 13:54:00,540 - INFO - Using font: Arial Unicode
2025-09-04 13:54:00,547 - INFO - Using font: Arial Unicode
2025-09-04 13:54:00,580 - INFO - Using font: Arial Unicode
2025-09-04 13:54:00,586 - INFO - Using font: Arial Unicode
2025-09-04 13:54:00,619 - INFO - Using font: Arial Unicode
2025-09-04 13:54:00,625 - INFO - Using font: Arial Unicode
2025-09-04 13:54:00,657 - INFO - Using font: Arial Unicode
2025-09-04 13:54:00,664 - INFO - Using font: Arial Unicode
2025-09-04 13:54:00,785 - INFO - Using font: Arial Unicode
2025-09-04 13:54:00,791 - INFO - Using font: Arial Unicode
2025-09-04 13:54:00,824 - INFO - Using font: Arial Unicode
2025-09-04 13:54:00,830 - INFO - Using font: Arial Unicode
2025-09-04 13:54:00,863 - INFO - Using font: Arial Unicode
2025-09-04 13:54:00,868 - INFO - Using font: Arial Unicode
2025-09-04 13:54:00,902 - INFO - Using font: Arial Unicode
2025-09-04 13:54:00,908 - INFO - Using font: Arial Unicode
2025-09-04 13:54:01,017 - INFO - Using font: Arial Unicode
2025-09-04 13:54:01,023 - INFO - Using font: Arial Unicode
2025-09-04 13:54:01,056 - INFO - Using font: Arial Unicode
2025-09-04 13:54:01,062 - INFO - Using font: Arial Unicode
2025-09-04 13:54:01,094 - INFO - Using font: Arial Unicode
2025-09-04 13:54:01,100 - INFO - Using font: Arial Unicode
2025-09-04 13:54:01,134 - INFO - Using font: Arial Unicode
2025-09-04 13:54:01,140 - INFO - Using font: Arial Unicode
2025-09-04 13:54:01,283 - INFO - Using font: Arial Unicode
2025-09-04 13:54:01,289 - INFO - Using font: Arial Unicode
2025-09-04 13:54:01,321 - INFO - Using font: Arial Unicode
2025-09-04 13:54:01,327 - INFO - Using font: Arial Unicode
2025-09-04 13:54:01,446 - INFO - Using font: Arial Unicode
2025-09-04 13:54:01,452 - INFO - Using font: Arial Unicode
2025-09-04 13:54:01,485 - INFO - Using font: Arial Unicode
2025-09-04 13:54:01,491 - INFO - Using font: Arial Unicode
2025-09-04 13:54:01,625 - INFO - Using font: Arial Unicode
2025-09-04 13:54:01,631 - INFO - Using font: Arial Unicode
2025-09-04 13:54:01,665 - INFO - Using font: Arial Unicode
2025-09-04 13:54:01,671 - INFO - Using font: Arial Unicode
2025-09-04 13:54:01,796 - INFO - Using font: Arial Unicode
2025-09-04 13:54:01,802 - INFO - Using font: Arial Unicode
2025-09-04 13:54:01,834 - INFO - Using font: Arial Unicode
2025-09-04 13:54:01,840 - INFO - Using font: Arial Unicode
2025-09-04 13:54:01,872 - INFO - Using font: Arial Unicode
2025-09-04 13:54:01,878 - INFO - Using font: Arial Unicode
2025-09-04 13:54:01,911 - INFO - Using font: Arial Unicode
2025-09-04 13:54:01,917 - INFO - Using font: Arial Unicode
2025-09-04 13:54:02,052 - INFO - Using font: Arial Unicode
2025-09-04 13:54:02,058 - INFO - Using font: Arial Unicode
2025-09-04 13:54:02,091 - INFO - Using font: Arial Unicode
2025-09-04 13:54:02,097 - INFO - Using font: Arial Unicode
2025-09-04 13:54:02,129 - INFO - Using font: Arial Unicode
2025-09-04 13:54:02,134 - INFO - Using font: Arial Unicode
2025-09-04 13:54:02,255 - INFO - Using font: Arial Unicode
2025-09-04 13:54:02,261 - INFO - Using font: Arial Unicode
2025-09-04 13:54:02,294 - INFO - Using font: Arial Unicode
2025-09-04 13:54:02,299 - INFO - Using font: Arial Unicode
2025-09-04 13:54:02,331 - INFO - Using font: Arial Unicode
2025-09-04 13:54:02,336 - INFO - Using font: Arial Unicode
2025-09-04 13:54:02,454 - INFO - Using font: Arial Unicode
2025-09-04 13:54:02,460 - INFO - Using font: Arial Unicode
2025-09-04 13:54:02,492 - INFO - Using font: Arial Unicode
2025-09-04 13:54:02,498 - INFO - Using font: Arial Unicode
2025-09-04 13:54:02,530 - INFO - Using font: Arial Unicode
2025-09-04 13:54:02,536 - INFO - Using font: Arial Unicode
2025-09-04 13:54:02,650 - INFO - Using font: Arial Unicode
2025-09-04 13:54:02,656 - INFO - Using font: Arial Unicode
2025-09-04 13:54:02,688 - INFO - Using font: Arial Unicode
2025-09-04 13:54:02,694 - INFO - Using font: Arial Unicode
2025-09-04 13:54:02,727 - INFO - Using font: Arial Unicode
2025-09-04 13:54:02,733 - INFO - Using font: Arial Unicode
2025-09-04 13:54:02,767 - INFO - Using font: Arial Unicode
2025-09-04 13:54:02,773 - INFO - Using font: Arial Unicode
2025-09-04 13:54:02,897 - INFO - Using font: Arial Unicode
2025-09-04 13:54:02,904 - INFO - Using font: Arial Unicode
2025-09-04 13:54:02,936 - INFO - Using font: Arial Unicode
2025-09-04 13:54:02,942 - INFO - Using font: Arial Unicode
2025-09-04 13:54:02,975 - INFO - Using font: Arial Unicode
2025-09-04 13:54:02,982 - INFO - Using font: Arial Unicode
2025-09-04 13:54:03,113 - INFO - Using font: Arial Unicode
2025-09-04 13:54:03,118 - INFO - Using font: Arial Unicode
2025-09-04 13:54:03,151 - INFO - Using font: Arial Unicode
2025-09-04 13:54:03,156 - INFO - Using font: Arial Unicode
2025-09-04 13:54:03,190 - INFO - Using font: Arial Unicode
2025-09-04 13:54:03,196 - INFO - Using font: Arial Unicode
2025-09-04 13:54:03,320 - INFO - Using font: Arial Unicode
2025-09-04 13:54:03,325 - INFO - Using font: Arial Unicode
2025-09-04 13:54:03,358 - INFO - Using font: Arial Unicode
2025-09-04 13:54:03,365 - INFO - Using font: Arial Unicode
2025-09-04 13:54:03,397 - INFO - Using font: Arial Unicode
2025-09-04 13:54:03,402 - INFO - Using font: Arial Unicode
2025-09-04 13:54:03,436 - INFO - Using font: Arial Unicode
2025-09-04 13:54:03,442 - INFO - Using font: Arial Unicode
2025-09-04 13:54:03,475 - INFO - Using font: Arial Unicode
2025-09-04 13:54:03,481 - INFO - Using font: Arial Unicode
2025-09-04 13:54:03,595 - INFO - Using font: Arial Unicode
2025-09-04 13:54:03,601 - INFO - Using font: Arial Unicode
2025-09-04 13:54:03,635 - INFO - Using font: Arial Unicode
2025-09-04 13:54:03,641 - INFO - Using font: Arial Unicode
2025-09-04 13:54:03,673 - INFO - Using font: Arial Unicode
2025-09-04 13:54:03,679 - INFO - Using font: Arial Unicode
2025-09-04 13:54:03,799 - INFO - Using font: Arial Unicode
2025-09-04 13:54:03,805 - INFO - Using font: Arial Unicode
2025-09-04 13:54:03,838 - INFO - Using font: Arial Unicode
2025-09-04 13:54:03,845 - INFO - Using font: Arial Unicode
2025-09-04 13:54:03,877 - INFO - Using font: Arial Unicode
2025-09-04 13:54:03,884 - INFO - Using font: Arial Unicode
2025-09-04 13:54:04,033 - INFO - Using font: Arial Unicode
2025-09-04 13:54:04,040 - INFO - Using font: Arial Unicode
2025-09-04 13:54:04,072 - INFO - Using font: Arial Unicode
2025-09-04 13:54:04,079 - INFO - Using font: Arial Unicode
2025-09-04 13:54:04,112 - INFO - Using font: Arial Unicode
2025-09-04 13:54:04,118 - INFO - Using font: Arial Unicode
2025-09-04 13:54:04,151 - INFO - Using font: Arial Unicode
2025-09-04 13:54:04,157 - INFO - Using font: Arial Unicode
2025-09-04 13:54:04,292 - INFO - Using font: Arial Unicode
2025-09-04 13:54:04,298 - INFO - Using font: Arial Unicode
2025-09-04 13:54:04,333 - INFO - Using font: Arial Unicode
2025-09-04 13:54:04,339 - INFO - Using font: Arial Unicode
2025-09-04 13:54:04,374 - INFO - Using font: Arial Unicode
2025-09-04 13:54:04,381 - INFO - Using font: Arial Unicode
2025-09-04 13:54:04,524 - INFO - Using font: Arial Unicode
2025-09-04 13:54:04,531 - INFO - Using font: Arial Unicode
2025-09-04 13:54:04,565 - INFO - Using font: Arial Unicode
2025-09-04 13:54:04,571 - INFO - Using font: Arial Unicode
2025-09-04 13:54:04,605 - INFO - Using font: Arial Unicode
2025-09-04 13:54:04,611 - INFO - Using font: Arial Unicode
2025-09-04 13:54:04,644 - INFO - Using font: Arial Unicode
2025-09-04 13:54:04,650 - INFO - Using font: Arial Unicode
2025-09-04 13:54:04,787 - INFO - Using font: Arial Unicode
2025-09-04 13:54:04,792 - INFO - Using font: Arial Unicode
2025-09-04 13:54:04,827 - INFO - Using font: Arial Unicode
2025-09-04 13:54:04,833 - INFO - Using font: Arial Unicode
2025-09-04 13:54:04,866 - INFO - Using font: Arial Unicode
2025-09-04 13:54:04,872 - INFO - Using font: Arial Unicode
2025-09-04 13:54:05,019 - INFO - Using font: Arial Unicode
2025-09-04 13:54:05,024 - INFO - Using font: Arial Unicode
2025-09-04 13:54:05,057 - INFO - Using font: Arial Unicode
2025-09-04 13:54:05,062 - INFO - Using font: Arial Unicode
2025-09-04 13:54:05,183 - INFO - Using font: Arial Unicode
2025-09-04 13:54:05,189 - INFO - Using font: Arial Unicode
2025-09-04 13:54:05,222 - INFO - Using font: Arial Unicode
2025-09-04 13:54:05,228 - INFO - Using font: Arial Unicode
2025-09-04 13:54:05,262 - INFO - Using font: Arial Unicode
2025-09-04 13:54:05,268 - INFO - Using font: Arial Unicode
2025-09-04 13:54:05,385 - INFO - Using font: Arial Unicode
2025-09-04 13:54:05,391 - INFO - Using font: Arial Unicode
2025-09-04 13:54:05,423 - INFO - Using font: Arial Unicode
2025-09-04 13:54:05,430 - INFO - Using font: Arial Unicode
2025-09-04 13:54:05,463 - INFO - Using font: Arial Unicode
2025-09-04 13:54:05,470 - INFO - Using font: Arial Unicode
2025-09-04 13:54:05,502 - INFO - Using font: Arial Unicode
2025-09-04 13:54:05,507 - INFO - Using font: Arial Unicode
2025-09-04 13:54:05,627 - INFO - Using font: Arial Unicode
2025-09-04 13:54:05,633 - INFO - Using font: Arial Unicode
2025-09-04 13:54:05,668 - INFO - Using font: Arial Unicode
2025-09-04 13:54:05,674 - INFO - Using font: Arial Unicode
2025-09-04 13:54:05,708 - INFO - Using font: Arial Unicode
2025-09-04 13:54:05,714 - INFO - Using font: Arial Unicode
2025-09-04 13:54:05,829 - INFO - Using font: Arial Unicode
2025-09-04 13:54:05,835 - INFO - Using font: Arial Unicode
2025-09-04 13:54:05,868 - INFO - Using font: Arial Unicode
2025-09-04 13:54:05,873 - INFO - Using font: Arial Unicode
2025-09-04 13:54:05,907 - INFO - Using font: Arial Unicode
2025-09-04 13:54:05,913 - INFO - Using font: Arial Unicode
2025-09-04 13:54:06,053 - INFO - Using font: Arial Unicode
2025-09-04 13:54:06,058 - INFO - Using font: Arial Unicode
2025-09-04 13:54:06,091 - INFO - Using font: Arial Unicode
2025-09-04 13:54:06,097 - INFO - Using font: Arial Unicode
2025-09-04 13:54:06,131 - INFO - Using font: Arial Unicode
2025-09-04 13:54:06,136 - INFO - Using font: Arial Unicode
2025-09-04 13:54:06,252 - INFO - Using font: Arial Unicode
2025-09-04 13:54:06,258 - INFO - Using font: Arial Unicode
2025-09-04 13:54:06,291 - INFO - Using font: Arial Unicode
2025-09-04 13:54:06,296 - INFO - Using font: Arial Unicode
2025-09-04 13:54:06,329 - INFO - Using font: Arial Unicode
2025-09-04 13:54:06,335 - INFO - Using font: Arial Unicode
2025-09-04 13:54:06,452 - INFO - Using font: Arial Unicode
2025-09-04 13:54:06,458 - INFO - Using font: Arial Unicode
2025-09-04 13:54:06,491 - INFO - Using font: Arial Unicode
2025-09-04 13:54:06,497 - INFO - Using font: Arial Unicode
2025-09-04 13:54:06,531 - INFO - Using font: Arial Unicode
2025-09-04 13:54:06,537 - INFO - Using font: Arial Unicode
2025-09-04 13:54:06,569 - INFO - Using font: Arial Unicode
2025-09-04 13:54:06,576 - INFO - Using font: Arial Unicode
2025-09-04 13:54:06,689 - INFO - Using font: Arial Unicode
2025-09-04 13:54:06,695 - INFO - Using font: Arial Unicode
2025-09-04 13:54:06,727 - INFO - Using font: Arial Unicode
2025-09-04 13:54:06,733 - INFO - Using font: Arial Unicode
2025-09-04 13:54:06,767 - INFO - Using font: Arial Unicode
2025-09-04 13:54:06,773 - INFO - Using font: Arial Unicode
2025-09-04 13:54:06,912 - INFO - Using font: Arial Unicode
2025-09-04 13:54:06,919 - INFO - Using font: Arial Unicode
2025-09-04 13:54:06,952 - INFO - Using font: Arial Unicode
2025-09-04 13:54:06,958 - INFO - Using font: Arial Unicode
2025-09-04 13:54:06,991 - INFO - Using font: Arial Unicode
2025-09-04 13:54:06,997 - INFO - Using font: Arial Unicode
2025-09-04 13:54:07,115 - INFO - Using font: Arial Unicode
2025-09-04 13:54:07,121 - INFO - Using font: Arial Unicode
2025-09-04 13:54:07,154 - INFO - Using font: Arial Unicode
2025-09-04 13:54:07,159 - INFO - Using font: Arial Unicode
2025-09-04 13:54:07,190 - INFO - Using font: Arial Unicode
2025-09-04 13:54:07,197 - INFO - Using font: Arial Unicode
2025-09-04 13:54:07,231 - INFO - Using font: Arial Unicode
2025-09-04 13:54:07,237 - INFO - Using font: Arial Unicode
2025-09-04 13:54:07,376 - INFO - Using font: Arial Unicode
2025-09-04 13:54:07,383 - INFO - Using font: Arial Unicode
2025-09-04 13:54:07,415 - INFO - Using font: Arial Unicode
2025-09-04 13:54:07,422 - INFO - Using font: Arial Unicode
2025-09-04 13:54:07,455 - INFO - Using font: Arial Unicode
2025-09-04 13:54:07,461 - INFO - Using font: Arial Unicode
2025-09-04 13:54:07,492 - INFO - Using font: Arial Unicode
2025-09-04 13:54:07,498 - INFO - Using font: Arial Unicode
2025-09-04 13:54:07,531 - INFO - Using font: Arial Unicode
2025-09-04 13:54:07,537 - INFO - Using font: Arial Unicode
2025-09-04 13:54:07,569 - INFO - Using font: Arial Unicode
2025-09-04 13:54:07,575 - INFO - Using font: Arial Unicode
2025-09-04 13:54:07,693 - INFO - Using font: Arial Unicode
2025-09-04 13:54:07,699 - INFO - Using font: Arial Unicode
2025-09-04 13:54:07,733 - INFO - Using font: Arial Unicode
2025-09-04 13:54:07,739 - INFO - Using font: Arial Unicode
2025-09-04 13:54:07,888 - INFO - Using font: Arial Unicode
2025-09-04 13:54:07,894 - INFO - Using font: Arial Unicode
2025-09-04 13:54:07,927 - INFO - Using font: Arial Unicode
2025-09-04 13:54:07,933 - INFO - Using font: Arial Unicode
2025-09-04 13:54:08,048 - INFO - Using font: Arial Unicode
2025-09-04 13:54:08,054 - INFO - Using font: Arial Unicode
2025-09-04 13:54:08,088 - INFO - Using font: Arial Unicode
2025-09-04 13:54:08,094 - INFO - Using font: Arial Unicode
2025-09-04 13:54:08,218 - INFO - Using font: Arial Unicode
2025-09-04 13:54:08,224 - INFO - Using font: Arial Unicode
2025-09-04 13:54:08,257 - INFO - Using font: Arial Unicode
2025-09-04 13:54:08,264 - INFO - Using font: Arial Unicode
2025-09-04 13:54:08,382 - INFO - Using font: Arial Unicode
2025-09-04 13:54:08,388 - INFO - Using font: Arial Unicode
2025-09-04 13:54:08,420 - INFO - Using font: Arial Unicode
2025-09-04 13:54:08,425 - INFO - Using font: Arial Unicode
2025-09-04 13:54:08,549 - INFO - Using font: Arial Unicode
2025-09-04 13:54:08,555 - INFO - Using font: Arial Unicode
2025-09-04 13:54:08,587 - INFO - Using font: Arial Unicode
2025-09-04 13:54:08,593 - INFO - Using font: Arial Unicode
2025-09-04 13:54:08,626 - INFO - Using font: Arial Unicode
2025-09-04 13:54:08,632 - INFO - Using font: Arial Unicode
2025-09-04 13:54:08,664 - INFO - Using font: Arial Unicode
2025-09-04 13:54:08,670 - INFO - Using font: Arial Unicode
2025-09-04 13:54:08,780 - INFO - Using font: Arial Unicode
2025-09-04 13:54:08,786 - INFO - Using font: Arial Unicode
2025-09-04 13:54:08,818 - INFO - Using font: Arial Unicode
2025-09-04 13:54:08,824 - INFO - Using font: Arial Unicode
2025-09-04 13:54:08,856 - INFO - Using font: Arial Unicode
2025-09-04 13:54:08,862 - INFO - Using font: Arial Unicode
2025-09-04 13:54:08,983 - INFO - Using font: Arial Unicode
2025-09-04 13:54:08,989 - INFO - Using font: Arial Unicode
2025-09-04 13:54:09,022 - INFO - Using font: Arial Unicode
2025-09-04 13:54:09,028 - INFO - Using font: Arial Unicode
2025-09-04 13:54:09,144 - INFO - Using font: Arial Unicode
2025-09-04 13:54:09,151 - INFO - Using font: Arial Unicode
2025-09-04 13:54:09,184 - INFO - Using font: Arial Unicode
2025-09-04 13:54:09,190 - INFO - Using font: Arial Unicode
2025-09-04 13:54:09,305 - INFO - Using font: Arial Unicode
2025-09-04 13:54:09,311 - INFO - Using font: Arial Unicode
2025-09-04 13:54:09,343 - INFO - Using font: Arial Unicode
2025-09-04 13:54:09,349 - INFO - Using font: Arial Unicode
2025-09-04 13:54:09,477 - INFO - Using font: Arial Unicode
2025-09-04 13:54:09,483 - INFO - Using font: Arial Unicode
2025-09-04 13:54:09,519 - INFO - Using font: Arial Unicode
2025-09-04 13:54:09,525 - INFO - Using font: Arial Unicode
2025-09-04 13:54:09,561 - INFO - Using font: Arial Unicode
2025-09-04 13:54:09,568 - INFO - Using font: Arial Unicode
2025-09-04 13:54:09,604 - INFO - Using font: Arial Unicode
2025-09-04 13:54:09,610 - INFO - Using font: Arial Unicode
2025-09-04 13:54:09,730 - INFO - Using font: Arial Unicode
2025-09-04 13:54:09,737 - INFO - Using font: Arial Unicode
2025-09-04 13:54:09,772 - INFO - Using font: Arial Unicode
2025-09-04 13:54:09,779 - INFO - Using font: Arial Unicode
2025-09-04 13:54:09,900 - INFO - Using font: Arial Unicode
2025-09-04 13:54:09,906 - INFO - Using font: Arial Unicode
2025-09-04 13:54:09,942 - INFO - Using font: Arial Unicode
2025-09-04 13:54:09,949 - INFO - Using font: Arial Unicode
2025-09-04 13:54:09,986 - INFO - Using font: Arial Unicode
2025-09-04 13:54:09,992 - INFO - Using font: Arial Unicode
2025-09-04 13:54:10,111 - INFO - Using font: Arial Unicode
2025-09-04 13:54:10,117 - INFO - Using font: Arial Unicode
2025-09-04 13:54:10,151 - INFO - Using font: Arial Unicode
2025-09-04 13:54:10,157 - INFO - Using font: Arial Unicode
2025-09-04 13:54:10,190 - INFO - Using font: Arial Unicode
2025-09-04 13:54:10,196 - INFO - Using font: Arial Unicode
2025-09-04 13:54:10,228 - INFO - Using font: Arial Unicode
2025-09-04 13:54:10,234 - INFO - Using font: Arial Unicode
2025-09-04 13:54:10,347 - INFO - Using font: Arial Unicode
2025-09-04 13:54:10,353 - INFO - Using font: Arial Unicode
2025-09-04 13:54:10,386 - INFO - Using font: Arial Unicode
2025-09-04 13:54:10,392 - INFO - Using font: Arial Unicode
2025-09-04 13:54:10,424 - INFO - Using font: Arial Unicode
2025-09-04 13:54:10,430 - INFO - Using font: Arial Unicode
2025-09-04 13:54:10,466 - INFO - Using font: Arial Unicode
2025-09-04 13:54:10,472 - INFO - Using font: Arial Unicode
2025-09-04 13:54:10,506 - INFO - Using font: Arial Unicode
2025-09-04 13:54:10,512 - INFO - Using font: Arial Unicode
2025-09-04 13:54:10,650 - INFO - Using font: Arial Unicode
2025-09-04 13:54:10,657 - INFO - Using font: Arial Unicode
2025-09-04 13:54:10,689 - INFO - Using font: Arial Unicode
2025-09-04 13:54:10,696 - INFO - Using font: Arial Unicode
2025-09-04 13:54:10,729 - INFO - Using font: Arial Unicode
2025-09-04 13:54:10,736 - INFO - Using font: Arial Unicode
2025-09-04 13:54:10,768 - INFO - Using font: Arial Unicode
2025-09-04 13:54:10,774 - INFO - Using font: Arial Unicode
2025-09-04 13:54:10,807 - INFO - Using font: Arial Unicode
2025-09-04 13:54:10,813 - INFO - Using font: Arial Unicode
2025-09-04 13:54:10,844 - INFO - Using font: Arial Unicode
2025-09-04 13:54:10,850 - INFO - Using font: Arial Unicode
2025-09-04 13:54:10,883 - INFO - Using font: Arial Unicode
2025-09-04 13:54:10,889 - INFO - Using font: Arial Unicode
2025-09-04 13:54:10,923 - INFO - Using font: Arial Unicode
2025-09-04 13:54:10,929 - INFO - Using font: Arial Unicode
2025-09-04 13:54:10,961 - INFO - Using font: Arial Unicode
2025-09-04 13:54:10,967 - INFO - Using font: Arial Unicode
2025-09-04 13:54:11,074 - INFO - Using font: Arial Unicode
2025-09-04 13:54:11,080 - INFO - Using font: Arial Unicode
2025-09-04 13:54:11,201 - INFO - Using font: Arial Unicode
2025-09-04 13:54:11,207 - INFO - Using font: Arial Unicode
2025-09-04 13:54:11,342 - INFO - Using font: Arial Unicode
2025-09-04 13:54:11,348 - INFO - Using font: Arial Unicode
2025-09-04 13:54:11,382 - INFO - Using font: Arial Unicode
2025-09-04 13:54:11,389 - INFO - Using font: Arial Unicode
2025-09-04 13:54:11,507 - INFO - Using font: Arial Unicode
2025-09-04 13:54:11,513 - INFO - Using font: Arial Unicode
2025-09-04 13:54:11,546 - INFO - Using font: Arial Unicode
2025-09-04 13:54:11,553 - INFO - Using font: Arial Unicode
2025-09-04 13:54:11,586 - INFO - Using font: Arial Unicode
2025-09-04 13:54:11,592 - INFO - Using font: Arial Unicode
2025-09-04 13:54:11,703 - INFO - Using font: Arial Unicode
2025-09-04 13:54:11,709 - INFO - Using font: Arial Unicode
2025-09-04 13:54:11,742 - INFO - Using font: Arial Unicode
2025-09-04 13:54:11,748 - INFO - Using font: Arial Unicode
2025-09-04 13:54:11,780 - INFO - Using font: Arial Unicode
2025-09-04 13:54:11,786 - INFO - Using font: Arial Unicode
2025-09-04 13:54:11,913 - INFO - Using font: Arial Unicode
2025-09-04 13:54:11,919 - INFO - Using font: Arial Unicode
2025-09-04 13:54:11,954 - INFO - Using font: Arial Unicode
2025-09-04 13:54:11,960 - INFO - Using font: Arial Unicode
2025-09-04 13:54:11,992 - INFO - Using font: Arial Unicode
2025-09-04 13:54:11,998 - INFO - Using font: Arial Unicode
2025-09-04 13:54:12,031 - INFO - Using font: Arial Unicode
2025-09-04 13:54:12,037 - INFO - Using font: Arial Unicode
2025-09-04 13:54:12,168 - INFO - Using font: Arial Unicode
2025-09-04 13:54:12,174 - INFO - Using font: Arial Unicode
2025-09-04 13:54:12,208 - INFO - Using font: Arial Unicode
2025-09-04 13:54:12,214 - INFO - Using font: Arial Unicode
2025-09-04 13:54:12,247 - INFO - Using font: Arial Unicode
2025-09-04 13:54:12,254 - INFO - Using font: Arial Unicode
2025-09-04 13:54:12,287 - INFO - Using font: Arial Unicode
2025-09-04 13:54:12,293 - INFO - Using font: Arial Unicode
2025-09-04 13:54:12,326 - INFO - Using font: Arial Unicode
2025-09-04 13:54:12,332 - INFO - Using font: Arial Unicode
2025-09-04 13:54:12,365 - INFO - Using font: Arial Unicode
2025-09-04 13:54:12,371 - INFO - Using font: Arial Unicode
2025-09-04 13:54:12,487 - INFO - Using font: Arial Unicode
2025-09-04 13:54:12,493 - INFO - Using font: Arial Unicode
2025-09-04 13:54:12,525 - INFO - Using font: Arial Unicode
2025-09-04 13:54:12,531 - INFO - Using font: Arial Unicode
2025-09-04 13:54:12,564 - INFO - Using font: Arial Unicode
2025-09-04 13:54:12,569 - INFO - Using font: Arial Unicode
2025-09-04 13:54:12,602 - INFO - Using font: Arial Unicode
2025-09-04 13:54:12,608 - INFO - Using font: Arial Unicode
2025-09-04 13:54:12,640 - INFO - Using font: Arial Unicode
2025-09-04 13:54:12,646 - INFO - Using font: Arial Unicode
2025-09-04 13:54:12,678 - INFO - Using font: Arial Unicode
2025-09-04 13:54:12,685 - INFO - Using font: Arial Unicode
2025-09-04 13:54:12,717 - INFO - Using font: Arial Unicode
2025-09-04 13:54:12,723 - INFO - Using font: Arial Unicode
2025-09-04 13:54:12,757 - INFO - Using font: Arial Unicode
2025-09-04 13:54:12,762 - INFO - Using font: Arial Unicode
2025-09-04 13:54:12,884 - INFO - Using font: Arial Unicode
2025-09-04 13:54:12,890 - INFO - Using font: Arial Unicode
2025-09-04 13:54:12,923 - INFO - Using font: Arial Unicode
2025-09-04 13:54:12,929 - INFO - Using font: Arial Unicode
2025-09-04 13:54:12,963 - INFO - Using font: Arial Unicode
2025-09-04 13:54:12,968 - INFO - Using font: Arial Unicode
2025-09-04 13:54:13,002 - INFO - Using font: Arial Unicode
2025-09-04 13:54:13,008 - INFO - Using font: Arial Unicode
2025-09-04 13:54:13,041 - INFO - Using font: Arial Unicode
2025-09-04 13:54:13,047 - INFO - Using font: Arial Unicode
2025-09-04 13:54:13,081 - INFO - Using font: Arial Unicode
2025-09-04 13:54:13,086 - INFO - Using font: Arial Unicode
2025-09-04 13:54:13,214 - INFO - Using font: Arial Unicode
2025-09-04 13:54:13,220 - INFO - Using font: Arial Unicode
2025-09-04 13:54:13,251 - INFO - Using font: Arial Unicode
2025-09-04 13:54:13,258 - INFO - Using font: Arial Unicode
2025-09-04 13:54:13,290 - INFO - Using font: Arial Unicode
2025-09-04 13:54:13,296 - INFO - Using font: Arial Unicode
2025-09-04 13:54:13,329 - INFO - Using font: Arial Unicode
2025-09-04 13:54:13,335 - INFO - Using font: Arial Unicode
2025-09-04 13:54:13,476 - INFO - Using font: Arial Unicode
2025-09-04 13:54:13,482 - INFO - Using font: Arial Unicode
2025-09-04 13:54:13,516 - INFO - Using font: Arial Unicode
2025-09-04 13:54:13,522 - INFO - Using font: Arial Unicode
2025-09-04 13:54:13,647 - INFO - Using font: Arial Unicode
2025-09-04 13:54:13,653 - INFO - Using font: Arial Unicode
2025-09-04 13:54:13,685 - INFO - Using font: Arial Unicode
2025-09-04 13:54:13,692 - INFO - Using font: Arial Unicode
2025-09-04 13:54:13,725 - INFO - Using font: Arial Unicode
2025-09-04 13:54:13,731 - INFO - Using font: Arial Unicode
2025-09-04 13:54:13,764 - INFO - Using font: Arial Unicode
2025-09-04 13:54:13,770 - INFO - Using font: Arial Unicode
2025-09-04 13:54:13,921 - INFO - Using font: Arial Unicode
2025-09-04 13:54:13,927 - INFO - Using font: Arial Unicode
2025-09-04 13:54:13,960 - INFO - Using font: Arial Unicode
2025-09-04 13:54:13,965 - INFO - Using font: Arial Unicode
2025-09-04 13:54:14,079 - INFO - Using font: Arial Unicode
2025-09-04 13:54:14,085 - INFO - Using font: Arial Unicode
2025-09-04 13:54:14,117 - INFO - Using font: Arial Unicode
2025-09-04 13:54:14,124 - INFO - Using font: Arial Unicode
2025-09-04 13:54:14,247 - INFO - Using font: Arial Unicode
2025-09-04 13:54:14,253 - INFO - Using font: Arial Unicode
2025-09-04 13:54:14,285 - INFO - Using font: Arial Unicode
2025-09-04 13:54:14,291 - INFO - Using font: Arial Unicode
2025-09-04 13:54:14,415 - INFO - Using font: Arial Unicode
2025-09-04 13:54:14,421 - INFO - Using font: Arial Unicode
2025-09-04 13:54:14,454 - INFO - Using font: Arial Unicode
2025-09-04 13:54:14,460 - INFO - Using font: Arial Unicode
2025-09-04 13:54:14,492 - INFO - Using font: Arial Unicode
2025-09-04 13:54:14,498 - INFO - Using font: Arial Unicode
2025-09-04 13:54:14,615 - INFO - Using font: Arial Unicode
2025-09-04 13:54:14,621 - INFO - Using font: Arial Unicode
2025-09-04 13:54:14,655 - INFO - Using font: Arial Unicode
2025-09-04 13:54:14,661 - INFO - Using font: Arial Unicode
2025-09-04 13:54:14,693 - INFO - Using font: Arial Unicode
2025-09-04 13:54:14,699 - INFO - Using font: Arial Unicode
2025-09-04 13:54:14,810 - INFO - Using font: Arial Unicode
2025-09-04 13:54:14,816 - INFO - Using font: Arial Unicode
2025-09-04 13:54:14,849 - INFO - Using font: Arial Unicode
2025-09-04 13:54:14,855 - INFO - Using font: Arial Unicode
2025-09-04 13:54:14,890 - INFO - Using font: Arial Unicode
2025-09-04 13:54:14,895 - INFO - Using font: Arial Unicode
2025-09-04 13:54:14,949 - INFO - Stopped webcam feed
2025-09-04 13:54:14,979 - INFO - Saved emotion history to emotion_history.csv
2025-09-04 13:54:14,982 - INFO - Run 'streamlit run dashboard.py' to view the emotion dashboard.
